date,avg_price_eur_mwh,country
2021-01-01,48.39833333333333,DE
2021-01-02,50.5625,DE
2021-01-03,38.622499999999995,DE
2021-01-04,48.01791666666667,DE
2021-01-05,55.33708333333333,DE
2021-01-06,52.68291666666667,DE
2021-01-07,70.92708333333333,DE
2021-01-08,78.33624999999999,DE
2021-01-09,59.31875,DE
2021-01-10,52.16458333333333,DE
2021-01-11,48.1525,DE
2021-01-12,46.10041666666667,DE
2021-01-13,42.47208333333334,DE
2021-01-14,70.57708333333333,DE
2021-01-15,72.89125,DE
2021-01-16,55.845416666666665,DE
2021-01-17,53.99875,DE
2021-01-18,55.95375000000001,DE
2021-01-19,44.95416666666667,DE
2021-01-20,36.28208333333333,DE
2021-01-21,30.074583333333333,DE
2021-01-22,42.52916666666667,DE
2021-01-23,51.72083333333333,DE
2021-01-24,49.1675,DE
2021-01-25,60.83708333333333,DE
2021-01-26,61.37375,DE
2021-01-27,57.99125,DE
2021-01-28,55.307500000000005,DE
2021-01-29,49.684583333333336,DE
2021-01-30,48.47708333333333,DE
2021-01-31,48.23416666666666,DE
2021-02-01,57.47333333333333,DE
2021-02-02,54.61833333333333,DE
2021-02-03,44.52625,DE
2021-02-04,52.04125,DE
2021-02-05,51.38666666666666,DE
2021-02-06,36.38166666666667,DE
2021-02-07,19.377083333333335,DE
2021-02-08,43.51833333333334,DE
2021-02-09,64.32166666666667,DE
2021-02-10,72.20791666666666,DE
2021-02-11,79.29708333333333,DE
2021-02-12,62.134166666666665,DE
2021-02-13,53.21625,DE
2021-02-14,45.88916666666666,DE
2021-02-15,50.74583333333334,DE
2021-02-16,52.43375,DE
2021-02-17,49.665,DE
2021-02-18,45.400416666666665,DE
2021-02-19,47.71208333333333,DE
2021-02-20,34.04708333333333,DE
2021-02-21,32.9225,DE
2021-02-22,49.90375,DE
2021-02-23,45.58416666666667,DE
2021-02-24,38.13291666666667,DE
2021-02-25,46.163333333333334,DE
2021-02-26,47.63083333333333,DE
2021-02-27,44.93541666666667,DE
2021-02-28,42.07208333333333,DE
2021-03-01,49.76499999999999,DE
2021-03-02,53.49916666666667,DE
2021-03-03,51.911249999999995,DE
2021-03-04,54.07541666666666,DE
2021-03-05,53.60333333333333,DE
2021-03-06,44.70625,DE
2021-03-07,44.82458333333333,DE
2021-03-08,61.60666666666666,DE
2021-03-09,60.91583333333333,DE
2021-03-10,50.82208333333333,DE
2021-03-11,27.430833333333336,DE
2021-03-12,22.28625,DE
2021-03-13,11.9275,DE
2021-03-14,15.753333333333332,DE
2021-03-15,49.27625,DE
2021-03-16,56.01125,DE
2021-03-17,57.645,DE
2021-03-18,64.8575,DE
2021-03-19,56.45166666666666,DE
2021-03-20,51.34375,DE
2021-03-21,35.41791666666666,DE
2021-03-22,60.47708333333333,DE
2021-03-23,62.33416666666667,DE
2021-03-24,55.54,DE
2021-03-25,58.852916666666665,DE
2021-03-26,51.37083333333334,DE
2021-03-27,24.694583333333338,DE
2021-03-28,18.251739130434785,DE
2021-03-29,40.805416666666666,DE
2021-03-30,55.725833333333334,DE
2021-03-31,58.721666666666664,DE
2021-04-01,52.28875,DE
2021-04-02,36.49875,DE
2021-04-03,39.560833333333335,DE
2021-04-04,27.690416666666668,DE
2021-04-05,-16.996666666666666,DE
2021-04-06,35.37833333333333,DE
2021-04-07,50.32333333333333,DE
2021-04-08,57.58041666666667,DE
2021-04-09,53.92125000000001,DE
2021-04-10,58.805416666666666,DE
2021-04-11,48.687916666666666,DE
2021-04-12,62.72333333333333,DE
2021-04-13,57.51624999999999,DE
2021-04-14,69.49333333333333,DE
2021-04-15,66.97500000000001,DE
2021-04-16,63.04458333333333,DE
2021-04-17,61.19583333333333,DE
2021-04-18,62.62875,DE
2021-04-19,75.6675,DE
2021-04-20,75.7675,DE
2021-04-21,59.875416666666666,DE
2021-04-22,45.90208333333334,DE
2021-04-23,61.73458333333334,DE
2021-04-24,52.910833333333336,DE
2021-04-25,37.477916666666665,DE
2021-04-26,61.92333333333334,DE
2021-04-27,59.51333333333333,DE
2021-04-28,61.71958333333333,DE
2021-04-29,59.44083333333333,DE
2021-04-30,69.14541666666666,DE
2021-05-01,56.685,DE
2021-05-02,43.809583333333336,DE
2021-05-03,62.42583333333334,DE
2021-05-04,30.259583333333335,DE
2021-05-05,31.80666666666667,DE
2021-05-06,64.96583333333334,DE
2021-05-07,71.29833333333333,DE
2021-05-08,50.73875,DE
2021-05-09,3.62375,DE
2021-05-10,57.45583333333334,DE
2021-05-11,72.17166666666667,DE
2021-05-12,68.74541666666667,DE
2021-05-13,62.73541666666667,DE
2021-05-14,71.80166666666666,DE
2021-05-15,60.201249999999995,DE
2021-05-16,39.869166666666665,DE
2021-05-17,73.70375,DE
2021-05-18,74.17875,DE
2021-05-19,77.71249999999999,DE
2021-05-20,69.98958333333333,DE
2021-05-21,31.33875,DE
2021-05-22,-7.039166666666667,DE
2021-05-23,21.145,DE
2021-05-24,31.645416666666662,DE
2021-05-25,59.78041666666667,DE
2021-05-26,65.60583333333334,DE
2021-05-27,71.7675,DE
2021-05-28,73.60208333333334,DE
2021-05-29,56.48791666666667,DE
2021-05-30,37.84791666666667,DE
2021-05-31,67.45708333333333,DE
2021-06-01,68.25375,DE
2021-06-02,66.68541666666667,DE
2021-06-03,61.96375,DE
2021-06-04,71.79666666666667,DE
2021-06-05,62.5575,DE
2021-06-06,59.4375,DE
2021-06-07,77.33791666666666,DE
2021-06-08,76.92041666666667,DE
2021-06-09,76.73583333333333,DE
2021-06-10,78.83333333333333,DE
2021-06-11,78.09541666666667,DE
2021-06-12,39.17583333333334,DE
2021-06-13,19.40125,DE
2021-06-14,74.2225,DE
2021-06-15,82.60625,DE
2021-06-16,85.00375,DE
2021-06-17,77.51208333333334,DE
2021-06-18,80.11958333333332,DE
2021-06-19,70.0975,DE
2021-06-20,58.432500000000005,DE
2021-06-21,77.63250000000001,DE
2021-06-22,84.58916666666667,DE
2021-06-23,92.84458333333332,DE
2021-06-24,94.82708333333332,DE
2021-06-25,89.72625,DE
2021-06-26,79.875,DE
2021-06-27,64.96166666666666,DE
2021-06-28,88.73,DE
2021-06-29,91.6475,DE
2021-06-30,92.37625,DE
2021-07-01,89.39,DE
2021-07-02,96.58375,DE
2021-07-03,83.60416666666667,DE
2021-07-04,82.96375,DE
2021-07-05,93.845,DE
2021-07-06,80.67583333333333,DE
2021-07-07,99.10583333333334,DE
2021-07-08,109.04208333333334,DE
2021-07-09,91.42333333333332,DE
2021-07-10,80.44958333333334,DE
2021-07-11,77.74,DE
2021-07-12,93.45125,DE
2021-07-13,95.015,DE
2021-07-14,87.38916666666667,DE
2021-07-15,89.73583333333333,DE
2021-07-16,84.96458333333334,DE
2021-07-17,61.69,DE
2021-07-18,45.781666666666666,DE
2021-07-19,89.20958333333334,DE
2021-07-20,91.69375,DE
2021-07-21,89.98541666666667,DE
2021-07-22,87.56166666666667,DE
2021-07-23,88.80083333333333,DE
2021-07-24,75.76375,DE
2021-07-25,60.70625,DE
2021-07-26,88.50291666666668,DE
2021-07-27,87.22375,DE
2021-07-28,79.42208333333333,DE
2021-07-29,46.09708333333333,DE
2021-07-30,64.80583333333333,DE
2021-07-31,29.822916666666668,DE
2021-08-01,58.53541666666666,DE
2021-08-02,80.09708333333333,DE
2021-08-03,96.51041666666669,DE
2021-08-04,98.16916666666668,DE
2021-08-05,94.50958333333334,DE
2021-08-06,71.5975,DE
2021-08-07,61.51499999999999,DE
2021-08-08,5.630833333333334,DE
2021-08-09,67.58916666666667,DE
2021-08-10,90.76791666666666,DE
2021-08-11,100.76208333333334,DE
2021-08-12,106.5425,DE
2021-08-13,94.90458333333332,DE
2021-08-14,63.36875,DE
2021-08-15,61.944583333333334,DE
2021-08-16,67.60041666666667,DE
2021-08-17,57.39208333333334,DE
2021-08-18,78.64333333333333,DE
2021-08-19,91.62333333333332,DE
2021-08-20,102.18,DE
2021-08-21,91.46291666666669,DE
2021-08-22,78.05458333333333,DE
2021-08-23,93.87916666666666,DE
2021-08-24,95.39958333333334,DE
2021-08-25,84.30958333333334,DE
2021-08-26,92.615,DE
2021-08-27,95.9075,DE
2021-08-28,84.71958333333333,DE
2021-08-29,80.74249999999999,DE
2021-08-30,106.575,DE
2021-08-31,110.05416666666667,DE
2021-09-01,111.85916666666668,DE
2021-09-02,118.19458333333334,DE
2021-09-03,110.52541666666669,DE
2021-09-04,106.87583333333332,DE
2021-09-05,97.62916666666666,DE
2021-09-06,127.82375,DE
2021-09-07,127.9825,DE
2021-09-08,124.77916666666668,DE
2021-09-09,130.23333333333332,DE
2021-09-10,138.28625,DE
2021-09-11,129.01791666666665,DE
2021-09-12,105.2225,DE
2021-09-13,141.31916666666666,DE
2021-09-14,143.23833333333334,DE
2021-09-15,168.21166666666667,DE
2021-09-16,158.94291666666666,DE
2021-09-17,156.95916666666668,DE
2021-09-18,133.76291666666663,DE
2021-09-19,94.10333333333334,DE
2021-09-20,150.69875,DE
2021-09-21,149.89208333333332,DE
2021-09-22,145.97666666666666,DE
2021-09-23,73.15958333333333,DE
2021-09-24,108.98083333333334,DE
2021-09-25,127.5875,DE
2021-09-26,125.71750000000002,DE
2021-09-27,143.21833333333333,DE
2021-09-28,155.08625,DE
2021-09-29,133.31375,DE
2021-09-30,112.57083333333333,DE
2021-10-01,100.32666666666668,DE
2021-10-02,104.05583333333334,DE
2021-10-03,40.962916666666665,DE
2021-10-04,158.12083333333334,DE
2021-10-05,159.72875,DE
2021-10-06,184.12375,DE
2021-10-07,302.52625,DE
2021-10-08,203.89291666666668,DE
2021-10-09,139.49166666666667,DE
2021-10-10,144.33666666666667,DE
2021-10-11,167.84083333333334,DE
2021-10-12,167.43166666666667,DE
2021-10-13,188.24291666666667,DE
2021-10-14,167.80916666666667,DE
2021-10-15,116.65166666666666,DE
2021-10-16,156.77666666666667,DE
2021-10-17,142.15583333333333,DE
2021-10-18,189.72166666666664,DE
2021-10-19,153.455,DE
2021-10-20,60.11041666666667,DE
2021-10-21,61.50333333333333,DE
2021-10-22,71.87416666666667,DE
2021-10-23,139.37708333333333,DE
2021-10-24,99.41125,DE
2021-10-25,173.64958333333334,DE
2021-10-26,178.015,DE
2021-10-27,143.83666666666667,DE
2021-10-28,153.53958333333333,DE
2021-10-29,112.97333333333334,DE
2021-10-30,84.15333333333334,DE
2021-10-31,61.4464,DE
2021-11-01,95.48625,DE
2021-11-02,204.10875,DE
2021-11-03,193.13791666666668,DE
2021-11-04,172.11083333333332,DE
2021-11-05,160.08833333333334,DE
2021-11-06,76.75666666666667,DE
2021-11-07,35.4075,DE
2021-11-08,177.41333333333333,DE
2021-11-09,163.13625,DE
2021-11-10,176.25958333333332,DE
2021-11-11,190.42666666666665,DE
2021-11-12,166.89625,DE
2021-11-13,156.8975,DE
2021-11-14,169.29541666666668,DE
2021-11-15,227.95791666666665,DE
2021-11-16,237.465,DE
2021-11-17,180.59916666666663,DE
2021-11-18,139.90375,DE
2021-11-19,131.63375,DE
2021-11-20,110.2175,DE
2021-11-21,144.83541666666667,DE
2021-11-22,233.16625,DE
2021-11-23,241.87041666666667,DE
2021-11-24,273.885,DE
2021-11-25,243.34625000000003,DE
2021-11-26,188.37541666666667,DE
2021-11-27,202.8970833333333,DE
2021-11-28,201.16583333333332,DE
2021-11-29,265.96166666666664,DE
2021-11-30,123.83916666666666,DE
2021-12-01,91.00416666666666,DE
2021-12-02,195.04083333333332,DE
2021-12-03,149.97125,DE
2021-12-04,196.26375,DE
2021-12-05,157.71125,DE
2021-12-06,265.3925,DE
2021-12-07,216.18541666666667,DE
2021-12-08,184.05999999999997,DE
2021-12-09,277.88375,DE
2021-12-10,239.78041666666664,DE
2021-12-11,237.34833333333333,DE
2021-12-12,183.12125,DE
2021-12-13,264.66249999999997,DE
2021-12-14,295.8179166666667,DE
2021-12-15,295.2004166666666,DE
2021-12-16,344.3029166666667,DE
2021-12-17,338.14,DE
2021-12-18,259.5133333333333,DE
2021-12-19,119.67333333333332,DE
2021-12-20,331.3704166666667,DE
2021-12-21,431.975,DE
2021-12-22,416.7225,DE
2021-12-23,300.72583333333336,DE
2021-12-24,196.20875,DE
2021-12-25,198.2925,DE
2021-12-26,172.45666666666668,DE
2021-12-27,148.82791666666665,DE
2021-12-28,104.22583333333334,DE
2021-12-29,155.60333333333332,DE
2021-12-30,73.26208333333334,DE
2021-12-31,12.406956521739133,DE
2022-01-01,82.57833333333333,DE
2022-01-02,47.35375,DE
2022-01-03,76.10708333333334,DE
2022-01-04,153.91666666666666,DE
2022-01-05,107.86833333333334,DE
2022-01-06,194.0975,DE
2022-01-07,167.18083333333334,DE
2022-01-08,165.8975,DE
2022-01-09,146.55916666666667,DE
2022-01-10,261.54833333333335,DE
2022-01-11,255.41,DE
2022-01-12,233.31541666666664,DE
2022-01-13,180.15625,DE
2022-01-14,178.76208333333332,DE
2022-01-15,215.995,DE
2022-01-16,133.0954166666667,DE
2022-01-17,129.31458333333333,DE
2022-01-18,235.87,DE
2022-01-19,172.1795833333333,DE
2022-01-20,117.69541666666667,DE
2022-01-21,159.26958333333332,DE
2022-01-22,175.75750000000002,DE
2022-01-23,193.695,DE
2022-01-24,245.9375,DE
2022-01-25,297.28833333333336,DE
2022-01-26,234.98125,DE
2022-01-27,120.71333333333332,DE
2022-01-28,174.3479166666667,DE
2022-01-29,92.12916666666666,DE
2022-01-30,55.30041666666667,DE
2022-01-31,195.2025,DE
2022-02-01,150.24708333333334,DE
2022-02-02,140.22083333333333,DE
2022-02-03,193.55791666666667,DE
2022-02-04,132.36833333333334,DE
2022-02-05,88.89458333333333,DE
2022-02-06,52.784166666666664,DE
2022-02-07,84.67583333333333,DE
2022-02-08,137.80791666666667,DE
2022-02-09,165.89166666666668,DE
2022-02-10,192.81958333333333,DE
2022-02-11,184.58041666666668,DE
2022-02-12,143.05041666666668,DE
2022-02-13,83.57791666666667,DE
2022-02-14,102.22333333333334,DE
2022-02-15,155.00416666666666,DE
2022-02-16,117.37791666666668,DE
2022-02-17,68.63708333333334,DE
2022-02-18,117.62708333333336,DE
2022-02-19,39.615833333333335,DE
2022-02-20,67.28125,DE
2022-02-21,75.41625,DE
2022-02-22,123.24291666666666,DE
2022-02-23,130.08875,DE
2022-02-24,123.3875,DE
2022-02-25,119.9575,DE
2022-02-26,225.43416666666667,DE
2022-02-27,182.40833333333333,DE
2022-02-28,208.29625,DE
2022-03-01,241.40125,DE
2022-03-02,278.77625,DE
2022-03-03,338.19958333333335,DE
2022-03-04,358.7775,DE
2022-03-05,344.4025,DE
2022-03-06,340.79791666666665,DE
2022-03-07,410.1,DE
2022-03-08,487.5733333333333,DE
2022-03-09,446.25458333333336,DE
2022-03-10,279.1504166666667,DE
2022-03-11,80.43916666666667,DE
2022-03-12,124.25,DE
2022-03-13,115.09791666666666,DE
2022-03-14,281.44,DE
2022-03-15,300.53749999999997,DE
2022-03-16,245.29666666666665,DE
2022-03-17,225.40958333333333,DE
2022-03-18,228.9,DE
2022-03-19,130.95208333333332,DE
2022-03-20,49.04291666666666,DE
2022-03-21,205.75458333333333,DE
2022-03-22,236.48833333333337,DE
2022-03-23,236.53375000000003,DE
2022-03-24,237.9983333333333,DE
2022-03-25,244.37875,DE
2022-03-26,189.5525,DE
2022-03-27,200.59391304347827,DE
2022-03-28,221.57083333333333,DE
2022-03-29,250.18291666666667,DE
2022-03-30,271.02708333333334,DE
2022-03-31,209.19000000000003,DE
2022-04-01,160.13083333333333,DE
2022-04-02,166.40333333333334,DE
2022-04-03,172.88625,DE
2022-04-04,75.32666666666667,DE
2022-04-05,183.02416666666667,DE
2022-04-06,121.33416666666666,DE
2022-04-07,74.15333333333334,DE
2022-04-08,120.86833333333334,DE
2022-04-09,59.825,DE
2022-04-10,74.65375,DE
2022-04-11,223.6175,DE
2022-04-12,184.5925,DE
2022-04-13,222.51833333333332,DE
2022-04-14,227.70916666666668,DE
2022-04-15,192.96416666666667,DE
2022-04-16,149.215,DE
2022-04-17,108.82166666666669,DE
2022-04-18,120.23125,DE
2022-04-19,213.00458333333333,DE
2022-04-20,203.24958333333333,DE
2022-04-21,199.50458333333333,DE
2022-04-22,172.48708333333332,DE
2022-04-23,93.30625,DE
2022-04-24,108.535,DE
2022-04-25,223.4645833333333,DE
2022-04-26,238.46916666666667,DE
2022-04-27,222.20916666666668,DE
2022-04-28,230.1520833333333,DE
2022-04-29,228.02458333333337,DE
2022-04-30,201.275,DE
2022-05-01,194.74125,DE
2022-05-02,219.0225,DE
2022-05-03,218.15625,DE
2022-05-04,231.29,DE
2022-05-05,234.485,DE
2022-05-06,225.35916666666665,DE
2022-05-07,201.4283333333333,DE
2022-05-08,171.8175,DE
2022-05-09,216.81041666666667,DE
2022-05-10,183.31875,DE
2022-05-11,159.09166666666667,DE
2022-05-12,169.11958333333334,DE
2022-05-13,168.78791666666666,DE
2022-05-14,152.96875,DE
2022-05-15,149.025,DE
2022-05-16,211.5825,DE
2022-05-17,225.74916666666664,DE
2022-05-18,206.9695833333333,DE
2022-05-19,210.80916666666667,DE
2022-05-20,209.23458333333335,DE
2022-05-21,103.36208333333332,DE
2022-05-22,166.03208333333333,DE
2022-05-23,188.13791666666663,DE
2022-05-24,162.945,DE
2022-05-25,177.49625,DE
2022-05-26,67.93249999999999,DE
2022-05-27,46.76541666666666,DE
2022-05-28,36.84916666666667,DE
2022-05-29,156.335,DE
2022-05-30,225.99291666666667,DE
2022-05-31,210.17,DE
2022-06-01,215.28916666666663,DE
2022-06-02,188.8708333333333,DE
2022-06-03,184.54541666666668,DE
2022-06-04,162.49333333333334,DE
2022-06-05,141.57791666666665,DE
2022-06-06,91.32875,DE
2022-06-07,183.88166666666663,DE
2022-06-08,190.3479166666667,DE
2022-06-09,185.49166666666667,DE
2022-06-10,185.75458333333333,DE
2022-06-11,134.70083333333335,DE
2022-06-12,116.95583333333332,DE
2022-06-13,165.5641666666667,DE
2022-06-14,194.98083333333332,DE
2022-06-15,211.82958333333332,DE
2022-06-16,201.9725,DE
2022-06-17,255.43125,DE
2022-06-18,195.395,DE
2022-06-19,154.65208333333334,DE
2022-06-20,267.37166666666667,DE
2022-06-21,288.59375,DE
2022-06-22,323.34083333333336,DE
2022-06-23,295.0804166666667,DE
2022-06-24,274.3,DE
2022-06-25,240.39291666666668,DE
2022-06-26,201.67083333333335,DE
2022-06-27,316.6475,DE
2022-06-28,331.5154166666667,DE
2022-06-29,315.54291666666666,DE
2022-06-30,325.4775,DE
2022-07-01,314.3845833333333,DE
2022-07-02,218.9225,DE
2022-07-03,200.10541666666663,DE
2022-07-04,293.89,DE
2022-07-05,318.37208333333336,DE
2022-07-06,303.53541666666666,DE
2022-07-07,213.21875,DE
2022-07-08,295.91541666666666,DE
2022-07-09,148.13750000000002,DE
2022-07-10,115.16375,DE
2022-07-11,372.595,DE
2022-07-12,377.66125000000005,DE
2022-07-13,352.15875,DE
2022-07-14,367.37791666666664,DE
2022-07-15,329.92333333333335,DE
2022-07-16,174.81208333333333,DE
2022-07-17,221.85666666666663,DE
2022-07-18,396.06541666666664,DE
2022-07-19,397.0854166666666,DE
2022-07-20,332.70458333333335,DE
2022-07-21,396.73375,DE
2022-07-22,377.45125,DE
2022-07-23,324.98541666666665,DE
2022-07-24,260.62833333333333,DE
2022-07-25,309.81125000000003,DE
2022-07-26,316.5729166666667,DE
2022-07-27,424.4916666666666,DE
2022-07-28,473.2533333333334,DE
2022-07-29,438.65,DE
2022-07-30,380.77416666666664,DE
2022-07-31,317.79291666666666,DE
2022-08-01,424.6216666666666,DE
2022-08-02,380.5125,DE
2022-08-03,384.82666666666665,DE
2022-08-04,414.1595833333334,DE
2022-08-05,380.31125,DE
2022-08-06,273.80916666666667,DE
2022-08-07,214.925,DE
2022-08-08,359.54791666666665,DE
2022-08-09,344.87208333333336,DE
2022-08-10,335.08,DE
2022-08-11,368.1458333333333,DE
2022-08-12,436.79833333333335,DE
2022-08-13,377.74499999999995,DE
2022-08-14,330.4558333333333,DE
2022-08-15,426.6045833333333,DE
2022-08-16,490.7929166666666,DE
2022-08-17,551.9525,DE
2022-08-18,563.76,DE
2022-08-19,515.0970833333333,DE
2022-08-20,457.97375000000005,DE
2022-08-21,364.13208333333336,DE
2022-08-22,563.81375,DE
2022-08-23,605.1279166666667,DE
2022-08-24,624.3416666666667,DE
2022-08-25,599.8304166666667,DE
2022-08-26,699.4416666666666,DE
2022-08-27,607.8391666666666,DE
2022-08-28,401.0329166666667,DE
2022-08-29,658.4104166666667,DE
2022-08-30,660.23625,DE
2022-08-31,604.4908333333334,DE
2022-09-01,571.1979166666666,DE
2022-09-02,422.2525,DE
2022-09-03,287.75124999999997,DE
2022-09-04,242.71208333333337,DE
2022-09-05,357.45374999999996,DE
2022-09-06,417.26875,DE
2022-09-07,462.47166666666664,DE
2022-09-08,443.51708333333335,DE
2022-09-09,345.7,DE
2022-09-10,404.31791666666663,DE
2022-09-11,391.4891666666667,DE
2022-09-12,408.0308333333333,DE
2022-09-13,392.36999999999995,DE
2022-09-14,455.81375,DE
2022-09-15,369.36583333333334,DE
2022-09-16,201.1966666666667,DE
2022-09-17,68.76666666666667,DE
2022-09-18,77.93208333333332,DE
2022-09-19,261.68375,DE
2022-09-20,363.425,DE
2022-09-21,379.94041666666664,DE
2022-09-22,387.8904166666666,DE
2022-09-23,368.3316666666667,DE
2022-09-24,351.1145833333333,DE
2022-09-25,276.50416666666666,DE
2022-09-26,245.925,DE
2022-09-27,310.2083333333333,DE
2022-09-28,386.1991666666667,DE
2022-09-29,417.13708333333335,DE
2022-09-30,315.48625,DE
2022-10-01,82.82041666666667,DE
2022-10-02,114.74583333333334,DE
2022-10-03,209.34916666666663,DE
2022-10-04,246.30625,DE
2022-10-05,103.19,DE
2022-10-06,100.79875,DE
2022-10-07,163.89,DE
2022-10-08,145.33791666666667,DE
2022-10-09,146.72458333333333,DE
2022-10-10,162.09,DE
2022-10-11,259.87375000000003,DE
2022-10-12,282.5358333333333,DE
2022-10-13,257.4558333333334,DE
2022-10-14,260.6458333333333,DE
2022-10-15,156.63458333333332,DE
2022-10-16,95.86083333333332,DE
2022-10-17,152.60625000000002,DE
2022-10-18,183.17541666666668,DE
2022-10-19,168.45375,DE
2022-10-20,140.21791666666667,DE
2022-10-21,163.45000000000002,DE
2022-10-22,139.86708333333334,DE
2022-10-23,95.75041666666668,DE
2022-10-24,80.61541666666666,DE
2022-10-25,105.39708333333334,DE
2022-10-26,121.39583333333331,DE
2022-10-27,124.68625000000002,DE
2022-10-28,105.5175,DE
2022-10-29,101.06291666666668,DE
2022-10-30,116.5448,DE
2022-10-31,145.2225,DE
2022-11-01,68.855,DE
2022-11-02,71.97166666666666,DE
2022-11-03,103.00625,DE
2022-11-04,178.53708333333336,DE
2022-11-05,132.28708333333333,DE
2022-11-06,51.09375,DE
2022-11-07,76.09541666666667,DE
2022-11-08,95.15458333333332,DE
2022-11-09,126.71875,DE
2022-11-10,137.25083333333333,DE
2022-11-11,125.37583333333332,DE
2022-11-12,162.25416666666666,DE
2022-11-13,144.88333333333333,DE
2022-11-14,160.79666666666665,DE
2022-11-15,177.28875000000002,DE
2022-11-16,143.75666666666666,DE
2022-11-17,99.89708333333334,DE
2022-11-18,171.03333333333333,DE
2022-11-19,198.6208333333333,DE
2022-11-20,210.2829166666667,DE
2022-11-21,253.81916666666663,DE
2022-11-22,203.87875,DE
2022-11-23,177.98041666666666,DE
2022-11-24,237.4625,DE
2022-11-25,257.9266666666667,DE
2022-11-26,239.17333333333332,DE
2022-11-27,146.64916666666667,DE
2022-11-28,291.63666666666666,DE
2022-11-29,371.6425,DE
2022-11-30,393.70208333333335,DE
2022-12-01,394.355,DE
2022-12-02,339.20166666666665,DE
2022-12-03,281.92041666666665,DE
2022-12-04,268.505,DE
2022-12-05,341.25916666666666,DE
2022-12-06,386.44416666666666,DE
2022-12-07,324.8254166666667,DE
2022-12-08,387.5275,DE
2022-12-09,411.0420833333333,DE
2022-12-10,354.6425,DE
2022-12-11,326.7654166666667,DE
2022-12-12,433.93333333333334,DE
2022-12-13,444.4766666666667,DE
2022-12-14,443.87583333333333,DE
2022-12-15,396.9625,DE
2022-12-16,411.31375,DE
2022-12-17,268.9691666666667,DE
2022-12-18,189.75958333333335,DE
2022-12-19,191.9275,DE
2022-12-20,185.8216666666667,DE
2022-12-21,214.60041666666663,DE
2022-12-22,192.63708333333332,DE
2022-12-23,185.88875,DE
2022-12-24,111.86666666666667,DE
2022-12-25,106.01125,DE
2022-12-26,40.5325,DE
2022-12-27,91.73416666666668,DE
2022-12-28,45.897083333333335,DE
2022-12-29,13.57875,DE
2022-12-30,14.625416666666666,DE
2022-12-31,-0.8252173913043478,DE
2023-01-01,14.913333333333334,DE
2023-01-02,123.82,DE
2023-01-03,145.95458333333332,DE
2023-01-04,58.94166666666666,DE
2023-01-05,107.45541666666666,DE
2023-01-06,117.47333333333334,DE
2023-01-07,88.80874999999999,DE
2023-01-08,68.94166666666668,DE
2023-01-09,129.29166666666666,DE
2023-01-10,123.13041666666668,DE
2023-01-11,84.08083333333333,DE
2023-01-12,70.74291666666666,DE
2023-01-13,66.64208333333333,DE
2023-01-14,29.344166666666663,DE
2023-01-15,9.259166666666667,DE
2023-01-16,128.74875,DE
2023-01-17,133.56666666666666,DE
2023-01-18,143.75625,DE
2023-01-19,148.21375,DE
2023-01-20,180.65958333333333,DE
2023-01-21,144.39166666666668,DE
2023-01-22,151.15083333333334,DE
2023-01-23,202.73416666666665,DE
2023-01-24,202.69291666666663,DE
2023-01-25,181.7420833333333,DE
2023-01-26,167.66875000000002,DE
2023-01-27,168.76125,DE
2023-01-28,144.69875,DE
2023-01-29,123.58791666666669,DE
2023-01-30,74.21375,DE
2023-01-31,117.32166666666669,DE
2023-02-01,93.07791666666668,DE
2023-02-02,136.14666666666668,DE
2023-02-03,102.61083333333332,DE
2023-02-04,146.01125,DE
2023-02-05,131.36666666666667,DE
2023-02-06,172.96333333333334,DE
2023-02-07,172.9225,DE
2023-02-08,152.10458333333335,DE
2023-02-09,132.54458333333335,DE
2023-02-10,125.92291666666668,DE
2023-02-11,106.26791666666666,DE
2023-02-12,136.30875,DE
2023-02-13,163.49625,DE
2023-02-14,154.49291666666667,DE
2023-02-15,143.52125,DE
2023-02-16,136.73125000000002,DE
2023-02-17,81.14916666666666,DE
2023-02-18,94.67291666666668,DE
2023-02-19,114.05416666666667,DE
2023-02-20,61.41708333333333,DE
2023-02-21,122.44583333333333,DE
2023-02-22,148.64791666666667,DE
2023-02-23,146.12041666666667,DE
2023-02-24,118.3025,DE
2023-02-25,89.29041666666667,DE
2023-02-26,109.82208333333334,DE
2023-02-27,152.27458333333334,DE
2023-02-28,148.045,DE
2023-03-01,142.96833333333333,DE
2023-03-02,144.30666666666667,DE
2023-03-03,136.76375,DE
2023-03-04,107.47166666666668,DE
2023-03-05,121.78666666666668,DE
2023-03-06,150.67291666666668,DE
2023-03-07,106.86791666666666,DE
2023-03-08,138.89041666666665,DE
2023-03-09,127.19916666666668,DE
2023-03-10,115.61375,DE
2023-03-11,98.605,DE
2023-03-12,95.5325,DE
2023-03-13,37.13916666666667,DE
2023-03-14,71.47958333333334,DE
2023-03-15,127.72458333333331,DE
2023-03-16,105.57458333333334,DE
2023-03-17,92.3475,DE
2023-03-18,109.3375,DE
2023-03-19,111.99208333333333,DE
2023-03-20,125.17291666666668,DE
2023-03-21,115.0525,DE
2023-03-22,80.17791666666666,DE
2023-03-23,74.70958333333333,DE
2023-03-24,53.115833333333335,DE
2023-03-25,14.66625,DE
2023-03-26,70.62391304347825,DE
2023-03-27,92.31833333333331,DE
2023-03-28,113.15125,DE
2023-03-29,116.53916666666667,DE
2023-03-30,81.44083333333333,DE
2023-03-31,97.59375,DE
2023-04-01,55.76583333333334,DE
2023-04-02,67.33083333333333,DE
2023-04-03,114.79791666666668,DE
2023-04-04,132.06958333333333,DE
2023-04-05,140.97166666666666,DE
2023-04-06,124.28458333333332,DE
2023-04-07,108.63041666666668,DE
2023-04-08,116.89416666666666,DE
2023-04-09,105.0475,DE
2023-04-10,39.974583333333335,DE
2023-04-11,59.98541666666667,DE
2023-04-12,107.6925,DE
2023-04-13,108.41375,DE
2023-04-14,128.79583333333332,DE
2023-04-15,106.79708333333332,DE
2023-04-16,110.09958333333331,DE
2023-04-17,124.23583333333332,DE
2023-04-18,108.22541666666666,DE
2023-04-19,87.51583333333333,DE
2023-04-20,111.70625,DE
2023-04-21,89.47500000000001,DE
2023-04-22,84.46708333333333,DE
2023-04-23,85.80083333333333,DE
2023-04-24,104.60333333333334,DE
2023-04-25,100.99625,DE
2023-04-26,110.72083333333336,DE
2023-04-27,112.08583333333333,DE
2023-04-28,106.00333333333332,DE
2023-04-29,100.64625,DE
2023-04-30,68.28666666666666,DE
2023-05-01,87.54916666666666,DE
2023-05-02,106.10125,DE
2023-05-03,107.79875,DE
2023-05-04,97.49958333333332,DE
2023-05-05,96.05,DE
2023-05-06,89.52458333333334,DE
2023-05-07,66.9825,DE
2023-05-08,96.3725,DE
2023-05-09,94.63791666666668,DE
2023-05-10,107.89375,DE
2023-05-11,116.13541666666669,DE
2023-05-12,100.50625,DE
2023-05-13,78.35333333333334,DE
2023-05-14,72.0025,DE
2023-05-15,113.84041666666668,DE
2023-05-16,79.29541666666667,DE
2023-05-17,78.58375,DE
2023-05-18,86.73416666666667,DE
2023-05-19,87.28458333333333,DE
2023-05-20,46.80916666666667,DE
2023-05-21,28.464166666666667,DE
2023-05-22,97.33125,DE
2023-05-23,72.78541666666666,DE
2023-05-24,102.27333333333333,DE
2023-05-25,81.64999999999999,DE
2023-05-26,69.98416666666667,DE
2023-05-27,62.67166666666666,DE
2023-05-28,26.55333333333333,DE
2023-05-29,21.4525,DE
2023-05-30,87.73875,DE
2023-05-31,72.31750000000001,DE
2023-06-01,72.90041666666666,DE
2023-06-02,81.01666666666667,DE
2023-06-03,56.36708333333333,DE
2023-06-04,49.67291666666667,DE
2023-06-05,90.75708333333334,DE
2023-06-06,98.13916666666668,DE
2023-06-07,100.93083333333334,DE
2023-06-08,84.51791666666666,DE
2023-06-09,86.68374999999999,DE
2023-06-10,55.1275,DE
2023-06-11,40.74666666666666,DE
2023-06-12,96.39875,DE
2023-06-13,90.02708333333334,DE
2023-06-14,102.93958333333336,DE
2023-06-15,120.30833333333334,DE
2023-06-16,127.52,DE
2023-06-17,104.53833333333334,DE
2023-06-18,93.02458333333334,DE
2023-06-19,116.97291666666666,DE
2023-06-20,121.1475,DE
2023-06-21,123.46916666666668,DE
2023-06-22,125.71125,DE
2023-06-23,106.40625,DE
2023-06-24,81.81708333333334,DE
2023-06-25,75.48333333333333,DE
2023-06-26,97.48958333333331,DE
2023-06-27,101.94625,DE
2023-06-28,112.51583333333332,DE
2023-06-29,118.08083333333332,DE
2023-06-30,110.02666666666666,DE
2023-07-01,66.41458333333334,DE
2023-07-02,-53.87083333333334,DE
2023-07-03,53.22083333333333,DE
2023-07-04,85.12333333333333,DE
2023-07-05,69.79916666666666,DE
2023-07-06,107.20458333333332,DE
2023-07-07,102.96791666666668,DE
2023-07-08,82.19166666666666,DE
2023-07-09,89.33208333333333,DE
2023-07-10,113.98625,DE
2023-07-11,105.95791666666668,DE
2023-07-12,87.5075,DE
2023-07-13,97.71,DE
2023-07-14,96.96708333333332,DE
2023-07-15,33.32375,DE
2023-07-16,14.529583333333331,DE
2023-07-17,81.91875,DE
2023-07-18,106.46458333333334,DE
2023-07-19,97.31708333333334,DE
2023-07-20,96.50875,DE
2023-07-21,104.4,DE
2023-07-22,76.73416666666667,DE
2023-07-23,30.923333333333332,DE
2023-07-24,90.53,DE
2023-07-25,104.15458333333332,DE
2023-07-26,95.24458333333332,DE
2023-07-27,93.91125,DE
2023-07-28,95.91916666666668,DE
2023-07-29,76.67541666666666,DE
2023-07-30,31.754583333333333,DE
2023-07-31,70.96916666666667,DE
2023-08-01,79.42791666666666,DE
2023-08-02,68.28791666666667,DE
2023-08-03,45.41458333333333,DE
2023-08-04,98.59458333333332,DE
2023-08-05,90.30708333333332,DE
2023-08-06,57.90958333333333,DE
2023-08-07,19.435416666666665,DE
2023-08-08,12.057083333333331,DE
2023-08-09,88.34875,DE
2023-08-10,102.1725,DE
2023-08-11,100.44416666666666,DE
2023-08-12,80.135,DE
2023-08-13,65.20875,DE
2023-08-14,103.37166666666668,DE
2023-08-15,93.55666666666669,DE
2023-08-16,110.80708333333332,DE
2023-08-17,111.3625,DE
2023-08-18,108.99,DE
2023-08-19,84.79208333333334,DE
2023-08-20,90.12208333333332,DE
2023-08-21,121.10708333333332,DE
2023-08-22,123.15208333333334,DE
2023-08-23,146.5525,DE
2023-08-24,146.94583333333333,DE
2023-08-25,116.26083333333334,DE
2023-08-26,96.51541666666668,DE
2023-08-27,101.89916666666666,DE
2023-08-28,118.67208333333332,DE
2023-08-29,122.90375,DE
2023-08-30,114.9275,DE
2023-08-31,104.29666666666668,DE
2023-09-01,108.57166666666669,DE
2023-09-02,95.13333333333333,DE
2023-09-03,82.6475,DE
2023-09-04,108.44541666666667,DE
2023-09-05,103.54208333333334,DE
2023-09-06,105.61791666666666,DE
2023-09-07,100.98583333333332,DE
2023-09-08,108.22708333333333,DE
2023-09-09,91.51291666666668,DE
2023-09-10,85.29791666666667,DE
2023-09-11,152.865,DE
2023-09-12,131.45416666666668,DE
2023-09-13,109.93666666666668,DE
2023-09-14,120.46541666666668,DE
2023-09-15,108.18583333333332,DE
2023-09-16,95.20041666666668,DE
2023-09-17,87.61541666666666,DE
2023-09-18,95.3025,DE
2023-09-19,37.5225,DE
2023-09-20,49.45791666666667,DE
2023-09-21,103.0575,DE
2023-09-22,103.97833333333334,DE
2023-09-23,99.51958333333332,DE
2023-09-24,68.815,DE
2023-09-25,105.80375,DE
2023-09-26,128.765,DE
2023-09-27,124.48125,DE
2023-09-28,112.51958333333332,DE
2023-09-29,105.27416666666666,DE
2023-09-30,91.50291666666668,DE
2023-10-01,74.04416666666667,DE
2023-10-02,118.15041666666669,DE
2023-10-03,22.955,DE
2023-10-04,69.49208333333333,DE
2023-10-05,101.60916666666668,DE
2023-10-06,71.60125000000001,DE
2023-10-07,44.95416666666667,DE
2023-10-08,90.6425,DE
2023-10-09,116.01083333333332,DE
2023-10-10,112.38541666666669,DE
2023-10-11,59.794999999999995,DE
2023-10-12,122.70916666666666,DE
2023-10-13,68.40625,DE
2023-10-14,26.528333333333336,DE
2023-10-15,39.61708333333333,DE
2023-10-16,133.69875,DE
2023-10-17,130.12416666666667,DE
2023-10-18,98.44458333333334,DE
2023-10-19,93.40875,DE
2023-10-20,87.23666666666666,DE
2023-10-21,54.319583333333334,DE
2023-10-22,63.947916666666664,DE
2023-10-23,125.02416666666666,DE
2023-10-24,117.98583333333332,DE
2023-10-25,124.30583333333334,DE
2023-10-26,121.34541666666668,DE
2023-10-27,118.35,DE
2023-10-28,83.36583333333333,DE
2023-10-29,23.0304,DE
2023-10-30,92.88625,DE
2023-10-31,104.95,DE
2023-11-01,62.88833333333333,DE
2023-11-02,59.774166666666666,DE
2023-11-03,56.572916666666664,DE
2023-11-04,24.815833333333337,DE
2023-11-05,29.91125,DE
2023-11-06,72.04166666666667,DE
2023-11-07,99.74583333333334,DE
2023-11-08,89.72375,DE
2023-11-09,97.21791666666668,DE
2023-11-10,94.04875,DE
2023-11-11,96.79333333333334,DE
2023-11-12,97.99208333333333,DE
2023-11-13,94.89416666666666,DE
2023-11-14,65.50791666666667,DE
2023-11-15,102.40791666666668,DE
2023-11-16,117.63416666666666,DE
2023-11-17,121.34083333333332,DE
2023-11-18,91.39666666666666,DE
2023-11-19,38.19583333333333,DE
2023-11-20,106.08458333333334,DE
2023-11-21,123.29833333333332,DE
2023-11-22,109.68791666666664,DE
2023-11-23,61.64291666666667,DE
2023-11-24,63.87125,DE
2023-11-25,94.59666666666668,DE
2023-11-26,116.35083333333334,DE
2023-11-27,114.51041666666669,DE
2023-11-28,121.94125,DE
2023-11-29,140.02291666666667,DE
2023-11-30,168.75791666666666,DE
2023-12-01,156.39625,DE
2023-12-02,116.405,DE
2023-12-03,104.71833333333332,DE
2023-12-04,111.75791666666667,DE
2023-12-05,114.3925,DE
2023-12-06,129.54041666666666,DE
2023-12-07,116.60208333333333,DE
2023-12-08,103.67958333333333,DE
2023-12-09,78.41458333333334,DE
2023-12-10,55.8725,DE
2023-12-11,79.05291666666666,DE
2023-12-12,106.06208333333336,DE
2023-12-13,93.04083333333334,DE
2023-12-14,107.12375,DE
2023-12-15,93.23541666666668,DE
2023-12-16,70.69500000000001,DE
2023-12-17,50.717083333333335,DE
2023-12-18,77.97416666666668,DE
2023-12-19,76.28958333333334,DE
2023-12-20,62.005,DE
2023-12-21,25.280416666666667,DE
2023-12-22,22.655833333333337,DE
2023-12-23,30.743333333333336,DE
2023-12-24,-3.3708333333333336,DE
2023-12-25,0.4070833333333333,DE
2023-12-26,16.622083333333332,DE
2023-12-27,60.79833333333334,DE
2023-12-28,16.669999999999998,DE
2023-12-29,6.359583333333333,DE
2023-12-30,34.055416666666666,DE
2023-12-31,8.744782608695653,DE
2024-01-01,16.18166666666667,DE
2024-01-02,53.07333333333333,DE
2024-01-03,45.215,DE
2024-01-04,85.41000000000001,DE
2024-01-05,91.37041666666666,DE
2024-01-06,88.72458333333333,DE
2024-01-07,86.32666666666667,DE
2024-01-08,102.22958333333332,DE
2024-01-09,109.39458333333334,DE
2024-01-10,111.83916666666666,DE
2024-01-11,109.64791666666667,DE
2024-01-12,106.04458333333334,DE
2024-01-13,74.56791666666666,DE
2024-01-14,76.15416666666667,DE
2024-01-15,86.49666666666667,DE
2024-01-16,101.13791666666668,DE
2024-01-17,99.60666666666668,DE
2024-01-18,92.73625,DE
2024-01-19,78.50958333333334,DE
2024-01-20,73.66208333333334,DE
2024-01-21,50.25875,DE
2024-01-22,49.83708333333333,DE
2024-01-23,52.28458333333333,DE
2024-01-24,33.12291666666667,DE
2024-01-25,78.01625,DE
2024-01-26,59.22541666666667,DE
2024-01-27,68.34875000000001,DE
2024-01-28,59.278333333333336,DE
2024-01-29,81.03291666666667,DE
2024-01-30,77.96708333333333,DE
2024-01-31,76.00458333333333,DE
2024-02-01,72.03583333333333,DE
2024-02-02,61.661249999999995,DE
2024-02-03,35.970416666666665,DE
2024-02-04,14.777499999999998,DE
2024-02-05,35.84083333333333,DE
2024-02-06,45.29291666666666,DE
2024-02-07,79.15958333333333,DE
2024-02-08,88.69583333333333,DE
2024-02-09,70.51791666666666,DE
2024-02-10,72.1275,DE
2024-02-11,61.961666666666666,DE
2024-02-12,74.75166666666667,DE
2024-02-13,72.22791666666667,DE
2024-02-14,68.16416666666667,DE
2024-02-15,70.50125,DE
2024-02-16,61.06041666666667,DE
2024-02-17,66.65375,DE
2024-02-18,53.184583333333336,DE
2024-02-19,65.28875000000001,DE
2024-02-20,63.223333333333336,DE
2024-02-21,57.565416666666664,DE
2024-02-22,50.91833333333333,DE
2024-02-23,43.73708333333334,DE
2024-02-24,57.19833333333333,DE
2024-02-25,61.09375,DE
2024-02-26,66.26833333333333,DE
2024-02-27,73.83624999999999,DE
2024-02-28,71.82125,DE
2024-02-29,63.20375000000001,DE
2024-03-01,71.01333333333334,DE
2024-03-02,64.21875,DE
2024-03-03,60.47208333333333,DE
2024-03-04,75.88791666666667,DE
2024-03-05,74.60125000000001,DE
2024-03-06,82.835,DE
2024-03-07,76.32416666666667,DE
2024-03-08,62.32916666666667,DE
2024-03-09,45.61083333333334,DE
2024-03-10,33.99666666666666,DE
2024-03-11,71.67375,DE
2024-03-12,86.47083333333335,DE
2024-03-13,72.45625,DE
2024-03-14,67.06166666666667,DE
2024-03-15,55.9,DE
2024-03-16,50.361250000000005,DE
2024-03-17,61.81458333333333,DE
2024-03-18,81.25041666666667,DE
2024-03-19,81.56791666666666,DE
2024-03-20,91.34291666666668,DE
2024-03-21,81.39,DE
2024-03-22,68.54083333333334,DE
2024-03-23,37.57791666666667,DE
2024-03-24,25.874166666666667,DE
2024-03-25,84.55708333333332,DE
2024-03-26,66.14458333333333,DE
2024-03-27,76.29666666666667,DE
2024-03-28,51.34916666666666,DE
2024-03-29,37.7625,DE
2024-03-30,53.24916666666667,DE
2024-03-31,55.44521739130435,DE
2024-04-01,35.88375,DE
2024-04-02,33.35458333333333,DE
2024-04-03,87.37291666666665,DE
2024-04-04,64.52625,DE
2024-04-05,46.58916666666667,DE
2024-04-06,29.74083333333333,DE
2024-04-07,20.762083333333333,DE
2024-04-08,84.87458333333333,DE
2024-04-09,57.9925,DE
2024-04-10,69.91041666666666,DE
2024-04-11,58.80875,DE
2024-04-12,60.95083333333333,DE
2024-04-13,13.819583333333334,DE
2024-04-14,16.74833333333333,DE
2024-04-15,70.19250000000001,DE
2024-04-16,56.25791666666667,DE
2024-04-17,102.00875,DE
2024-04-18,95.82208333333334,DE
2024-04-19,58.81791666666666,DE
2024-04-20,58.23875,DE
2024-04-21,55.15083333333333,DE
2024-04-22,98.53000000000002,DE
2024-04-23,97.75833333333333,DE
2024-04-24,94.30416666666666,DE
2024-04-25,90.62708333333336,DE
2024-04-26,86.44416666666666,DE
2024-04-27,62.16875,DE
2024-04-28,12.987916666666669,DE
2024-04-29,80.79916666666666,DE
2024-04-30,69.38166666666667,DE
2024-05-01,4.385416666666667,DE
2024-05-02,36.41916666666666,DE
2024-05-03,77.80958333333334,DE
2024-05-04,75.14708333333333,DE
2024-05-05,54.15625,DE
2024-05-06,93.1775,DE
2024-05-07,93.0375,DE
2024-05-08,91.82333333333334,DE
2024-05-09,61.86208333333334,DE
2024-05-10,75.99,DE
2024-05-11,53.65083333333334,DE
2024-05-12,1.7812500000000009,DE
2024-05-13,46.41458333333333,DE
2024-05-14,27.682916666666667,DE
2024-05-15,42.93208333333334,DE
2024-05-16,49.55875,DE
2024-05-17,69.01291666666667,DE
2024-05-18,55.80375,DE
2024-05-19,52.502916666666664,DE
2024-05-20,64.97916666666667,DE
2024-05-21,79.81333333333333,DE
2024-05-22,85.84458333333333,DE
2024-05-23,93.86791666666666,DE
2024-05-24,102.19416666666666,DE
2024-05-25,72.25625000000001,DE
2024-05-26,57.93,DE
2024-05-27,106.88166666666666,DE
2024-05-28,90.75166666666668,DE
2024-05-29,79.17666666666666,DE
2024-05-30,97.45,DE
2024-05-31,89.21708333333333,DE
2024-06-01,58.94583333333333,DE
2024-06-02,23.237916666666667,DE
2024-06-03,117.14166666666668,DE
2024-06-04,107.23166666666668,DE
2024-06-05,81.72416666666666,DE
2024-06-06,86.3675,DE
2024-06-07,83.14541666666666,DE
2024-06-08,45.96875,DE
2024-06-09,27.255416666666665,DE
2024-06-10,92.64625,DE
2024-06-11,61.632083333333334,DE
2024-06-12,91.19125,DE
2024-06-13,94.77958333333332,DE
2024-06-14,78.395,DE
2024-06-15,7.64375,DE
2024-06-16,21.404583333333335,DE
2024-06-17,94.3375,DE
2024-06-18,96.19833333333334,DE
2024-06-19,84.31375,DE
2024-06-20,93.79875,DE
2024-06-21,97.13833333333334,DE
2024-06-22,52.22208333333333,DE
2024-06-23,50.04750000000001,DE
2024-06-24,92.08541666666667,DE
2024-06-25,75.59833333333333,DE
2024-06-26,103.01416666666668,DE
2024-06-27,91.79041666666669,DE
2024-06-28,63.05041666666667,DE
2024-06-29,70.55333333333333,DE
2024-06-30,43.7725,DE
2024-07-01,91.89083333333332,DE
2024-07-02,85.67666666666666,DE
2024-07-03,87.6225,DE
2024-07-04,28.09875,DE
2024-07-05,36.99125,DE
2024-07-06,7.357083333333333,DE
2024-07-07,21.64625,DE
2024-07-08,88.42333333333333,DE
2024-07-09,77.6925,DE
2024-07-10,79.01166666666667,DE
2024-07-11,91.27208333333334,DE
2024-07-12,90.59583333333336,DE
2024-07-13,28.69,DE
2024-07-14,24.383333333333336,DE
2024-07-15,77.67125,DE
2024-07-16,50.30125,DE
2024-07-17,76.37666666666667,DE
2024-07-18,90.74166666666667,DE
2024-07-19,85.90125,DE
2024-07-20,61.99375,DE
2024-07-21,54.33083333333334,DE
2024-07-22,91.22625,DE
2024-07-23,79.50708333333334,DE
2024-07-24,65.8625,DE
2024-07-25,79.2775,DE
2024-07-26,90.94541666666667,DE
2024-07-27,80.8325,DE
2024-07-28,46.02125,DE
2024-07-29,71.61999999999999,DE
2024-07-30,77.24208333333333,DE
2024-07-31,79.40458333333333,DE
2024-08-01,94.86625,DE
2024-08-02,93.81208333333332,DE
2024-08-03,75.28916666666667,DE
2024-08-04,62.09166666666667,DE
2024-08-05,99.85625,DE
2024-08-06,86.98,DE
2024-08-07,92.90958333333332,DE
2024-08-08,93.15458333333332,DE
2024-08-09,53.31708333333333,DE
2024-08-10,49.84708333333333,DE
2024-08-11,54.7175,DE
2024-08-12,92.05833333333334,DE
2024-08-13,99.73833333333332,DE
2024-08-14,108.0125,DE
2024-08-15,85.52875,DE
2024-08-16,108.03875,DE
2024-08-17,93.23583333333332,DE
2024-08-18,88.23666666666666,DE
2024-08-19,108.19625,DE
2024-08-20,92.11208333333332,DE
2024-08-21,52.623333333333335,DE
2024-08-22,63.04208333333333,DE
2024-08-23,39.125,DE
2024-08-24,49.80916666666667,DE
2024-08-25,21.86375,DE
2024-08-26,99.58541666666667,DE
2024-08-27,90.89791666666667,DE
2024-08-28,95.9225,DE
2024-08-29,112.91083333333334,DE
2024-08-30,106.6375,DE
2024-08-31,79.04625,DE
2024-09-01,61.64791666666667,DE
2024-09-02,115.07375,DE
2024-09-03,158.39208333333332,DE
2024-09-04,125.83666666666666,DE
2024-09-05,64.42291666666667,DE
2024-09-06,76.12708333333333,DE
2024-09-07,79.41666666666667,DE
2024-09-08,68.99791666666667,DE
2024-09-09,99.73083333333334,DE
2024-09-10,59.03875,DE
2024-09-11,80.93958333333333,DE
2024-09-12,112.33833333333332,DE
2024-09-13,90.81291666666664,DE
2024-09-14,53.83375,DE
2024-09-15,62.12625,DE
2024-09-16,97.47333333333334,DE
2024-09-17,88.89416666666666,DE
2024-09-18,77.97708333333334,DE
2024-09-19,77.86874999999999,DE
2024-09-20,73.36666666666666,DE
2024-09-21,70.02416666666666,DE
2024-09-22,76.18166666666667,DE
2024-09-23,121.3625,DE
2024-09-24,91.7725,DE
2024-09-25,75.1425,DE
2024-09-26,55.002916666666664,DE
2024-09-27,14.7575,DE
2024-09-28,29.070833333333336,DE
2024-09-29,58.34625,DE
2024-09-30,33.322916666666664,DE
2024-10-01,67.835,DE
2024-10-02,95.86208333333332,DE
2024-10-03,72.65583333333333,DE
2024-10-04,96.12958333333334,DE
2024-10-05,85.93374999999999,DE
2024-10-06,54.89791666666667,DE
2024-10-07,83.72,DE
2024-10-08,91.31666666666666,DE
2024-10-09,83.0675,DE
2024-10-10,59.732499999999995,DE
2024-10-11,95.20208333333332,DE
2024-10-12,56.3725,DE
2024-10-13,8.106250000000001,DE
2024-10-14,105.58625,DE
2024-10-15,94.99708333333332,DE
2024-10-16,35.07625,DE
2024-10-17,71.5175,DE
2024-10-18,102.27375,DE
2024-10-19,85.51625,DE
2024-10-20,35.51416666666667,DE
2024-10-21,83.03958333333334,DE
2024-10-22,103.01458333333332,DE
2024-10-23,111.99666666666668,DE
2024-10-24,101.67916666666667,DE
2024-10-25,112.71583333333332,DE
2024-10-26,101.71875,DE
2024-10-27,90.334,DE
2024-10-28,111.34708333333332,DE
2024-10-29,141.17791666666668,DE
2024-10-30,124.69041666666668,DE
2024-10-31,105.78958333333333,DE
2024-11-01,75.06,DE
2024-11-02,106.75875,DE
2024-11-03,93.43416666666668,DE
2024-11-04,125.86833333333334,DE
2024-11-05,164.785,DE
2024-11-06,231.09124999999997,DE
2024-11-07,159.62208333333334,DE
2024-11-08,113.38916666666668,DE
2024-11-09,114.47416666666668,DE
2024-11-10,114.16916666666668,DE
2024-11-11,121.76541666666668,DE
2024-11-12,166.12291666666667,DE
2024-11-13,150.0925,DE
2024-11-14,122.01666666666668,DE
2024-11-15,124.17,DE
2024-11-16,94.35625,DE
2024-11-17,63.48166666666666,DE
2024-11-18,104.59041666666668,DE
2024-11-19,123.9925,DE
2024-11-20,115.03083333333332,DE
2024-11-21,123.31791666666668,DE
2024-11-22,111.30416666666667,DE
2024-11-23,76.02125,DE
2024-11-24,3.9675,DE
2024-11-25,55.01458333333333,DE
2024-11-26,112.74958333333332,DE
2024-11-27,119.98541666666668,DE
2024-11-28,96.07333333333334,DE
2024-11-29,130.24791666666667,DE
2024-11-30,104.24041666666666,DE
2024-12-01,94.59291666666668,DE
2024-12-02,109.14791666666667,DE
2024-12-03,144.07208333333332,DE
2024-12-04,182.46916666666667,DE
2024-12-05,106.20083333333334,DE
2024-12-06,86.37458333333332,DE
2024-12-07,71.50833333333334,DE
2024-12-08,99.06833333333331,DE
2024-12-09,99.59125,DE
2024-12-10,149.92875,DE
2024-12-11,266.5441666666667,DE
2024-12-12,395.33874999999995,DE
2024-12-13,178.46624999999997,DE
2024-12-14,101.22666666666667,DE
2024-12-15,46.84833333333333,DE
2024-12-16,48.67083333333333,DE
2024-12-17,86.30083333333333,DE
2024-12-18,54.97208333333333,DE
2024-12-19,52.03208333333333,DE
2024-12-20,76.37333333333333,DE
2024-12-21,22.135833333333338,DE
2024-12-22,22.934583333333336,DE
2024-12-23,59.098749999999995,DE
2024-12-24,102.48625,DE
2024-12-25,98.625,DE
2024-12-26,112.89208333333332,DE
2024-12-27,121.70625,DE
2024-12-28,122.63833333333334,DE
2024-12-29,105.28041666666668,DE
2024-12-30,78.15583333333333,DE
2024-12-31,62.60739130434783,DE
2025-01-01,0.9545833333333336,DE
2025-01-02,92.90958333333332,DE
2025-01-03,89.94083333333333,DE
2025-01-04,120.79333333333334,DE
2025-01-05,72.2375,DE
2025-01-06,25.163749999999997,DE
2025-01-07,58.290416666666665,DE
2025-01-08,104.5275,DE
2025-01-09,121.53125,DE
2025-01-10,112.4275,DE
2025-01-11,101.89041666666668,DE
2025-01-12,110.06541666666668,DE
2025-01-13,129.20166666666668,DE
2025-01-14,126.8175,DE
2025-01-15,222.18125,DE
2025-01-16,148.10458333333332,DE
2025-01-17,146.31833333333333,DE
2025-01-18,134.14916666666667,DE
2025-01-19,128.72416666666666,DE
2025-01-20,231.35791666666668,DE
2025-01-21,168.45624999999998,DE
2025-01-22,161.44875,DE
2025-01-23,103.93583333333332,DE
2025-01-24,78.89958333333334,DE
2025-01-25,99.32541666666668,DE
2025-01-26,101.46083333333333,DE
2025-01-27,60.17333333333334,DE
2025-01-28,106.37416666666668,DE
2025-01-29,108.135,DE
2025-01-30,131.53166666666667,DE
2025-01-31,141.0175,DE
2025-02-01,135.44625,DE
2025-02-02,137.12791666666666,DE
2025-02-03,154.50791666666666,DE
2025-02-04,142.41625,DE
2025-02-05,141.76916666666668,DE
2025-02-06,150.08875,DE
2025-02-07,121.17666666666668,DE
2025-02-08,108.80916666666668,DE
2025-02-09,128.41958333333335,DE
2025-02-10,121.83541666666667,DE
2025-02-11,120.01291666666668,DE
2025-02-12,154.32458333333332,DE
2025-02-13,172.1233333333333,DE
2025-02-14,179.14416666666668,DE
2025-02-15,133.6575,DE
2025-02-16,132.65041666666667,DE
2025-02-17,153.415,DE
2025-02-18,132.45458333333332,DE
2025-02-19,110.82958333333332,DE
2025-02-20,94.94916666666668,DE
2025-02-21,90.79833333333332,DE
2025-02-22,70.3225,DE
2025-02-23,91.04208333333332,DE
2025-02-24,91.04875,DE
2025-02-25,139.75625,DE
2025-02-26,135.695,DE
2025-02-27,126.03208333333332,DE
2025-02-28,128.77291666666667,DE
2025-03-01,123.64708333333331,DE
2025-03-02,91.11833333333334,DE
2025-03-03,106.44916666666668,DE
2025-03-04,107.76625,DE
2025-03-05,78.55375,DE
2025-03-06,89.81916666666666,DE
2025-03-07,103.99291666666666,DE
2025-03-08,90.68583333333332,DE
2025-03-09,77.20916666666666,DE
2025-03-10,112.8575,DE
2025-03-11,125.2975,DE
2025-03-12,124.87083333333334,DE
2025-03-13,125.14083333333332,DE
2025-03-14,121.23458333333332,DE
2025-03-15,92.91916666666668,DE
2025-03-16,72.03208333333333,DE
2025-03-17,99.11083333333332,DE
2025-03-18,90.14458333333334,DE
2025-03-19,104.3875,DE
2025-03-20,108.29916666666666,DE
2025-03-21,73.52374999999999,DE
2025-03-22,14.96125,DE
2025-03-23,54.96416666666667,DE
2025-03-24,129.88333333333333,DE
2025-03-25,111.78000000000002,DE
2025-03-26,114.53375,DE
2025-03-27,98.96875,DE
2025-03-28,88.34250000000002,DE
2025-03-29,84.51291666666667,DE
2025-03-30,11.683043478260869,DE
2025-03-31,104.4025,DE
2025-04-01,94.21916666666668,DE
2025-04-02,61.61541666666667,DE
2025-04-03,77.49916666666667,DE
2025-04-04,89.90875,DE
2025-04-05,54.82541666666666,DE
2025-04-06,38.28541666666667,DE
2025-04-07,96.1325,DE
2025-04-08,98.74625,DE
2025-04-09,91.56083333333332,DE
2025-04-10,85.52291666666667,DE
2025-04-11,64.63125000000001,DE
2025-04-12,65.40541666666667,DE
2025-04-13,39.20375,DE
2025-04-14,98.15708333333332,DE
2025-04-15,70.04166666666667,DE
2025-04-16,89.57708333333333,DE
2025-04-17,98.48666666666666,DE
2025-04-18,87.89791666666667,DE
2025-04-19,68.91958333333334,DE
2025-04-20,65.26416666666667,DE
2025-04-21,81.99166666666666,DE
2025-04-22,112.64208333333332,DE
2025-04-23,109.47583333333334,DE
2025-04-24,96.79625,DE
2025-04-25,88.52583333333332,DE
2025-04-26,57.392500000000005,DE
2025-04-27,31.434583333333332,DE
2025-04-28,75.74916666666667,DE
2025-04-29,73.20291666666667,DE
2025-04-30,74.95833333333333,DE
2025-05-01,44.96625,DE
2025-05-02,62.79125,DE
2025-05-03,55.077916666666674,DE
2025-05-04,33.54208333333333,DE
2025-05-05,87.40375,DE
2025-05-06,90.96291666666669,DE
2025-05-07,98.93,DE
2025-05-08,103.17708333333331,DE
2025-05-09,81.11375,DE
2025-05-10,52.30041666666667,DE
2025-05-11,19.40666666666667,DE
2025-05-12,69.61333333333333,DE
2025-05-13,79.50416666666668,DE
2025-05-14,69.065,DE
2025-05-15,66.23666666666666,DE
2025-05-16,73.40333333333334,DE
2025-05-17,59.50625,DE
2025-05-18,62.932500000000005,DE
2025-05-19,95.53541666666666,DE
2025-05-20,91.14333333333332,DE
2025-05-21,71.3475,DE
2025-05-22,61.215833333333336,DE
2025-05-23,82.57083333333334,DE
2025-05-24,58.1,DE
2025-05-25,23.713333333333335,DE
2025-05-26,72.91375000000001,DE
2025-05-27,61.84708333333333,DE
2025-05-28,84.18916666666667,DE
2025-05-29,56.29125,DE
2025-05-30,48.187083333333334,DE
2025-05-31,70.50958333333334,DE
2025-06-01,39.5775,DE
2025-06-02,87.03791666666666,DE
2025-06-03,71.68666666666667,DE
2025-06-04,83.11291666666666,DE
2025-06-05,80.15791666666667,DE
2025-06-06,48.63333333333333,DE
2025-06-07,59.71541666666667,DE
2025-06-08,22.637083333333333,DE
2025-06-09,33.31125,DE
2025-06-10,54.1225,DE
2025-06-11,71.60458333333334,DE
2025-06-12,59.28041666666667,DE
2025-06-13,52.093333333333334,DE
2025-06-14,44.375416666666666,DE
2025-06-15,61.84458333333333,DE
2025-06-16,81.09666666666666,DE
2025-06-17,84.645,DE
2025-06-18,79.82458333333334,DE
2025-06-19,56.0225,DE
2025-06-20,87.05333333333334,DE
2025-06-21,72.6125,DE
2025-06-22,41.465,DE
2025-06-23,38.7375,DE
2025-06-24,47.219166666666666,DE
2025-06-25,80.14874999999999,DE
2025-06-26,91.36458333333331,DE
2025-06-27,81.18708333333333,DE
2025-06-28,52.51458333333333,DE
2025-06-29,54.119166666666665,DE
2025-06-30,102.42375,DE
2025-07-01,138.36458333333334,DE
2025-07-02,103.885,DE
2025-07-03,86.46583333333332,DE
2025-07-04,79.615,DE
2025-07-05,53.85666666666666,DE
2025-07-06,73.49041666666666,DE
2025-07-07,99.97333333333334,DE
2025-07-08,90.0125,DE
2025-07-09,91.79833333333332,DE
2025-07-10,90.41333333333334,DE
2025-07-11,87.88291666666667,DE
2025-07-12,72.25625000000001,DE
2025-07-13,73.49083333333333,DE
2025-07-14,98.47166666666668,DE
2025-07-15,90.82458333333334,DE
2025-07-16,95.75041666666668,DE
2025-07-17,92.61208333333332,DE
2025-07-18,100.93375,DE
2025-07-19,70.14208333333333,DE
2025-07-20,71.48083333333334,DE
2025-07-21,100.23,DE
2025-07-22,78.38083333333334,DE
2025-07-23,78.25083333333333,DE
2025-07-24,102.54833333333332,DE
2025-07-25,97.42833333333334,DE
2025-07-26,91.15875,DE
2025-07-27,79.43166666666666,DE
2025-07-28,94.07583333333334,DE
2025-07-29,76.9525,DE
2025-07-30,75.9525,DE
2025-07-31,85.52208333333334,DE
2025-08-01,93.19041666666668,DE
2025-08-02,67.14708333333333,DE
2025-08-03,42.248333333333335,DE
2025-08-04,63.45708333333334,DE
2025-08-05,36.04958333333334,DE
2025-08-06,61.944583333333334,DE
2025-08-07,71.79208333333334,DE
2025-08-08,76.16166666666666,DE
2025-08-09,61.42083333333334,DE
2025-08-10,46.80291666666667,DE
2025-08-11,84.47833333333334,DE
2025-08-12,84.95291666666667,DE
2025-08-13,99.83208333333332,DE
2025-08-14,105.06166666666668,DE
2025-08-15,73.61416666666666,DE
2025-08-16,60.93291666666667,DE
2025-08-17,64.04958333333333,DE
2025-08-18,91.53125,DE
2025-08-19,82.38708333333334,DE
2025-08-20,91.0075,DE
2025-08-21,92.68458333333332,DE
2025-08-22,73.68583333333333,DE
2025-08-23,67.87541666666667,DE
2025-08-24,63.05416666666667,DE
2025-08-25,89.09041666666667,DE
2025-08-26,99.78916666666667,DE
2025-08-27,104.61875,DE
2025-08-28,115.89166666666668,DE
2025-08-29,94.12416666666668,DE
2025-08-30,70.19916666666667,DE
2025-08-31,57.6225,DE
2025-09-01,101.46125,DE
2025-09-02,122.08791666666669,DE
2025-09-03,65.6725,DE
2025-09-04,87.61166666666666,DE
2025-09-05,99.91791666666668,DE
2025-09-06,75.44583333333334,DE
2025-09-07,42.13,DE
2025-09-08,123.56208333333332,DE
2025-09-09,142.45291666666665,DE
2025-09-10,125.95166666666668,DE
2025-09-11,72.18041666666666,DE
2025-09-12,54.13041666666667,DE
2025-09-13,60.95625,DE
2025-09-14,71.72333333333333,DE
2025-09-15,8.830833333333333,DE
2025-09-16,19.522499999999997,DE
2025-09-17,75.34083333333334,DE
2025-09-18,65.73,DE
2025-09-19,96.48125,DE
2025-09-20,58.70666666666667,DE
2025-09-21,32.177083333333336,DE
2025-09-22,97.49583333333334,DE
2025-09-23,103.0875,DE
2025-09-24,79.18916666666667,DE
2025-09-25,81.81208333333333,DE
2025-09-26,94.96083333333333,DE
2025-09-27,92.79916666666666,DE
2025-09-28,87.18291666666666,DE
2025-09-29,130.56541666666666,DE
2025-09-30,136.16625,DE
2025-10-01,116.57166666666666,DE
2025-10-02,102.69583333333333,DE
2025-10-03,66.76135416666666,DE
2025-10-04,-0.2911458333333333,DE
2025-10-05,1.7289583333333332,DE
2025-10-06,86.17875,DE
2025-10-07,137.9565625,DE
2025-10-08,117.57541666666668,DE
2025-10-09,104.91010416666668,DE
2025-10-10,96.4090625,DE
2025-10-11,90.69125,DE
2025-10-12,89.188125,DE
2025-10-13,139.0503125,DE
2025-10-14,156.13677083333332,DE
2025-10-15,145.72458333333333,DE
2025-10-16,100.00114583333334,DE
2025-10-17,104.405625,DE
2025-10-18,95.73979166666668,DE
2025-10-19,75.35479166666667,DE
2025-10-20,82.2634375,DE
2025-10-21,67.8078125,DE
2025-10-22,125.06989583333332,DE
2025-10-23,82.27239583333333,DE
2025-10-24,32.32125,DE
2025-10-25,11.220208333333332,DE
2025-10-26,6.5153,DE
2025-10-27,68.4015625,DE
2025-10-28,66.6746875,DE
2025-10-29,87.71885416666667,DE
2025-10-30,69.41083333333333,DE
2025-10-31,93.243125,DE
2025-11-01,47.63104166666667,DE
2025-11-02,85.9121875,DE
2025-11-03,78.29458333333334,DE
2025-11-04,73.5534375,DE
2025-11-05,93.42760416666664,DE
2025-11-06,106.21052083333332,DE
2025-11-07,110.80458333333333,DE
2025-11-08,106.46479166666668,DE
2025-11-09,99.0046875,DE
2025-11-10,109.8884375,DE
2025-11-11,96.88729166666668,DE
2025-11-12,80.32375,DE
2025-11-13,69.84625,DE
2025-11-14,106.733125,DE
2025-11-15,90.70489583333334,DE
2025-11-16,101.43625,DE
2025-11-17,94.71447916666666,DE
2025-11-18,101.96520833333334,DE
2025-11-19,102.534375,DE
2025-11-20,125.98635416666669,DE
2025-11-21,146.4821875,DE
2025-11-22,91.2475,DE
2025-11-23,71.42635416666667,DE
2025-11-24,132.36197916666666,DE
2025-11-25,220.5169791666667,DE
2025-11-26,161.5178125,DE
2025-11-27,91.17833333333334,DE
2025-11-28,85.04822916666667,DE
2025-11-29,90.19322916666664,DE
2025-11-30,84.1484375,DE
2025-12-01,93.43135416666668,DE
2025-12-02,100.37,DE
2025-12-03,164.806875,DE
2025-12-04,124.86104166666668,DE
2025-12-05,133.28635416666663,DE
2025-12-06,79.61416666666666,DE
2025-12-07,80.39229166666667,DE
2025-12-08,70.63520833333332,DE
2025-12-09,91.57416666666668,DE
2025-12-10,78.5034375,DE
2025-12-11,94.45552083333332,DE
2025-12-12,113.4434375,DE
2025-12-13,95.91864583333334,DE
2025-12-14,86.20822916666667,DE
2025-12-15,87.40270833333334,DE
2025-12-16,106.74447916666666,DE
2025-12-17,106.39666666666666,DE
2025-12-18,74.22302083333334,DE
2025-12-19,70.07041666666667,DE
2025-12-20,103.05697916666666,DE
2025-12-21,91.5690625,DE
2025-12-22,85.55427083333332,DE
2025-12-23,74.7309375,DE
2025-12-24,69.38437499999999,DE
2025-12-25,69.75135416666667,DE
2025-12-26,97.53479166666666,DE
2025-12-27,91.44416666666666,DE
2025-12-28,92.76677083333334,DE
2025-12-29,94.34833333333334,DE
2025-12-30,87.75999999999999,DE
2025-12-31,87.23421052631579,DE
2026-01-01,9.754166666666666,DE
2026-01-02,54.690416666666664,DE
2026-01-03,88.6715625,DE
2026-01-04,94.43583333333332,DE
2026-01-05,134.4115625,DE
2026-01-06,127.42458333333332,DE
2026-01-07,99.39666666666666,DE
2026-01-08,154.1209375,DE
2026-01-09,78.7003125,DE
2026-01-10,97.55666666666669,DE
2026-01-11,95.7759375,DE
2026-01-12,104.349375,DE
2026-01-13,105.7084375,DE
2026-01-14,118.13895833333332,DE
2026-01-15,101.46479166666668,DE
2026-01-16,109.72833333333334,DE
2026-01-17,112.2578125,DE
2026-01-18,109.37260416666668,DE
2026-01-19,139.99479166666666,DE
2026-01-20,156.17010416666668,DE
2026-01-21,116.99697916666666,DE
2026-01-22,105.28072916666667,DE
2026-01-23,110.293125,DE
2026-01-24,111.95552083333332,DE
2026-01-25,111.92833333333334,DE
2026-01-26,141.3096875,DE
2026-01-27,130.60614583333333,DE
2026-01-28,136.82791666666665,DE
2026-01-29,132.40229166666668,DE
2026-01-30,113.68802083333333,DE
2026-01-31,109.38927083333334,DE
2026-02-01,108.58666666666666,DE
2026-02-02,107.74333333333334,DE
2026-02-03,98.47604166666667,DE
2026-02-04,102.954375,DE
2026-02-05,110.54197916666668,DE
2026-02-06,121.88333333333333,DE
2026-02-07,107.51552083333333,DE
2026-02-08,104.05239583333334,DE
2026-02-09,139.27885416666666,DE
2026-02-10,116.84510416666666,DE
2026-02-11,112.53614583333332,DE
2026-02-12,104.544375,DE
2026-02-13,106.84072916666666,DE
2026-02-14,103.53916666666667,DE
2026-02-15,84.23937500000001,DE
2026-02-16,94.84375,DE
2026-02-17,97.57989583333334,DE
2026-02-18,114.15333333333332,DE
2026-02-19,92.9390625,DE
2026-02-20,86.99885416666666,DE
2026-02-21,62.51458333333333,DE
2026-02-22,53.861875,DE
2026-02-23,68.05885416666666,DE
2026-02-24,114.79364583333334,DE
2026-02-25,93.6565625,DE
2026-02-26,76.8853125,DE
2026-02-27,64.92166666666667,DE
2026-02-28,53.354166666666664,DE
2026-03-01,52.93427083333333,DE
2026-03-02,92.865,DE
2026-03-03,106.52447916666668,DE
2026-03-04,147.3996875,DE
2026-03-05,110.85510416666666,DE
2026-03-06,123.79895833333336,DE
2026-03-07,110.1634375,DE
2026-03-08,103.13,DE
2026-03-09,135.7873958333333,DE
2026-03-10,139.92239583333333,DE
2026-03-11,79.24552083333333,DE
2026-03-12,69.04572916666667,DE
2026-03-13,48.4365625,DE
2026-03-14,120.7271875,DE
2026-03-15,100.2984375,DE
2026-03-16,73.4978125,DE
2026-03-17,126.15708333333332,DE
2026-03-18,88.90520833333333,DE
2026-03-19,113.79458333333334,DE
2026-03-20,143.024375,DE
2026-03-21,114.3334375,DE
2026-03-22,83.24125,DE
2026-03-23,141.913125,DE
2026-03-24,76.80770833333334,DE
2026-03-25,37.684895833333336,DE
2026-03-26,91.481875,DE
2026-03-27,118.52572916666666,DE
2026-03-28,80.99927083333334,DE
2026-03-29,68.87913043478261,DE
2026-03-30,58.44083333333333,DE
2026-03-31,117.82802083333333,DE
2026-04-01,144.21395833333335,DE
2026-04-02,114.035,DE
2026-04-03,84.63635416666666,DE
2026-04-04,33.074999999999996,DE
2026-04-05,-16.340520833333333,DE
2026-04-06,3.035833333333333,DE
2026-04-07,89.88864583333333,DE
2026-04-08,86.969375,DE
2026-04-09,81.63114583333333,DE
2026-04-10,119.56520833333332,DE
2026-04-11,46.57208333333333,DE
2026-04-12,79.730625,DE
2026-04-13,127.30197916666668,DE
2026-04-14,138.08739583333332,DE
2026-04-15,117.53041666666668,DE
2026-04-16,110.68291666666666,DE
2026-04-17,104.64916666666666,DE
2026-04-18,84.5871875,DE
2026-04-19,80.81364583333333,DE
2026-04-20,97.70760416666668,DE
2026-04-21,82.57125,DE
2026-04-22,78.66635416666666,DE
2026-04-23,64.21229166666667,DE
2026-04-24,76.10989583333334,DE
2026-04-25,16.129479166666666,DE
2026-04-26,2.985208333333332,DE
2026-04-27,98.35489583333332,DE
2026-04-28,70.64510416666667,DE
2026-04-29,65.35770833333333,DE
2026-04-30,72.06145833333333,DE
2026-05-01,-2.0785416666666667,DE
2026-05-02,58.85093750000001,DE
2026-05-03,74.97208333333333,DE
2026-05-04,131.06291666666667,DE
2026-05-05,128.73041666666668,DE
2026-05-06,122.44458333333334,DE
2026-05-07,136.02770833333332,DE
2026-05-08,113.81364583333334,DE
2026-05-09,88.33270833333334,DE
2026-05-10,77.09114583333333,DE
2026-05-11,119.25645833333334,DE
2026-05-12,93.3053125,DE
2026-05-13,113.544375,DE
2026-05-14,94.85083333333334,DE
2026-05-15,109.81291666666664,DE
2026-05-16,78.29833333333333,DE
2026-05-17,83.003125,DE
2026-05-18,138.9469791666667,DE
2026-05-19,128.11854166666666,DE
2026-05-20,108.898125,DE
2026-05-21,109.14958333333334,DE
2026-05-22,106.34854166666666,DE
2026-05-23,79.7821875,DE
2026-05-24,66.7234375,DE
2026-05-25,136.13,DE
2021-01-01,39.884166666666665,SK
2021-01-02,51.21625,SK
2021-01-03,38.16125,SK
2021-01-04,49.01833333333334,SK
2021-01-05,52.8725,SK
2021-01-06,52.4275,SK
2021-01-07,67.58791666666666,SK
2021-01-08,74.69041666666666,SK
2021-01-09,57.48291666666666,SK
2021-01-10,47.647083333333335,SK
2021-01-11,51.20083333333333,SK
2021-01-12,55.1775,SK
2021-01-13,55.885416666666664,SK
2021-01-14,72.02875,SK
2021-01-15,79.035,SK
2021-01-16,54.35833333333333,SK
2021-01-17,52.95333333333334,SK
2021-01-18,66.97875,SK
2021-01-19,67.74666666666667,SK
2021-01-20,58.406666666666666,SK
2021-01-21,55.779583333333335,SK
2021-01-22,52.75125,SK
2021-01-23,52.42125000000001,SK
2021-01-24,45.915,SK
2021-01-25,59.65166666666667,SK
2021-01-26,59.56583333333333,SK
2021-01-27,59.623333333333335,SK
2021-01-28,55.267500000000005,SK
2021-01-29,51.96125,SK
2021-01-30,46.1675,SK
2021-01-31,45.14791666666667,SK
2021-02-01,54.747083333333336,SK
2021-02-02,56.01875,SK
2021-02-03,47.270833333333336,SK
2021-02-04,48.91375,SK
2021-02-05,51.9175,SK
2021-02-06,42.815,SK
2021-02-07,23.30333333333333,SK
2021-02-08,48.1675,SK
2021-02-09,64.73125,SK
2021-02-10,67.40708333333333,SK
2021-02-11,77.54458333333334,SK
2021-02-12,63.319583333333334,SK
2021-02-13,53.67416666666667,SK
2021-02-14,43.93,SK
2021-02-15,52.97208333333333,SK
2021-02-16,61.64833333333333,SK
2021-02-17,56.62375,SK
2021-02-18,52.5225,SK
2021-02-19,52.11041666666667,SK
2021-02-20,38.16166666666667,SK
2021-02-21,33.549166666666665,SK
2021-02-22,50.35166666666667,SK
2021-02-23,48.32125,SK
2021-02-24,44.475833333333334,SK
2021-02-25,47.05083333333334,SK
2021-02-26,47.740833333333335,SK
2021-02-27,44.51166666666666,SK
2021-02-28,39.5825,SK
2021-03-01,52.565,SK
2021-03-02,53.185,SK
2021-03-03,51.92541666666667,SK
2021-03-04,51.565416666666664,SK
2021-03-05,53.34375,SK
2021-03-06,45.470416666666665,SK
2021-03-07,42.80125,SK
2021-03-08,61.247083333333336,SK
2021-03-09,62.076249999999995,SK
2021-03-10,54.47958333333333,SK
2021-03-11,52.02458333333333,SK
2021-03-12,50.34791666666666,SK
2021-03-13,45.651250000000005,SK
2021-03-14,42.815416666666664,SK
2021-03-15,49.39458333333334,SK
2021-03-16,56.95374999999999,SK
2021-03-17,59.159166666666664,SK
2021-03-18,63.4375,SK
2021-03-19,60.451249999999995,SK
2021-03-20,51.48791666666667,SK
2021-03-21,42.96875,SK
2021-03-22,59.486250000000005,SK
2021-03-23,61.35916666666666,SK
2021-03-24,60.89208333333334,SK
2021-03-25,62.53875,SK
2021-03-26,59.35916666666666,SK
2021-03-27,46.92125000000001,SK
2021-03-28,42.25086956521739,SK
2021-03-29,54.17333333333334,SK
2021-03-30,55.024166666666666,SK
2021-03-31,59.916666666666664,SK
2021-04-01,57.6875,SK
2021-04-02,44.669999999999995,SK
2021-04-03,46.9975,SK
2021-04-04,37.62875,SK
2021-04-05,-5.28125,SK
2021-04-06,50.09,SK
2021-04-07,59.14541666666667,SK
2021-04-08,64.95625,SK
2021-04-09,61.72625,SK
2021-04-10,58.12416666666667,SK
2021-04-11,47.12708333333333,SK
2021-04-12,66.79041666666667,SK
2021-04-13,71.42333333333333,SK
2021-04-14,75.915,SK
2021-04-15,79.96249999999999,SK
2021-04-16,71.70416666666667,SK
2021-04-17,61.62708333333333,SK
2021-04-18,64.54291666666667,SK
2021-04-19,80.25166666666667,SK
2021-04-20,81.815,SK
2021-04-21,72.61208333333333,SK
2021-04-22,69.07333333333334,SK
2021-04-23,64.78791666666666,SK
2021-04-24,60.25375,SK
2021-04-25,44.42875,SK
2021-04-26,64.31333333333333,SK
2021-04-27,67.2925,SK
2021-04-28,64.94500000000001,SK
2021-04-29,66.39583333333333,SK
2021-04-30,68.635,SK
2021-05-01,59.18666666666667,SK
2021-05-02,44.57583333333333,SK
2021-05-03,58.33375,SK
2021-05-04,48.669999999999995,SK
2021-05-05,55.78208333333333,SK
2021-05-06,65.30416666666666,SK
2021-05-07,68.0025,SK
2021-05-08,54.06916666666667,SK
2021-05-09,14.895833333333334,SK
2021-05-10,59.150416666666665,SK
2021-05-11,72.17041666666667,SK
2021-05-12,69.48583333333333,SK
2021-05-13,59.28333333333333,SK
2021-05-14,69.92958333333333,SK
2021-05-15,64.72041666666667,SK
2021-05-16,46.23291666666666,SK
2021-05-17,72.45375,SK
2021-05-18,74.67458333333333,SK
2021-05-19,77.47166666666666,SK
2021-05-20,72.88458333333334,SK
2021-05-21,54.713750000000005,SK
2021-05-22,53.40291666666667,SK
2021-05-23,34.90958333333334,SK
2021-05-24,52.06791666666667,SK
2021-05-25,67.0025,SK
2021-05-26,67.32041666666667,SK
2021-05-27,71.71791666666667,SK
2021-05-28,76.0225,SK
2021-05-29,57.78125,SK
2021-05-30,42.9675,SK
2021-05-31,68.10125000000001,SK
2021-06-01,67.70833333333333,SK
2021-06-02,65.71499999999999,SK
2021-06-03,59.91375,SK
2021-06-04,71.48708333333333,SK
2021-06-05,62.403333333333336,SK
2021-06-06,56.36666666666667,SK
2021-06-07,79.73416666666667,SK
2021-06-08,78.35958333333333,SK
2021-06-09,77.73125,SK
2021-06-10,77.27041666666666,SK
2021-06-11,74.98916666666666,SK
2021-06-12,52.25791666666667,SK
2021-06-13,27.175,SK
2021-06-14,74.28916666666667,SK
2021-06-15,81.19125,SK
2021-06-16,82.51625,SK
2021-06-17,83.20416666666667,SK
2021-06-18,82.16,SK
2021-06-19,71.02791666666667,SK
2021-06-20,58.432500000000005,SK
2021-06-21,78.20708333333333,SK
2021-06-22,85.35875,SK
2021-06-23,93.845,SK
2021-06-24,96.29,SK
2021-06-25,97.20041666666668,SK
2021-06-26,80.435,SK
2021-06-27,67.29958333333333,SK
2021-06-28,96.93708333333336,SK
2021-06-29,94.25125,SK
2021-06-30,99.86958333333332,SK
2021-07-01,89.44166666666666,SK
2021-07-02,101.5975,SK
2021-07-03,85.52916666666665,SK
2021-07-04,82.7475,SK
2021-07-05,93.76125,SK
2021-07-06,88.09875,SK
2021-07-07,105.19208333333334,SK
2021-07-08,109.84333333333332,SK
2021-07-09,91.45291666666668,SK
2021-07-10,81.29541666666667,SK
2021-07-11,77.74,SK
2021-07-12,93.57291666666669,SK
2021-07-13,98.98541666666668,SK
2021-07-14,92.12083333333334,SK
2021-07-15,91.02291666666667,SK
2021-07-16,88.64583333333333,SK
2021-07-17,73.75916666666667,SK
2021-07-18,62.0875,SK
2021-07-19,89.70375,SK
2021-07-20,93.27958333333332,SK
2021-07-21,92.35,SK
2021-07-22,88.35541666666667,SK
2021-07-23,90.67875,SK
2021-07-24,77.23166666666667,SK
2021-07-25,60.8475,SK
2021-07-26,88.44916666666667,SK
2021-07-27,87.31416666666667,SK
2021-07-28,86.60833333333333,SK
2021-07-29,80.91208333333334,SK
2021-07-30,72.59416666666667,SK
2021-07-31,64.45208333333333,SK
2021-08-01,60.43625,SK
2021-08-02,79.98041666666667,SK
2021-08-03,96.50333333333332,SK
2021-08-04,98.11125,SK
2021-08-05,94.31583333333332,SK
2021-08-06,71.89791666666666,SK
2021-08-07,61.51499999999999,SK
2021-08-08,25.429166666666664,SK
2021-08-09,67.58916666666667,SK
2021-08-10,90.98208333333334,SK
2021-08-11,100.79125,SK
2021-08-12,106.5425,SK
2021-08-13,97.08333333333331,SK
2021-08-14,71.90458333333333,SK
2021-08-15,65.80208333333333,SK
2021-08-16,94.46333333333332,SK
2021-08-17,71.12041666666666,SK
2021-08-18,78.9275,SK
2021-08-19,92.00625,SK
2021-08-20,102.18,SK
2021-08-21,91.46291666666669,SK
2021-08-22,79.49416666666666,SK
2021-08-23,93.87916666666666,SK
2021-08-24,96.10666666666668,SK
2021-08-25,86.53000000000002,SK
2021-08-26,93.87625,SK
2021-08-27,96.24916666666668,SK
2021-08-28,87.74000000000001,SK
2021-08-29,80.74249999999999,SK
2021-08-30,106.575,SK
2021-08-31,109.64,SK
2021-09-01,110.87708333333336,SK
2021-09-02,116.70458333333332,SK
2021-09-03,108.485,SK
2021-09-04,106.11291666666666,SK
2021-09-05,96.0,SK
2021-09-06,125.37333333333332,SK
2021-09-07,127.9425,SK
2021-09-08,124.665,SK
2021-09-09,130.23333333333332,SK
2021-09-10,138.28625,SK
2021-09-11,129.01791666666665,SK
2021-09-12,104.96083333333333,SK
2021-09-13,141.31916666666666,SK
2021-09-14,143.23833333333334,SK
2021-09-15,168.21166666666667,SK
2021-09-16,159.07083333333333,SK
2021-09-17,156.95916666666668,SK
2021-09-18,132.27666666666667,SK
2021-09-19,94.10333333333334,SK
2021-09-20,150.69875,SK
2021-09-21,149.77333333333334,SK
2021-09-22,145.95291666666665,SK
2021-09-23,120.53041666666668,SK
2021-09-24,118.73708333333332,SK
2021-09-25,135.75208333333333,SK
2021-09-26,126.39333333333332,SK
2021-09-27,154.7170833333333,SK
2021-09-28,157.60708333333335,SK
2021-09-29,143.8425,SK
2021-09-30,162.11166666666665,SK
2021-10-01,140.86,SK
2021-10-02,121.36,SK
2021-10-03,46.04125,SK
2021-10-04,162.04333333333332,SK
2021-10-05,161.31333333333333,SK
2021-10-06,197.295,SK
2021-10-07,270.9175,SK
2021-10-08,203.08791666666664,SK
2021-10-09,139.43208333333334,SK
2021-10-10,174.29333333333332,SK
2021-10-11,186.43166666666664,SK
2021-10-12,193.2725,SK
2021-10-13,188.24291666666667,SK
2021-10-14,174.4141666666667,SK
2021-10-15,125.64041666666668,SK
2021-10-16,158.22,SK
2021-10-17,143.65666666666667,SK
2021-10-18,211.89,SK
2021-10-19,164.48749999999998,SK
2021-10-20,226.22208333333333,SK
2021-10-21,74.36791666666666,SK
2021-10-22,79.33541666666666,SK
2021-10-23,139.24958333333333,SK
2021-10-24,99.41125,SK
2021-10-25,168.6675,SK
2021-10-26,174.33833333333334,SK
2021-10-27,143.94708333333332,SK
2021-10-28,150.745,SK
2021-10-29,113.81583333333332,SK
2021-10-30,88.14666666666666,SK
2021-10-31,67.4,SK
2021-11-01,110.22875,SK
2021-11-02,204.33125,SK
2021-11-03,193.8975,SK
2021-11-04,188.8108333333333,SK
2021-11-05,165.19541666666666,SK
2021-11-06,77.21375,SK
2021-11-07,47.25083333333333,SK
2021-11-08,191.9175,SK
2021-11-09,186.87958333333333,SK
2021-11-10,176.25958333333332,SK
2021-11-11,189.48583333333332,SK
2021-11-12,199.99125,SK
2021-11-13,156.8975,SK
2021-11-14,163.58416666666668,SK
2021-11-15,227.95791666666665,SK
2021-11-16,234.83791666666664,SK
2021-11-17,174.06000000000003,SK
2021-11-18,140.36291666666668,SK
2021-11-19,159.51458333333332,SK
2021-11-20,147.88958333333332,SK
2021-11-21,146.58958333333334,SK
2021-11-22,241.79208333333335,SK
2021-11-23,240.47875,SK
2021-11-24,273.885,SK
2021-11-25,249.89666666666668,SK
2021-11-26,209.57458333333332,SK
2021-11-27,202.8970833333333,SK
2021-11-28,201.16583333333332,SK
2021-11-29,265.96166666666664,SK
2021-11-30,189.6725,SK
2021-12-01,212.2483333333333,SK
2021-12-02,219.495,SK
2021-12-03,195.40416666666667,SK
2021-12-04,196.92541666666668,SK
2021-12-05,157.33833333333334,SK
2021-12-06,265.46625,SK
2021-12-07,229.3075,SK
2021-12-08,220.4366666666667,SK
2021-12-09,277.88375,SK
2021-12-10,239.78041666666664,SK
2021-12-11,234.13375,SK
2021-12-12,188.15166666666667,SK
2021-12-13,269.0520833333333,SK
2021-12-14,301.93541666666664,SK
2021-12-15,299.52416666666664,SK
2021-12-16,344.3029166666667,SK
2021-12-17,336.48875,SK
2021-12-18,237.6604166666667,SK
2021-12-19,153.9908333333333,SK
2021-12-20,313.78000000000003,SK
2021-12-21,419.8854166666667,SK
2021-12-22,412.14916666666664,SK
2021-12-23,294.89500000000004,SK
2021-12-24,184.98833333333337,SK
2021-12-25,181.48708333333332,SK
2021-12-26,160.47083333333333,SK
2021-12-27,149.64916666666667,SK
2021-12-28,140.35583333333332,SK
2021-12-29,155.60333333333332,SK
2021-12-30,116.9625,SK
2021-12-31,84.80869565217391,SK
2022-01-01,82.57833333333333,SK
2022-01-02,56.705000000000005,SK
2022-01-03,89.23708333333333,SK
2022-01-04,153.91666666666666,SK
2022-01-05,122.06875,SK
2022-01-06,194.0975,SK
2022-01-07,168.53833333333333,SK
2022-01-08,177.70166666666668,SK
2022-01-09,147.035,SK
2022-01-10,261.54583333333335,SK
2022-01-11,254.35041666666663,SK
2022-01-12,233.08125,SK
2022-01-13,201.49125,SK
2022-01-14,198.5,SK
2022-01-15,211.96791666666664,SK
2022-01-16,168.75375,SK
2022-01-17,205.32541666666668,SK
2022-01-18,236.79,SK
2022-01-19,223.55416666666667,SK
2022-01-20,190.52875000000003,SK
2022-01-21,197.35708333333332,SK
2022-01-22,177.3575,SK
2022-01-23,194.06166666666664,SK
2022-01-24,245.9375,SK
2022-01-25,297.1041666666667,SK
2022-01-26,291.66041666666666,SK
2022-01-27,240.8825,SK
2022-01-28,235.86625,SK
2022-01-29,216.41791666666663,SK
2022-01-30,148.55958333333334,SK
2022-01-31,210.78708333333336,SK
2022-02-01,203.44541666666663,SK
2022-02-02,215.45291666666665,SK
2022-02-03,199.30416666666667,SK
2022-02-04,206.4104166666667,SK
2022-02-05,188.56625,SK
2022-02-06,94.6375,SK
2022-02-07,189.6025,SK
2022-02-08,156.15291666666667,SK
2022-02-09,180.34916666666663,SK
2022-02-10,196.10833333333335,SK
2022-02-11,191.94416666666663,SK
2022-02-12,146.31208333333333,SK
2022-02-13,96.41,SK
2022-02-14,191.48333333333335,SK
2022-02-15,195.68541666666667,SK
2022-02-16,182.49708333333336,SK
2022-02-17,123.94166666666666,SK
2022-02-18,119.22583333333334,SK
2022-02-19,112.03541666666666,SK
2022-02-20,114.1825,SK
2022-02-21,112.17041666666668,SK
2022-02-22,128.085,SK
2022-02-23,180.0354166666667,SK
2022-02-24,178.48541666666665,SK
2022-02-25,218.1783333333333,SK
2022-02-26,225.43416666666667,SK
2022-02-27,182.99166666666667,SK
2022-02-28,267.97499999999997,SK
2022-03-01,249.6025,SK
2022-03-02,278.7583333333333,SK
2022-03-03,338.19958333333335,SK
2022-03-04,379.05833333333334,SK
2022-03-05,345.32,SK
2022-03-06,340.79791666666665,SK
2022-03-07,436.205,SK
2022-03-08,544.7283333333334,SK
2022-03-09,473.30125,SK
2022-03-10,324.34541666666667,SK
2022-03-11,306.83125,SK
2022-03-12,262.12333333333333,SK
2022-03-13,268.86125,SK
2022-03-14,302.87,SK
2022-03-15,302.28208333333333,SK
2022-03-16,267.90000000000003,SK
2022-03-17,243.6241666666667,SK
2022-03-18,232.04833333333332,SK
2022-03-19,152.69166666666666,SK
2022-03-20,82.47416666666666,SK
2022-03-21,215.08416666666668,SK
2022-03-22,236.49166666666667,SK
2022-03-23,236.55208333333337,SK
2022-03-24,239.36916666666664,SK
2022-03-25,244.52916666666667,SK
2022-03-26,190.24125,SK
2022-03-27,200.59391304347827,SK
2022-03-28,224.62375,SK
2022-03-29,251.28958333333333,SK
2022-03-30,271.02708333333334,SK
2022-03-31,217.72166666666664,SK
2022-04-01,170.10916666666665,SK
2022-04-02,164.77625,SK
2022-04-03,151.4704166666667,SK
2022-04-04,220.44083333333333,SK
2022-04-05,202.47958333333335,SK
2022-04-06,167.30666666666667,SK
2022-04-07,142.7170833333333,SK
2022-04-08,139.97208333333333,SK
2022-04-09,117.11333333333334,SK
2022-04-10,81.72875,SK
2022-04-11,227.59333333333333,SK
2022-04-12,202.25,SK
2022-04-13,224.53583333333333,SK
2022-04-14,227.75250000000003,SK
2022-04-15,192.96416666666667,SK
2022-04-16,159.95791666666665,SK
2022-04-17,104.98583333333332,SK
2022-04-18,120.23125,SK
2022-04-19,231.45333333333335,SK
2022-04-20,240.08791666666664,SK
2022-04-21,209.76833333333332,SK
2022-04-22,203.9283333333333,SK
2022-04-23,137.74208333333334,SK
2022-04-24,114.63083333333331,SK
2022-04-25,223.4645833333333,SK
2022-04-26,240.11458333333337,SK
2022-04-27,223.27583333333337,SK
2022-04-28,230.1520833333333,SK
2022-04-29,228.02458333333337,SK
2022-04-30,201.275,SK
2022-05-01,194.74125,SK
2022-05-02,219.0225,SK
2022-05-03,218.36791666666667,SK
2022-05-04,233.19708333333332,SK
2022-05-05,236.62458333333333,SK
2022-05-06,225.35916666666665,SK
2022-05-07,201.4283333333333,SK
2022-05-08,172.37625,SK
2022-05-09,219.0275,SK
2022-05-10,196.38375,SK
2022-05-11,195.375,SK
2022-05-12,181.87041666666667,SK
2022-05-13,194.19791666666663,SK
2022-05-14,163.1725,SK
2022-05-15,149.025,SK
2022-05-16,221.55916666666667,SK
2022-05-17,234.38333333333333,SK
2022-05-18,206.96541666666667,SK
2022-05-19,210.80916666666667,SK
2022-05-20,209.23458333333335,SK
2022-05-21,112.9925,SK
2022-05-22,166.03208333333333,SK
2022-05-23,197.25708333333333,SK
2022-05-24,200.0633333333333,SK
2022-05-25,193.18041666666667,SK
2022-05-26,189.96583333333336,SK
2022-05-27,180.01250000000002,SK
2022-05-28,113.02958333333332,SK
2022-05-29,156.335,SK
2022-05-30,226.22208333333333,SK
2022-05-31,219.65041666666664,SK
2022-06-01,228.04583333333335,SK
2022-06-02,195.1833333333333,SK
2022-06-03,198.38208333333333,SK
2022-06-04,177.64041666666665,SK
2022-06-05,144.98125000000002,SK
2022-06-06,179.14625,SK
2022-06-07,229.63583333333335,SK
2022-06-08,224.4725,SK
2022-06-09,203.5008333333333,SK
2022-06-10,190.48,SK
2022-06-11,149.46375,SK
2022-06-12,118.18125,SK
2022-06-13,193.27291666666667,SK
2022-06-14,207.23625,SK
2022-06-15,221.23625,SK
2022-06-16,229.71291666666664,SK
2022-06-17,257.615,SK
2022-06-18,198.26666666666665,SK
2022-06-19,165.84333333333333,SK
2022-06-20,283.39166666666665,SK
2022-06-21,298.1175,SK
2022-06-22,327.63208333333336,SK
2022-06-23,304.315,SK
2022-06-24,274.53208333333333,SK
2022-06-25,251.85041666666663,SK
2022-06-26,242.3358333333333,SK
2022-06-27,330.88,SK
2022-06-28,367.0625,SK
2022-06-29,326.6566666666667,SK
2022-06-30,346.8329166666667,SK
2022-07-01,358.24083333333334,SK
2022-07-02,234.97208333333333,SK
2022-07-03,217.2541666666667,SK
2022-07-04,391.35791666666665,SK
2022-07-05,360.82958333333335,SK
2022-07-06,365.3341666666667,SK
2022-07-07,384.82458333333335,SK
2022-07-08,281.64000000000004,SK
2022-07-09,166.23,SK
2022-07-10,104.415,SK
2022-07-11,373.36875,SK
2022-07-12,390.5445833333333,SK
2022-07-13,359.6191666666667,SK
2022-07-14,416.22,SK
2022-07-15,383.2366666666667,SK
2022-07-16,254.27166666666668,SK
2022-07-17,216.37458333333333,SK
2022-07-18,414.31625,SK
2022-07-19,468.7266666666667,SK
2022-07-20,423.6525,SK
2022-07-21,466.13916666666665,SK
2022-07-22,458.1229166666667,SK
2022-07-23,356.40916666666664,SK
2022-07-24,307.54375,SK
2022-07-25,519.73875,SK
2022-07-26,501.3966666666667,SK
2022-07-27,504.23375,SK
2022-07-28,512.2837499999999,SK
2022-07-29,503.1283333333334,SK
2022-07-30,406.9454166666667,SK
2022-07-31,315.76416666666665,SK
2022-08-01,430.13625,SK
2022-08-02,443.63166666666666,SK
2022-08-03,423.8879166666666,SK
2022-08-04,419.1529166666666,SK
2022-08-05,434.9270833333333,SK
2022-08-06,344.2816666666667,SK
2022-08-07,216.28166666666667,SK
2022-08-08,378.0025,SK
2022-08-09,359.78583333333336,SK
2022-08-10,342.9820833333333,SK
2022-08-11,383.96208333333334,SK
2022-08-12,455.5875,SK
2022-08-13,404.115,SK
2022-08-14,363.22375000000005,SK
2022-08-15,427.2466666666666,SK
2022-08-16,479.3304166666667,SK
2022-08-17,553.6258333333334,SK
2022-08-18,563.8308333333333,SK
2022-08-19,517.5508333333333,SK
2022-08-20,468.19958333333335,SK
2022-08-21,395.8304166666667,SK
2022-08-22,563.715,SK
2022-08-23,616.0749999999999,SK
2022-08-24,635.0441666666667,SK
2022-08-25,622.36125,SK
2022-08-26,708.8429166666666,SK
2022-08-27,652.9662500000001,SK
2022-08-28,540.2191666666666,SK
2022-08-29,714.2741666666667,SK
2022-08-30,723.6679166666667,SK
2022-08-31,672.8454166666667,SK
2022-09-01,613.4404166666667,SK
2022-09-02,484.03625000000005,SK
2022-09-03,350.48791666666665,SK
2022-09-04,305.15791666666667,SK
2022-09-05,446.8454166666666,SK
2022-09-06,531.0095833333334,SK
2022-09-07,483.3825,SK
2022-09-08,482.59125,SK
2022-09-09,383.81625,SK
2022-09-10,404.31791666666663,SK
2022-09-11,391.64375,SK
2022-09-12,433.95208333333335,SK
2022-09-13,450.6870833333333,SK
2022-09-14,458.1741666666667,SK
2022-09-15,395.5641666666667,SK
2022-09-16,363.8566666666666,SK
2022-09-17,230.40291666666667,SK
2022-09-18,120.05,SK
2022-09-19,274.84791666666666,SK
2022-09-20,366.4225,SK
2022-09-21,382.09291666666667,SK
2022-09-22,397.35125,SK
2022-09-23,378.795,SK
2022-09-24,357.74458333333337,SK
2022-09-25,278.00666666666666,SK
2022-09-26,341.75291666666664,SK
2022-09-27,332.2966666666667,SK
2022-09-28,387.72625,SK
2022-09-29,423.2316666666666,SK
2022-09-30,373.955,SK
2022-10-01,235.27791666666667,SK
2022-10-02,134.08833333333334,SK
2022-10-03,241.9875,SK
2022-10-04,279.45708333333334,SK
2022-10-05,257.42125,SK
2022-10-06,204.55083333333337,SK
2022-10-07,195.8625,SK
2022-10-08,180.16625,SK
2022-10-09,164.49708333333334,SK
2022-10-10,190.64333333333332,SK
2022-10-11,276.62583333333333,SK
2022-10-12,284.80833333333334,SK
2022-10-13,265.5791666666667,SK
2022-10-14,259.97583333333336,SK
2022-10-15,195.055,SK
2022-10-16,127.48875,SK
2022-10-17,190.52583333333337,SK
2022-10-18,209.40041666666664,SK
2022-10-19,172.93541666666667,SK
2022-10-20,181.98916666666665,SK
2022-10-21,186.59,SK
2022-10-22,150.00708333333333,SK
2022-10-23,101.1875,SK
2022-10-24,188.35416666666663,SK
2022-10-25,149.07375,SK
2022-10-26,151.10833333333332,SK
2022-10-27,165.31541666666666,SK
2022-10-28,136.84083333333334,SK
2022-10-29,103.2075,SK
2022-10-30,116.3404,SK
2022-10-31,144.59291666666667,SK
2022-11-01,128.49375,SK
2022-11-02,144.005,SK
2022-11-03,143.11708333333334,SK
2022-11-04,180.01458333333335,SK
2022-11-05,136.95791666666665,SK
2022-11-06,117.325,SK
2022-11-07,181.93666666666664,SK
2022-11-08,162.51791666666665,SK
2022-11-09,201.54958333333332,SK
2022-11-10,245.27625,SK
2022-11-11,202.59041666666667,SK
2022-11-12,178.64,SK
2022-11-13,163.54791666666668,SK
2022-11-14,205.0845833333333,SK
2022-11-15,246.30416666666667,SK
2022-11-16,253.6341666666667,SK
2022-11-17,216.17083333333335,SK
2022-11-18,230.91375,SK
2022-11-19,208.36083333333332,SK
2022-11-20,208.16708333333335,SK
2022-11-21,250.73208333333332,SK
2022-11-22,217.8625,SK
2022-11-23,232.28166666666667,SK
2022-11-24,259.135,SK
2022-11-25,269.87166666666667,SK
2022-11-26,239.46875,SK
2022-11-27,178.10666666666668,SK
2022-11-28,300.2704166666667,SK
2022-11-29,372.02833333333336,SK
2022-11-30,393.2008333333333,SK
2022-12-01,395.6695833333333,SK
2022-12-02,389.515,SK
2022-12-03,301.17125000000004,SK
2022-12-04,273.7391666666667,SK
2022-12-05,336.22875,SK
2022-12-06,393.4379166666667,SK
2022-12-07,359.78625000000005,SK
2022-12-08,385.64708333333334,SK
2022-12-09,405.0970833333334,SK
2022-12-10,341.7316666666666,SK
2022-12-11,307.55083333333334,SK
2022-12-12,397.2416666666666,SK
2022-12-13,439.43375,SK
2022-12-14,444.1116666666667,SK
2022-12-15,398.02458333333334,SK
2022-12-16,412.59291666666667,SK
2022-12-17,262.95125,SK
2022-12-18,187.3225,SK
2022-12-19,210.30458333333337,SK
2022-12-20,212.78875,SK
2022-12-21,223.62875,SK
2022-12-22,205.06625,SK
2022-12-23,184.97916666666663,SK
2022-12-24,113.10416666666669,SK
2022-12-25,101.71458333333334,SK
2022-12-26,44.93125,SK
2022-12-27,93.88916666666668,SK
2022-12-28,74.90875,SK
2022-12-29,47.611250000000005,SK
2022-12-30,42.235,SK
2022-12-31,14.232608695652177,SK
2023-01-01,17.974999999999998,SK
2023-01-02,124.61333333333332,SK
2023-01-03,147.99916666666667,SK
2023-01-04,181.23416666666665,SK
2023-01-05,142.22833333333332,SK
2023-01-06,125.52083333333331,SK
2023-01-07,134.07833333333335,SK
2023-01-08,97.5325,SK
2023-01-09,139.3475,SK
2023-01-10,144.90125,SK
2023-01-11,139.53375,SK
2023-01-12,169.94791666666666,SK
2023-01-13,150.26541666666665,SK
2023-01-14,120.70625,SK
2023-01-15,99.33416666666666,SK
2023-01-16,131.55041666666668,SK
2023-01-17,139.5091666666667,SK
2023-01-18,141.76458333333332,SK
2023-01-19,152.54333333333332,SK
2023-01-20,174.26791666666668,SK
2023-01-21,130.83208333333334,SK
2023-01-22,141.68458333333334,SK
2023-01-23,204.33916666666667,SK
2023-01-24,204.82458333333332,SK
2023-01-25,183.65541666666664,SK
2023-01-26,169.6075,SK
2023-01-27,169.28,SK
2023-01-28,147.28375,SK
2023-01-29,152.97833333333332,SK
2023-01-30,208.405,SK
2023-01-31,153.15666666666667,SK
2023-02-01,147.97958333333335,SK
2023-02-02,151.99166666666667,SK
2023-02-03,150.47625,SK
2023-02-04,144.865,SK
2023-02-05,129.63958333333332,SK
2023-02-06,172.92166666666665,SK
2023-02-07,176.76833333333332,SK
2023-02-08,162.04333333333332,SK
2023-02-09,151.06958333333333,SK
2023-02-10,162.34041666666667,SK
2023-02-11,142.50958333333332,SK
2023-02-12,139.65166666666667,SK
2023-02-13,166.03083333333333,SK
2023-02-14,159.72416666666666,SK
2023-02-15,165.46916666666667,SK
2023-02-16,169.69458333333333,SK
2023-02-17,173.66958333333332,SK
2023-02-18,113.29708333333332,SK
2023-02-19,114.37166666666668,SK
2023-02-20,116.93958333333336,SK
2023-02-21,121.86458333333331,SK
2023-02-22,150.55583333333334,SK
2023-02-23,149.14083333333335,SK
2023-02-24,136.10666666666663,SK
2023-02-25,88.43958333333335,SK
2023-02-26,109.75541666666668,SK
2023-02-27,151.83083333333337,SK
2023-02-28,151.1475,SK
2023-03-01,152.57083333333333,SK
2023-03-02,156.50125,SK
2023-03-03,145.85166666666666,SK
2023-03-04,118.62291666666664,SK
2023-03-05,123.75375,SK
2023-03-06,152.23749999999998,SK
2023-03-07,131.96125,SK
2023-03-08,139.455,SK
2023-03-09,131.47208333333333,SK
2023-03-10,118.85916666666668,SK
2023-03-11,98.10333333333334,SK
2023-03-12,97.08666666666666,SK
2023-03-13,107.27625,SK
2023-03-14,89.02916666666665,SK
2023-03-15,127.36916666666669,SK
2023-03-16,112.52041666666666,SK
2023-03-17,93.63958333333332,SK
2023-03-18,109.20541666666666,SK
2023-03-19,111.77458333333334,SK
2023-03-20,126.25041666666668,SK
2023-03-21,123.62875,SK
2023-03-22,108.79666666666668,SK
2023-03-23,111.04,SK
2023-03-24,87.17291666666667,SK
2023-03-25,30.51875,SK
2023-03-26,67.04478260869566,SK
2023-03-27,96.09125,SK
2023-03-28,107.3875,SK
2023-03-29,117.27916666666664,SK
2023-03-30,106.06875,SK
2023-03-31,100.4025,SK
2023-04-01,58.44416666666666,SK
2023-04-02,67.765,SK
2023-04-03,111.42666666666666,SK
2023-04-04,129.9325,SK
2023-04-05,142.26166666666666,SK
2023-04-06,127.55958333333332,SK
2023-04-07,119.12708333333336,SK
2023-04-08,118.36083333333332,SK
2023-04-09,105.0475,SK
2023-04-10,70.69291666666666,SK
2023-04-11,94.01208333333334,SK
2023-04-12,113.07125,SK
2023-04-13,125.455,SK
2023-04-14,128.76375,SK
2023-04-15,106.89916666666666,SK
2023-04-16,109.96125,SK
2023-04-17,118.46708333333332,SK
2023-04-18,115.59416666666668,SK
2023-04-19,119.40333333333332,SK
2023-04-20,115.37333333333332,SK
2023-04-21,104.54,SK
2023-04-22,87.11916666666667,SK
2023-04-23,85.02208333333333,SK
2023-04-24,106.08333333333331,SK
2023-04-25,104.75291666666668,SK
2023-04-26,111.39083333333332,SK
2023-04-27,112.58333333333331,SK
2023-04-28,107.37291666666664,SK
2023-04-29,100.65375,SK
2023-04-30,68.91083333333333,SK
2023-05-01,81.99416666666667,SK
2023-05-02,106.365,SK
2023-05-03,105.95166666666668,SK
2023-05-04,104.72791666666666,SK
2023-05-05,97.1525,SK
2023-05-06,89.57791666666667,SK
2023-05-07,70.33666666666666,SK
2023-05-08,98.20583333333332,SK
2023-05-09,99.25708333333334,SK
2023-05-10,115.33208333333332,SK
2023-05-11,120.27333333333333,SK
2023-05-12,105.82541666666668,SK
2023-05-13,79.51333333333334,SK
2023-05-14,71.07708333333333,SK
2023-05-15,120.3,SK
2023-05-16,100.50583333333331,SK
2023-05-17,93.00625,SK
2023-05-18,101.95333333333332,SK
2023-05-19,90.02583333333332,SK
2023-05-20,46.906666666666666,SK
2023-05-21,30.582916666666662,SK
2023-05-22,98.09125,SK
2023-05-23,95.21416666666666,SK
2023-05-24,102.75375,SK
2023-05-25,87.59916666666668,SK
2023-05-26,73.45,SK
2023-05-27,63.1975,SK
2023-05-28,43.32833333333334,SK
2023-05-29,47.39666666666667,SK
2023-05-30,90.17458333333332,SK
2023-05-31,86.28625,SK
2023-06-01,76.31666666666666,SK
2023-06-02,80.07416666666667,SK
2023-06-03,56.759166666666665,SK
2023-06-04,52.43541666666667,SK
2023-06-05,89.78250000000001,SK
2023-06-06,94.83708333333334,SK
2023-06-07,99.50041666666668,SK
2023-06-08,84.22166666666666,SK
2023-06-09,86.58083333333333,SK
2023-06-10,59.330000000000005,SK
2023-06-11,44.02166666666667,SK
2023-06-12,97.10208333333333,SK
2023-06-13,95.26041666666669,SK
2023-06-14,107.11666666666667,SK
2023-06-15,118.405,SK
2023-06-16,127.69541666666667,SK
2023-06-17,104.54583333333332,SK
2023-06-18,92.40958333333332,SK
2023-06-19,118.46958333333332,SK
2023-06-20,122.34083333333332,SK
2023-06-21,124.01291666666668,SK
2023-06-22,126.81916666666666,SK
2023-06-23,116.40583333333332,SK
2023-06-24,81.26125,SK
2023-06-25,74.77958333333333,SK
2023-06-26,113.93291666666666,SK
2023-06-27,106.27083333333331,SK
2023-06-28,112.53541666666666,SK
2023-06-29,118.78666666666668,SK
2023-06-30,115.2975,SK
2023-07-01,75.07875,SK
2023-07-02,23.832083333333333,SK
2023-07-03,96.96458333333334,SK
2023-07-04,107.02875,SK
2023-07-05,105.46458333333334,SK
2023-07-06,107.85041666666666,SK
2023-07-07,102.0525,SK
2023-07-08,82.455,SK
2023-07-09,89.09249999999999,SK
2023-07-10,120.14791666666667,SK
2023-07-11,118.08166666666666,SK
2023-07-12,114.93208333333332,SK
2023-07-13,112.50333333333332,SK
2023-07-14,96.88791666666668,SK
2023-07-15,36.483333333333334,SK
2023-07-16,38.89541666666667,SK
2023-07-17,114.48375,SK
2023-07-18,111.05125,SK
2023-07-19,115.58083333333332,SK
2023-07-20,106.2575,SK
2023-07-21,113.22583333333334,SK
2023-07-22,79.61583333333333,SK
2023-07-23,34.94083333333334,SK
2023-07-24,103.75083333333332,SK
2023-07-25,107.06208333333332,SK
2023-07-26,106.35166666666667,SK
2023-07-27,97.66958333333334,SK
2023-07-28,99.995,SK
2023-07-29,81.33,SK
2023-07-30,50.26541666666666,SK
2023-07-31,75.64874999999999,SK
2023-08-01,90.35875,SK
2023-08-02,68.66333333333334,SK
2023-08-03,43.510416666666664,SK
2023-08-04,102.52958333333332,SK
2023-08-05,89.73291666666667,SK
2023-08-06,49.27916666666667,SK
2023-08-07,45.58083333333334,SK
2023-08-08,23.040833333333335,SK
2023-08-09,89.2475,SK
2023-08-10,89.7075,SK
2023-08-11,81.78208333333333,SK
2023-08-12,61.49458333333333,SK
2023-08-13,56.83083333333334,SK
2023-08-14,91.40375,SK
2023-08-15,80.14916666666666,SK
2023-08-16,110.56083333333332,SK
2023-08-17,110.58625,SK
2023-08-18,108.52333333333333,SK
2023-08-19,85.35291666666667,SK
2023-08-20,90.31125,SK
2023-08-21,121.4025,SK
2023-08-22,127.33458333333334,SK
2023-08-23,152.155,SK
2023-08-24,152.04625,SK
2023-08-25,125.56625,SK
2023-08-26,101.35916666666668,SK
2023-08-27,102.2475,SK
2023-08-28,120.80583333333334,SK
2023-08-29,122.935,SK
2023-08-30,119.07375,SK
2023-08-31,112.57416666666668,SK
2023-09-01,113.54291666666668,SK
2023-09-02,95.71625,SK
2023-09-03,81.87666666666667,SK
2023-09-04,106.57291666666669,SK
2023-09-05,102.99291666666666,SK
2023-09-06,105.34125,SK
2023-09-07,99.85375,SK
2023-09-08,107.26791666666666,SK
2023-09-09,90.97958333333334,SK
2023-09-10,84.19500000000001,SK
2023-09-11,146.17875,SK
2023-09-12,128.98625,SK
2023-09-13,113.685,SK
2023-09-14,120.57333333333334,SK
2023-09-15,109.93916666666668,SK
2023-09-16,93.8425,SK
2023-09-17,86.42458333333333,SK
2023-09-18,95.66458333333333,SK
2023-09-19,85.82249999999999,SK
2023-09-20,101.15791666666668,SK
2023-09-21,104.17458333333332,SK
2023-09-22,104.485,SK
2023-09-23,102.13833333333334,SK
2023-09-24,68.49791666666667,SK
2023-09-25,103.67291666666668,SK
2023-09-26,124.73333333333332,SK
2023-09-27,120.715,SK
2023-09-28,111.29541666666668,SK
2023-09-29,106.08708333333334,SK
2023-09-30,91.28458333333332,SK
2023-10-01,73.76125,SK
2023-10-02,118.36958333333332,SK
2023-10-03,79.34083333333334,SK
2023-10-04,82.40708333333333,SK
2023-10-05,108.27166666666666,SK
2023-10-06,101.52583333333332,SK
2023-10-07,71.26708333333333,SK
2023-10-08,86.13916666666667,SK
2023-10-09,124.20125,SK
2023-10-10,130.62958333333333,SK
2023-10-11,107.85916666666668,SK
2023-10-12,124.52583333333332,SK
2023-10-13,135.02791666666667,SK
2023-10-14,79.52625,SK
2023-10-15,69.96208333333333,SK
2023-10-16,129.28208333333333,SK
2023-10-17,138.24666666666667,SK
2023-10-18,117.01208333333334,SK
2023-10-19,109.31833333333331,SK
2023-10-20,105.26291666666668,SK
2023-10-21,58.89124999999999,SK
2023-10-22,70.20125,SK
2023-10-23,131.16875000000002,SK
2023-10-24,124.68583333333332,SK
2023-10-25,124.56166666666668,SK
2023-10-26,124.56708333333334,SK
2023-10-27,123.83583333333333,SK
2023-10-28,88.88208333333334,SK
2023-10-29,45.251999999999995,SK
2023-10-30,96.24166666666667,SK
2023-10-31,105.94416666666666,SK
2023-11-01,58.26916666666667,SK
2023-11-02,70.30291666666666,SK
2023-11-03,63.826249999999995,SK
2023-11-04,29.791666666666668,SK
2023-11-05,32.169583333333335,SK
2023-11-06,74.49708333333334,SK
2023-11-07,102.62125,SK
2023-11-08,91.59916666666668,SK
2023-11-09,96.42083333333332,SK
2023-11-10,98.05583333333334,SK
2023-11-11,96.76958333333332,SK
2023-11-12,96.60541666666668,SK
2023-11-13,102.34833333333334,SK
2023-11-14,74.64416666666666,SK
2023-11-15,101.18041666666666,SK
2023-11-16,117.47041666666668,SK
2023-11-17,121.0975,SK
2023-11-18,98.07625,SK
2023-11-19,42.89041666666666,SK
2023-11-20,112.59833333333334,SK
2023-11-21,124.06875,SK
2023-11-22,116.64,SK
2023-11-23,108.24375,SK
2023-11-24,98.40375,SK
2023-11-25,93.77541666666669,SK
2023-11-26,100.35708333333334,SK
2023-11-27,120.95125,SK
2023-11-28,124.19,SK
2023-11-29,142.20208333333332,SK
2023-11-30,168.62166666666667,SK
2023-12-01,159.5425,SK
2023-12-02,111.00833333333333,SK
2023-12-03,99.96916666666664,SK
2023-12-04,124.43083333333334,SK
2023-12-05,133.4,SK
2023-12-06,129.67291666666668,SK
2023-12-07,121.03416666666664,SK
2023-12-08,108.96666666666664,SK
2023-12-09,95.24791666666664,SK
2023-12-10,71.64874999999999,SK
2023-12-11,102.04708333333332,SK
2023-12-12,119.40749999999998,SK
2023-12-13,104.98791666666666,SK
2023-12-14,106.94708333333334,SK
2023-12-15,96.68583333333332,SK
2023-12-16,72.33083333333333,SK
2023-12-17,60.19,SK
2023-12-18,83.41583333333334,SK
2023-12-19,74.25666666666667,SK
2023-12-20,71.49666666666667,SK
2023-12-21,74.28875000000001,SK
2023-12-22,29.740416666666665,SK
2023-12-23,31.007916666666663,SK
2023-12-24,20.0175,SK
2023-12-25,1.137916666666667,SK
2023-12-26,19.9275,SK
2023-12-27,59.89041666666666,SK
2023-12-28,33.36625,SK
2023-12-29,15.760833333333332,SK
2023-12-30,35.089999999999996,SK
2023-12-31,23.550434782608693,SK
2024-01-01,19.398333333333333,SK
2024-01-02,59.9075,SK
2024-01-03,54.35375,SK
2024-01-04,82.69041666666666,SK
2024-01-05,97.78958333333333,SK
2024-01-06,88.64416666666666,SK
2024-01-07,86.33833333333332,SK
2024-01-08,101.9975,SK
2024-01-09,109.15666666666668,SK
2024-01-10,112.79333333333334,SK
2024-01-11,109.57666666666668,SK
2024-01-12,107.60416666666669,SK
2024-01-13,84.20375,SK
2024-01-14,77.08458333333333,SK
2024-01-15,89.765,SK
2024-01-16,112.1525,SK
2024-01-17,101.22583333333334,SK
2024-01-18,99.87583333333332,SK
2024-01-19,83.34291666666667,SK
2024-01-20,75.18708333333333,SK
2024-01-21,65.74708333333334,SK
2024-01-22,83.47958333333334,SK
2024-01-23,76.09708333333333,SK
2024-01-24,77.79416666666667,SK
2024-01-25,76.68625,SK
2024-01-26,86.85833333333333,SK
2024-01-27,69.25750000000001,SK
2024-01-28,71.86749999999999,SK
2024-01-29,81.23,SK
2024-01-30,81.46166666666666,SK
2024-01-31,93.70541666666666,SK
2024-02-01,95.18208333333332,SK
2024-02-02,86.34249999999999,SK
2024-02-03,57.78333333333333,SK
2024-02-04,41.48833333333334,SK
2024-02-05,61.74375,SK
2024-02-06,63.809583333333336,SK
2024-02-07,79.07875,SK
2024-02-08,92.75833333333333,SK
2024-02-09,80.45416666666667,SK
2024-02-10,72.00166666666667,SK
2024-02-11,61.973749999999995,SK
2024-02-12,76.69833333333334,SK
2024-02-13,76.81291666666667,SK
2024-02-14,73.76708333333333,SK
2024-02-15,76.44916666666667,SK
2024-02-16,62.288333333333334,SK
2024-02-17,65.85375,SK
2024-02-18,52.88041666666666,SK
2024-02-19,68.54416666666667,SK
2024-02-20,66.06625,SK
2024-02-21,61.310833333333335,SK
2024-02-22,55.0625,SK
2024-02-23,58.759166666666665,SK
2024-02-24,57.21,SK
2024-02-25,60.89125000000001,SK
2024-02-26,67.29916666666666,SK
2024-02-27,75.00916666666667,SK
2024-02-28,77.33041666666666,SK
2024-02-29,69.31708333333333,SK
2024-03-01,70.94208333333333,SK
2024-03-02,64.51541666666667,SK
2024-03-03,60.95333333333334,SK
2024-03-04,74.74875,SK
2024-03-05,76.15208333333334,SK
2024-03-06,82.48291666666667,SK
2024-03-07,79.06583333333333,SK
2024-03-08,75.11458333333333,SK
2024-03-09,51.39458333333334,SK
2024-03-10,37.42125,SK
2024-03-11,71.37458333333333,SK
2024-03-12,85.53166666666668,SK
2024-03-13,77.93375,SK
2024-03-14,72.72125,SK
2024-03-15,59.31708333333333,SK
2024-03-16,54.98833333333334,SK
2024-03-17,60.00458333333333,SK
2024-03-18,83.68958333333333,SK
2024-03-19,83.27916666666667,SK
2024-03-20,86.19166666666666,SK
2024-03-21,79.61375,SK
2024-03-22,68.73416666666667,SK
2024-03-23,44.09291666666667,SK
2024-03-24,32.09583333333333,SK
2024-03-25,86.0,SK
2024-03-26,66.29333333333334,SK
2024-03-27,69.97708333333334,SK
2024-03-28,52.44291666666666,SK
2024-03-29,37.16416666666667,SK
2024-03-30,49.91416666666667,SK
2024-03-31,34.45869565217391,SK
2024-04-01,29.501666666666665,SK
2024-04-02,33.14958333333333,SK
2024-04-03,81.28416666666666,SK
2024-04-04,65.39874999999999,SK
2024-04-05,54.55375,SK
2024-04-06,42.059999999999995,SK
2024-04-07,20.4075,SK
2024-04-08,67.70208333333333,SK
2024-04-09,60.10583333333333,SK
2024-04-10,68.62083333333334,SK
2024-04-11,57.17625,SK
2024-04-12,58.655833333333334,SK
2024-04-13,18.612083333333334,SK
2024-04-14,20.919166666666666,SK
2024-04-15,78.86,SK
2024-04-16,63.54416666666666,SK
2024-04-17,86.805,SK
2024-04-18,94.26,SK
2024-04-19,71.7875,SK
2024-04-20,59.41416666666667,SK
2024-04-21,52.96958333333333,SK
2024-04-22,97.03875,SK
2024-04-23,100.28541666666666,SK
2024-04-24,99.0075,SK
2024-04-25,91.64875,SK
2024-04-26,86.83583333333333,SK
2024-04-27,62.33083333333334,SK
2024-04-28,13.589999999999998,SK
2024-04-29,78.26458333333333,SK
2024-04-30,65.51291666666667,SK
2024-05-01,10.977916666666667,SK
2024-05-02,43.71791666666667,SK
2024-05-03,80.03333333333333,SK
2024-05-04,69.405,SK
2024-05-05,51.740833333333335,SK
2024-05-06,86.23916666666666,SK
2024-05-07,92.19541666666667,SK
2024-05-08,87.78625,SK
2024-05-09,60.75875,SK
2024-05-10,72.05875,SK
2024-05-11,54.32458333333333,SK
2024-05-12,8.294583333333332,SK
2024-05-13,59.67083333333333,SK
2024-05-14,44.6575,SK
2024-05-15,60.43666666666667,SK
2024-05-16,64.72541666666667,SK
2024-05-17,91.025,SK
2024-05-18,59.2175,SK
2024-05-19,51.13375,SK
2024-05-20,69.94458333333334,SK
2024-05-21,86.29916666666666,SK
2024-05-22,88.70791666666666,SK
2024-05-23,91.50875,SK
2024-05-24,99.47083333333336,SK
2024-05-25,71.05375,SK
2024-05-26,61.182916666666664,SK
2024-05-27,102.38625,SK
2024-05-28,96.9075,SK
2024-05-29,92.08375,SK
2024-05-30,96.37333333333332,SK
2024-05-31,92.9625,SK
2024-06-01,66.46583333333334,SK
2024-06-02,32.98375,SK
2024-06-03,120.15125,SK
2024-06-04,112.14833333333333,SK
2024-06-05,107.85791666666668,SK
2024-06-06,98.00416666666666,SK
2024-06-07,95.87041666666666,SK
2024-06-08,58.34583333333333,SK
2024-06-09,27.7775,SK
2024-06-10,96.43583333333332,SK
2024-06-11,82.52374999999999,SK
2024-06-12,94.94,SK
2024-06-13,99.46125,SK
2024-06-14,76.45666666666666,SK
2024-06-15,7.37125,SK
2024-06-16,23.093333333333337,SK
2024-06-17,104.11958333333332,SK
2024-06-18,107.51666666666668,SK
2024-06-19,97.43416666666668,SK
2024-06-20,109.26041666666669,SK
2024-06-21,114.2,SK
2024-06-22,55.17333333333334,SK
2024-06-23,55.09,SK
2024-06-24,107.59291666666668,SK
2024-06-25,168.63041666666666,SK
2024-06-26,117.01833333333332,SK
2024-06-27,119.96708333333332,SK
2024-06-28,100.69958333333334,SK
2024-06-29,75.71458333333334,SK
2024-06-30,46.56333333333333,SK
2024-07-01,131.63958333333332,SK
2024-07-02,89.76625,SK
2024-07-03,94.48916666666668,SK
2024-07-04,63.677083333333336,SK
2024-07-05,33.604166666666664,SK
2024-07-06,31.87625,SK
2024-07-07,40.55708333333333,SK
2024-07-08,123.74041666666666,SK
2024-07-09,107.03125,SK
2024-07-10,128.65833333333333,SK
2024-07-11,160.54583333333332,SK
2024-07-12,149.03625,SK
2024-07-13,74.92666666666666,SK
2024-07-14,46.36833333333333,SK
2024-07-15,141.9425,SK
2024-07-16,133.44166666666666,SK
2024-07-17,153.98208333333335,SK
2024-07-18,142.66708333333335,SK
2024-07-19,133.17916666666667,SK
2024-07-20,99.925,SK
2024-07-21,68.49624999999999,SK
2024-07-22,99.755,SK
2024-07-23,103.34708333333332,SK
2024-07-24,73.37416666666667,SK
2024-07-25,108.47708333333333,SK
2024-07-26,92.31333333333332,SK
2024-07-27,86.84541666666667,SK
2024-07-28,40.04208333333333,SK
2024-07-29,70.77583333333334,SK
2024-07-30,79.31791666666668,SK
2024-07-31,78.80291666666666,SK
2024-08-01,97.42791666666666,SK
2024-08-02,98.49,SK
2024-08-03,69.12375,SK
2024-08-04,53.861250000000005,SK
2024-08-05,116.02416666666666,SK
2024-08-06,88.85333333333334,SK
2024-08-07,105.00625,SK
2024-08-08,101.66458333333333,SK
2024-08-09,74.08875,SK
2024-08-10,53.208333333333336,SK
2024-08-11,52.236250000000005,SK
2024-08-12,98.97416666666668,SK
2024-08-13,114.24833333333332,SK
2024-08-14,117.75458333333334,SK
2024-08-15,106.93,SK
2024-08-16,140.68083333333334,SK
2024-08-17,104.32583333333334,SK
2024-08-18,96.68666666666668,SK
2024-08-19,146.8575,SK
2024-08-20,126.78708333333331,SK
2024-08-21,142.43666666666667,SK
2024-08-22,116.58125,SK
2024-08-23,125.69791666666669,SK
2024-08-24,92.70291666666668,SK
2024-08-25,62.390416666666674,SK
2024-08-26,132.66083333333333,SK
2024-08-27,133.0025,SK
2024-08-28,163.30708333333334,SK
2024-08-29,158.94833333333335,SK
2024-08-30,140.78083333333333,SK
2024-08-31,95.88666666666668,SK
2024-09-01,80.52041666666666,SK
2024-09-02,178.44958333333332,SK
2024-09-03,180.19083333333333,SK
2024-09-04,156.04458333333332,SK
2024-09-05,118.32916666666668,SK
2024-09-06,117.365,SK
2024-09-07,91.54041666666666,SK
2024-09-08,70.03791666666667,SK
2024-09-09,116.01125,SK
2024-09-10,106.09666666666668,SK
2024-09-11,95.04208333333334,SK
2024-09-12,125.82333333333332,SK
2024-09-13,104.06958333333334,SK
2024-09-14,58.501666666666665,SK
2024-09-15,59.99208333333333,SK
2024-09-16,106.09375,SK
2024-09-17,108.4775,SK
2024-09-18,87.25541666666668,SK
2024-09-19,81.96458333333334,SK
2024-09-20,81.55041666666666,SK
2024-09-21,74.67166666666667,SK
2024-09-22,75.37958333333333,SK
2024-09-23,114.58833333333332,SK
2024-09-24,89.14916666666666,SK
2024-09-25,73.3775,SK
2024-09-26,57.49375,SK
2024-09-27,24.11833333333333,SK
2024-09-28,31.907083333333333,SK
2024-09-29,51.75333333333333,SK
2024-09-30,61.47416666666666,SK
2024-10-01,80.52166666666666,SK
2024-10-02,115.59458333333332,SK
2024-10-03,104.07125,SK
2024-10-04,100.89791666666667,SK
2024-10-05,87.31916666666666,SK
2024-10-06,63.217083333333335,SK
2024-10-07,93.75875,SK
2024-10-08,79.20833333333333,SK
2024-10-09,85.21041666666666,SK
2024-10-10,59.27041666666667,SK
2024-10-11,94.99208333333333,SK
2024-10-12,62.20458333333334,SK
2024-10-13,8.274166666666666,SK
2024-10-14,102.35833333333332,SK
2024-10-15,113.06875,SK
2024-10-16,57.556666666666665,SK
2024-10-17,66.66000000000001,SK
2024-10-18,85.60916666666667,SK
2024-10-19,76.24208333333333,SK
2024-10-20,27.17375,SK
2024-10-21,101.08041666666666,SK
2024-10-22,109.31666666666666,SK
2024-10-23,117.89625,SK
2024-10-24,117.06791666666668,SK
2024-10-25,115.26833333333332,SK
2024-10-26,105.0875,SK
2024-10-27,88.85959999999999,SK
2024-10-28,121.31416666666668,SK
2024-10-29,141.80458333333334,SK
2024-10-30,126.36166666666666,SK
2024-10-31,123.30833333333334,SK
2024-11-01,102.53708333333331,SK
2024-11-02,105.88125,SK
2024-11-03,96.01125,SK
2024-11-04,132.63208333333333,SK
2024-11-05,161.18625,SK
2024-11-06,218.3516666666667,SK
2024-11-07,154.59458333333333,SK
2024-11-08,123.26791666666666,SK
2024-11-09,114.45666666666666,SK
2024-11-10,114.14958333333334,SK
2024-11-11,138.63208333333333,SK
2024-11-12,168.54625,SK
2024-11-13,234.89,SK
2024-11-14,173.64958333333334,SK
2024-11-15,162.27166666666668,SK
2024-11-16,168.71333333333334,SK
2024-11-17,137.50583333333333,SK
2024-11-18,143.10416666666666,SK
2024-11-19,141.57083333333333,SK
2024-11-20,126.27,SK
2024-11-21,132.90375,SK
2024-11-22,128.23875,SK
2024-11-23,110.99166666666667,SK
2024-11-24,118.34708333333332,SK
2024-11-25,136.91125,SK
2024-11-26,152.32791666666665,SK
2024-11-27,163.15041666666667,SK
2024-11-28,147.40416666666667,SK
2024-11-29,137.92666666666665,SK
2024-11-30,122.23416666666668,SK
2024-12-01,103.325,SK
2024-12-02,135.28708333333333,SK
2024-12-03,169.78458333333333,SK
2024-12-04,188.22083333333333,SK
2024-12-05,194.68999999999997,SK
2024-12-06,161.6925,SK
2024-12-07,143.31833333333333,SK
2024-12-08,112.73791666666666,SK
2024-12-09,142.30791666666667,SK
2024-12-10,155.68,SK
2024-12-11,261.315,SK
2024-12-12,360.03541666666666,SK
2024-12-13,178.73916666666665,SK
2024-12-14,129.21166666666667,SK
2024-12-15,124.70833333333331,SK
2024-12-16,152.99125,SK
2024-12-17,124.0975,SK
2024-12-18,163.57875,SK
2024-12-19,123.40416666666664,SK
2024-12-20,105.25708333333334,SK
2024-12-21,87.945,SK
2024-12-22,124.01166666666668,SK
2024-12-23,110.18125,SK
2024-12-24,102.48625,SK
2024-12-25,98.75541666666668,SK
2024-12-26,113.00333333333332,SK
2024-12-27,121.82666666666668,SK
2024-12-28,120.00625,SK
2024-12-29,130.05375,SK
2024-12-30,144.0825,SK
2024-12-31,127.94260869565218,SK
2025-01-01,74.14166666666667,SK
2025-01-02,112.85791666666668,SK
2025-01-03,127.71541666666668,SK
2025-01-04,120.30958333333332,SK
2025-01-05,109.64791666666667,SK
2025-01-06,116.805,SK
2025-01-07,120.40458333333332,SK
2025-01-08,119.86291666666666,SK
2025-01-09,125.41041666666666,SK
2025-01-10,117.0975,SK
2025-01-11,101.64708333333334,SK
2025-01-12,110.94875,SK
2025-01-13,137.90375,SK
2025-01-14,151.3454166666667,SK
2025-01-15,228.79833333333332,SK
2025-01-16,157.45624999999998,SK
2025-01-17,147.15875,SK
2025-01-18,137.03791666666666,SK
2025-01-19,134.42958333333334,SK
2025-01-20,233.35625,SK
2025-01-21,234.55083333333337,SK
2025-01-22,199.01958333333337,SK
2025-01-23,176.74791666666667,SK
2025-01-24,166.13291666666666,SK
2025-01-25,118.91208333333331,SK
2025-01-26,114.8275,SK
2025-01-27,130.14416666666668,SK
2025-01-28,122.14708333333331,SK
2025-01-29,126.34666666666668,SK
2025-01-30,132.7525,SK
2025-01-31,142.34708333333333,SK
2025-02-01,135.71125,SK
2025-02-02,137.36791666666667,SK
2025-02-03,154.42458333333337,SK
2025-02-04,145.70083333333335,SK
2025-02-05,143.01166666666666,SK
2025-02-06,155.40166666666667,SK
2025-02-07,147.10958333333335,SK
2025-02-08,115.21791666666668,SK
2025-02-09,133.33291666666668,SK
2025-02-10,162.60208333333335,SK
2025-02-11,171.65041666666664,SK
2025-02-12,170.16375,SK
2025-02-13,205.1483333333333,SK
2025-02-14,179.47833333333332,SK
2025-02-15,137.73916666666668,SK
2025-02-16,143.01791666666665,SK
2025-02-17,162.455,SK
2025-02-18,189.50250000000003,SK
2025-02-19,172.1075,SK
2025-02-20,158.4325,SK
2025-02-21,131.26958333333332,SK
2025-02-22,144.87,SK
2025-02-23,134.49625,SK
2025-02-24,209.44375,SK
2025-02-25,146.95375,SK
2025-02-26,149.70791666666665,SK
2025-02-27,135.22625,SK
2025-02-28,123.16166666666668,SK
2025-03-01,119.50041666666668,SK
2025-03-02,86.06458333333335,SK
2025-03-03,123.955,SK
2025-03-04,135.44458333333333,SK
2025-03-05,116.01166666666666,SK
2025-03-06,100.07416666666666,SK
2025-03-07,110.59083333333332,SK
2025-03-08,89.81124999999999,SK
2025-03-09,78.51083333333334,SK
2025-03-10,112.49333333333334,SK
2025-03-11,125.00958333333334,SK
2025-03-12,124.03458333333332,SK
2025-03-13,125.365,SK
2025-03-14,122.59,SK
2025-03-15,93.59583333333336,SK
2025-03-16,75.13125000000001,SK
2025-03-17,104.84208333333332,SK
2025-03-18,93.00083333333332,SK
2025-03-19,105.75208333333336,SK
2025-03-20,111.49083333333334,SK
2025-03-21,116.12666666666668,SK
2025-03-22,86.38625,SK
2025-03-23,61.76416666666666,SK
2025-03-24,131.35958333333335,SK
2025-03-25,124.82541666666668,SK
2025-03-26,118.15833333333336,SK
2025-03-27,102.11666666666667,SK
2025-03-28,102.375,SK
2025-03-29,103.59291666666668,SK
2025-03-30,22.917391304347827,SK
2025-03-31,114.27958333333332,SK
2025-04-01,102.08208333333334,SK
2025-04-02,86.76416666666667,SK
2025-04-03,85.75916666666666,SK
2025-04-04,96.25,SK
2025-04-05,68.32791666666667,SK
2025-04-06,52.41708333333333,SK
2025-04-07,110.91916666666668,SK
2025-04-08,110.94625,SK
2025-04-09,100.04041666666669,SK
2025-04-10,96.92625,SK
2025-04-11,81.95,SK
2025-04-12,76.87833333333333,SK
2025-04-13,58.2375,SK
2025-04-14,114.59,SK
2025-04-15,106.07916666666668,SK
2025-04-16,82.805,SK
2025-04-17,84.99666666666667,SK
2025-04-18,90.47291666666666,SK
2025-04-19,70.97791666666667,SK
2025-04-20,55.625416666666666,SK
2025-04-21,70.41666666666667,SK
2025-04-22,113.47625,SK
2025-04-23,111.69541666666667,SK
2025-04-24,98.11416666666666,SK
2025-04-25,89.145,SK
2025-04-26,59.46333333333334,SK
2025-04-27,32.38333333333333,SK
2025-04-28,76.49291666666666,SK
2025-04-29,72.40708333333333,SK
2025-04-30,74.74416666666666,SK
2025-05-01,44.97208333333333,SK
2025-05-02,61.06375,SK
2025-05-03,55.89666666666667,SK
2025-05-04,33.75541666666667,SK
2025-05-05,98.59333333333332,SK
2025-05-06,95.27208333333334,SK
2025-05-07,101.79958333333332,SK
2025-05-08,107.53416666666668,SK
2025-05-09,85.88875,SK
2025-05-10,54.87125,SK
2025-05-11,31.496666666666663,SK
2025-05-12,89.61208333333333,SK
2025-05-13,90.32083333333334,SK
2025-05-14,71.86791666666666,SK
2025-05-15,80.51458333333333,SK
2025-05-16,83.00375,SK
2025-05-17,65.66791666666667,SK
2025-05-18,64.5025,SK
2025-05-19,97.84583333333336,SK
2025-05-20,102.62291666666664,SK
2025-05-21,108.60041666666666,SK
2025-05-22,100.82291666666669,SK
2025-05-23,105.33916666666666,SK
2025-05-24,65.57000000000001,SK
2025-05-25,29.0975,SK
2025-05-26,94.835,SK
2025-05-27,81.02166666666666,SK
2025-05-28,93.81291666666664,SK
2025-05-29,70.20375,SK
2025-05-30,55.430416666666666,SK
2025-05-31,71.25875,SK
2025-06-01,44.15375,SK
2025-06-02,104.98958333333331,SK
2025-06-03,88.19041666666668,SK
2025-06-04,80.97166666666666,SK
2025-06-05,91.755,SK
2025-06-06,60.242916666666666,SK
2025-06-07,70.3975,SK
2025-06-08,43.92875,SK
2025-06-09,52.695,SK
2025-06-10,76.75666666666667,SK
2025-06-11,79.31958333333334,SK
2025-06-12,76.35125000000001,SK
2025-06-13,72.38958333333333,SK
2025-06-14,54.1275,SK
2025-06-15,63.38625,SK
2025-06-16,93.41666666666669,SK
2025-06-17,92.05666666666669,SK
2025-06-18,93.16375,SK
2025-06-19,85.23958333333333,SK
2025-06-20,87.76041666666667,SK
2025-06-21,74.62208333333334,SK
2025-06-22,46.611250000000005,SK
2025-06-23,81.24208333333333,SK
2025-06-24,88.91666666666667,SK
2025-06-25,104.97708333333333,SK
2025-06-26,120.31833333333331,SK
2025-06-27,110.90916666666668,SK
2025-06-28,58.13833333333333,SK
2025-06-29,58.97458333333333,SK
2025-06-30,111.60541666666668,SK
2025-07-01,132.93541666666667,SK
2025-07-02,121.66916666666668,SK
2025-07-03,101.92333333333332,SK
2025-07-04,102.3275,SK
2025-07-05,72.16375000000001,SK
2025-07-06,81.83749999999999,SK
2025-07-07,122.19416666666666,SK
2025-07-08,103.04916666666666,SK
2025-07-09,91.32166666666666,SK
2025-07-10,90.75916666666666,SK
2025-07-11,93.28583333333334,SK
2025-07-12,72.69166666666666,SK
2025-07-13,71.465,SK
2025-07-14,110.50791666666667,SK
2025-07-15,100.93333333333334,SK
2025-07-16,106.66208333333331,SK
2025-07-17,102.40500000000002,SK
2025-07-18,104.06208333333336,SK
2025-07-19,77.08,SK
2025-07-20,75.65583333333333,SK
2025-07-21,106.20875,SK
2025-07-22,97.12041666666666,SK
2025-07-23,118.95416666666668,SK
2025-07-24,117.68666666666668,SK
2025-07-25,121.34125,SK
2025-07-26,100.98,SK
2025-07-27,85.22666666666667,SK
2025-07-28,97.89583333333331,SK
2025-07-29,85.48166666666667,SK
2025-07-30,85.11583333333333,SK
2025-07-31,89.79458333333334,SK
2025-08-01,95.5375,SK
2025-08-02,69.64208333333333,SK
2025-08-03,45.06708333333333,SK
2025-08-04,78.25208333333333,SK
2025-08-05,54.79916666666667,SK
2025-08-06,66.94833333333334,SK
2025-08-07,71.32416666666667,SK
2025-08-08,76.55499999999999,SK
2025-08-09,67.21541666666667,SK
2025-08-10,48.736250000000005,SK
2025-08-11,85.18625,SK
2025-08-12,90.12583333333332,SK
2025-08-13,97.55583333333334,SK
2025-08-14,106.56333333333332,SK
2025-08-15,73.60083333333334,SK
2025-08-16,68.63666666666667,SK
2025-08-17,62.79333333333333,SK
2025-08-18,91.77791666666668,SK
2025-08-19,92.07791666666668,SK
2025-08-20,91.02083333333331,SK
2025-08-21,99.29416666666668,SK
2025-08-22,73.28166666666667,SK
2025-08-23,68.73041666666667,SK
2025-08-24,61.673750000000005,SK
2025-08-25,88.2725,SK
2025-08-26,100.93583333333332,SK
2025-08-27,105.52375,SK
2025-08-28,88.42958333333333,SK
2025-08-29,102.14,SK
2025-08-30,73.4825,SK
2025-08-31,57.864583333333336,SK
2025-09-01,101.25458333333334,SK
2025-09-02,115.35708333333334,SK
2025-09-03,88.03125,SK
2025-09-04,96.43,SK
2025-09-05,105.84166666666668,SK
2025-09-06,79.095,SK
2025-09-07,51.02708333333334,SK
2025-09-08,127.00916666666666,SK
2025-09-09,139.445,SK
2025-09-10,124.99291666666666,SK
2025-09-11,97.99208333333333,SK
2025-09-12,91.62166666666668,SK
2025-09-13,71.89166666666667,SK
2025-09-14,71.26625,SK
2025-09-15,62.440416666666664,SK
2025-09-16,88.49833333333333,SK
2025-09-17,81.50916666666667,SK
2025-09-18,81.55833333333334,SK
2025-09-19,96.31,SK
2025-09-20,61.23375000000001,SK
2025-09-21,28.718333333333337,SK
2025-09-22,100.43166666666669,SK
2025-09-23,118.11208333333332,SK
2025-09-24,89.53083333333332,SK
2025-09-25,96.14166666666668,SK
2025-09-26,101.34166666666664,SK
2025-09-27,93.25583333333331,SK
2025-09-28,86.57166666666666,SK
2025-09-29,128.94125,SK
2025-09-30,136.89666666666668,SK
2025-10-01,120.50322916666666,SK
2025-10-02,109.2090625,SK
2025-10-03,91.15208333333334,SK
2025-10-04,36.14541666666667,SK
2025-10-05,28.061875,SK
2025-10-06,90.278125,SK
2025-10-07,138.27739583333332,SK
2025-10-08,117.06729166666668,SK
2025-10-09,105.97625,SK
2025-10-10,90.93177083333336,SK
2025-10-11,91.66895833333332,SK
2025-10-12,87.06093750000001,SK
2025-10-13,127.63510416666666,SK
2025-10-14,151.01572916666666,SK
2025-10-15,136.14447916666666,SK
2025-10-16,102.208125,SK
2025-10-17,108.98072916666666,SK
2025-10-18,92.00375,SK
2025-10-19,83.4615625,SK
2025-10-20,78.34208333333333,SK
2025-10-21,97.97875,SK
2025-10-22,131.79906250000002,SK
2025-10-23,102.45145833333332,SK
2025-10-24,90.65822916666669,SK
2025-10-25,49.365312499999995,SK
2025-10-26,54.413599999999995,SK
2025-10-27,89.70291666666667,SK
2025-10-28,78.33770833333334,SK
2025-10-29,99.60385416666666,SK
2025-10-30,104.54989583333334,SK
2025-10-31,107.87010416666668,SK
2025-11-01,68.50052083333334,SK
2025-11-02,94.44822916666668,SK
2025-11-03,104.72104166666666,SK
2025-11-04,105.29145833333332,SK
2025-11-05,105.58822916666666,SK
2025-11-06,103.55114583333334,SK
2025-11-07,117.03385416666669,SK
2025-11-08,112.73083333333334,SK
2025-11-09,105.56854166666666,SK
2025-11-10,127.26291666666668,SK
2025-11-11,106.95364583333333,SK
2025-11-12,115.38052083333334,SK
2025-11-13,144.2246875,SK
2025-11-14,119.97510416666668,SK
2025-11-15,115.81489583333332,SK
2025-11-16,108.66166666666668,SK
2025-11-17,107.62145833333334,SK
2025-11-18,108.54739583333333,SK
2025-11-19,119.30552083333332,SK
2025-11-20,134.13354166666667,SK
2025-11-21,147.35072916666667,SK
2025-11-22,110.1228125,SK
2025-11-23,100.873125,SK
2025-11-24,162.93260416666666,SK
2025-11-25,235.54666666666665,SK
2025-11-26,161.00916666666666,SK
2025-11-27,118.69864583333332,SK
2025-11-28,118.9709375,SK
2025-11-29,111.68958333333336,SK
2025-11-30,101.8709375,SK
2025-12-01,159.49177083333333,SK
2025-12-02,148.2496875,SK
2025-12-03,165.62395833333332,SK
2025-12-04,132.80739583333337,SK
2025-12-05,133.010625,SK
2025-12-06,101.95270833333332,SK
2025-12-07,94.0275,SK
2025-12-08,105.2815625,SK
2025-12-09,111.3021875,SK
2025-12-10,101.09697916666666,SK
2025-12-11,106.1953125,SK
2025-12-12,118.53770833333334,SK
2025-12-13,105.28333333333336,SK
2025-12-14,97.81447916666669,SK
2025-12-15,112.18052083333332,SK
2025-12-16,125.67697916666668,SK
2025-12-17,122.70291666666668,SK
2025-12-18,116.12729166666666,SK
2025-12-19,102.98895833333334,SK
2025-12-20,109.46375,SK
2025-12-21,104.65083333333332,SK
2025-12-22,108.96322916666666,SK
2025-12-23,98.14020833333332,SK
2025-12-24,85.1228125,SK
2025-12-25,84.5115625,SK
2025-12-26,98.12208333333332,SK
2025-12-27,94.62072916666666,SK
2025-12-28,94.34104166666668,SK
2025-12-29,95.58260416666668,SK
2025-12-30,89.34822916666667,SK
2025-12-31,95.53231578947369,SK
2026-01-01,64.19989583333333,SK
2026-01-02,86.5278125,SK
2026-01-03,92.32010416666668,SK
2026-01-04,95.27895833333334,SK
2026-01-05,139.18145833333332,SK
2026-01-06,128.44875,SK
2026-01-07,146.62239583333334,SK
2026-01-08,171.38250000000002,SK
2026-01-09,137.92458333333337,SK
2026-01-10,124.6896875,SK
2026-01-11,99.02625,SK
2026-01-12,205.93864583333337,SK
2026-01-13,231.0434375,SK
2026-01-14,168.52020833333333,SK
2026-01-15,166.2378125,SK
2026-01-16,147.43354166666668,SK
2026-01-17,117.7775,SK
2026-01-18,110.40072916666666,SK
2026-01-19,146.66354166666667,SK
2026-01-20,165.05625,SK
2026-01-21,160.40177083333333,SK
2026-01-22,162.13802083333334,SK
2026-01-23,198.804375,SK
2026-01-24,128.388125,SK
2026-01-25,117.02739583333332,SK
2026-01-26,162.2175,SK
2026-01-27,185.0666666666667,SK
2026-01-28,163.81458333333333,SK
2026-01-29,144.27708333333334,SK
2026-01-30,135.24302083333333,SK
2026-01-31,115.95833333333331,SK
2026-02-01,110.44072916666666,SK
2026-02-02,134.51375,SK
2026-02-03,126.93260416666668,SK
2026-02-04,132.36979166666666,SK
2026-02-05,124.085,SK
2026-02-06,135.72541666666666,SK
2026-02-07,112.40822916666669,SK
2026-02-08,107.6221875,SK
2026-02-09,142.38927083333334,SK
2026-02-10,132.8825,SK
2026-02-11,122.72395833333331,SK
2026-02-12,117.71302083333336,SK
2026-02-13,111.7221875,SK
2026-02-14,112.259375,SK
2026-02-15,101.89677083333332,SK
2026-02-16,113.95739583333334,SK
2026-02-17,117.92739583333334,SK
2026-02-18,127.61322916666668,SK
2026-02-19,121.65,SK
2026-02-20,106.63375,SK
2026-02-21,80.39218749999999,SK
2026-02-22,71.11833333333333,SK
2026-02-23,86.3590625,SK
2026-02-24,114.8959375,SK
2026-02-25,106.42291666666668,SK
2026-02-26,82.4896875,SK
2026-02-27,75.24729166666667,SK
2026-02-28,59.015208333333334,SK
2026-03-01,60.48979166666666,SK
2026-03-02,108.50333333333332,SK
2026-03-03,106.45125,SK
2026-03-04,143.6028125,SK
2026-03-05,116.93739583333333,SK
2026-03-06,112.75333333333332,SK
2026-03-07,103.53604166666666,SK
2026-03-08,96.59895833333331,SK
2026-03-09,124.906875,SK
2026-03-10,131.95958333333334,SK
2026-03-11,102.24135416666668,SK
2026-03-12,123.60729166666664,SK
2026-03-13,101.21833333333336,SK
2026-03-14,86.17031250000001,SK
2026-03-15,97.25322916666666,SK
2026-03-16,105.35958333333332,SK
2026-03-17,132.33177083333334,SK
2026-03-18,100.33260416666668,SK
2026-03-19,119.57937499999998,SK
2026-03-20,152.32520833333334,SK
2026-03-21,127.57072916666664,SK
2026-03-22,93.43572916666666,SK
2026-03-23,156.21166666666667,SK
2026-03-24,116.34864583333332,SK
2026-03-25,104.21927083333333,SK
2026-03-26,120.73,SK
2026-03-27,129.38677083333332,SK
2026-03-28,83.06489583333332,SK
2026-03-29,87.02684782608696,SK
2026-03-30,135.99875,SK
2026-03-31,144.05708333333334,SK
2026-04-01,147.386875,SK
2026-04-02,124.85958333333332,SK
2026-04-03,93.99458333333332,SK
2026-04-04,59.095625000000005,SK
2026-04-05,9.717395833333333,SK
2026-04-06,8.5728125,SK
2026-04-07,90.059375,SK
2026-04-08,91.26302083333331,SK
2026-04-09,89.60239583333333,SK
2026-04-10,133.38302083333335,SK
2026-04-11,81.5575,SK
2026-04-12,86.40760416666667,SK
2026-04-13,100.68197916666666,SK
2026-04-14,141.80666666666667,SK
2026-04-15,125.37385416666666,SK
2026-04-16,110.42552083333334,SK
2026-04-17,98.58895833333334,SK
2026-04-18,79.41666666666667,SK
2026-04-19,75.36572916666667,SK
2026-04-20,96.836875,SK
2026-04-21,98.08125,SK
2026-04-22,81.2521875,SK
2026-04-23,66.76729166666667,SK
2026-04-24,73.28052083333334,SK
2026-04-25,13.1978125,SK
2026-04-26,-9.77875,SK
2026-04-27,94.4559375,SK
2026-04-28,86.37270833333334,SK
2026-04-29,77.27541666666666,SK
2026-04-30,77.44229166666666,SK
2026-05-01,-5.653645833333333,SK
2026-05-02,57.95885416666667,SK
2026-05-03,70.28864583333333,SK
2026-05-04,111.95885416666664,SK
2026-05-05,115.82927083333334,SK
2026-05-06,110.52,SK
2026-05-07,137.13135416666668,SK
2026-05-08,110.07145833333334,SK
2026-05-09,89.52385416666668,SK
2026-05-10,80.923125,SK
2026-05-11,121.9725,SK
2026-05-12,91.4259375,SK
2026-05-13,112.1278125,SK
2026-05-14,101.03260416666666,SK
2026-05-15,117.369375,SK
2026-05-16,82.5425,SK
2026-05-17,83.79062499999999,SK
2026-05-18,140.651875,SK
2026-05-19,133.09510416666666,SK
2026-05-20,107.5721875,SK
2026-05-21,106.5115625,SK
2026-05-22,107.99333333333334,SK
2026-05-23,81.92572916666667,SK
2026-05-24,67.03093750000001,SK
2026-05-25,140.37,SK
2021-01-01,46.59125,HR
2021-01-02,33.854166666666664,HR
2021-01-03,40.925,HR
2021-01-04,50.57,HR
2021-01-05,57.29458333333333,HR
2021-01-06,47.40708333333333,HR
2021-01-07,72.19041666666666,HR
2021-01-08,77.9225,HR
2021-01-09,52.29791666666667,HR
2021-01-10,53.3775,HR
2021-01-11,52.9,HR
2021-01-12,65.13208333333334,HR
2021-01-13,66.95083333333334,HR
2021-01-14,-32.04583333333333,HR
2021-01-15,72.67083333333333,HR
2021-01-16,56.26166666666666,HR
2021-01-17,54.85041666666667,HR
2021-01-18,70.98833333333333,HR
2021-01-19,71.38583333333334,HR
2021-01-20,62.56458333333333,HR
2021-01-21,60.196666666666665,HR
2021-01-22,51.43083333333333,HR
2021-01-23,51.739583333333336,HR
2021-01-24,46.93875,HR
2021-01-25,61.0825,HR
2021-01-26,62.005,HR
2021-01-27,58.23291666666666,HR
2021-01-28,56.709583333333335,HR
2021-01-29,51.9075,HR
2021-01-30,48.220416666666665,HR
2021-01-31,47.93416666666667,HR
2021-02-01,57.31583333333333,HR
2021-02-02,57.25375,HR
2021-02-03,44.22625,HR
2021-02-04,52.1475,HR
2021-02-05,51.42458333333334,HR
2021-02-06,38.127500000000005,HR
2021-02-07,23.272916666666664,HR
2021-02-08,45.13291666666667,HR
2021-02-09,63.51166666666666,HR
2021-02-10,72.27,HR
2021-02-11,71.29208333333334,HR
2021-02-12,55.92041666666666,HR
2021-02-13,53.5025,HR
2021-02-14,46.25541666666667,HR
2021-02-15,54.26,HR
2021-02-16,59.38999999999999,HR
2021-02-17,54.40125,HR
2021-02-18,56.94416666666667,HR
2021-02-19,51.05916666666667,HR
2021-02-20,38.695,HR
2021-02-21,32.815,HR
2021-02-22,52.98500000000001,HR
2021-02-23,46.32750000000001,HR
2021-02-24,50.14791666666667,HR
2021-02-25,46.537083333333335,HR
2021-02-26,49.1975,HR
2021-02-27,47.60041666666667,HR
2021-02-28,38.485416666666666,HR
2021-03-01,50.73,HR
2021-03-02,55.250416666666666,HR
2021-03-03,58.0375,HR
2021-03-04,55.52041666666667,HR
2021-03-05,53.975833333333334,HR
2021-03-06,44.587916666666665,HR
2021-03-07,50.89458333333334,HR
2021-03-08,62.843333333333334,HR
2021-03-09,63.00375,HR
2021-03-10,56.29583333333333,HR
2021-03-11,61.30875,HR
2021-03-12,59.530833333333334,HR
2021-03-13,55.958333333333336,HR
2021-03-14,43.83416666666667,HR
2021-03-15,52.97416666666667,HR
2021-03-16,59.1625,HR
2021-03-17,58.37125,HR
2021-03-18,68.06833333333334,HR
2021-03-19,62.82916666666667,HR
2021-03-20,51.36875,HR
2021-03-21,37.965,HR
2021-03-22,60.5625,HR
2021-03-23,63.31375,HR
2021-03-24,59.7075,HR
2021-03-25,64.38083333333334,HR
2021-03-26,60.544999999999995,HR
2021-03-27,47.65625,HR
2021-03-28,44.5304347826087,HR
2021-03-29,53.26458333333333,HR
2021-03-30,58.14083333333334,HR
2021-03-31,58.974583333333335,HR
2021-04-01,58.75666666666667,HR
2021-04-02,52.56666666666666,HR
2021-04-03,39.294999999999995,HR
2021-04-04,28.095,HR
2021-04-05,36.39458333333334,HR
2021-04-06,57.052083333333336,HR
2021-04-07,67.1225,HR
2021-04-08,70.60916666666667,HR
2021-04-09,67.36749999999999,HR
2021-04-10,59.169999999999995,HR
2021-04-11,51.01291666666666,HR
2021-04-12,70.67833333333333,HR
2021-04-13,74.3425,HR
2021-04-14,76.57583333333334,HR
2021-04-15,75.68041666666666,HR
2021-04-16,73.27333333333333,HR
2021-04-17,63.2275,HR
2021-04-18,66.77041666666666,HR
2021-04-19,83.37583333333333,HR
2021-04-20,81.95458333333333,HR
2021-04-21,79.33291666666666,HR
2021-04-22,72.67791666666666,HR
2021-04-23,69.43083333333333,HR
2021-04-24,60.7,HR
2021-04-25,49.20541666666667,HR
2021-04-26,69.665,HR
2021-04-27,69.73875,HR
2021-04-28,70.10583333333334,HR
2021-04-29,69.92083333333333,HR
2021-04-30,69.90583333333333,HR
2021-05-01,56.69291666666667,HR
2021-05-02,43.70041666666666,HR
2021-05-03,63.64791666666667,HR
2021-05-04,57.07583333333333,HR
2021-05-05,59.821666666666665,HR
2021-05-06,65.59375,HR
2021-05-07,71.58166666666666,HR
2021-05-08,49.77,HR
2021-05-09,7.341666666666666,HR
2021-05-10,58.093333333333334,HR
2021-05-11,72.52,HR
2021-05-12,68.75458333333334,HR
2021-05-13,72.34375,HR
2021-05-14,73.63833333333334,HR
2021-05-15,60.39958333333333,HR
2021-05-16,40.73791666666667,HR
2021-05-17,71.62833333333333,HR
2021-05-18,74.97791666666667,HR
2021-05-19,77.115,HR
2021-05-20,70.60458333333334,HR
2021-05-21,61.132083333333334,HR
2021-05-22,58.55625,HR
2021-05-23,21.437916666666663,HR
2021-05-24,59.66833333333333,HR
2021-05-25,63.09291666666667,HR
2021-05-26,66.63041666666668,HR
2021-05-27,74.74249999999999,HR
2021-05-28,74.61166666666666,HR
2021-05-29,56.48791666666667,HR
2021-05-30,37.04416666666666,HR
2021-05-31,67.35041666666667,HR
2021-06-01,68.2175,HR
2021-06-02,65.97916666666667,HR
2021-06-03,63.12625,HR
2021-06-04,71.79666666666667,HR
2021-06-05,62.71083333333333,HR
2021-06-06,59.09458333333333,HR
2021-06-07,77.49291666666666,HR
2021-06-08,77.85708333333334,HR
2021-06-09,75.83166666666666,HR
2021-06-10,82.13083333333333,HR
2021-06-11,80.40208333333332,HR
2021-06-12,57.30875,HR
2021-06-13,20.478333333333335,HR
2021-06-14,74.96625,HR
2021-06-15,83.05375,HR
2021-06-16,85.105,HR
2021-06-17,83.38375,HR
2021-06-18,81.66375000000001,HR
2021-06-19,73.4325,HR
2021-06-20,67.06541666666666,HR
2021-06-21,81.84291666666667,HR
2021-06-22,86.84416666666668,HR
2021-06-23,101.7725,HR
2021-06-24,108.48041666666668,HR
2021-06-25,95.1375,HR
2021-06-26,82.16833333333334,HR
2021-06-27,74.86291666666666,HR
2021-06-28,97.13791666666668,HR
2021-06-29,111.23458333333332,HR
2021-06-30,101.2275,HR
2021-07-01,96.47041666666668,HR
2021-07-02,102.49625,HR
2021-07-03,90.50875,HR
2021-07-04,82.63958333333333,HR
2021-07-05,94.01083333333334,HR
2021-07-06,88.45708333333333,HR
2021-07-07,107.23541666666668,HR
2021-07-08,110.25375,HR
2021-07-09,93.51791666666666,HR
2021-07-10,81.29541666666667,HR
2021-07-11,78.25916666666667,HR
2021-07-12,98.58541666666667,HR
2021-07-13,100.92166666666668,HR
2021-07-14,95.72708333333333,HR
2021-07-15,95.02125,HR
2021-07-16,95.50291666666668,HR
2021-07-17,79.92999999999999,HR
2021-07-18,56.97291666666666,HR
2021-07-19,94.20833333333331,HR
2021-07-20,104.38041666666668,HR
2021-07-21,95.27291666666667,HR
2021-07-22,90.64083333333332,HR
2021-07-23,92.14666666666666,HR
2021-07-24,85.12875,HR
2021-07-25,67.44041666666666,HR
2021-07-26,99.97583333333334,HR
2021-07-27,109.84333333333332,HR
2021-07-28,113.68041666666666,HR
2021-07-29,112.13041666666668,HR
2021-07-30,107.5425,HR
2021-07-31,86.81583333333333,HR
2021-08-01,57.78875,HR
2021-08-02,80.49708333333334,HR
2021-08-03,97.6525,HR
2021-08-04,101.70416666666668,HR
2021-08-05,101.04833333333332,HR
2021-08-06,118.4925,HR
2021-08-07,94.98625,HR
2021-08-08,103.50708333333334,HR
2021-08-09,125.84791666666666,HR
2021-08-10,122.0075,HR
2021-08-11,142.66375,HR
2021-08-12,130.54208333333332,HR
2021-08-13,113.32958333333332,HR
2021-08-14,106.88916666666668,HR
2021-08-15,100.00958333333334,HR
2021-08-16,112.35083333333334,HR
2021-08-17,107.58708333333334,HR
2021-08-18,97.09291666666668,HR
2021-08-19,99.79666666666668,HR
2021-08-20,105.27375,HR
2021-08-21,96.17166666666668,HR
2021-08-22,92.69125,HR
2021-08-23,104.70583333333332,HR
2021-08-24,109.99458333333332,HR
2021-08-25,103.12208333333332,HR
2021-08-26,124.24041666666666,HR
2021-08-27,108.275,HR
2021-08-28,89.77875,HR
2021-08-29,82.17041666666667,HR
2021-08-30,118.41791666666666,HR
2021-08-31,122.32666666666668,HR
2021-09-01,115.44208333333334,HR
2021-09-02,117.90833333333336,HR
2021-09-03,124.06541666666668,HR
2021-09-04,107.1925,HR
2021-09-05,97.69666666666669,HR
2021-09-06,130.51916666666668,HR
2021-09-07,132.04875,HR
2021-09-08,125.21541666666668,HR
2021-09-09,133.60041666666666,HR
2021-09-10,138.4575,HR
2021-09-11,130.08875,HR
2021-09-12,107.26,HR
2021-09-13,144.58124999999998,HR
2021-09-14,147.55458333333334,HR
2021-09-15,168.93,HR
2021-09-16,166.76250000000002,HR
2021-09-17,157.40833333333333,HR
2021-09-18,140.98208333333335,HR
2021-09-19,108.01291666666668,HR
2021-09-20,151.52916666666667,HR
2021-09-21,149.84375,HR
2021-09-22,163.94125,HR
2021-09-23,152.12958333333333,HR
2021-09-24,132.86458333333334,HR
2021-09-25,148.80875,HR
2021-09-26,125.71750000000002,HR
2021-09-27,165.16583333333332,HR
2021-09-28,159.51375,HR
2021-09-29,154.82291666666666,HR
2021-09-30,159.02625,HR
2021-10-01,159.65541666666667,HR
2021-10-02,159.1025,HR
2021-10-03,189.12166666666667,HR
2021-10-04,176.37208333333334,HR
2021-10-05,180.63166666666663,HR
2021-10-06,185.15374999999997,HR
2021-10-07,306.9925,HR
2021-10-08,203.89291666666668,HR
2021-10-09,165.34875,HR
2021-10-10,159.1,HR
2021-10-11,206.13583333333335,HR
2021-10-12,195.55,HR
2021-10-13,205.87541666666667,HR
2021-10-14,220.04625,HR
2021-10-15,182.415,HR
2021-10-16,210.33291666666665,HR
2021-10-17,184.0220833333333,HR
2021-10-18,247.0716666666667,HR
2021-10-19,252.33333333333337,HR
2021-10-20,234.51166666666663,HR
2021-10-21,221.70625,HR
2021-10-22,233.10833333333335,HR
2021-10-23,214.41208333333336,HR
2021-10-24,166.87416666666667,HR
2021-10-25,202.47875,HR
2021-10-26,236.0533333333333,HR
2021-10-27,222.26041666666663,HR
2021-10-28,211.5625,HR
2021-10-29,204.79541666666668,HR
2021-10-30,157.4045833333333,HR
2021-10-31,184.5136,HR
2021-11-01,161.3108333333333,HR
2021-11-02,204.2770833333333,HR
2021-11-03,196.32541666666663,HR
2021-11-04,181.3575,HR
2021-11-05,188.25833333333333,HR
2021-11-06,154.56333333333333,HR
2021-11-07,158.0,HR
2021-11-08,202.86,HR
2021-11-09,196.47833333333332,HR
2021-11-10,214.66916666666668,HR
2021-11-11,199.01,HR
2021-11-12,204.3475,HR
2021-11-13,182.91833333333332,HR
2021-11-14,179.93041666666667,HR
2021-11-15,227.98291666666668,HR
2021-11-16,238.885,HR
2021-11-17,242.54916666666668,HR
2021-11-18,246.855,HR
2021-11-19,240.9675,HR
2021-11-20,211.4983333333333,HR
2021-11-21,208.56916666666663,HR
2021-11-22,259.37166666666667,HR
2021-11-23,266.94083333333333,HR
2021-11-24,288.305,HR
2021-11-25,284.58458333333334,HR
2021-11-26,236.51625,HR
2021-11-27,211.35666666666668,HR
2021-11-28,201.95916666666668,HR
2021-11-29,273.92291666666665,HR
2021-11-30,215.09,HR
2021-12-01,243.9391666666667,HR
2021-12-02,257.1770833333333,HR
2021-12-03,232.53875,HR
2021-12-04,207.9779166666667,HR
2021-12-05,200.87833333333333,HR
2021-12-06,255.4729166666667,HR
2021-12-07,243.36791666666667,HR
2021-12-08,221.44000000000003,HR
2021-12-09,281.8325,HR
2021-12-10,244.24791666666667,HR
2021-12-11,239.8575,HR
2021-12-12,203.98958333333337,HR
2021-12-13,285.92375,HR
2021-12-14,311.6195833333333,HR
2021-12-15,314.86875000000003,HR
2021-12-16,347.50375,HR
2021-12-17,339.29875,HR
2021-12-18,278.84166666666664,HR
2021-12-19,225.82,HR
2021-12-20,344.6041666666667,HR
2021-12-21,417.18625,HR
2021-12-22,427.08625,HR
2021-12-23,351.48375000000004,HR
2021-12-24,230.00958333333335,HR
2021-12-25,202.08791666666664,HR
2021-12-26,175.66875000000002,HR
2021-12-27,153.1875,HR
2021-12-28,167.57083333333333,HR
2021-12-29,169.86666666666667,HR
2021-12-30,118.43291666666666,HR
2021-12-31,113.8808695652174,HR
2022-01-01,84.08125,HR
2022-01-02,55.82916666666667,HR
2022-01-03,164.62541666666667,HR
2022-01-04,154.56041666666667,HR
2022-01-05,133.41875000000002,HR
2022-01-06,201.6175,HR
2022-01-07,183.5666666666667,HR
2022-01-08,182.85833333333335,HR
2022-01-09,188.2804166666667,HR
2022-01-10,261.2604166666667,HR
2022-01-11,254.5270833333333,HR
2022-01-12,234.23708333333337,HR
2022-01-13,207.3708333333333,HR
2022-01-14,216.22125000000003,HR
2022-01-15,216.9775,HR
2022-01-16,206.58916666666667,HR
2022-01-17,209.0920833333333,HR
2022-01-18,238.055,HR
2022-01-19,233.3975,HR
2022-01-20,211.16333333333333,HR
2022-01-21,209.43416666666667,HR
2022-01-22,197.42291666666665,HR
2022-01-23,194.40958333333333,HR
2022-01-24,246.1866666666667,HR
2022-01-25,296.85166666666663,HR
2022-01-26,262.6308333333333,HR
2022-01-27,264.98375,HR
2022-01-28,242.78375000000003,HR
2022-01-29,221.34916666666663,HR
2022-01-30,218.71666666666667,HR
2022-01-31,216.375,HR
2022-02-01,241.3875,HR
2022-02-02,210.4670833333333,HR
2022-02-03,208.06291666666667,HR
2022-02-04,240.52916666666667,HR
2022-02-05,217.07333333333335,HR
2022-02-06,204.48666666666668,HR
2022-02-07,193.75333333333333,HR
2022-02-08,160.9125,HR
2022-02-09,215.69541666666663,HR
2022-02-10,211.51833333333332,HR
2022-02-11,220.53166666666667,HR
2022-02-12,181.38,HR
2022-02-13,188.20416666666665,HR
2022-02-14,208.26458333333335,HR
2022-02-15,211.0325,HR
2022-02-16,214.5354166666667,HR
2022-02-17,153.09083333333334,HR
2022-02-18,164.55833333333334,HR
2022-02-19,129.41666666666666,HR
2022-02-20,114.46541666666668,HR
2022-02-21,179.87791666666666,HR
2022-02-22,148.99416666666667,HR
2022-02-23,162.18041666666667,HR
2022-02-24,157.35375000000002,HR
2022-02-25,267.52708333333334,HR
2022-02-26,229.23916666666665,HR
2022-02-27,191.58375,HR
2022-02-28,245.03833333333333,HR
2022-03-01,264.89416666666665,HR
2022-03-02,278.86833333333334,HR
2022-03-03,362.8670833333333,HR
2022-03-04,375.27416666666664,HR
2022-03-05,360.1525,HR
2022-03-06,370.6779166666667,HR
2022-03-07,427.14208333333335,HR
2022-03-08,561.9620833333333,HR
2022-03-09,474.0333333333333,HR
2022-03-10,385.85583333333335,HR
2022-03-11,319.31916666666666,HR
2022-03-12,278.7233333333333,HR
2022-03-13,284.59875,HR
2022-03-14,316.0466666666667,HR
2022-03-15,303.6720833333333,HR
2022-03-16,280.69,HR
2022-03-17,249.8708333333333,HR
2022-03-18,236.1775,HR
2022-03-19,201.15041666666664,HR
2022-03-20,164.22666666666666,HR
2022-03-21,228.19416666666663,HR
2022-03-22,238.00291666666664,HR
2022-03-23,238.3841666666667,HR
2022-03-24,241.77291666666667,HR
2022-03-25,254.6525,HR
2022-03-26,217.76291666666668,HR
2022-03-27,202.04304347826087,HR
2022-03-28,230.7675,HR
2022-03-29,253.22875,HR
2022-03-30,275.6333333333333,HR
2022-03-31,227.5716666666667,HR
2022-04-01,190.465,HR
2022-04-02,195.845,HR
2022-04-03,194.00333333333333,HR
2022-04-04,217.94208333333333,HR
2022-04-05,220.16125,HR
2022-04-06,180.07083333333333,HR
2022-04-07,159.8733333333333,HR
2022-04-08,211.88791666666668,HR
2022-04-09,118.13083333333331,HR
2022-04-10,94.53125,HR
2022-04-11,225.30291666666665,HR
2022-04-12,226.13291666666663,HR
2022-04-13,227.32708333333335,HR
2022-04-14,231.03708333333336,HR
2022-04-15,194.01875,HR
2022-04-16,149.81958333333333,HR
2022-04-17,109.49166666666667,HR
2022-04-18,120.80541666666666,HR
2022-04-19,228.57416666666663,HR
2022-04-20,226.0716666666667,HR
2022-04-21,213.65916666666664,HR
2022-04-22,203.59875,HR
2022-04-23,152.1579166666667,HR
2022-04-24,125.42083333333332,HR
2022-04-25,223.38458333333332,HR
2022-04-26,246.5666666666667,HR
2022-04-27,225.56458333333333,HR
2022-04-28,230.16375,HR
2022-04-29,228.05541666666667,HR
2022-04-30,204.985,HR
2022-05-01,195.07291666666663,HR
2022-05-02,219.05291666666668,HR
2022-05-03,224.28583333333333,HR
2022-05-04,232.18041666666667,HR
2022-05-05,235.38791666666668,HR
2022-05-06,229.65583333333333,HR
2022-05-07,205.47958333333335,HR
2022-05-08,176.72333333333333,HR
2022-05-09,224.45833333333337,HR
2022-05-10,228.1891666666667,HR
2022-05-11,205.43166666666664,HR
2022-05-12,208.24791666666667,HR
2022-05-13,226.4045833333333,HR
2022-05-14,166.89166666666668,HR
2022-05-15,148.90625,HR
2022-05-16,216.71333333333337,HR
2022-05-17,232.84166666666667,HR
2022-05-18,207.40583333333333,HR
2022-05-19,220.83291666666665,HR
2022-05-20,208.70291666666665,HR
2022-05-21,143.59083333333334,HR
2022-05-22,166.8345833333333,HR
2022-05-23,216.21041666666667,HR
2022-05-24,195.6375,HR
2022-05-25,200.8108333333333,HR
2022-05-26,195.30166666666665,HR
2022-05-27,192.37291666666667,HR
2022-05-28,126.56208333333332,HR
2022-05-29,161.14625,HR
2022-05-30,226.79333333333332,HR
2022-05-31,224.91875,HR
2022-06-01,235.60458333333335,HR
2022-06-02,205.90291666666667,HR
2022-06-03,197.38041666666663,HR
2022-06-04,192.32916666666665,HR
2022-06-05,171.59916666666666,HR
2022-06-06,167.63166666666666,HR
2022-06-07,212.47375,HR
2022-06-08,195.89666666666665,HR
2022-06-09,210.88375,HR
2022-06-10,191.32791666666665,HR
2022-06-11,167.04666666666665,HR
2022-06-12,123.18583333333332,HR
2022-06-13,192.85625,HR
2022-06-14,208.14333333333332,HR
2022-06-15,231.60416666666663,HR
2022-06-16,247.16,HR
2022-06-17,270.15708333333333,HR
2022-06-18,219.8575,HR
2022-06-19,163.5375,HR
2022-06-20,290.1383333333333,HR
2022-06-21,335.67,HR
2022-06-22,333.3570833333333,HR
2022-06-23,314.23,HR
2022-06-24,315.3933333333334,HR
2022-06-25,262.8975,HR
2022-06-26,261.63166666666666,HR
2022-06-27,353.43833333333333,HR
2022-06-28,394.5779166666667,HR
2022-06-29,334.45458333333335,HR
2022-06-30,358.4608333333333,HR
2022-07-01,349.3416666666667,HR
2022-07-02,249.6975,HR
2022-07-03,234.43291666666667,HR
2022-07-04,380.6033333333333,HR
2022-07-05,413.9,HR
2022-07-06,365.38166666666666,HR
2022-07-07,374.73625,HR
2022-07-08,314.95375,HR
2022-07-09,190.18083333333337,HR
2022-07-10,123.89875,HR
2022-07-11,376.37791666666664,HR
2022-07-12,400.13125,HR
2022-07-13,375.8125,HR
2022-07-14,421.2183333333333,HR
2022-07-15,400.2679166666667,HR
2022-07-16,299.5808333333333,HR
2022-07-17,233.00083333333336,HR
2022-07-18,439.89166666666665,HR
2022-07-19,461.30791666666664,HR
2022-07-20,440.18833333333333,HR
2022-07-21,453.08916666666664,HR
2022-07-22,463.55583333333334,HR
2022-07-23,363.6766666666667,HR
2022-07-24,318.93458333333336,HR
2022-07-25,482.9504166666666,HR
2022-07-26,489.56375,HR
2022-07-27,495.8770833333333,HR
2022-07-28,513.1570833333334,HR
2022-07-29,489.64625,HR
2022-07-30,406.7,HR
2022-07-31,316.5625,HR
2022-08-01,430.3929166666667,HR
2022-08-02,443.4975,HR
2022-08-03,422.41875,HR
2022-08-04,416.2779166666666,HR
2022-08-05,427.0033333333334,HR
2022-08-06,333.6408333333333,HR
2022-08-07,216.61458333333337,HR
2022-08-08,371.29583333333335,HR
2022-08-09,360.5179166666667,HR
2022-08-10,340.67541666666665,HR
2022-08-11,384.62416666666667,HR
2022-08-12,456.18458333333336,HR
2022-08-13,408.04583333333335,HR
2022-08-14,369.54,HR
2022-08-15,426.97,HR
2022-08-16,505.54625,HR
2022-08-17,554.1545833333333,HR
2022-08-18,562.6570833333334,HR
2022-08-19,515.1395833333333,HR
2022-08-20,468.69375,HR
2022-08-21,399.14625,HR
2022-08-22,564.1654166666666,HR
2022-08-23,615.9195833333333,HR
2022-08-24,634.9616666666667,HR
2022-08-25,622.5191666666666,HR
2022-08-26,708.0783333333334,HR
2022-08-27,648.1529166666667,HR
2022-08-28,537.9933333333333,HR
2022-08-29,742.7575,HR
2022-08-30,736.9483333333333,HR
2022-08-31,679.3558333333333,HR
2022-09-01,616.54125,HR
2022-09-02,497.98083333333335,HR
2022-09-03,368.74291666666664,HR
2022-09-04,318.65749999999997,HR
2022-09-05,446.3341666666667,HR
2022-09-06,534.1554166666666,HR
2022-09-07,472.59833333333336,HR
2022-09-08,458.9095833333334,HR
2022-09-09,377.26625,HR
2022-09-10,404.31791666666663,HR
2022-09-11,391.5658333333334,HR
2022-09-12,437.7929166666667,HR
2022-09-13,448.7404166666667,HR
2022-09-14,457.32375,HR
2022-09-15,397.695,HR
2022-09-16,389.01458333333335,HR
2022-09-17,261.69666666666666,HR
2022-09-18,147.5725,HR
2022-09-19,285.11583333333334,HR
2022-09-20,370.9075,HR
2022-09-21,381.9591666666667,HR
2022-09-22,407.10083333333336,HR
2022-09-23,401.645,HR
2022-09-24,371.5225,HR
2022-09-25,278.9245833333334,HR
2022-09-26,330.735,HR
2022-09-27,351.96000000000004,HR
2022-09-28,383.6566666666667,HR
2022-09-29,426.3829166666667,HR
2022-09-30,363.9775,HR
2022-10-01,227.22375,HR
2022-10-02,145.19041666666666,HR
2022-10-03,253.35666666666668,HR
2022-10-04,305.94541666666663,HR
2022-10-05,266.2870833333333,HR
2022-10-06,234.46875,HR
2022-10-07,214.05083333333337,HR
2022-10-08,224.66416666666663,HR
2022-10-09,169.81625,HR
2022-10-10,220.06458333333333,HR
2022-10-11,301.65958333333333,HR
2022-10-12,288.25375,HR
2022-10-13,275.60625,HR
2022-10-14,261.59291666666667,HR
2022-10-15,186.88625,HR
2022-10-16,143.225,HR
2022-10-17,189.83916666666667,HR
2022-10-18,218.3658333333333,HR
2022-10-19,173.42541666666668,HR
2022-10-20,181.63541666666663,HR
2022-10-21,187.24749999999997,HR
2022-10-22,146.56958333333333,HR
2022-10-23,117.68916666666668,HR
2022-10-24,181.98458333333335,HR
2022-10-25,146.215,HR
2022-10-26,160.53958333333333,HR
2022-10-27,174.265,HR
2022-10-28,133.90708333333333,HR
2022-10-29,103.98708333333332,HR
2022-10-30,117.8912,HR
2022-10-31,149.2925,HR
2022-11-01,133.97791666666666,HR
2022-11-02,202.16,HR
2022-11-03,156.44125,HR
2022-11-04,183.26208333333332,HR
2022-11-05,139.06208333333333,HR
2022-11-06,120.81291666666668,HR
2022-11-07,226.98666666666668,HR
2022-11-08,164.80208333333334,HR
2022-11-09,203.62791666666664,HR
2022-11-10,239.66333333333333,HR
2022-11-11,204.71166666666667,HR
2022-11-12,180.50958333333332,HR
2022-11-13,166.13083333333333,HR
2022-11-14,205.11666666666667,HR
2022-11-15,254.38291666666663,HR
2022-11-16,266.4275,HR
2022-11-17,252.20666666666668,HR
2022-11-18,242.28041666666664,HR
2022-11-19,211.24416666666664,HR
2022-11-20,195.13166666666663,HR
2022-11-21,228.37625,HR
2022-11-22,204.98041666666663,HR
2022-11-23,195.75958333333335,HR
2022-11-24,258.36708333333337,HR
2022-11-25,266.915,HR
2022-11-26,239.41791666666663,HR
2022-11-27,174.3175,HR
2022-11-28,302.83458333333334,HR
2022-11-29,371.04333333333335,HR
2022-11-30,391.6075,HR
2022-12-01,384.8420833333333,HR
2022-12-02,388.20208333333335,HR
2022-12-03,298.86333333333334,HR
2022-12-04,277.9266666666667,HR
2022-12-05,342.08375,HR
2022-12-06,390.49125,HR
2022-12-07,370.3879166666666,HR
2022-12-08,365.9941666666667,HR
2022-12-09,365.8379166666667,HR
2022-12-10,265.92958333333337,HR
2022-12-11,217.95666666666668,HR
2022-12-12,353.8304166666667,HR
2022-12-13,407.70625,HR
2022-12-14,444.77875,HR
2022-12-15,392.7316666666666,HR
2022-12-16,388.61999999999995,HR
2022-12-17,234.60958333333335,HR
2022-12-18,161.7525,HR
2022-12-19,199.77833333333336,HR
2022-12-20,213.8658333333333,HR
2022-12-21,225.60875,HR
2022-12-22,204.77625,HR
2022-12-23,183.78041666666664,HR
2022-12-24,112.94458333333334,HR
2022-12-25,106.33375,HR
2022-12-26,50.4475,HR
2022-12-27,98.23375,HR
2022-12-28,91.61916666666669,HR
2022-12-29,52.13625,HR
2022-12-30,39.82416666666666,HR
2022-12-31,16.93913043478261,HR
2023-01-01,17.172916666666666,HR
2023-01-02,124.92125,HR
2023-01-03,148.38916666666668,HR
2023-01-04,162.88541666666666,HR
2023-01-05,137.50375,HR
2023-01-06,127.18083333333334,HR
2023-01-07,149.17791666666668,HR
2023-01-08,100.19041666666668,HR
2023-01-09,139.11208333333337,HR
2023-01-10,139.79,HR
2023-01-11,139.66791666666668,HR
2023-01-12,169.3775,HR
2023-01-13,156.57333333333335,HR
2023-01-14,137.28708333333333,HR
2023-01-15,89.84916666666668,HR
2023-01-16,125.96416666666666,HR
2023-01-17,140.3925,HR
2023-01-18,108.63,HR
2023-01-19,98.15208333333334,HR
2023-01-20,139.33166666666668,HR
2023-01-21,82.25,HR
2023-01-22,102.45541666666666,HR
2023-01-23,195.15708333333336,HR
2023-01-24,191.68625,HR
2023-01-25,169.09083333333334,HR
2023-01-26,169.76666666666668,HR
2023-01-27,165.64416666666668,HR
2023-01-28,142.36166666666665,HR
2023-01-29,141.48583333333332,HR
2023-01-30,180.75708333333333,HR
2023-01-31,150.55875,HR
2023-02-01,149.28625,HR
2023-02-02,152.09,HR
2023-02-03,147.17458333333337,HR
2023-02-04,145.84125,HR
2023-02-05,124.365,HR
2023-02-06,166.99708333333334,HR
2023-02-07,173.05625,HR
2023-02-08,161.355,HR
2023-02-09,155.26625,HR
2023-02-10,160.48458333333335,HR
2023-02-11,145.8675,HR
2023-02-12,140.4225,HR
2023-02-13,167.40875,HR
2023-02-14,159.15041666666667,HR
2023-02-15,163.22291666666666,HR
2023-02-16,164.69875,HR
2023-02-17,167.205,HR
2023-02-18,113.34916666666668,HR
2023-02-19,114.77875,HR
2023-02-20,120.32083333333333,HR
2023-02-21,126.89333333333332,HR
2023-02-22,150.08083333333337,HR
2023-02-23,148.82666666666668,HR
2023-02-24,136.54291666666666,HR
2023-02-25,97.51125,HR
2023-02-26,107.985,HR
2023-02-27,151.34,HR
2023-02-28,153.84666666666666,HR
2023-03-01,153.9975,HR
2023-03-02,159.5575,HR
2023-03-03,150.00125,HR
2023-03-04,121.57333333333334,HR
2023-03-05,125.40541666666668,HR
2023-03-06,151.18041666666667,HR
2023-03-07,136.25416666666666,HR
2023-03-08,137.0675,HR
2023-03-09,125.91666666666669,HR
2023-03-10,115.43416666666668,HR
2023-03-11,100.79666666666668,HR
2023-03-12,97.47541666666666,HR
2023-03-13,101.46083333333333,HR
2023-03-14,86.11583333333334,HR
2023-03-15,122.39875,HR
2023-03-16,111.08333333333331,HR
2023-03-17,85.86791666666666,HR
2023-03-18,109.31333333333332,HR
2023-03-19,111.80416666666667,HR
2023-03-20,125.93791666666668,HR
2023-03-21,121.78625,HR
2023-03-22,109.75791666666667,HR
2023-03-23,107.86166666666666,HR
2023-03-24,86.21166666666666,HR
2023-03-25,29.174583333333334,HR
2023-03-26,61.64173913043478,HR
2023-03-27,94.70375,HR
2023-03-28,103.38875,HR
2023-03-29,116.75208333333336,HR
2023-03-30,105.13208333333334,HR
2023-03-31,97.19666666666666,HR
2023-04-01,59.651250000000005,HR
2023-04-02,68.12625,HR
2023-04-03,112.38333333333333,HR
2023-04-04,128.49958333333333,HR
2023-04-05,135.9225,HR
2023-04-06,127.50791666666667,HR
2023-04-07,118.93208333333332,HR
2023-04-08,119.42666666666666,HR
2023-04-09,105.0475,HR
2023-04-10,70.02125,HR
2023-04-11,100.16583333333334,HR
2023-04-12,111.57458333333334,HR
2023-04-13,123.48541666666668,HR
2023-04-14,124.10625,HR
2023-04-15,106.93166666666669,HR
2023-04-16,110.57833333333332,HR
2023-04-17,109.82333333333334,HR
2023-04-18,114.17541666666666,HR
2023-04-19,122.03125,HR
2023-04-20,115.25375,HR
2023-04-21,106.00708333333334,HR
2023-04-22,87.65208333333334,HR
2023-04-23,86.27875,HR
2023-04-24,105.18,HR
2023-04-25,103.68583333333332,HR
2023-04-26,110.96291666666669,HR
2023-04-27,105.86583333333334,HR
2023-04-28,102.42333333333332,HR
2023-04-29,100.65666666666668,HR
2023-04-30,69.125,HR
2023-05-01,82.15166666666667,HR
2023-05-02,106.28958333333333,HR
2023-05-03,105.02666666666666,HR
2023-05-04,104.99708333333332,HR
2023-05-05,97.23708333333332,HR
2023-05-06,89.55375,HR
2023-05-07,71.03125,HR
2023-05-08,98.84791666666666,HR
2023-05-09,99.58875,HR
2023-05-10,115.5475,HR
2023-05-11,120.63333333333333,HR
2023-05-12,104.92958333333333,HR
2023-05-13,79.36,HR
2023-05-14,70.19916666666667,HR
2023-05-15,116.04166666666669,HR
2023-05-16,95.47375,HR
2023-05-17,92.66583333333334,HR
2023-05-18,96.39125,HR
2023-05-19,90.21083333333333,HR
2023-05-20,46.98875,HR
2023-05-21,30.323333333333338,HR
2023-05-22,96.94416666666666,HR
2023-05-23,93.64291666666666,HR
2023-05-24,100.45416666666668,HR
2023-05-25,85.69083333333333,HR
2023-05-26,71.93375,HR
2023-05-27,63.08583333333333,HR
2023-05-28,41.2375,HR
2023-05-29,48.463750000000005,HR
2023-05-30,91.15208333333334,HR
2023-05-31,86.81666666666666,HR
2023-06-01,76.25416666666666,HR
2023-06-02,79.35791666666667,HR
2023-06-03,56.239583333333336,HR
2023-06-04,51.75208333333333,HR
2023-06-05,88.88125000000001,HR
2023-06-06,93.30083333333332,HR
2023-06-07,98.29333333333334,HR
2023-06-08,83.95125,HR
2023-06-09,86.47041666666667,HR
2023-06-10,59.68416666666667,HR
2023-06-11,44.33958333333334,HR
2023-06-12,96.66416666666667,HR
2023-06-13,95.2475,HR
2023-06-14,105.06625,HR
2023-06-15,114.99708333333332,HR
2023-06-16,124.03791666666666,HR
2023-06-17,104.15583333333332,HR
2023-06-18,92.4625,HR
2023-06-19,106.72791666666666,HR
2023-06-20,109.86041666666668,HR
2023-06-21,120.47541666666666,HR
2023-06-22,120.58041666666666,HR
2023-06-23,110.67375,HR
2023-06-24,80.46333333333332,HR
2023-06-25,73.43916666666667,HR
2023-06-26,108.51166666666668,HR
2023-06-27,104.37875,HR
2023-06-28,110.88416666666669,HR
2023-06-29,117.80083333333334,HR
2023-06-30,112.41375,HR
2023-07-01,71.97916666666667,HR
2023-07-02,-4.57875,HR
2023-07-03,95.67541666666666,HR
2023-07-04,116.24208333333333,HR
2023-07-05,105.34083333333336,HR
2023-07-06,107.21041666666667,HR
2023-07-07,101.01208333333334,HR
2023-07-08,81.33708333333333,HR
2023-07-09,89.87583333333333,HR
2023-07-10,120.78416666666668,HR
2023-07-11,120.58291666666666,HR
2023-07-12,115.02583333333332,HR
2023-07-13,111.77791666666668,HR
2023-07-14,95.83083333333332,HR
2023-07-15,39.85375,HR
2023-07-16,43.13833333333333,HR
2023-07-17,111.00958333333334,HR
2023-07-18,114.68291666666666,HR
2023-07-19,124.6375,HR
2023-07-20,114.72333333333334,HR
2023-07-21,120.83041666666666,HR
2023-07-22,92.67208333333332,HR
2023-07-23,57.63666666666666,HR
2023-07-24,103.53833333333334,HR
2023-07-25,105.475,HR
2023-07-26,104.55958333333332,HR
2023-07-27,95.96,HR
2023-07-28,99.63708333333334,HR
2023-07-29,80.52,HR
2023-07-30,48.46291666666667,HR
2023-07-31,79.7775,HR
2023-08-01,90.49583333333334,HR
2023-08-02,70.13250000000001,HR
2023-08-03,67.7625,HR
2023-08-04,103.97708333333333,HR
2023-08-05,89.04583333333333,HR
2023-08-06,47.33041666666667,HR
2023-08-07,52.060833333333335,HR
2023-08-08,28.8875,HR
2023-08-09,89.49374999999999,HR
2023-08-10,90.03458333333333,HR
2023-08-11,79.12875000000001,HR
2023-08-12,58.62625,HR
2023-08-13,55.95166666666666,HR
2023-08-14,88.90666666666668,HR
2023-08-15,78.91958333333334,HR
2023-08-16,106.80333333333334,HR
2023-08-17,107.5775,HR
2023-08-18,106.51791666666666,HR
2023-08-19,83.97125,HR
2023-08-20,89.52333333333333,HR
2023-08-21,118.36708333333333,HR
2023-08-22,129.8175,HR
2023-08-23,156.68041666666667,HR
2023-08-24,158.95708333333334,HR
2023-08-25,145.15416666666667,HR
2023-08-26,112.26375,HR
2023-08-27,105.0775,HR
2023-08-28,125.42,HR
2023-08-29,115.84125,HR
2023-08-30,116.67125,HR
2023-08-31,109.94083333333332,HR
2023-09-01,117.93791666666668,HR
2023-09-02,95.41125,HR
2023-09-03,81.09166666666667,HR
2023-09-04,105.27583333333332,HR
2023-09-05,102.00625,HR
2023-09-06,104.365,HR
2023-09-07,99.42375,HR
2023-09-08,106.37,HR
2023-09-09,91.24875,HR
2023-09-10,83.41583333333334,HR
2023-09-11,144.41,HR
2023-09-12,127.7775,HR
2023-09-13,112.67541666666666,HR
2023-09-14,121.45708333333332,HR
2023-09-15,109.2225,HR
2023-09-16,93.27958333333332,HR
2023-09-17,85.73458333333333,HR
2023-09-18,94.71291666666669,HR
2023-09-19,88.05708333333332,HR
2023-09-20,99.43416666666668,HR
2023-09-21,103.11625,HR
2023-09-22,103.18083333333334,HR
2023-09-23,101.31458333333336,HR
2023-09-24,67.1775,HR
2023-09-25,102.03125,HR
2023-09-26,117.29791666666668,HR
2023-09-27,115.89666666666666,HR
2023-09-28,110.48375,HR
2023-09-29,105.46583333333332,HR
2023-09-30,91.35333333333334,HR
2023-10-01,73.33541666666666,HR
2023-10-02,116.17708333333331,HR
2023-10-03,82.02791666666667,HR
2023-10-04,83.98125,HR
2023-10-05,106.84583333333336,HR
2023-10-06,104.515,HR
2023-10-07,67.56166666666667,HR
2023-10-08,88.07458333333334,HR
2023-10-09,123.03166666666664,HR
2023-10-10,135.7525,HR
2023-10-11,124.57833333333332,HR
2023-10-12,126.39666666666666,HR
2023-10-13,135.6233333333333,HR
2023-10-14,88.93208333333332,HR
2023-10-15,65.53666666666668,HR
2023-10-16,134.10041666666666,HR
2023-10-17,146.28916666666666,HR
2023-10-18,117.48458333333332,HR
2023-10-19,113.06583333333332,HR
2023-10-20,105.21583333333332,HR
2023-10-21,57.54333333333333,HR
2023-10-22,67.76458333333333,HR
2023-10-23,134.56666666666666,HR
2023-10-24,124.87916666666666,HR
2023-10-25,123.48125,HR
2023-10-26,124.30375,HR
2023-10-27,119.85083333333334,HR
2023-10-28,93.19208333333334,HR
2023-10-29,38.6948,HR
2023-10-30,97.91541666666666,HR
2023-10-31,107.36208333333332,HR
2023-11-01,68.91,HR
2023-11-02,79.645,HR
2023-11-03,67.21791666666667,HR
2023-11-04,29.571250000000003,HR
2023-11-05,29.951666666666668,HR
2023-11-06,84.37166666666667,HR
2023-11-07,112.75458333333334,HR
2023-11-08,95.18416666666668,HR
2023-11-09,99.82625,HR
2023-11-10,99.44333333333331,HR
2023-11-11,96.8425,HR
2023-11-12,95.84375,HR
2023-11-13,115.65333333333332,HR
2023-11-14,82.82000000000001,HR
2023-11-15,104.15208333333334,HR
2023-11-16,118.40125,HR
2023-11-17,117.22125,HR
2023-11-18,90.67666666666666,HR
2023-11-19,41.7525,HR
2023-11-20,108.9525,HR
2023-11-21,123.27625,HR
2023-11-22,110.90208333333334,HR
2023-11-23,100.475,HR
2023-11-24,89.0125,HR
2023-11-25,94.72333333333334,HR
2023-11-26,92.64,HR
2023-11-27,123.30125,HR
2023-11-28,121.885,HR
2023-11-29,137.40958333333333,HR
2023-11-30,165.04583333333332,HR
2023-12-01,142.87375,HR
2023-12-02,94.09,HR
2023-12-03,88.00708333333334,HR
2023-12-04,120.47375,HR
2023-12-05,127.33791666666669,HR
2023-12-06,129.50083333333333,HR
2023-12-07,118.38375,HR
2023-12-08,107.12291666666664,HR
2023-12-09,91.99458333333332,HR
2023-12-10,68.285,HR
2023-12-11,99.86541666666666,HR
2023-12-12,116.87541666666668,HR
2023-12-13,102.86875,HR
2023-12-14,105.72583333333334,HR
2023-12-15,95.18333333333334,HR
2023-12-16,74.30708333333332,HR
2023-12-17,61.0975,HR
2023-12-18,86.24458333333332,HR
2023-12-19,90.41,HR
2023-12-20,78.29291666666667,HR
2023-12-21,74.61625,HR
2023-12-22,41.673750000000005,HR
2023-12-23,29.6125,HR
2023-12-24,19.799583333333334,HR
2023-12-25,2.0195833333333333,HR
2023-12-26,21.699166666666667,HR
2023-12-27,59.38708333333333,HR
2023-12-28,34.56125,HR
2023-12-29,17.091666666666665,HR
2023-12-30,35.69416666666667,HR
2023-12-31,21.58869565217391,HR
2024-01-01,18.605,HR
2024-01-02,56.39416666666667,HR
2024-01-03,51.95041666666666,HR
2024-01-04,81.36125,HR
2024-01-05,95.67541666666666,HR
2024-01-06,88.50958333333334,HR
2024-01-07,86.25375000000001,HR
2024-01-08,101.16583333333334,HR
2024-01-09,108.75541666666668,HR
2024-01-10,112.1075,HR
2024-01-11,109.72583333333334,HR
2024-01-12,107.49916666666668,HR
2024-01-13,86.12875000000001,HR
2024-01-14,77.52833333333334,HR
2024-01-15,90.3375,HR
2024-01-16,109.0925,HR
2024-01-17,103.75958333333334,HR
2024-01-18,96.88125,HR
2024-01-19,82.31375,HR
2024-01-20,75.80666666666666,HR
2024-01-21,64.67458333333333,HR
2024-01-22,82.38541666666667,HR
2024-01-23,79.83291666666666,HR
2024-01-24,80.63125000000001,HR
2024-01-25,81.98541666666667,HR
2024-01-26,83.52458333333333,HR
2024-01-27,70.78291666666667,HR
2024-01-28,66.91583333333334,HR
2024-01-29,81.55833333333334,HR
2024-01-30,82.03541666666666,HR
2024-01-31,89.295,HR
2024-02-01,89.74916666666667,HR
2024-02-02,81.93375,HR
2024-02-03,64.26,HR
2024-02-04,43.48208333333333,HR
2024-02-05,59.51666666666667,HR
2024-02-06,64.09625,HR
2024-02-07,77.77374999999999,HR
2024-02-08,87.97916666666667,HR
2024-02-09,74.42375,HR
2024-02-10,71.97375,HR
2024-02-11,60.18416666666667,HR
2024-02-12,74.34458333333333,HR
2024-02-13,75.09708333333333,HR
2024-02-14,71.52125,HR
2024-02-15,69.81333333333333,HR
2024-02-16,62.684583333333336,HR
2024-02-17,66.88166666666667,HR
2024-02-18,52.49875,HR
2024-02-19,68.42,HR
2024-02-20,68.79291666666667,HR
2024-02-21,65.7525,HR
2024-02-22,58.083333333333336,HR
2024-02-23,56.274166666666666,HR
2024-02-24,56.93125,HR
2024-02-25,60.70416666666667,HR
2024-02-26,66.87333333333333,HR
2024-02-27,73.97875,HR
2024-02-28,74.85375,HR
2024-02-29,67.53583333333333,HR
2024-03-01,70.685,HR
2024-03-02,64.70291666666667,HR
2024-03-03,61.45875,HR
2024-03-04,74.85541666666667,HR
2024-03-05,75.88250000000001,HR
2024-03-06,82.59041666666667,HR
2024-03-07,77.86291666666666,HR
2024-03-08,73.72333333333334,HR
2024-03-09,50.80875,HR
2024-03-10,39.34083333333333,HR
2024-03-11,70.86791666666666,HR
2024-03-12,82.76041666666667,HR
2024-03-13,75.54166666666667,HR
2024-03-14,71.49791666666667,HR
2024-03-15,59.10125,HR
2024-03-16,57.54083333333333,HR
2024-03-17,58.79833333333334,HR
2024-03-18,81.69500000000001,HR
2024-03-19,81.65083333333332,HR
2024-03-20,80.53708333333334,HR
2024-03-21,84.5775,HR
2024-03-22,65.72541666666667,HR
2024-03-23,40.97666666666667,HR
2024-03-24,31.269583333333333,HR
2024-03-25,82.02749999999999,HR
2024-03-26,64.78958333333334,HR
2024-03-27,67.89833333333333,HR
2024-03-28,48.145833333333336,HR
2024-03-29,37.47166666666667,HR
2024-03-30,48.8625,HR
2024-03-31,30.54304347826087,HR
2024-04-01,28.385833333333338,HR
2024-04-02,32.614583333333336,HR
2024-04-03,74.06708333333334,HR
2024-04-04,61.77125,HR
2024-04-05,51.177083333333336,HR
2024-04-06,37.97833333333333,HR
2024-04-07,19.94625,HR
2024-04-08,61.298750000000005,HR
2024-04-09,54.46625,HR
2024-04-10,66.37541666666667,HR
2024-04-11,54.61041666666667,HR
2024-04-12,54.695,HR
2024-04-13,17.553333333333335,HR
2024-04-14,18.4475,HR
2024-04-15,72.92,HR
2024-04-16,58.57083333333333,HR
2024-04-17,83.83666666666666,HR
2024-04-18,92.82708333333332,HR
2024-04-19,68.02041666666666,HR
2024-04-20,56.39291666666667,HR
2024-04-21,52.74208333333333,HR
2024-04-22,94.99,HR
2024-04-23,98.96291666666669,HR
2024-04-24,95.44166666666666,HR
2024-04-25,90.77416666666666,HR
2024-04-26,87.04,HR
2024-04-27,63.01083333333333,HR
2024-04-28,18.572916666666668,HR
2024-04-29,73.83208333333333,HR
2024-04-30,64.19125,HR
2024-05-01,12.6325,HR
2024-05-02,49.29291666666666,HR
2024-05-03,73.79375,HR
2024-05-04,65.66166666666668,HR
2024-05-05,50.01958333333334,HR
2024-05-06,83.60291666666667,HR
2024-05-07,90.71333333333332,HR
2024-05-08,83.26166666666667,HR
2024-05-09,66.31541666666666,HR
2024-05-10,68.98375,HR
2024-05-11,54.35041666666667,HR
2024-05-12,26.93125,HR
2024-05-13,77.485,HR
2024-05-14,81.14625,HR
2024-05-15,83.40416666666667,HR
2024-05-16,82.80875,HR
2024-05-17,98.92875,HR
2024-05-18,57.484583333333326,HR
2024-05-19,56.35833333333333,HR
2024-05-20,75.74958333333333,HR
2024-05-21,85.855,HR
2024-05-22,86.23208333333334,HR
2024-05-23,89.61125,HR
2024-05-24,99.60416666666669,HR
2024-05-25,70.08375,HR
2024-05-26,60.307500000000005,HR
2024-05-27,100.13666666666668,HR
2024-05-28,99.03041666666668,HR
2024-05-29,90.79333333333334,HR
2024-05-30,96.08375,HR
2024-05-31,94.00708333333334,HR
2024-06-01,63.83208333333334,HR
2024-06-02,30.48125,HR
2024-06-03,125.65208333333334,HR
2024-06-04,113.7925,HR
2024-06-05,107.7675,HR
2024-06-06,106.05083333333332,HR
2024-06-07,94.09791666666666,HR
2024-06-08,70.095,HR
2024-06-09,51.05875,HR
2024-06-10,94.42875,HR
2024-06-11,103.51583333333332,HR
2024-06-12,104.2675,HR
2024-06-13,108.49958333333332,HR
2024-06-14,77.66208333333334,HR
2024-06-15,21.594166666666663,HR
2024-06-16,40.06458333333333,HR
2024-06-17,120.17041666666668,HR
2024-06-18,118.68083333333334,HR
2024-06-19,106.5775,HR
2024-06-20,126.23666666666666,HR
2024-06-21,114.07958333333332,HR
2024-06-22,76.95041666666667,HR
2024-06-23,58.24458333333334,HR
2024-06-24,119.94333333333331,HR
2024-06-25,289.07625,HR
2024-06-26,132.06791666666666,HR
2024-06-27,110.94875,HR
2024-06-28,92.32625,HR
2024-06-29,75.14208333333333,HR
2024-06-30,49.17333333333334,HR
2024-07-01,128.565,HR
2024-07-02,94.58458333333334,HR
2024-07-03,101.36083333333332,HR
2024-07-04,77.67458333333333,HR
2024-07-05,58.74458333333333,HR
2024-07-06,32.99708333333333,HR
2024-07-07,43.89333333333334,HR
2024-07-08,116.92208333333332,HR
2024-07-09,105.23916666666666,HR
2024-07-10,115.48416666666668,HR
2024-07-11,147.99416666666667,HR
2024-07-12,131.87375,HR
2024-07-13,83.1825,HR
2024-07-14,57.20416666666667,HR
2024-07-15,141.01916666666668,HR
2024-07-16,129.63875,HR
2024-07-17,151.7175,HR
2024-07-18,160.21208333333334,HR
2024-07-19,133.15916666666666,HR
2024-07-20,106.53458333333332,HR
2024-07-21,68.42791666666666,HR
2024-07-22,118.78041666666668,HR
2024-07-23,109.08875,HR
2024-07-24,106.23875,HR
2024-07-25,261.66041666666666,HR
2024-07-26,99.81333333333332,HR
2024-07-27,82.8025,HR
2024-07-28,64.92125,HR
2024-07-29,80.71416666666667,HR
2024-07-30,79.22875,HR
2024-07-31,98.21041666666667,HR
2024-08-01,113.15583333333332,HR
2024-08-02,104.77333333333333,HR
2024-08-03,77.38166666666667,HR
2024-08-04,64.85875,HR
2024-08-05,130.95666666666668,HR
2024-08-06,96.18208333333332,HR
2024-08-07,123.40833333333336,HR
2024-08-08,111.66958333333334,HR
2024-08-09,91.92291666666668,HR
2024-08-10,72.66041666666666,HR
2024-08-11,62.22833333333333,HR
2024-08-12,101.73375,HR
2024-08-13,134.25708333333333,HR
2024-08-14,126.05,HR
2024-08-15,98.6975,HR
2024-08-16,133.03625,HR
2024-08-17,104.62375,HR
2024-08-18,92.28833333333334,HR
2024-08-19,137.93791666666667,HR
2024-08-20,126.74583333333334,HR
2024-08-21,118.12041666666666,HR
2024-08-22,109.84416666666664,HR
2024-08-23,128.59166666666667,HR
2024-08-24,85.17541666666666,HR
2024-08-25,54.36208333333334,HR
2024-08-26,137.47416666666666,HR
2024-08-27,145.46166666666667,HR
2024-08-28,187.82333333333335,HR
2024-08-29,201.91791666666663,HR
2024-08-30,152.0775,HR
2024-08-31,98.06291666666668,HR
2024-09-01,86.63708333333334,HR
2024-09-02,224.17333333333332,HR
2024-09-03,194.6525,HR
2024-09-04,174.335,HR
2024-09-05,129.45708333333332,HR
2024-09-06,126.36375,HR
2024-09-07,88.50708333333334,HR
2024-09-08,70.01666666666667,HR
2024-09-09,123.81041666666664,HR
2024-09-10,107.31958333333334,HR
2024-09-11,107.905,HR
2024-09-12,126.00416666666666,HR
2024-09-13,95.01083333333334,HR
2024-09-14,60.354166666666664,HR
2024-09-15,59.127916666666664,HR
2024-09-16,110.44208333333334,HR
2024-09-17,115.83916666666666,HR
2024-09-18,90.62458333333332,HR
2024-09-19,80.60333333333334,HR
2024-09-20,80.59125,HR
2024-09-21,76.21625,HR
2024-09-22,77.31791666666668,HR
2024-09-23,109.42916666666667,HR
2024-09-24,92.58708333333334,HR
2024-09-25,79.21375,HR
2024-09-26,68.6575,HR
2024-09-27,50.48499999999999,HR
2024-09-28,33.1775,HR
2024-09-29,46.34125,HR
2024-09-30,53.24,HR
2024-10-01,73.06625000000001,HR
2024-10-02,109.885,HR
2024-10-03,92.33291666666666,HR
2024-10-04,96.7925,HR
2024-10-05,85.48541666666667,HR
2024-10-06,59.776250000000005,HR
2024-10-07,89.77875,HR
2024-10-08,76.25791666666667,HR
2024-10-09,83.77374999999999,HR
2024-10-10,58.06875,HR
2024-10-11,95.49333333333334,HR
2024-10-12,60.84166666666667,HR
2024-10-13,20.451666666666664,HR
2024-10-14,101.49666666666668,HR
2024-10-15,105.605,HR
2024-10-16,53.84583333333333,HR
2024-10-17,62.93625,HR
2024-10-18,71.855,HR
2024-10-19,74.22375,HR
2024-10-20,42.46333333333333,HR
2024-10-21,96.24125,HR
2024-10-22,108.23916666666666,HR
2024-10-23,112.62333333333332,HR
2024-10-24,111.27458333333334,HR
2024-10-25,111.43208333333332,HR
2024-10-26,103.09,HR
2024-10-27,93.4616,HR
2024-10-28,118.13708333333334,HR
2024-10-29,140.84041666666667,HR
2024-10-30,125.82333333333334,HR
2024-10-31,117.1575,HR
2024-11-01,97.59125,HR
2024-11-02,104.00291666666668,HR
2024-11-03,95.3575,HR
2024-11-04,129.51833333333337,HR
2024-11-05,159.06791666666666,HR
2024-11-06,211.14791666666667,HR
2024-11-07,155.79375000000002,HR
2024-11-08,122.41375,HR
2024-11-09,114.58333333333331,HR
2024-11-10,114.09,HR
2024-11-11,159.64208333333332,HR
2024-11-12,214.55833333333337,HR
2024-11-13,264.12666666666667,HR
2024-11-14,195.5954166666667,HR
2024-11-15,156.11958333333334,HR
2024-11-16,147.66041666666666,HR
2024-11-17,131.93083333333334,HR
2024-11-18,181.46,HR
2024-11-19,170.08208333333332,HR
2024-11-20,127.32583333333334,HR
2024-11-21,143.82583333333335,HR
2024-11-22,125.00166666666668,HR
2024-11-23,106.435,HR
2024-11-24,99.07791666666668,HR
2024-11-25,126.445,HR
2024-11-26,144.67291666666668,HR
2024-11-27,153.53375,HR
2024-11-28,138.80041666666668,HR
2024-11-29,135.88958333333332,HR
2024-11-30,117.88833333333334,HR
2024-12-01,101.9625,HR
2024-12-02,130.775,HR
2024-12-03,162.655,HR
2024-12-04,183.48708333333332,HR
2024-12-05,170.0775,HR
2024-12-06,144.59833333333333,HR
2024-12-07,123.47916666666669,HR
2024-12-08,112.44583333333333,HR
2024-12-09,125.64625,HR
2024-12-10,153.86708333333334,HR
2024-12-11,255.39875,HR
2024-12-12,340.2708333333333,HR
2024-12-13,177.10916666666665,HR
2024-12-14,120.64416666666666,HR
2024-12-15,104.995,HR
2024-12-16,121.75458333333334,HR
2024-12-17,122.68458333333332,HR
2024-12-18,138.24958333333333,HR
2024-12-19,114.73958333333331,HR
2024-12-20,96.64708333333334,HR
2024-12-21,77.035,HR
2024-12-22,94.77041666666666,HR
2024-12-23,96.4875,HR
2024-12-24,102.48625,HR
2024-12-25,98.59916666666668,HR
2024-12-26,112.99041666666666,HR
2024-12-27,121.89291666666666,HR
2024-12-28,127.62166666666668,HR
2024-12-29,124.58958333333334,HR
2024-12-30,133.74375,HR
2024-12-31,134.01434782608695,HR
2025-01-01,89.91000000000001,HR
2025-01-02,115.00666666666666,HR
2025-01-03,119.44291666666668,HR
2025-01-04,130.505,HR
2025-01-05,111.02083333333331,HR
2025-01-06,104.99416666666669,HR
2025-01-07,113.38041666666668,HR
2025-01-08,117.96583333333332,HR
2025-01-09,124.83958333333334,HR
2025-01-10,117.875,HR
2025-01-11,109.205,HR
2025-01-12,111.68416666666668,HR
2025-01-13,134.6075,HR
2025-01-14,145.71166666666667,HR
2025-01-15,217.42125,HR
2025-01-16,152.71583333333334,HR
2025-01-17,147.43291666666667,HR
2025-01-18,135.59791666666666,HR
2025-01-19,132.07,HR
2025-01-20,232.76333333333332,HR
2025-01-21,202.02791666666667,HR
2025-01-22,181.76458333333335,HR
2025-01-23,154.36875,HR
2025-01-24,143.42833333333334,HR
2025-01-25,116.51916666666666,HR
2025-01-26,117.12208333333332,HR
2025-01-27,118.175,HR
2025-01-28,120.40458333333332,HR
2025-01-29,121.87166666666668,HR
2025-01-30,133.36875,HR
2025-01-31,142.11625,HR
2025-02-01,135.67041666666668,HR
2025-02-02,137.5175,HR
2025-02-03,154.19416666666666,HR
2025-02-04,144.89,HR
2025-02-05,143.21208333333334,HR
2025-02-06,152.20791666666665,HR
2025-02-07,137.32708333333332,HR
2025-02-08,114.31583333333332,HR
2025-02-09,131.15,HR
2025-02-10,152.13166666666666,HR
2025-02-11,156.07,HR
2025-02-12,173.38041666666666,HR
2025-02-13,204.08625,HR
2025-02-14,178.39916666666667,HR
2025-02-15,138.18375,HR
2025-02-16,140.73666666666665,HR
2025-02-17,158.74541666666667,HR
2025-02-18,178.52583333333334,HR
2025-02-19,154.01375,HR
2025-02-20,154.42333333333332,HR
2025-02-21,132.49416666666667,HR
2025-02-22,121.86958333333332,HR
2025-02-23,132.77333333333334,HR
2025-02-24,175.04125,HR
2025-02-25,172.27791666666667,HR
2025-02-26,148.99583333333334,HR
2025-02-27,135.67499999999998,HR
2025-02-28,141.07791666666665,HR
2025-03-01,134.20166666666668,HR
2025-03-02,108.48333333333332,HR
2025-03-03,128.58041666666665,HR
2025-03-04,133.13833333333335,HR
2025-03-05,108.325,HR
2025-03-06,110.69541666666667,HR
2025-03-07,111.68208333333332,HR
2025-03-08,105.01958333333332,HR
2025-03-09,83.94458333333334,HR
2025-03-10,113.54875,HR
2025-03-11,124.4325,HR
2025-03-12,123.3325,HR
2025-03-13,104.88916666666668,HR
2025-03-14,115.53125,HR
2025-03-15,89.99458333333332,HR
2025-03-16,74.53916666666667,HR
2025-03-17,104.235,HR
2025-03-18,90.82541666666668,HR
2025-03-19,104.30375,HR
2025-03-20,112.13333333333333,HR
2025-03-21,106.04666666666668,HR
2025-03-22,81.005,HR
2025-03-23,62.36833333333333,HR
2025-03-24,131.78333333333333,HR
2025-03-25,123.08875,HR
2025-03-26,118.41875,HR
2025-03-27,103.06958333333334,HR
2025-03-28,103.725,HR
2025-03-29,102.04125,HR
2025-03-30,18.539565217391303,HR
2025-03-31,115.48666666666666,HR
2025-04-01,104.05791666666666,HR
2025-04-02,88.92125,HR
2025-04-03,85.96875,HR
2025-04-04,97.11041666666668,HR
2025-04-05,66.17166666666667,HR
2025-04-06,50.92083333333333,HR
2025-04-07,108.19375,HR
2025-04-08,114.31416666666668,HR
2025-04-09,113.59958333333331,HR
2025-04-10,95.95583333333332,HR
2025-04-11,80.36958333333332,HR
2025-04-12,80.255,HR
2025-04-13,53.33083333333334,HR
2025-04-14,110.27791666666668,HR
2025-04-15,103.46416666666666,HR
2025-04-16,82.96625,HR
2025-04-17,83.55499999999999,HR
2025-04-18,90.44458333333334,HR
2025-04-19,72.6025,HR
2025-04-20,53.879583333333336,HR
2025-04-21,69.02875,HR
2025-04-22,115.03916666666667,HR
2025-04-23,115.28458333333332,HR
2025-04-24,100.1375,HR
2025-04-25,88.95208333333333,HR
2025-04-26,59.68333333333334,HR
2025-04-27,35.53541666666667,HR
2025-04-28,76.44500000000001,HR
2025-04-29,72.80041666666666,HR
2025-04-30,74.205,HR
2025-05-01,45.254583333333336,HR
2025-05-02,60.35333333333333,HR
2025-05-03,56.376666666666665,HR
2025-05-04,33.86083333333333,HR
2025-05-05,94.77375,HR
2025-05-06,100.52583333333332,HR
2025-05-07,107.39916666666666,HR
2025-05-08,109.77958333333332,HR
2025-05-09,87.93166666666667,HR
2025-05-10,57.815416666666664,HR
2025-05-11,43.50791666666667,HR
2025-05-12,128.13083333333333,HR
2025-05-13,109.36166666666666,HR
2025-05-14,102.62208333333332,HR
2025-05-15,90.37416666666668,HR
2025-05-16,95.01125,HR
2025-05-17,74.46208333333333,HR
2025-05-18,66.13,HR
2025-05-19,102.13958333333332,HR
2025-05-20,123.90916666666668,HR
2025-05-21,122.53625,HR
2025-05-22,104.03625,HR
2025-05-23,112.95833333333331,HR
2025-05-24,67.965,HR
2025-05-25,31.891666666666666,HR
2025-05-26,96.63125,HR
2025-05-27,78.20541666666666,HR
2025-05-28,96.50083333333332,HR
2025-05-29,73.11125,HR
2025-05-30,54.48708333333334,HR
2025-05-31,72.33791666666666,HR
2025-06-01,44.03583333333333,HR
2025-06-02,113.26583333333332,HR
2025-06-03,90.125,HR
2025-06-04,103.73083333333334,HR
2025-06-05,105.395,HR
2025-06-06,88.63291666666667,HR
2025-06-07,76.00333333333333,HR
2025-06-08,56.79458333333333,HR
2025-06-09,80.92583333333333,HR
2025-06-10,86.49833333333333,HR
2025-06-11,85.25541666666666,HR
2025-06-12,87.99833333333333,HR
2025-06-13,80.50416666666666,HR
2025-06-14,55.40041666666667,HR
2025-06-15,63.39208333333334,HR
2025-06-16,100.69541666666667,HR
2025-06-17,94.995,HR
2025-06-18,99.87041666666666,HR
2025-06-19,86.95458333333333,HR
2025-06-20,90.39208333333332,HR
2025-06-21,76.69916666666667,HR
2025-06-22,48.776250000000005,HR
2025-06-23,103.04916666666666,HR
2025-06-24,96.39458333333332,HR
2025-06-25,104.46041666666667,HR
2025-06-26,117.77791666666668,HR
2025-06-27,107.62333333333332,HR
2025-06-28,62.50208333333333,HR
2025-06-29,58.01333333333333,HR
2025-06-30,113.99125,HR
2025-07-01,134.975,HR
2025-07-02,128.60875,HR
2025-07-03,108.66041666666666,HR
2025-07-04,120.39083333333332,HR
2025-07-05,82.67208333333333,HR
2025-07-06,82.89958333333333,HR
2025-07-07,116.02791666666668,HR
2025-07-08,101.07958333333332,HR
2025-07-09,90.2025,HR
2025-07-10,89.52833333333332,HR
2025-07-11,97.10416666666669,HR
2025-07-12,73.08708333333333,HR
2025-07-13,70.01458333333333,HR
2025-07-14,109.56041666666664,HR
2025-07-15,99.86583333333331,HR
2025-07-16,105.5575,HR
2025-07-17,101.70666666666666,HR
2025-07-18,106.15833333333336,HR
2025-07-19,83.22416666666666,HR
2025-07-20,78.81583333333333,HR
2025-07-21,110.34541666666668,HR
2025-07-22,110.73208333333334,HR
2025-07-23,142.07958333333332,HR
2025-07-24,126.4275,HR
2025-07-25,155.15416666666667,HR
2025-07-26,107.66791666666668,HR
2025-07-27,83.17375,HR
2025-07-28,102.7,HR
2025-07-29,92.79625,HR
2025-07-30,90.2375,HR
2025-07-31,92.82125,HR
2025-08-01,96.69791666666669,HR
2025-08-02,68.95958333333333,HR
2025-08-03,46.905833333333334,HR
2025-08-04,79.10583333333334,HR
2025-08-05,60.26083333333333,HR
2025-08-06,71.98833333333333,HR
2025-08-07,70.7325,HR
2025-08-08,80.43041666666666,HR
2025-08-09,70.415,HR
2025-08-10,50.95416666666667,HR
2025-08-11,84.44083333333333,HR
2025-08-12,93.41333333333334,HR
2025-08-13,94.53666666666668,HR
2025-08-14,104.77625,HR
2025-08-15,72.83541666666666,HR
2025-08-16,68.52458333333333,HR
2025-08-17,61.18625,HR
2025-08-18,90.16083333333334,HR
2025-08-19,92.09916666666668,HR
2025-08-20,88.3125,HR
2025-08-21,96.76416666666668,HR
2025-08-22,71.04916666666666,HR
2025-08-23,69.05583333333333,HR
2025-08-24,61.99041666666667,HR
2025-08-25,87.57916666666667,HR
2025-08-26,97.72958333333334,HR
2025-08-27,100.8525,HR
2025-08-28,81.54541666666667,HR
2025-08-29,94.29416666666668,HR
2025-08-30,74.46375,HR
2025-08-31,56.05916666666667,HR
2025-09-01,99.68333333333334,HR
2025-09-02,106.645,HR
2025-09-03,86.5825,HR
2025-09-04,98.97333333333334,HR
2025-09-05,104.75125,HR
2025-09-06,81.20083333333334,HR
2025-09-07,48.14791666666667,HR
2025-09-08,125.65416666666664,HR
2025-09-09,140.67791666666668,HR
2025-09-10,121.30583333333334,HR
2025-09-11,109.86208333333332,HR
2025-09-12,101.88291666666667,HR
2025-09-13,67.42,HR
2025-09-14,67.98916666666666,HR
2025-09-15,79.24333333333333,HR
2025-09-16,109.68125,HR
2025-09-17,82.72833333333334,HR
2025-09-18,74.68625,HR
2025-09-19,93.86666666666667,HR
2025-09-20,63.5625,HR
2025-09-21,31.799583333333334,HR
2025-09-22,90.8325,HR
2025-09-23,112.60583333333334,HR
2025-09-24,104.805,HR
2025-09-25,98.09666666666668,HR
2025-09-26,101.02291666666667,HR
2025-09-27,93.75208333333336,HR
2025-09-28,90.675,HR
2025-09-29,133.21041666666667,HR
2025-09-30,149.65541666666667,HR
2025-10-01,121.90416666666664,HR
2025-10-02,111.910625,HR
2025-10-03,93.25614583333332,HR
2025-10-04,91.5490625,HR
2025-10-05,64.10208333333334,HR
2025-10-06,120.3359375,HR
2025-10-07,137.09687499999998,HR
2025-10-08,118.69427083333332,HR
2025-10-09,119.71375,HR
2025-10-10,115.81708333333334,HR
2025-10-11,91.74802083333331,HR
2025-10-12,94.96427083333332,HR
2025-10-13,153.19489583333333,HR
2025-10-14,171.9701041666667,HR
2025-10-15,166.84770833333332,HR
2025-10-16,119.57489583333334,HR
2025-10-17,119.39291666666666,HR
2025-10-18,110.99083333333334,HR
2025-10-19,95.22010416666666,HR
2025-10-20,130.98114583333333,HR
2025-10-21,134.05572916666668,HR
2025-10-22,135.46125,HR
2025-10-23,110.42864583333332,HR
2025-10-24,92.72041666666668,HR
2025-10-25,85.04104166666667,HR
2025-10-26,67.3744,HR
2025-10-27,105.8784375,HR
2025-10-28,105.02802083333334,HR
2025-10-29,99.6725,HR
2025-10-30,103.6440625,HR
2025-10-31,120.24791666666664,HR
2025-11-01,76.46645833333334,HR
2025-11-02,91.93708333333332,HR
2025-11-03,110.9465625,HR
2025-11-04,107.85958333333332,HR
2025-11-05,112.02,HR
2025-11-06,119.64447916666668,HR
2025-11-07,117.17697916666668,HR
2025-11-08,112.24895833333332,HR
2025-11-09,105.77208333333334,HR
2025-11-10,123.58520833333334,HR
2025-11-11,112.89427083333334,HR
2025-11-12,126.4615625,HR
2025-11-13,132.1440625,HR
2025-11-14,125.526875,HR
2025-11-15,112.4875,HR
2025-11-16,109.45020833333332,HR
2025-11-17,105.8171875,HR
2025-11-18,108.32010416666668,HR
2025-11-19,120.60302083333332,HR
2025-11-20,132.06562499999998,HR
2025-11-21,144.81354166666668,HR
2025-11-22,106.151875,HR
2025-11-23,97.070625,HR
2025-11-24,149.17583333333332,HR
2025-11-25,189.23291666666668,HR
2025-11-26,158.34177083333333,HR
2025-11-27,112.45708333333332,HR
2025-11-28,115.19416666666666,HR
2025-11-29,109.30447916666668,HR
2025-11-30,102.501875,HR
2025-12-01,143.62875,HR
2025-12-02,140.29864583333332,HR
2025-12-03,161.58697916666668,HR
2025-12-04,130.18854166666668,HR
2025-12-05,129.65125,HR
2025-12-06,101.3484375,HR
2025-12-07,94.91291666666666,HR
2025-12-08,105.37083333333334,HR
2025-12-09,114.52958333333332,HR
2025-12-10,114.74416666666669,HR
2025-12-11,114.64708333333334,HR
2025-12-12,119.24166666666667,HR
2025-12-13,105.89947916666668,HR
2025-12-14,98.6321875,HR
2025-12-15,119.38,HR
2025-12-16,131.165,HR
2025-12-17,126.69739583333336,HR
2025-12-18,135.57520833333334,HR
2025-12-19,123.2565625,HR
2025-12-20,110.6021875,HR
2025-12-21,105.59802083333334,HR
2025-12-22,113.38,HR
2025-12-23,105.98479166666668,HR
2025-12-24,93.33208333333332,HR
2025-12-25,86.18854166666667,HR
2025-12-26,98.52552083333336,HR
2025-12-27,96.9909375,HR
2025-12-28,93.96208333333334,HR
2025-12-29,103.11729166666667,HR
2025-12-30,91.21114583333332,HR
2025-12-31,96.58073684210528,HR
2026-01-01,68.8528125,HR
2026-01-02,83.8784375,HR
2026-01-03,92.9090625,HR
2026-01-04,95.42916666666667,HR
2026-01-05,138.16416666666666,HR
2026-01-06,128.29468749999998,HR
2026-01-07,134.6496875,HR
2026-01-08,164.0121875,HR
2026-01-09,135.63875,HR
2026-01-10,124.89625,HR
2026-01-11,99.5034375,HR
2026-01-12,185.9986458333333,HR
2026-01-13,226.6392708333333,HR
2026-01-14,171.06229166666665,HR
2026-01-15,173.84635416666666,HR
2026-01-16,150.64197916666666,HR
2026-01-17,119.23791666666666,HR
2026-01-18,115.521875,HR
2026-01-19,150.14239583333332,HR
2026-01-20,166.83635416666667,HR
2026-01-21,155.76145833333334,HR
2026-01-22,220.3403125,HR
2026-01-23,201.3621875,HR
2026-01-24,137.40375,HR
2026-01-25,118.75083333333332,HR
2026-01-26,156.3778125,HR
2026-01-27,172.20197916666666,HR
2026-01-28,155.74322916666668,HR
2026-01-29,143.506875,HR
2026-01-30,132.61989583333337,HR
2026-01-31,117.77166666666666,HR
2026-02-01,109.98354166666668,HR
2026-02-02,142.47645833333334,HR
2026-02-03,135.3975,HR
2026-02-04,130.43947916666667,HR
2026-02-05,126.34614583333332,HR
2026-02-06,137.00239583333334,HR
2026-02-07,113.65583333333336,HR
2026-02-08,104.45916666666666,HR
2026-02-09,143.388125,HR
2026-02-10,132.87854166666668,HR
2026-02-11,120.69885416666666,HR
2026-02-12,119.33822916666666,HR
2026-02-13,112.1696875,HR
2026-02-14,99.26833333333332,HR
2026-02-15,83.74541666666667,HR
2026-02-16,115.20916666666666,HR
2026-02-17,108.00447916666668,HR
2026-02-18,113.75125,HR
2026-02-19,108.41333333333334,HR
2026-02-20,96.92104166666668,HR
2026-02-21,82.06229166666667,HR
2026-02-22,67.2709375,HR
2026-02-23,86.98489583333333,HR
2026-02-24,110.98885416666668,HR
2026-02-25,94.08447916666668,HR
2026-02-26,81.63250000000001,HR
2026-02-27,73.8884375,HR
2026-02-28,59.27114583333333,HR
2026-03-01,59.25885416666667,HR
2026-03-02,105.88364583333332,HR
2026-03-03,110.65583333333332,HR
2026-03-04,134.62447916666667,HR
2026-03-05,115.89020833333332,HR
2026-03-06,98.90833333333336,HR
2026-03-07,101.84697916666666,HR
2026-03-08,97.90385416666668,HR
2026-03-09,127.57416666666668,HR
2026-03-10,118.94479166666667,HR
2026-03-11,97.47520833333334,HR
2026-03-12,113.54354166666668,HR
2026-03-13,91.93177083333336,HR
2026-03-14,86.2584375,HR
2026-03-15,95.93416666666668,HR
2026-03-16,99.9178125,HR
2026-03-17,130.44729166666667,HR
2026-03-18,99.6109375,HR
2026-03-19,112.09541666666668,HR
2026-03-20,141.86927083333333,HR
2026-03-21,123.79114583333336,HR
2026-03-22,93.69708333333334,HR
2026-03-23,154.80677083333333,HR
2026-03-24,111.4021875,HR
2026-03-25,105.6384375,HR
2026-03-26,130.80145833333333,HR
2026-03-27,120.62854166666666,HR
2026-03-28,83.45989583333333,HR
2026-03-29,84.80967391304348,HR
2026-03-30,127.57645833333332,HR
2026-03-31,136.55041666666668,HR
2026-04-01,151.0528125,HR
2026-04-02,134.25385416666668,HR
2026-04-03,108.90104166666669,HR
2026-04-04,66.15041666666666,HR
2026-04-05,22.500937500000003,HR
2026-04-06,36.0353125,HR
2026-04-07,90.3121875,HR
2026-04-08,85.06854166666666,HR
2026-04-09,93.97354166666668,HR
2026-04-10,127.82614583333331,HR
2026-04-11,78.835,HR
2026-04-12,83.6140625,HR
2026-04-13,90.1134375,HR
2026-04-14,141.7559375,HR
2026-04-15,130.03166666666667,HR
2026-04-16,115.0721875,HR
2026-04-17,99.334375,HR
2026-04-18,78.77968750000001,HR
2026-04-19,77.43677083333334,HR
2026-04-20,106.0565625,HR
2026-04-21,109.66020833333332,HR
2026-04-22,96.48229166666664,HR
2026-04-23,77.3471875,HR
2026-04-24,83.04010416666667,HR
2026-04-25,32.990520833333335,HR
2026-04-26,4.834583333333334,HR
2026-04-27,98.42833333333334,HR
2026-04-28,100.3215625,HR
2026-04-29,109.75947916666668,HR
2026-04-30,82.56166666666667,HR
2026-05-01,26.071979166666665,HR
2026-05-02,62.50052083333333,HR
2026-05-03,71.10802083333333,HR
2026-05-04,110.37697916666669,HR
2026-05-05,120.43072916666668,HR
2026-05-06,128.45645833333333,HR
2026-05-07,138.663125,HR
2026-05-08,130.196875,HR
2026-05-09,103.05427083333332,HR
2026-05-10,90.3896875,HR
2026-05-11,132.14864583333335,HR
2026-05-12,111.55770833333332,HR
2026-05-13,128.64729166666666,HR
2026-05-14,113.1340625,HR
2026-05-15,119.88239583333332,HR
2026-05-16,83.77833333333334,HR
2026-05-17,85.93729166666667,HR
2026-05-18,143.2408333333333,HR
2026-05-19,140.38010416666663,HR
2026-05-20,98.15885416666669,HR
2026-05-21,102.76854166666668,HR
2026-05-22,110.080625,HR
2026-05-23,83.100625,HR
2026-05-24,70.2365625,HR
2026-05-25,143.09,HR
2021-01-01,42.51,PT
2021-01-02,48.720416666666665,PT
2021-01-03,47.159166666666664,PT
2021-01-04,59.84958333333333,PT
2021-01-05,67.54541666666667,PT
2021-01-06,70.59916666666668,PT
2021-01-07,88.92625,PT
2021-01-08,94.98875,PT
2021-01-09,83.79833333333333,PT
2021-01-10,70.6025,PT
2021-01-11,82.45,PT
2021-01-12,85.53791666666666,PT
2021-01-13,91.41541666666669,PT
2021-01-14,87.25208333333335,PT
2021-01-15,79.745,PT
2021-01-16,68.10666666666667,PT
2021-01-17,67.12958333333333,PT
2021-01-18,82.07625,PT
2021-01-19,76.46541666666667,PT
2021-01-20,51.6625,PT
2021-01-21,43.56666666666666,PT
2021-01-22,41.974583333333335,PT
2021-01-23,27.495,PT
2021-01-24,28.725,PT
2021-01-25,58.54583333333333,PT
2021-01-26,65.97791666666667,PT
2021-01-27,60.06166666666667,PT
2021-01-28,55.39041666666666,PT
2021-01-29,47.60541666666666,PT
2021-01-30,4.185833333333333,PT
2021-01-31,1.4195833333333334,PT
2021-02-01,11.8975,PT
2021-02-02,26.3375,PT
2021-02-03,36.2625,PT
2021-02-04,52.19708333333333,PT
2021-02-05,50.99125,PT
2021-02-06,36.01583333333333,PT
2021-02-07,12.580833333333333,PT
2021-02-08,8.296666666666667,PT
2021-02-09,6.6312500000000005,PT
2021-02-10,21.607916666666668,PT
2021-02-11,47.620000000000005,PT
2021-02-12,36.64083333333333,PT
2021-02-13,36.900416666666665,PT
2021-02-14,13.378749999999998,PT
2021-02-15,13.513750000000002,PT
2021-02-16,23.90041666666667,PT
2021-02-17,41.930416666666666,PT
2021-02-18,36.17791666666667,PT
2021-02-19,22.269166666666667,PT
2021-02-20,2.0191666666666666,PT
2021-02-21,5.6745833333333335,PT
2021-02-22,39.39083333333333,PT
2021-02-23,43.45166666666666,PT
2021-02-24,23.83,PT
2021-02-25,46.026250000000005,PT
2021-02-26,46.05791666666667,PT
2021-02-27,29.24375,PT
2021-02-28,18.533333333333335,PT
2021-03-01,42.24208333333333,PT
2021-03-02,52.66625,PT
2021-03-03,53.24375,PT
2021-03-04,55.26499999999999,PT
2021-03-05,52.348749999999995,PT
2021-03-06,45.07333333333333,PT
2021-03-07,46.98375000000001,PT
2021-03-08,54.425,PT
2021-03-09,56.87916666666666,PT
2021-03-10,55.8675,PT
2021-03-11,41.49166666666667,PT
2021-03-12,40.1625,PT
2021-03-13,27.752916666666664,PT
2021-03-14,24.544583333333332,PT
2021-03-15,47.585,PT
2021-03-16,34.514583333333334,PT
2021-03-17,17.115416666666665,PT
2021-03-18,32.772083333333335,PT
2021-03-19,29.66125,PT
2021-03-20,22.18875,PT
2021-03-21,30.275,PT
2021-03-22,55.79416666666666,PT
2021-03-23,64.32583333333334,PT
2021-03-24,64.70333333333333,PT
2021-03-25,65.73916666666666,PT
2021-03-26,60.31041666666667,PT
2021-03-27,41.10583333333333,PT
2021-03-28,38.60130434782609,PT
2021-03-29,45.35375,PT
2021-03-30,52.935833333333335,PT
2021-03-31,54.87291666666667,PT
2021-04-01,52.117916666666666,PT
2021-04-02,51.00416666666666,PT
2021-04-03,36.48125,PT
2021-04-04,27.735,PT
2021-04-05,44.552083333333336,PT
2021-04-06,55.97,PT
2021-04-07,66.11166666666666,PT
2021-04-08,69.62,PT
2021-04-09,70.72500000000001,PT
2021-04-10,65.00541666666668,PT
2021-04-11,52.01291666666666,PT
2021-04-12,63.03541666666667,PT
2021-04-13,74.81416666666667,PT
2021-04-14,73.01041666666667,PT
2021-04-15,67.98,PT
2021-04-16,68.9275,PT
2021-04-17,64.20708333333333,PT
2021-04-18,64.53916666666667,PT
2021-04-19,78.94166666666666,PT
2021-04-20,78.0625,PT
2021-04-21,79.50541666666668,PT
2021-04-22,74.41416666666667,PT
2021-04-23,68.55541666666666,PT
2021-04-24,57.31166666666667,PT
2021-04-25,61.08833333333333,PT
2021-04-26,75.98833333333333,PT
2021-04-27,77.95333333333333,PT
2021-04-28,74.40416666666667,PT
2021-04-29,74.66833333333334,PT
2021-04-30,79.28583333333333,PT
2021-05-01,59.36166666666667,PT
2021-05-02,61.39166666666667,PT
2021-05-03,73.45208333333333,PT
2021-05-04,81.27,PT
2021-05-05,75.71458333333332,PT
2021-05-06,73.10833333333333,PT
2021-05-07,73.49916666666667,PT
2021-05-08,47.515833333333326,PT
2021-05-09,10.5275,PT
2021-05-10,59.26458333333333,PT
2021-05-11,54.05041666666667,PT
2021-05-12,54.55083333333334,PT
2021-05-13,59.79624999999999,PT
2021-05-14,71.52958333333333,PT
2021-05-15,43.555416666666666,PT
2021-05-16,26.649583333333336,PT
2021-05-17,76.22083333333333,PT
2021-05-18,77.64999999999999,PT
2021-05-19,76.74374999999999,PT
2021-05-20,79.70666666666666,PT
2021-05-21,68.88041666666666,PT
2021-05-22,66.40708333333333,PT
2021-05-23,68.66791666666667,PT
2021-05-24,67.40416666666667,PT
2021-05-25,76.5625,PT
2021-05-26,80.52458333333333,PT
2021-05-27,86.22874999999999,PT
2021-05-28,88.95208333333333,PT
2021-05-29,81.76708333333333,PT
2021-05-30,71.92916666666666,PT
2021-05-31,87.95583333333333,PT
2021-06-01,86.56458333333335,PT
2021-06-02,84.84541666666667,PT
2021-06-03,79.80208333333333,PT
2021-06-04,80.58624999999999,PT
2021-06-05,76.16791666666667,PT
2021-06-06,68.86833333333333,PT
2021-06-07,79.69083333333333,PT
2021-06-08,82.07791666666667,PT
2021-06-09,81.60166666666667,PT
2021-06-10,83.23916666666666,PT
2021-06-11,82.29375,PT
2021-06-12,77.59833333333333,PT
2021-06-13,79.19583333333334,PT
2021-06-14,88.95875000000001,PT
2021-06-15,90.71708333333332,PT
2021-06-16,94.63291666666667,PT
2021-06-17,92.99666666666668,PT
2021-06-18,92.67416666666666,PT
2021-06-19,87.22416666666668,PT
2021-06-20,52.63458333333333,PT
2021-06-21,82.55166666666666,PT
2021-06-22,89.52499999999999,PT
2021-06-23,89.88375,PT
2021-06-24,85.73458333333333,PT
2021-06-25,86.56958333333334,PT
2021-06-26,83.99208333333333,PT
2021-06-27,64.21166666666666,PT
2021-06-28,86.435,PT
2021-06-29,93.49125,PT
2021-06-30,93.88666666666668,PT
2021-07-01,92.44083333333332,PT
2021-07-02,99.79791666666668,PT
2021-07-03,94.2275,PT
2021-07-04,79.42666666666666,PT
2021-07-05,93.85041666666666,PT
2021-07-06,93.57125,PT
2021-07-07,98.72375,PT
2021-07-08,93.67458333333332,PT
2021-07-09,93.4975,PT
2021-07-10,90.47833333333334,PT
2021-07-11,90.76625,PT
2021-07-12,86.675,PT
2021-07-13,94.39,PT
2021-07-14,84.45875,PT
2021-07-15,87.18374999999999,PT
2021-07-16,87.31708333333334,PT
2021-07-17,90.95208333333332,PT
2021-07-18,80.6375,PT
2021-07-19,98.64666666666666,PT
2021-07-20,101.11041666666668,PT
2021-07-21,106.57333333333334,PT
2021-07-22,101.51666666666668,PT
2021-07-23,95.88708333333334,PT
2021-07-24,92.01875,PT
2021-07-25,93.20208333333332,PT
2021-07-26,99.52333333333333,PT
2021-07-27,99.04666666666668,PT
2021-07-28,95.57416666666668,PT
2021-07-29,98.83166666666666,PT
2021-07-30,95.36625,PT
2021-07-31,61.08625,PT
2021-08-01,76.88666666666667,PT
2021-08-02,103.07458333333334,PT
2021-08-03,106.26666666666668,PT
2021-08-04,105.23916666666666,PT
2021-08-05,101.60458333333332,PT
2021-08-06,97.21583333333332,PT
2021-08-07,65.63541666666667,PT
2021-08-08,85.29208333333334,PT
2021-08-09,106.74208333333333,PT
2021-08-10,111.87583333333332,PT
2021-08-11,113.99416666666669,PT
2021-08-12,115.82666666666668,PT
2021-08-13,117.29166666666669,PT
2021-08-14,114.63333333333333,PT
2021-08-15,110.02291666666667,PT
2021-08-16,88.92458333333333,PT
2021-08-17,89.49958333333332,PT
2021-08-18,106.79416666666668,PT
2021-08-19,113.40416666666664,PT
2021-08-20,117.13916666666668,PT
2021-08-21,110.14041666666668,PT
2021-08-22,100.50916666666666,PT
2021-08-23,99.755,PT
2021-08-24,102.06333333333332,PT
2021-08-25,116.73375,PT
2021-08-26,122.75666666666666,PT
2021-08-27,118.99416666666669,PT
2021-08-28,110.22,PT
2021-08-29,102.03416666666668,PT
2021-08-30,124.45125,PT
2021-08-31,130.53041666666667,PT
2021-09-01,132.465,PT
2021-09-02,140.22708333333333,PT
2021-09-03,137.70000000000002,PT
2021-09-04,134.89458333333332,PT
2021-09-05,128.69625,PT
2021-09-06,132.645,PT
2021-09-07,127.35583333333334,PT
2021-09-08,135.65416666666667,PT
2021-09-09,141.7125,PT
2021-09-10,152.31958333333333,PT
2021-09-11,150.77916666666667,PT
2021-09-12,144.17791666666668,PT
2021-09-13,154.15666666666667,PT
2021-09-14,153.43,PT
2021-09-15,172.78333333333333,PT
2021-09-16,188.17666666666665,PT
2021-09-17,166.29,PT
2021-09-18,159.36833333333334,PT
2021-09-19,155.56791666666666,PT
2021-09-20,156.74791666666667,PT
2021-09-21,150.25666666666666,PT
2021-09-22,175.39,PT
2021-09-23,165.19,PT
2021-09-24,172.96624999999997,PT
2021-09-25,167.58124999999998,PT
2021-09-26,162.2175,PT
2021-09-27,174.6833333333333,PT
2021-09-28,182.7125,PT
2021-09-29,189.8983333333333,PT
2021-09-30,189.82583333333332,PT
2021-10-01,216.00833333333333,PT
2021-10-02,173.64916666666667,PT
2021-10-03,111.60125,PT
2021-10-04,186.4575,PT
2021-10-05,203.68208333333337,PT
2021-10-06,228.5925,PT
2021-10-07,288.5254166666667,PT
2021-10-08,229.20375,PT
2021-10-09,226.21,PT
2021-10-10,175.90916666666666,PT
2021-10-11,184.47916666666663,PT
2021-10-12,184.7375,PT
2021-10-13,185.73583333333332,PT
2021-10-14,215.63,PT
2021-10-15,231.81708333333333,PT
2021-10-16,226.92916666666667,PT
2021-10-17,209.62541666666667,PT
2021-10-18,227.45041666666668,PT
2021-10-19,207.13916666666668,PT
2021-10-20,201.39958333333337,PT
2021-10-21,207.92458333333332,PT
2021-10-22,203.54458333333332,PT
2021-10-23,211.2125,PT
2021-10-24,213.28916666666663,PT
2021-10-25,225.3625,PT
2021-10-26,215.83375,PT
2021-10-27,226.15291666666667,PT
2021-10-28,205.045,PT
2021-10-29,175.82708333333335,PT
2021-10-30,124.52625,PT
2021-10-31,78.9956,PT
2021-11-01,91.19625,PT
2021-11-02,145.94833333333335,PT
2021-11-03,154.29333333333332,PT
2021-11-04,171.9125,PT
2021-11-05,171.44958333333332,PT
2021-11-06,157.42916666666667,PT
2021-11-07,132.49291666666667,PT
2021-11-08,167.6725,PT
2021-11-09,178.45208333333335,PT
2021-11-10,199.28,PT
2021-11-11,183.20583333333332,PT
2021-11-12,185.01875,PT
2021-11-13,180.475,PT
2021-11-14,172.47208333333333,PT
2021-11-15,180.88208333333333,PT
2021-11-16,194.22583333333333,PT
2021-11-17,194.84124999999997,PT
2021-11-18,225.11833333333337,PT
2021-11-19,228.47333333333333,PT
2021-11-20,218.46083333333337,PT
2021-11-21,229.61625,PT
2021-11-22,236.50708333333333,PT
2021-11-23,225.575,PT
2021-11-24,225.70375,PT
2021-11-25,228.41708333333335,PT
2021-11-26,227.59333333333333,PT
2021-11-27,204.3529166666667,PT
2021-11-28,201.4154166666667,PT
2021-11-29,214.99708333333336,PT
2021-11-30,277.5520833333333,PT
2021-12-01,247.2095833333333,PT
2021-12-02,220.6604166666667,PT
2021-12-03,226.1470833333333,PT
2021-12-04,220.89791666666667,PT
2021-12-05,101.9725,PT
2021-12-06,212.24125,PT
2021-12-07,211.80583333333337,PT
2021-12-08,108.72666666666667,PT
2021-12-09,216.73708333333332,PT
2021-12-10,208.40708333333336,PT
2021-12-11,239.5325,PT
2021-12-12,256.97583333333336,PT
2021-12-13,268.20750000000004,PT
2021-12-14,287.77625,PT
2021-12-15,291.7275,PT
2021-12-16,302.4845833333333,PT
2021-12-17,309.19625,PT
2021-12-18,306.32958333333335,PT
2021-12-19,319.62833333333333,PT
2021-12-20,339.8391666666667,PT
2021-12-21,327.37958333333336,PT
2021-12-22,360.02416666666664,PT
2021-12-23,383.6725,PT
2021-12-24,311.01666666666665,PT
2021-12-25,226.41625,PT
2021-12-26,188.6875,PT
2021-12-27,96.09666666666668,PT
2021-12-28,104.88,PT
2021-12-29,181.08833333333337,PT
2021-12-30,200.68166666666664,PT
2021-12-31,140.42217391304348,PT
2022-01-01,122.62916666666666,PT
2022-01-02,137.75041666666667,PT
2022-01-03,150.4983333333333,PT
2022-01-04,152.47333333333333,PT
2022-01-05,180.98791666666668,PT
2022-01-06,212.97916666666663,PT
2022-01-07,215.85583333333332,PT
2022-01-08,204.31541666666664,PT
2022-01-09,119.82541666666668,PT
2022-01-10,217.26458333333335,PT
2022-01-11,223.16333333333333,PT
2022-01-12,206.06833333333336,PT
2022-01-13,215.105,PT
2022-01-14,202.94708333333335,PT
2022-01-15,218.81833333333336,PT
2022-01-16,213.09625000000003,PT
2022-01-17,244.66958333333332,PT
2022-01-18,222.73,PT
2022-01-19,213.16083333333333,PT
2022-01-20,190.63916666666668,PT
2022-01-21,179.0895833333333,PT
2022-01-22,190.41458333333333,PT
2022-01-23,201.34,PT
2022-01-24,226.99875,PT
2022-01-25,224.23666666666668,PT
2022-01-26,236.77125,PT
2022-01-27,232.50208333333333,PT
2022-01-28,224.58791666666664,PT
2022-01-29,223.355,PT
2022-01-30,230.50458333333333,PT
2022-01-31,223.95458333333332,PT
2022-02-01,206.54125,PT
2022-02-02,210.17625,PT
2022-02-03,207.89,PT
2022-02-04,197.02625,PT
2022-02-05,198.37249999999997,PT
2022-02-06,190.4675,PT
2022-02-07,206.46208333333337,PT
2022-02-08,203.69833333333335,PT
2022-02-09,210.52458333333337,PT
2022-02-10,209.12541666666667,PT
2022-02-11,196.49291666666667,PT
2022-02-12,198.9383333333333,PT
2022-02-13,165.38708333333332,PT
2022-02-14,183.32375,PT
2022-02-15,199.94458333333333,PT
2022-02-16,178.13541666666666,PT
2022-02-17,168.34166666666667,PT
2022-02-18,184.25625,PT
2022-02-19,137.75791666666666,PT
2022-02-20,163.06291666666667,PT
2022-02-21,186.37958333333333,PT
2022-02-22,180.52166666666668,PT
2022-02-23,195.86208333333337,PT
2022-02-24,205.6025,PT
2022-02-25,240.13125,PT
2022-02-26,261.1120833333333,PT
2022-02-27,256.83750000000003,PT
2022-02-28,277.77500000000003,PT
2022-03-01,258.65875,PT
2022-03-02,254.03041666666664,PT
2022-03-03,341.06166666666667,PT
2022-03-04,340.69541666666663,PT
2022-03-05,366.5495833333334,PT
2022-03-06,379.03125,PT
2022-03-07,442.5375,PT
2022-03-08,542.7791666666667,PT
2022-03-09,472.9704166666666,PT
2022-03-10,369.7475,PT
2022-03-11,284.57875,PT
2022-03-12,246.05125,PT
2022-03-13,248.55625,PT
2022-03-14,251.70416666666665,PT
2022-03-15,249.66375,PT
2022-03-16,263.64708333333334,PT
2022-03-17,217.12541666666667,PT
2022-03-18,232.2820833333333,PT
2022-03-19,221.91125,PT
2022-03-20,207.1125,PT
2022-03-21,229.71125,PT
2022-03-22,226.1425,PT
2022-03-23,212.43666666666664,PT
2022-03-24,225.7125,PT
2022-03-25,262.84083333333336,PT
2022-03-26,237.4454166666667,PT
2022-03-27,219.42260869565217,PT
2022-03-28,231.71875,PT
2022-03-29,248.09708333333333,PT
2022-03-30,255.80999999999997,PT
2022-03-31,239.36916666666664,PT
2022-04-01,224.75458333333333,PT
2022-04-02,225.08375,PT
2022-04-03,228.53666666666663,PT
2022-04-04,251.40583333333333,PT
2022-04-05,265.01625,PT
2022-04-06,254.99458333333337,PT
2022-04-07,214.79291666666663,PT
2022-04-08,154.69625,PT
2022-04-09,241.58625,PT
2022-04-10,159.33124999999998,PT
2022-04-11,163.1275,PT
2022-04-12,237.29958333333337,PT
2022-04-13,229.43499999999997,PT
2022-04-14,220.76125,PT
2022-04-15,198.4729166666667,PT
2022-04-16,162.61375,PT
2022-04-17,120.43916666666668,PT
2022-04-18,103.24333333333334,PT
2022-04-19,112.12166666666668,PT
2022-04-20,85.18916666666667,PT
2022-04-21,161.7175,PT
2022-04-22,207.76875,PT
2022-04-23,86.24874999999999,PT
2022-04-24,146.94666666666666,PT
2022-04-25,224.635,PT
2022-04-26,233.78,PT
2022-04-27,220.7804166666667,PT
2022-04-28,224.25625,PT
2022-04-29,214.8175,PT
2022-04-30,186.44916666666663,PT
2022-05-01,177.85833333333335,PT
2022-05-02,191.80625,PT
2022-05-03,191.47125000000003,PT
2022-05-04,202.14916666666667,PT
2022-05-05,190.7725,PT
2022-05-06,197.63208333333333,PT
2022-05-07,184.86375,PT
2022-05-08,174.0895833333333,PT
2022-05-09,208.73666666666668,PT
2022-05-10,208.70625,PT
2022-05-11,186.87708333333333,PT
2022-05-12,187.26625,PT
2022-05-13,202.61208333333332,PT
2022-05-14,191.5525,PT
2022-05-15,127.22833333333334,PT
2022-05-16,194.64791666666667,PT
2022-05-17,199.35708333333332,PT
2022-05-18,194.86166666666668,PT
2022-05-19,191.07541666666668,PT
2022-05-20,203.73625,PT
2022-05-21,178.70749999999998,PT
2022-05-22,170.56125,PT
2022-05-23,194.16125,PT
2022-05-24,180.01083333333335,PT
2022-05-25,184.57333333333335,PT
2022-05-26,173.28833333333333,PT
2022-05-27,168.53916666666666,PT
2022-05-28,162.2516666666667,PT
2022-05-29,161.8425,PT
2022-05-30,206.61875,PT
2022-05-31,213.8216666666667,PT
2022-06-01,210.45333333333335,PT
2022-06-02,214.73791666666668,PT
2022-06-03,214.5041666666667,PT
2022-06-04,203.86125,PT
2022-06-05,193.98291666666668,PT
2022-06-06,194.9416666666667,PT
2022-06-07,193.3204166666667,PT
2022-06-08,185.44833333333335,PT
2022-06-09,182.66958333333332,PT
2022-06-10,194.35083333333333,PT
2022-06-11,190.4983333333333,PT
2022-06-12,171.5775,PT
2022-06-13,200.6175,PT
2022-06-14,214.04541666666668,PT
2022-06-15,165.58958333333334,PT
2022-06-16,170.81291666666667,PT
2022-06-17,177.90333333333334,PT
2022-06-18,146.53583333333333,PT
2022-06-19,122.61166666666666,PT
2022-06-20,157.48041666666668,PT
2022-06-21,148.02791666666667,PT
2022-06-22,152.75,PT
2022-06-23,149.85541666666666,PT
2022-06-24,137.58791666666667,PT
2022-06-25,128.70333333333335,PT
2022-06-26,117.9425,PT
2022-06-27,142.47708333333333,PT
2022-06-28,144.66416666666666,PT
2022-06-29,134.65541666666667,PT
2022-06-30,132.1325,PT
2022-07-01,145.22083333333333,PT
2022-07-02,142.42375,PT
2022-07-03,145.10458333333335,PT
2022-07-04,159.92333333333332,PT
2022-07-05,139.16416666666666,PT
2022-07-06,145.29916666666665,PT
2022-07-07,124.83833333333332,PT
2022-07-08,146.73208333333335,PT
2022-07-09,148.62083333333334,PT
2022-07-10,138.62083333333334,PT
2022-07-11,157.53833333333333,PT
2022-07-12,155.705,PT
2022-07-13,159.45000000000002,PT
2022-07-14,171.72541666666666,PT
2022-07-15,148.1775,PT
2022-07-16,137.66958333333335,PT
2022-07-17,106.7875,PT
2022-07-18,115.76791666666666,PT
2022-07-19,142.35375000000002,PT
2022-07-20,147.5375,PT
2022-07-21,140.5625,PT
2022-07-22,133.4525,PT
2022-07-23,156.20208333333332,PT
2022-07-24,141.28916666666666,PT
2022-07-25,158.02,PT
2022-07-26,146.02666666666667,PT
2022-07-27,148.25291666666666,PT
2022-07-28,169.86,PT
2022-07-29,141.50625,PT
2022-07-30,129.9779166666667,PT
2022-07-31,114.135,PT
2022-08-01,148.70166666666668,PT
2022-08-02,151.29416666666663,PT
2022-08-03,147.85,PT
2022-08-04,147.23375,PT
2022-08-05,135.24125,PT
2022-08-06,144.33375,PT
2022-08-07,144.30499999999998,PT
2022-08-08,146.30791666666667,PT
2022-08-09,144.7025,PT
2022-08-10,144.77791666666667,PT
2022-08-11,150.18541666666667,PT
2022-08-12,158.2475,PT
2022-08-13,152.32375,PT
2022-08-14,149.18166666666667,PT
2022-08-15,153.78708333333333,PT
2022-08-16,143.20458333333332,PT
2022-08-17,139.29666666666665,PT
2022-08-18,134.67375,PT
2022-08-19,135.35,PT
2022-08-20,169.11416666666665,PT
2022-08-21,144.64,PT
2022-08-22,176.40375000000003,PT
2022-08-23,182.93,PT
2022-08-24,186.95208333333335,PT
2022-08-25,161.87875,PT
2022-08-26,175.32625,PT
2022-08-27,160.03875,PT
2022-08-28,169.28666666666666,PT
2022-08-29,188.42125,PT
2022-08-30,201.96291666666664,PT
2022-08-31,187.29583333333335,PT
2022-09-01,193.36125,PT
2022-09-02,152.13583333333332,PT
2022-09-03,119.22375,PT
2022-09-04,146.61666666666667,PT
2022-09-05,188.53166666666667,PT
2022-09-06,169.56791666666666,PT
2022-09-07,106.56291666666668,PT
2022-09-08,155.93625,PT
2022-09-09,159.725,PT
2022-09-10,176.05291666666665,PT
2022-09-11,161.42125,PT
2022-09-12,175.63125,PT
2022-09-13,128.7525,PT
2022-09-14,133.61333333333332,PT
2022-09-15,176.46124999999998,PT
2022-09-16,171.46375,PT
2022-09-17,64.28750000000001,PT
2022-09-18,131.60791666666668,PT
2022-09-19,193.03083333333333,PT
2022-09-20,149.47125,PT
2022-09-21,137.40291666666667,PT
2022-09-22,175.41916666666663,PT
2022-09-23,127.90666666666668,PT
2022-09-24,106.74291666666666,PT
2022-09-25,75.45041666666667,PT
2022-09-26,119.27416666666666,PT
2022-09-27,100.15875,PT
2022-09-28,108.6225,PT
2022-09-29,114.68625,PT
2022-09-30,118.38958333333332,PT
2022-10-01,116.085,PT
2022-10-02,145.00458333333333,PT
2022-10-03,200.38041666666663,PT
2022-10-04,190.52541666666664,PT
2022-10-05,167.96124999999998,PT
2022-10-06,113.10583333333334,PT
2022-10-07,154.37041666666667,PT
2022-10-08,119.30625,PT
2022-10-09,115.665,PT
2022-10-10,163.91666666666666,PT
2022-10-11,170.76999999999998,PT
2022-10-12,133.95708333333332,PT
2022-10-13,145.72,PT
2022-10-14,134.32666666666668,PT
2022-10-15,115.7275,PT
2022-10-16,103.96583333333332,PT
2022-10-17,140.22916666666666,PT
2022-10-18,107.46291666666669,PT
2022-10-19,79.87416666666667,PT
2022-10-20,86.65541666666667,PT
2022-10-21,107.80333333333334,PT
2022-10-22,105.905,PT
2022-10-23,72.83583333333333,PT
2022-10-24,109.78458333333332,PT
2022-10-25,106.65833333333336,PT
2022-10-26,108.62041666666666,PT
2022-10-27,114.46166666666666,PT
2022-10-28,110.95916666666666,PT
2022-10-29,101.3925,PT
2022-10-30,136.03719999999998,PT
2022-10-31,164.07291666666666,PT
2022-11-01,110.32041666666667,PT
2022-11-02,125.98333333333332,PT
2022-11-03,121.89375,PT
2022-11-04,150.44208333333333,PT
2022-11-05,124.79208333333334,PT
2022-11-06,114.23375,PT
2022-11-07,120.91,PT
2022-11-08,113.395,PT
2022-11-09,132.51541666666665,PT
2022-11-10,134.78333333333333,PT
2022-11-11,121.18416666666668,PT
2022-11-12,106.22166666666668,PT
2022-11-13,131.68833333333333,PT
2022-11-14,139.80291666666668,PT
2022-11-15,109.65666666666668,PT
2022-11-16,103.97708333333333,PT
2022-11-17,78.93333333333332,PT
2022-11-18,109.5975,PT
2022-11-19,67.38166666666667,PT
2022-11-20,96.57833333333332,PT
2022-11-21,80.64375,PT
2022-11-22,73.35666666666667,PT
2022-11-23,90.53416666666668,PT
2022-11-24,137.735,PT
2022-11-25,141.39291666666665,PT
2022-11-26,130.21125,PT
2022-11-27,117.04291666666668,PT
2022-11-28,103.36416666666666,PT
2022-11-29,121.54125,PT
2022-11-30,151.24583333333334,PT
2022-12-01,150.075,PT
2022-12-02,127.62041666666666,PT
2022-12-03,120.02166666666666,PT
2022-12-04,189.80666666666664,PT
2022-12-05,209.29541666666668,PT
2022-12-06,153.44458333333333,PT
2022-12-07,142.30416666666665,PT
2022-12-08,122.38625,PT
2022-12-09,141.65333333333334,PT
2022-12-10,125.01875,PT
2022-12-11,146.44958333333332,PT
2022-12-12,114.50875,PT
2022-12-13,97.68583333333332,PT
2022-12-14,81.38333333333334,PT
2022-12-15,128.50458333333333,PT
2022-12-16,128.25333333333333,PT
2022-12-17,133.82250000000002,PT
2022-12-18,97.73416666666668,PT
2022-12-19,81.06833333333334,PT
2022-12-20,64.93083333333333,PT
2022-12-21,64.08833333333334,PT
2022-12-22,52.03041666666667,PT
2022-12-23,22.340833333333336,PT
2022-12-24,31.434583333333332,PT
2022-12-25,15.242916666666666,PT
2022-12-26,77.32333333333334,PT
2022-12-27,109.4925,PT
2022-12-28,41.410833333333336,PT
2022-12-29,16.1875,PT
2022-12-30,6.0225,PT
2022-12-31,1.5908695652173912,PT
2023-01-01,6.697083333333334,PT
2023-01-02,110.0825,PT
2023-01-03,136.85416666666666,PT
2023-01-04,115.25708333333334,PT
2023-01-05,108.51416666666668,PT
2023-01-06,104.14,PT
2023-01-07,23.773750000000003,PT
2023-01-08,10.281666666666666,PT
2023-01-09,85.78250000000001,PT
2023-01-10,109.39875,PT
2023-01-11,83.83541666666666,PT
2023-01-12,92.68875,PT
2023-01-13,88.48291666666667,PT
2023-01-14,52.9975,PT
2023-01-15,22.0525,PT
2023-01-16,13.221666666666666,PT
2023-01-17,5.09625,PT
2023-01-18,21.459166666666665,PT
2023-01-19,34.513333333333335,PT
2023-01-20,91.2025,PT
2023-01-21,58.89083333333334,PT
2023-01-22,37.69916666666666,PT
2023-01-23,71.92,PT
2023-01-24,87.44791666666667,PT
2023-01-25,92.29916666666666,PT
2023-01-26,67.39791666666666,PT
2023-01-27,46.05083333333334,PT
2023-01-28,41.41833333333333,PT
2023-01-29,68.40791666666667,PT
2023-01-30,134.83708333333334,PT
2023-01-31,127.07333333333332,PT
2023-02-01,127.65333333333336,PT
2023-02-02,137.07500000000002,PT
2023-02-03,138.58458333333334,PT
2023-02-04,125.55041666666666,PT
2023-02-05,79.38125000000001,PT
2023-02-06,134.98291666666668,PT
2023-02-07,137.2225,PT
2023-02-08,137.92583333333334,PT
2023-02-09,144.99625,PT
2023-02-10,141.40291666666667,PT
2023-02-11,131.76,PT
2023-02-12,137.73791666666668,PT
2023-02-13,146.76708333333332,PT
2023-02-14,142.90291666666667,PT
2023-02-15,145.07083333333333,PT
2023-02-16,145.3275,PT
2023-02-17,133.51375,PT
2023-02-18,128.5625,PT
2023-02-19,124.08666666666666,PT
2023-02-20,134.13291666666666,PT
2023-02-21,151.42708333333334,PT
2023-02-22,144.44958333333332,PT
2023-02-23,140.38916666666668,PT
2023-02-24,148.07875,PT
2023-02-25,143.0975,PT
2023-02-26,106.18541666666664,PT
2023-02-27,117.50791666666667,PT
2023-02-28,132.68125,PT
2023-03-01,145.91125,PT
2023-03-02,142.09125,PT
2023-03-03,142.55541666666667,PT
2023-03-04,138.56916666666666,PT
2023-03-05,143.92416666666665,PT
2023-03-06,147.77083333333334,PT
2023-03-07,120.98666666666666,PT
2023-03-08,98.92958333333333,PT
2023-03-09,73.59291666666667,PT
2023-03-10,43.27166666666667,PT
2023-03-11,30.244583333333335,PT
2023-03-12,80.61833333333333,PT
2023-03-13,38.147083333333335,PT
2023-03-14,64.41333333333334,PT
2023-03-15,132.67499999999998,PT
2023-03-16,87.83083333333333,PT
2023-03-17,70.2675,PT
2023-03-18,101.61375,PT
2023-03-19,95.87416666666668,PT
2023-03-20,121.56416666666668,PT
2023-03-21,119.33875,PT
2023-03-22,101.2175,PT
2023-03-23,84.12125,PT
2023-03-24,61.08375,PT
2023-03-25,42.35666666666666,PT
2023-03-26,28.477391304347822,PT
2023-03-27,102.62875,PT
2023-03-28,111.91083333333334,PT
2023-03-29,68.90541666666667,PT
2023-03-30,31.400833333333335,PT
2023-03-31,16.5675,PT
2023-04-01,33.994166666666665,PT
2023-04-02,16.17125,PT
2023-04-03,62.399166666666666,PT
2023-04-04,59.86000000000001,PT
2023-04-05,104.74958333333332,PT
2023-04-06,98.44208333333334,PT
2023-04-07,101.04625,PT
2023-04-08,86.6175,PT
2023-04-09,75.56958333333334,PT
2023-04-10,52.536249999999995,PT
2023-04-11,91.40375,PT
2023-04-12,38.897083333333335,PT
2023-04-13,66.88333333333334,PT
2023-04-14,50.85916666666666,PT
2023-04-15,21.76875,PT
2023-04-16,35.494166666666665,PT
2023-04-17,78.27333333333333,PT
2023-04-18,99.47291666666666,PT
2023-04-19,113.54291666666668,PT
2023-04-20,115.23125,PT
2023-04-21,100.89791666666667,PT
2023-04-22,78.77708333333334,PT
2023-04-23,49.93958333333333,PT
2023-04-24,96.39708333333334,PT
2023-04-25,96.07541666666668,PT
2023-04-26,108.73416666666668,PT
2023-04-27,109.05,PT
2023-04-28,107.89333333333332,PT
2023-04-29,87.83958333333334,PT
2023-04-30,69.96208333333333,PT
2023-05-01,94.92666666666666,PT
2023-05-02,111.37208333333332,PT
2023-05-03,84.3025,PT
2023-05-04,90.39916666666666,PT
2023-05-05,100.82333333333334,PT
2023-05-06,91.42625,PT
2023-05-07,63.53916666666667,PT
2023-05-08,97.51333333333334,PT
2023-05-09,89.48291666666667,PT
2023-05-10,82.76833333333333,PT
2023-05-11,81.73125,PT
2023-05-12,74.13708333333334,PT
2023-05-13,51.123333333333335,PT
2023-05-14,50.35958333333334,PT
2023-05-15,57.06166666666667,PT
2023-05-16,43.57958333333334,PT
2023-05-17,49.57916666666667,PT
2023-05-18,51.75833333333333,PT
2023-05-19,60.2725,PT
2023-05-20,45.26958333333334,PT
2023-05-21,39.620416666666664,PT
2023-05-22,88.84541666666667,PT
2023-05-23,83.77666666666666,PT
2023-05-24,85.22666666666667,PT
2023-05-25,76.09875,PT
2023-05-26,65.54583333333333,PT
2023-05-27,86.41583333333334,PT
2023-05-28,84.9425,PT
2023-05-29,95.80208333333331,PT
2023-05-30,92.53166666666668,PT
2023-05-31,88.44708333333334,PT
2023-06-01,85.37124999999999,PT
2023-06-02,86.73541666666667,PT
2023-06-03,85.40875,PT
2023-06-04,77.33916666666666,PT
2023-06-05,86.91916666666667,PT
2023-06-06,87.26208333333334,PT
2023-06-07,87.14999999999999,PT
2023-06-08,81.12583333333333,PT
2023-06-09,81.66666666666667,PT
2023-06-10,82.49875,PT
2023-06-11,79.71958333333333,PT
2023-06-12,93.57875,PT
2023-06-13,89.72083333333335,PT
2023-06-14,86.07375,PT
2023-06-15,104.87625,PT
2023-06-16,122.64458333333332,PT
2023-06-17,99.23625,PT
2023-06-18,88.27666666666666,PT
2023-06-19,106.71916666666668,PT
2023-06-20,111.73916666666666,PT
2023-06-21,117.05625,PT
2023-06-22,122.66625,PT
2023-06-23,110.97833333333334,PT
2023-06-24,93.5225,PT
2023-06-25,99.0475,PT
2023-06-26,95.54708333333332,PT
2023-06-27,100.52,PT
2023-06-28,103.79791666666668,PT
2023-06-29,103.8325,PT
2023-06-30,96.57041666666667,PT
2023-07-01,88.58708333333334,PT
2023-07-02,85.98958333333333,PT
2023-07-03,117.02375,PT
2023-07-04,113.03541666666666,PT
2023-07-05,106.54083333333334,PT
2023-07-06,111.93791666666668,PT
2023-07-07,102.73583333333332,PT
2023-07-08,90.895,PT
2023-07-09,92.47291666666666,PT
2023-07-10,109.92333333333332,PT
2023-07-11,106.36958333333332,PT
2023-07-12,100.35416666666669,PT
2023-07-13,102.45166666666668,PT
2023-07-14,87.895,PT
2023-07-15,69.06041666666667,PT
2023-07-16,59.673750000000005,PT
2023-07-17,87.47500000000001,PT
2023-07-18,96.64958333333334,PT
2023-07-19,95.105,PT
2023-07-20,93.81,PT
2023-07-21,92.84791666666666,PT
2023-07-22,92.22083333333336,PT
2023-07-23,64.55375,PT
2023-07-24,90.27416666666666,PT
2023-07-25,90.63416666666666,PT
2023-07-26,101.3675,PT
2023-07-27,99.23083333333334,PT
2023-07-28,98.25083333333332,PT
2023-07-29,92.40583333333332,PT
2023-07-30,79.10125000000001,PT
2023-07-31,88.92333333333333,PT
2023-08-01,87.63541666666667,PT
2023-08-02,77.59083333333334,PT
2023-08-03,65.38375,PT
2023-08-04,69.77499999999999,PT
2023-08-05,84.05083333333333,PT
2023-08-06,53.99625,PT
2023-08-07,83.10833333333333,PT
2023-08-08,96.43625,PT
2023-08-09,99.76666666666668,PT
2023-08-10,104.74541666666666,PT
2023-08-11,113.0925,PT
2023-08-12,98.19666666666669,PT
2023-08-13,73.39,PT
2023-08-14,97.6075,PT
2023-08-15,95.63416666666666,PT
2023-08-16,105.84166666666664,PT
2023-08-17,113.95666666666666,PT
2023-08-18,107.6375,PT
2023-08-19,109.84916666666668,PT
2023-08-20,113.16916666666668,PT
2023-08-21,117.24583333333334,PT
2023-08-22,120.6725,PT
2023-08-23,134.94,PT
2023-08-24,132.91,PT
2023-08-25,111.69291666666668,PT
2023-08-26,101.86916666666669,PT
2023-08-27,52.31166666666667,PT
2023-08-28,89.66083333333334,PT
2023-08-29,102.57458333333334,PT
2023-08-30,108.3225,PT
2023-08-31,110.57041666666667,PT
2023-09-01,105.7975,PT
2023-09-02,102.33291666666666,PT
2023-09-03,63.467083333333335,PT
2023-09-04,86.85374999999999,PT
2023-09-05,103.7875,PT
2023-09-06,107.09541666666668,PT
2023-09-07,107.09666666666668,PT
2023-09-08,103.82708333333332,PT
2023-09-09,100.855,PT
2023-09-10,103.45833333333331,PT
2023-09-11,116.9375,PT
2023-09-12,116.65625,PT
2023-09-13,108.57083333333333,PT
2023-09-14,106.455,PT
2023-09-15,115.37708333333336,PT
2023-09-16,98.91,PT
2023-09-17,63.76958333333334,PT
2023-09-18,105.8075,PT
2023-09-19,109.90291666666668,PT
2023-09-20,93.98666666666666,PT
2023-09-21,92.105,PT
2023-09-22,101.46625,PT
2023-09-23,110.06166666666668,PT
2023-09-24,102.45875,PT
2023-09-25,119.54791666666668,PT
2023-09-26,123.05208333333331,PT
2023-09-27,115.73666666666666,PT
2023-09-28,115.20375,PT
2023-09-29,118.96083333333333,PT
2023-09-30,104.89333333333332,PT
2023-10-01,98.32916666666668,PT
2023-10-02,114.86125,PT
2023-10-03,107.85041666666666,PT
2023-10-04,102.74,PT
2023-10-05,103.5,PT
2023-10-06,105.50958333333334,PT
2023-10-07,99.15791666666668,PT
2023-10-08,104.2325,PT
2023-10-09,120.96041666666667,PT
2023-10-10,125.20125,PT
2023-10-11,123.58583333333333,PT
2023-10-12,122.01708333333332,PT
2023-10-13,118.63791666666668,PT
2023-10-14,135.1341666666667,PT
2023-10-15,132.18541666666667,PT
2023-10-16,138.04875,PT
2023-10-17,107.79916666666666,PT
2023-10-18,60.875,PT
2023-10-19,67.80583333333333,PT
2023-10-20,23.122083333333332,PT
2023-10-21,61.240833333333335,PT
2023-10-22,86.97916666666667,PT
2023-10-23,124.12041666666666,PT
2023-10-24,104.17541666666666,PT
2023-10-25,68.70875,PT
2023-10-26,51.77041666666667,PT
2023-10-27,27.209166666666665,PT
2023-10-28,6.447916666666667,PT
2023-10-29,11.9988,PT
2023-10-30,34.99583333333333,PT
2023-10-31,96.13083333333331,PT
2023-11-01,4.525416666666667,PT
2023-11-02,4.4174999999999995,PT
2023-11-03,5.757916666666667,PT
2023-11-04,1.5125,PT
2023-11-05,5.0249999999999995,PT
2023-11-06,55.145833333333336,PT
2023-11-07,97.54083333333334,PT
2023-11-08,90.32416666666668,PT
2023-11-09,71.20916666666666,PT
2023-11-10,54.35166666666667,PT
2023-11-11,8.7325,PT
2023-11-12,20.992916666666662,PT
2023-11-13,48.507083333333334,PT
2023-11-14,67.26875,PT
2023-11-15,94.71875,PT
2023-11-16,101.70875,PT
2023-11-17,118.00041666666668,PT
2023-11-18,89.04833333333333,PT
2023-11-19,71.19458333333334,PT
2023-11-20,93.74833333333332,PT
2023-11-21,41.053333333333335,PT
2023-11-22,29.610416666666666,PT
2023-11-23,52.48916666666667,PT
2023-11-24,66.13375,PT
2023-11-25,87.80708333333332,PT
2023-11-26,117.58458333333334,PT
2023-11-27,107.84708333333332,PT
2023-11-28,108.36,PT
2023-11-29,85.00458333333333,PT
2023-11-30,98.1225,PT
2023-12-01,97.29,PT
2023-12-02,81.02583333333332,PT
2023-12-03,79.92291666666667,PT
2023-12-04,77.24083333333333,PT
2023-12-05,112.42166666666668,PT
2023-12-06,105.965,PT
2023-12-07,85.07333333333334,PT
2023-12-08,21.780416666666667,PT
2023-12-09,35.3925,PT
2023-12-10,39.16458333333333,PT
2023-12-11,74.62875,PT
2023-12-12,69.56166666666667,PT
2023-12-13,57.288333333333334,PT
2023-12-14,67.40125,PT
2023-12-15,74.85541666666667,PT
2023-12-16,79.22791666666667,PT
2023-12-17,76.27791666666667,PT
2023-12-18,97.89958333333334,PT
2023-12-19,86.68791666666668,PT
2023-12-20,60.29791666666667,PT
2023-12-21,53.31333333333333,PT
2023-12-22,51.77125,PT
2023-12-23,46.62166666666667,PT
2023-12-24,69.17208333333333,PT
2023-12-25,63.09083333333333,PT
2023-12-26,93.45875,PT
2023-12-27,79.765,PT
2023-12-28,98.19333333333331,PT
2023-12-29,103.50041666666668,PT
2023-12-30,68.40541666666667,PT
2023-12-31,32.21826086956521,PT
2024-01-01,37.76375,PT
2024-01-02,41.78208333333333,PT
2024-01-03,55.93958333333333,PT
2024-01-04,91.35791666666668,PT
2024-01-05,68.91875,PT
2024-01-06,43.97,PT
2024-01-07,75.99833333333333,PT
2024-01-08,106.16208333333331,PT
2024-01-09,113.82875,PT
2024-01-10,100.87916666666666,PT
2024-01-11,96.97083333333336,PT
2024-01-12,97.0875,PT
2024-01-13,87.09583333333335,PT
2024-01-14,75.12541666666667,PT
2024-01-15,87.55958333333332,PT
2024-01-16,86.61833333333334,PT
2024-01-17,26.955,PT
2024-01-18,46.842083333333335,PT
2024-01-19,70.86541666666666,PT
2024-01-20,80.52583333333332,PT
2024-01-21,64.40166666666667,PT
2024-01-22,69.72291666666666,PT
2024-01-23,78.01916666666666,PT
2024-01-24,83.22458333333333,PT
2024-01-25,76.79666666666667,PT
2024-01-26,72.56458333333333,PT
2024-01-27,65.86958333333334,PT
2024-01-28,52.14000000000001,PT
2024-01-29,77.59083333333334,PT
2024-01-30,81.28458333333333,PT
2024-01-31,82.605,PT
2024-02-01,70.94833333333334,PT
2024-02-02,65.3175,PT
2024-02-03,60.32416666666666,PT
2024-02-04,63.09916666666667,PT
2024-02-05,80.91666666666667,PT
2024-02-06,74.02791666666667,PT
2024-02-07,50.322916666666664,PT
2024-02-08,38.07541666666666,PT
2024-02-09,40.17625,PT
2024-02-10,9.470416666666669,PT
2024-02-11,43.47,PT
2024-02-12,45.854166666666664,PT
2024-02-13,61.906666666666666,PT
2024-02-14,58.70041666666666,PT
2024-02-15,51.11416666666667,PT
2024-02-16,54.2375,PT
2024-02-17,48.693333333333335,PT
2024-02-18,47.03541666666666,PT
2024-02-19,45.54791666666667,PT
2024-02-20,52.61291666666667,PT
2024-02-21,44.93375,PT
2024-02-22,10.70875,PT
2024-02-23,6.715833333333333,PT
2024-02-24,6.941666666666666,PT
2024-02-25,3.060416666666667,PT
2024-02-26,3.8175,PT
2024-02-27,3.655,PT
2024-02-28,9.34625,PT
2024-02-29,4.796666666666667,PT
2024-03-01,2.13875,PT
2024-03-02,4.127916666666667,PT
2024-03-03,3.7891666666666666,PT
2024-03-04,6.452916666666667,PT
2024-03-05,32.8275,PT
2024-03-06,39.129583333333336,PT
2024-03-07,8.522916666666667,PT
2024-03-08,1.5945833333333337,PT
2024-03-09,0.5908333333333333,PT
2024-03-10,0.5370833333333334,PT
2024-03-11,14.6325,PT
2024-03-12,36.250416666666666,PT
2024-03-13,36.33833333333333,PT
2024-03-14,32.81166666666667,PT
2024-03-15,37.7325,PT
2024-03-16,30.479166666666668,PT
2024-03-17,28.013333333333332,PT
2024-03-18,58.97875,PT
2024-03-19,64.32458333333334,PT
2024-03-20,56.94416666666667,PT
2024-03-21,35.90416666666667,PT
2024-03-22,21.88625,PT
2024-03-23,2.005416666666666,PT
2024-03-24,6.353750000000001,PT
2024-03-25,21.487916666666667,PT
2024-03-26,2.3595833333333336,PT
2024-03-27,0.755,PT
2024-03-28,0.66,PT
2024-03-29,4.0525,PT
2024-03-30,4.515833333333333,PT
2024-03-31,0.8326086956521739,PT
2024-04-01,2.765,PT
2024-04-02,6.53875,PT
2024-04-03,8.913333333333332,PT
2024-04-04,3.9566666666666666,PT
2024-04-05,0.105,PT
2024-04-06,0.7445833333333334,PT
2024-04-07,4.0475,PT
2024-04-08,0.4054166666666667,PT
2024-04-09,1.29125,PT
2024-04-10,4.315416666666667,PT
2024-04-11,12.024583333333334,PT
2024-04-12,14.979166666666666,PT
2024-04-13,9.207083333333332,PT
2024-04-14,5.715833333333333,PT
2024-04-15,3.345833333333333,PT
2024-04-16,1.3670833333333334,PT
2024-04-17,2.674166666666667,PT
2024-04-18,3.87625,PT
2024-04-19,14.59375,PT
2024-04-20,5.66125,PT
2024-04-21,2.3995833333333336,PT
2024-04-22,1.90125,PT
2024-04-23,5.841666666666666,PT
2024-04-24,18.5725,PT
2024-04-25,38.596666666666664,PT
2024-04-26,57.49125,PT
2024-04-27,25.023750000000003,PT
2024-04-28,28.7225,PT
2024-04-29,58.2725,PT
2024-04-30,53.435833333333335,PT
2024-05-01,12.63625,PT
2024-05-02,15.6025,PT
2024-05-03,26.110416666666666,PT
2024-05-04,14.795833333333334,PT
2024-05-05,17.529166666666665,PT
2024-05-06,47.805,PT
2024-05-07,43.26,PT
2024-05-08,21.674583333333334,PT
2024-05-09,35.73875,PT
2024-05-10,29.267916666666665,PT
2024-05-11,20.68375,PT
2024-05-12,22.279583333333335,PT
2024-05-13,23.36125,PT
2024-05-14,8.146666666666667,PT
2024-05-15,14.2475,PT
2024-05-16,32.54958333333334,PT
2024-05-17,53.42166666666666,PT
2024-05-18,32.989583333333336,PT
2024-05-19,26.653333333333332,PT
2024-05-20,33.33708333333333,PT
2024-05-21,46.090833333333336,PT
2024-05-22,44.759166666666665,PT
2024-05-23,60.446666666666665,PT
2024-05-24,73.11041666666667,PT
2024-05-25,43.71458333333334,PT
2024-05-26,25.422083333333333,PT
2024-05-27,30.84,PT
2024-05-28,30.42958333333333,PT
2024-05-29,38.858333333333334,PT
2024-05-30,24.367499999999996,PT
2024-05-31,2.689583333333333,PT
2024-06-01,1.7745833333333334,PT
2024-06-02,4.6137500000000005,PT
2024-06-03,33.9325,PT
2024-06-04,92.13708333333334,PT
2024-06-05,96.97833333333334,PT
2024-06-06,93.42333333333332,PT
2024-06-07,81.31,PT
2024-06-08,71.42041666666667,PT
2024-06-09,23.7825,PT
2024-06-10,45.65,PT
2024-06-11,65.47708333333334,PT
2024-06-12,57.882083333333334,PT
2024-06-13,70.52291666666666,PT
2024-06-14,43.74333333333333,PT
2024-06-15,19.693333333333335,PT
2024-06-16,16.649166666666666,PT
2024-06-17,32.120416666666664,PT
2024-06-18,57.07,PT
2024-06-19,76.49583333333334,PT
2024-06-20,90.73291666666668,PT
2024-06-21,86.77999999999999,PT
2024-06-22,45.94583333333333,PT
2024-06-23,26.97583333333333,PT
2024-06-24,57.708333333333336,PT
2024-06-25,70.06833333333334,PT
2024-06-26,97.16875,PT
2024-06-27,89.48125,PT
2024-06-28,83.46916666666667,PT
2024-06-29,50.53666666666667,PT
2024-06-30,59.770833333333336,PT
2024-07-01,60.99166666666667,PT
2024-07-02,58.04291666666666,PT
2024-07-03,71.67208333333333,PT
2024-07-04,72.70625,PT
2024-07-05,61.0,PT
2024-07-06,33.97541666666667,PT
2024-07-07,34.708333333333336,PT
2024-07-08,74.12,PT
2024-07-09,72.07041666666667,PT
2024-07-10,87.71875,PT
2024-07-11,85.78625,PT
2024-07-12,59.09708333333333,PT
2024-07-13,51.49625,PT
2024-07-14,52.51166666666666,PT
2024-07-15,53.95333333333334,PT
2024-07-16,87.24416666666667,PT
2024-07-17,94.42208333333332,PT
2024-07-18,101.36541666666666,PT
2024-07-19,97.78208333333332,PT
2024-07-20,51.528333333333336,PT
2024-07-21,30.426666666666662,PT
2024-07-22,79.53041666666667,PT
2024-07-23,91.72708333333333,PT
2024-07-24,94.88,PT
2024-07-25,89.53333333333335,PT
2024-07-26,94.89666666666666,PT
2024-07-27,76.97125,PT
2024-07-28,63.32708333333333,PT
2024-07-29,108.7775,PT
2024-07-30,99.77458333333334,PT
2024-07-31,105.56333333333332,PT
2024-08-01,107.31708333333334,PT
2024-08-02,93.49875,PT
2024-08-03,77.645,PT
2024-08-04,75.47666666666667,PT
2024-08-05,109.82416666666668,PT
2024-08-06,105.55791666666666,PT
2024-08-07,97.455,PT
2024-08-08,101.18625,PT
2024-08-09,102.31916666666666,PT
2024-08-10,71.35791666666667,PT
2024-08-11,69.2225,PT
2024-08-12,105.80916666666668,PT
2024-08-13,106.37166666666668,PT
2024-08-14,89.0525,PT
2024-08-15,44.290416666666665,PT
2024-08-16,88.2275,PT
2024-08-17,83.21375,PT
2024-08-18,55.59583333333333,PT
2024-08-19,93.71625,PT
2024-08-20,95.6225,PT
2024-08-21,80.67125,PT
2024-08-22,109.39708333333331,PT
2024-08-23,107.08708333333334,PT
2024-08-24,60.48416666666666,PT
2024-08-25,31.20125,PT
2024-08-26,94.1925,PT
2024-08-27,107.7125,PT
2024-08-28,108.43166666666669,PT
2024-08-29,120.36625,PT
2024-08-30,115.56875,PT
2024-08-31,116.61375,PT
2024-09-01,99.64458333333334,PT
2024-09-02,116.66083333333334,PT
2024-09-03,108.44333333333331,PT
2024-09-04,95.4125,PT
2024-09-05,104.50166666666668,PT
2024-09-06,86.72375,PT
2024-09-07,87.055,PT
2024-09-08,67.75791666666667,PT
2024-09-09,90.84125,PT
2024-09-10,82.19583333333334,PT
2024-09-11,76.73875,PT
2024-09-12,72.21083333333333,PT
2024-09-13,47.12875,PT
2024-09-14,45.60999999999999,PT
2024-09-15,32.572916666666664,PT
2024-09-16,27.27541666666667,PT
2024-09-17,25.72125,PT
2024-09-18,90.92041666666668,PT
2024-09-19,106.98041666666668,PT
2024-09-20,107.68916666666668,PT
2024-09-21,85.38625,PT
2024-09-22,69.94,PT
2024-09-23,91.09916666666668,PT
2024-09-24,95.81208333333336,PT
2024-09-25,57.225,PT
2024-09-26,24.177083333333332,PT
2024-09-27,30.429999999999996,PT
2024-09-28,46.809583333333336,PT
2024-09-29,43.70083333333333,PT
2024-09-30,92.13833333333334,PT
2024-10-01,98.07416666666668,PT
2024-10-02,93.59375,PT
2024-10-03,67.44583333333334,PT
2024-10-04,98.97583333333334,PT
2024-10-05,60.39541666666667,PT
2024-10-06,21.96166666666667,PT
2024-10-07,55.455000000000005,PT
2024-10-08,31.374583333333337,PT
2024-10-09,24.515416666666667,PT
2024-10-10,76.18166666666666,PT
2024-10-11,87.37791666666668,PT
2024-10-12,69.85625,PT
2024-10-13,52.780833333333334,PT
2024-10-14,104.16708333333334,PT
2024-10-15,87.22541666666666,PT
2024-10-16,48.83708333333333,PT
2024-10-17,51.250416666666666,PT
2024-10-18,63.60166666666667,PT
2024-10-19,49.840833333333336,PT
2024-10-20,51.29208333333333,PT
2024-10-21,94.0025,PT
2024-10-22,80.17666666666666,PT
2024-10-23,87.24666666666667,PT
2024-10-24,70.19375000000001,PT
2024-10-25,63.83041666666667,PT
2024-10-26,50.54291666666666,PT
2024-10-27,77.6732,PT
2024-10-28,75.77583333333332,PT
2024-10-29,73.40375,PT
2024-10-30,83.8225,PT
2024-10-31,100.76583333333332,PT
2024-11-01,81.61041666666667,PT
2024-11-02,91.94458333333334,PT
2024-11-03,72.57083333333334,PT
2024-11-04,108.72458333333331,PT
2024-11-05,117.04541666666668,PT
2024-11-06,116.83083333333332,PT
2024-11-07,111.82833333333332,PT
2024-11-08,117.48916666666668,PT
2024-11-09,110.4575,PT
2024-11-10,90.90458333333332,PT
2024-11-11,80.79666666666667,PT
2024-11-12,64.73958333333333,PT
2024-11-13,105.62125,PT
2024-11-14,118.61625,PT
2024-11-15,124.55333333333334,PT
2024-11-16,112.16375,PT
2024-11-17,114.02125,PT
2024-11-18,136.37458333333333,PT
2024-11-19,133.49041666666668,PT
2024-11-20,95.78541666666666,PT
2024-11-21,78.715,PT
2024-11-22,119.51583333333332,PT
2024-11-23,78.18541666666667,PT
2024-11-24,10.710416666666667,PT
2024-11-25,82.00625000000001,PT
2024-11-26,143.24541666666667,PT
2024-11-27,136.45375,PT
2024-11-28,132.18875,PT
2024-11-29,127.29916666666666,PT
2024-11-30,124.00833333333333,PT
2024-12-01,126.51541666666668,PT
2024-12-02,143.21125,PT
2024-12-03,140.4275,PT
2024-12-04,134.22291666666666,PT
2024-12-05,135.61916666666667,PT
2024-12-06,118.65958333333332,PT
2024-12-07,36.66833333333333,PT
2024-12-08,22.188333333333333,PT
2024-12-09,67.18875,PT
2024-12-10,134.22416666666666,PT
2024-12-11,140.60916666666665,PT
2024-12-12,146.67291666666668,PT
2024-12-13,145.29041666666666,PT
2024-12-14,128.845,PT
2024-12-15,102.99458333333332,PT
2024-12-16,120.86166666666666,PT
2024-12-17,121.85416666666669,PT
2024-12-18,113.445,PT
2024-12-19,79.79791666666667,PT
2024-12-20,114.67166666666668,PT
2024-12-21,94.72625,PT
2024-12-22,53.92875,PT
2024-12-23,46.57208333333333,PT
2024-12-24,73.85458333333334,PT
2024-12-25,100.94333333333331,PT
2024-12-26,133.94458333333333,PT
2024-12-27,133.60416666666666,PT
2024-12-28,133.13,PT
2024-12-29,136.14708333333334,PT
2024-12-30,140.9375,PT
2024-12-31,135.46217391304347,PT
2025-01-01,103.62416666666668,PT
2025-01-02,134.375,PT
2025-01-03,122.44208333333334,PT
2025-01-04,111.72958333333332,PT
2025-01-05,51.44291666666667,PT
2025-01-06,47.53125,PT
2025-01-07,86.05666666666667,PT
2025-01-08,98.73041666666668,PT
2025-01-09,87.40291666666667,PT
2025-01-10,111.86791666666666,PT
2025-01-11,95.87583333333332,PT
2025-01-12,73.88625,PT
2025-01-13,125.81125,PT
2025-01-14,136.92708333333334,PT
2025-01-15,140.6783333333333,PT
2025-01-16,134.08,PT
2025-01-17,134.56125,PT
2025-01-18,133.16208333333333,PT
2025-01-19,124.77125,PT
2025-01-20,144.92,PT
2025-01-21,139.28083333333333,PT
2025-01-22,134.95541666666665,PT
2025-01-23,140.55249999999998,PT
2025-01-24,91.74625,PT
2025-01-25,42.51958333333334,PT
2025-01-26,26.4225,PT
2025-01-27,21.10125,PT
2025-01-28,16.36916666666667,PT
2025-01-29,47.11958333333333,PT
2025-01-30,42.3975,PT
2025-01-31,96.33416666666666,PT
2025-02-01,95.25916666666666,PT
2025-02-02,124.73875,PT
2025-02-03,132.495,PT
2025-02-04,143.38625,PT
2025-02-05,117.50875,PT
2025-02-06,138.6029166666667,PT
2025-02-07,116.79208333333334,PT
2025-02-08,105.09708333333332,PT
2025-02-09,109.59541666666668,PT
2025-02-10,139.52083333333334,PT
2025-02-11,132.43541666666667,PT
2025-02-12,119.86,PT
2025-02-13,130.97916666666666,PT
2025-02-14,121.06875,PT
2025-02-15,90.43166666666669,PT
2025-02-16,88.21958333333333,PT
2025-02-17,138.16625000000002,PT
2025-02-18,79.73458333333333,PT
2025-02-19,123.555,PT
2025-02-20,87.56875000000001,PT
2025-02-21,47.992916666666666,PT
2025-02-22,70.84375,PT
2025-02-23,65.81,PT
2025-02-24,78.56625,PT
2025-02-25,94.8375,PT
2025-02-26,105.34458333333332,PT
2025-02-27,120.43208333333332,PT
2025-02-28,111.205,PT
2025-03-01,65.8325,PT
2025-03-02,65.56125,PT
2025-03-03,96.98958333333331,PT
2025-03-04,96.44458333333334,PT
2025-03-05,78.87833333333333,PT
2025-03-06,78.06291666666667,PT
2025-03-07,49.085,PT
2025-03-08,15.220416666666669,PT
2025-03-09,46.507083333333334,PT
2025-03-10,88.13166666666666,PT
2025-03-11,96.94333333333331,PT
2025-03-12,93.06416666666668,PT
2025-03-13,111.72708333333333,PT
2025-03-14,57.68291666666667,PT
2025-03-15,48.89041666666666,PT
2025-03-16,60.575,PT
2025-03-17,84.05583333333333,PT
2025-03-18,57.68083333333333,PT
2025-03-19,23.023750000000003,PT
2025-03-20,22.692083333333333,PT
2025-03-21,10.685833333333331,PT
2025-03-22,11.225,PT
2025-03-23,28.370416666666667,PT
2025-03-24,44.455000000000005,PT
2025-03-25,42.420833333333334,PT
2025-03-26,36.30375,PT
2025-03-27,54.60458333333333,PT
2025-03-28,26.02333333333333,PT
2025-03-29,5.167083333333333,PT
2025-03-30,3.4408695652173913,PT
2025-03-31,28.73375,PT
2025-04-01,60.57333333333333,PT
2025-04-02,28.010416666666668,PT
2025-04-03,22.09625,PT
2025-04-04,9.6475,PT
2025-04-05,24.420416666666668,PT
2025-04-06,26.559166666666663,PT
2025-04-07,55.04333333333333,PT
2025-04-08,47.672083333333326,PT
2025-04-09,31.980416666666667,PT
2025-04-10,19.1975,PT
2025-04-11,18.34958333333333,PT
2025-04-12,27.0125,PT
2025-04-13,18.345,PT
2025-04-14,24.542916666666667,PT
2025-04-15,11.733333333333334,PT
2025-04-16,12.1375,PT
2025-04-17,21.940833333333337,PT
2025-04-18,12.347500000000002,PT
2025-04-19,1.7241666666666668,PT
2025-04-20,5.839166666666666,PT
2025-04-21,46.720416666666665,PT
2025-04-22,64.19541666666667,PT
2025-04-23,44.23666666666667,PT
2025-04-24,43.67875,PT
2025-04-25,37.46,PT
2025-04-26,5.539166666666667,PT
2025-04-27,11.59375,PT
2025-04-28,18.260833333333338,PT
2025-04-29,5.793333333333333,PT
2025-04-30,20.541666666666668,PT
2025-05-01,18.85,PT
2025-05-02,13.986249999999998,PT
2025-05-03,17.387083333333333,PT
2025-05-04,20.714166666666667,PT
2025-05-05,43.94,PT
2025-05-06,47.92083333333333,PT
2025-05-07,49.18833333333333,PT
2025-05-08,41.86166666666667,PT
2025-05-09,34.46333333333333,PT
2025-05-10,14.035833333333334,PT
2025-05-11,6.958749999999999,PT
2025-05-12,27.838333333333335,PT
2025-05-13,49.85666666666666,PT
2025-05-14,40.209583333333335,PT
2025-05-15,19.742916666666662,PT
2025-05-16,13.580416666666666,PT
2025-05-17,15.84625,PT
2025-05-18,11.942083333333334,PT
2025-05-19,14.733333333333333,PT
2025-05-20,17.217916666666667,PT
2025-05-21,22.90375,PT
2025-05-22,6.920000000000001,PT
2025-05-23,7.752916666666667,PT
2025-05-24,11.895833333333334,PT
2025-05-25,11.022083333333333,PT
2025-05-26,19.22625,PT
2025-05-27,30.924583333333334,PT
2025-05-28,33.69625,PT
2025-05-29,40.185,PT
2025-05-30,49.97666666666667,PT
2025-05-31,44.83125,PT
2025-06-01,24.227500000000003,PT
2025-06-02,34.959583333333335,PT
2025-06-03,53.94833333333333,PT
2025-06-04,66.155,PT
2025-06-05,67.84208333333333,PT
2025-06-06,73.64958333333333,PT
2025-06-07,50.615833333333335,PT
2025-06-08,39.73291666666667,PT
2025-06-09,63.19291666666666,PT
2025-06-10,100.19291666666668,PT
2025-06-11,73.62916666666666,PT
2025-06-12,65.58791666666666,PT
2025-06-13,71.91958333333334,PT
2025-06-14,57.60166666666667,PT
2025-06-15,24.688333333333333,PT
2025-06-16,55.71041666666667,PT
2025-06-17,95.3225,PT
2025-06-18,106.32375,PT
2025-06-19,116.4575,PT
2025-06-20,113.24916666666668,PT
2025-06-21,77.03958333333334,PT
2025-06-22,67.35791666666667,PT
2025-06-23,110.55958333333332,PT
2025-06-24,97.17583333333332,PT
2025-06-25,81.06,PT
2025-06-26,93.02958333333332,PT
2025-06-27,93.09583333333336,PT
2025-06-28,68.85791666666667,PT
2025-06-29,71.07458333333334,PT
2025-06-30,110.9375,PT
2025-07-01,111.20083333333334,PT
2025-07-02,100.35833333333332,PT
2025-07-03,91.33166666666666,PT
2025-07-04,99.62916666666666,PT
2025-07-05,72.34666666666666,PT
2025-07-06,56.10916666666666,PT
2025-07-07,62.086666666666666,PT
2025-07-08,45.94916666666666,PT
2025-07-09,89.7,PT
2025-07-10,106.96583333333332,PT
2025-07-11,98.25458333333334,PT
2025-07-12,75.91125000000001,PT
2025-07-13,64.58874999999999,PT
2025-07-14,84.20333333333333,PT
2025-07-15,83.1125,PT
2025-07-16,101.9775,PT
2025-07-17,102.84666666666668,PT
2025-07-18,95.07583333333334,PT
2025-07-19,50.16083333333333,PT
2025-07-20,27.218333333333337,PT
2025-07-21,57.60625,PT
2025-07-22,81.88291666666667,PT
2025-07-23,84.42875,PT
2025-07-24,46.20333333333334,PT
2025-07-25,42.075,PT
2025-07-26,38.53458333333333,PT
2025-07-27,32.393750000000004,PT
2025-07-28,34.22,PT
2025-07-29,32.14833333333333,PT
2025-07-30,40.46375,PT
2025-07-31,64.22125,PT
2025-08-01,64.79166666666667,PT
2025-08-02,37.275,PT
2025-08-03,30.513333333333335,PT
2025-08-04,65.62541666666667,PT
2025-08-05,58.80166666666667,PT
2025-08-06,78.4975,PT
2025-08-07,84.06208333333333,PT
2025-08-08,77.63458333333334,PT
2025-08-09,62.04458333333333,PT
2025-08-10,55.51083333333333,PT
2025-08-11,80.105,PT
2025-08-12,89.70125,PT
2025-08-13,101.19875,PT
2025-08-14,96.69583333333334,PT
2025-08-15,69.26916666666666,PT
2025-08-16,74.215,PT
2025-08-17,68.75875,PT
2025-08-18,96.67625,PT
2025-08-19,77.71708333333333,PT
2025-08-20,68.31041666666667,PT
2025-08-21,53.92416666666667,PT
2025-08-22,53.61166666666667,PT
2025-08-23,63.4975,PT
2025-08-24,62.34833333333333,PT
2025-08-25,92.29708333333332,PT
2025-08-26,87.75083333333333,PT
2025-08-27,88.02875,PT
2025-08-28,54.3775,PT
2025-08-29,45.75083333333333,PT
2025-08-30,52.662083333333335,PT
2025-08-31,37.29833333333334,PT
2025-09-01,30.652083333333337,PT
2025-09-02,61.767083333333325,PT
2025-09-03,55.31916666666667,PT
2025-09-04,55.678333333333335,PT
2025-09-05,55.732499999999995,PT
2025-09-06,26.53916666666667,PT
2025-09-07,31.84375,PT
2025-09-08,76.36749999999999,PT
2025-09-09,63.562083333333334,PT
2025-09-10,51.56583333333333,PT
2025-09-11,54.68208333333333,PT
2025-09-12,73.64625,PT
2025-09-13,60.845,PT
2025-09-14,48.872083333333336,PT
2025-09-15,66.88041666666668,PT
2025-09-16,72.64125,PT
2025-09-17,86.00999999999999,PT
2025-09-18,97.0125,PT
2025-09-19,89.55333333333334,PT
2025-09-20,66.33041666666666,PT
2025-09-21,42.28625,PT
2025-09-22,34.53333333333333,PT
2025-09-23,52.27291666666667,PT
2025-09-24,47.602916666666665,PT
2025-09-25,79.39916666666666,PT
2025-09-26,91.65375,PT
2025-09-27,71.78541666666666,PT
2025-09-28,48.79375,PT
2025-09-29,59.062083333333334,PT
2025-09-30,82.80166666666666,PT
2025-10-01,87.09375,PT
2025-10-02,86.3228125,PT
2025-10-03,93.24552083333332,PT
2025-10-04,53.12510416666667,PT
2025-10-05,24.305104166666663,PT
2025-10-06,78.52895833333334,PT
2025-10-07,98.65458333333332,PT
2025-10-08,98.2946875,PT
2025-10-09,70.288125,PT
2025-10-10,79.21989583333333,PT
2025-10-11,73.70177083333333,PT
2025-10-12,64.65552083333334,PT
2025-10-13,102.65708333333332,PT
2025-10-14,110.67458333333332,PT
2025-10-15,112.0584375,PT
2025-10-16,111.45677083333334,PT
2025-10-17,108.73322916666666,PT
2025-10-18,81.02635416666666,PT
2025-10-19,32.77760416666667,PT
2025-10-20,41.6403125,PT
2025-10-21,38.379583333333336,PT
2025-10-22,27.98447916666667,PT
2025-10-23,25.05604166666667,PT
2025-10-24,95.93020833333333,PT
2025-10-25,81.7025,PT
2025-10-26,51.279700000000005,PT
2025-10-27,89.72458333333333,PT
2025-10-28,101.51854166666668,PT
2025-10-29,104.741875,PT
2025-10-30,90.9215625,PT
2025-10-31,55.79239583333333,PT
2025-11-01,45.580104166666665,PT
2025-11-02,40.0153125,PT
2025-11-03,82.88916666666667,PT
2025-11-04,49.43927083333333,PT
2025-11-05,27.753125,PT
2025-11-06,41.2359375,PT
2025-11-07,68.21677083333334,PT
2025-11-08,44.732708333333335,PT
2025-11-09,58.19291666666667,PT
2025-11-10,81.68635416666667,PT
2025-11-11,66.8775,PT
2025-11-12,27.780833333333337,PT
2025-11-13,31.89979166666667,PT
2025-11-14,29.393333333333334,PT
2025-11-15,31.4628125,PT
2025-11-16,34.138958333333335,PT
2025-11-17,79.20677083333334,PT
2025-11-18,79.3775,PT
2025-11-19,100.16385416666668,PT
2025-11-20,84.525625,PT
2025-11-21,63.53916666666667,PT
2025-11-22,59.071041666666666,PT
2025-11-23,39.87583333333333,PT
2025-11-24,41.774166666666666,PT
2025-11-25,48.1684375,PT
2025-11-26,73.67333333333333,PT
2025-11-27,86.01583333333333,PT
2025-11-28,98.72885416666666,PT
2025-11-29,82.23447916666667,PT
2025-11-30,74.91572916666667,PT
2025-12-01,91.7784375,PT
2025-12-02,88.64958333333334,PT
2025-12-03,70.41666666666667,PT
2025-12-04,64.7665625,PT
2025-12-05,70.62020833333334,PT
2025-12-06,33.072604166666665,PT
2025-12-07,32.29739583333333,PT
2025-12-08,55.322187500000005,PT
2025-12-09,63.17197916666667,PT
2025-12-10,103.00604166666666,PT
2025-12-11,96.18864583333334,PT
2025-12-12,97.185,PT
2025-12-13,79.19677083333333,PT
2025-12-14,78.56614583333334,PT
2025-12-15,92.47010416666666,PT
2025-12-16,94.52697916666666,PT
2025-12-17,101.41291666666666,PT
2025-12-18,85.0490625,PT
2025-12-19,102.7603125,PT
2025-12-20,70.76802083333332,PT
2025-12-21,61.47958333333333,PT
2025-12-22,70.59979166666666,PT
2025-12-23,77.9146875,PT
2025-12-24,40.6403125,PT
2025-12-25,48.69875,PT
2025-12-26,89.19677083333333,PT
2025-12-27,80.11583333333333,PT
2025-12-28,78.93604166666667,PT
2025-12-29,107.19760416666666,PT
2025-12-30,91.2346875,PT
2025-12-31,97.74368421052633,PT
2026-01-01,81.86645833333334,PT
2026-01-02,82.935,PT
2026-01-03,88.42770833333333,PT
2026-01-04,66.783125,PT
2026-01-05,95.43760416666667,PT
2026-01-06,63.0734375,PT
2026-01-07,102.3259375,PT
2026-01-08,81.79416666666667,PT
2026-01-09,53.431562500000005,PT
2026-01-10,73.2321875,PT
2026-01-11,80.62875,PT
2026-01-12,88.5121875,PT
2026-01-13,95.68666666666668,PT
2026-01-14,117.76552083333333,PT
2026-01-15,106.40541666666668,PT
2026-01-16,118.99052083333332,PT
2026-01-17,127.23635416666669,PT
2026-01-18,118.38916666666668,PT
2026-01-19,129.06114583333334,PT
2026-01-20,102.13270833333333,PT
2026-01-21,82.37770833333333,PT
2026-01-22,59.8359375,PT
2026-01-23,38.396770833333335,PT
2026-01-24,21.04072916666667,PT
2026-01-25,11.253541666666663,PT
2026-01-26,34.12916666666667,PT
2026-01-27,28.8175,PT
2026-01-28,27.461458333333336,PT
2026-01-29,19.319375,PT
2026-01-30,4.520208333333334,PT
2026-01-31,5.484791666666666,PT
2026-02-01,1.038125,PT
2026-02-02,4.455104166666667,PT
2026-02-03,10.718125,PT
2026-02-04,8.201770833333333,PT
2026-02-05,2.01375,PT
2026-02-06,5.223333333333334,PT
2026-02-07,0.5392708333333334,PT
2026-02-08,0.7994791666666666,PT
2026-02-09,3.2453125000000003,PT
2026-02-10,1.817395833333333,PT
2026-02-11,0.3407291666666667,PT
2026-02-12,5.7590625,PT
2026-02-13,1.0659375,PT
2026-02-14,2.134375,PT
2026-02-15,0.9080208333333334,PT
2026-02-16,3.4977083333333336,PT
2026-02-17,8.724166666666667,PT
2026-02-18,5.108854166666666,PT
2026-02-19,14.821979166666669,PT
2026-02-20,30.116979166666667,PT
2026-02-21,24.796354166666664,PT
2026-02-22,16.964270833333334,PT
2026-02-23,33.665625,PT
2026-02-24,17.324583333333333,PT
2026-02-25,30.772916666666664,PT
2026-02-26,29.016145833333336,PT
2026-02-27,21.247083333333332,PT
2026-02-28,13.7396875,PT
2026-03-01,15.0784375,PT
2026-03-02,18.387083333333333,PT
2026-03-03,28.43041666666667,PT
2026-03-04,56.39958333333333,PT
2026-03-05,86.43739583333333,PT
2026-03-06,63.240208333333335,PT
2026-03-07,62.56572916666667,PT
2026-03-08,73.29416666666667,PT
2026-03-09,110.9275,PT
2026-03-10,131.78875,PT
2026-03-11,100.70791666666666,PT
2026-03-12,72.9025,PT
2026-03-13,38.02072916666667,PT
2026-03-14,14.391875,PT
2026-03-15,6.443645833333334,PT
2026-03-16,37.18177083333333,PT
2026-03-17,45.760416666666664,PT
2026-03-18,28.66979166666667,PT
2026-03-19,24.953125,PT
2026-03-20,37.5665625,PT
2026-03-21,41.466875,PT
2026-03-22,28.2409375,PT
2026-03-23,33.813854166666665,PT
2026-03-24,53.6525,PT
2026-03-25,19.101041666666667,PT
2026-03-26,5.021458333333333,PT
2026-03-27,9.044166666666667,PT
2026-03-28,3.0283333333333338,PT
2026-03-29,0.1778260869565217,PT
2026-03-30,10.5846875,PT
2026-03-31,7.5801041666666675,PT
2026-04-01,5.531979166666667,PT
2026-04-02,5.838333333333334,PT
2026-04-03,14.438645833333332,PT
2026-04-04,21.213854166666668,PT
2026-04-05,23.146145833333332,PT
2026-04-06,19.394583333333333,PT
2026-04-07,32.077395833333334,PT
2026-04-08,62.01354166666667,PT
2026-04-09,52.27260416666667,PT
2026-04-10,44.38614583333333,PT
2026-04-11,28.9090625,PT
2026-04-12,10.443333333333332,PT
2026-04-13,23.884583333333335,PT
2026-04-14,47.40614583333333,PT
2026-04-15,60.545208333333335,PT
2026-04-16,69.6496875,PT
2026-04-17,70.87458333333333,PT
2026-04-18,46.56187500000001,PT
2026-04-19,36.21927083333333,PT
2026-04-20,51.22510416666666,PT
2026-04-21,45.27822916666667,PT
2026-04-22,49.03354166666667,PT
2026-04-23,49.56927083333333,PT
2026-04-24,72.64083333333333,PT
2026-04-25,50.78843749999999,PT
2026-04-26,35.91791666666666,PT
2026-04-27,46.98520833333333,PT
2026-04-28,55.756875,PT
2026-04-29,75.72083333333333,PT
2026-04-30,64.7853125,PT
2026-05-01,57.99364583333334,PT
2026-05-02,43.635,PT
2026-05-03,48.12958333333333,PT
2026-05-04,67.12833333333333,PT
2026-05-05,64.34135416666666,PT
2026-05-06,76.22322916666667,PT
2026-05-07,86.47510416666667,PT
2026-05-08,64.68416666666667,PT
2026-05-09,33.70791666666667,PT
2026-05-10,19.5665625,PT
2026-05-11,52.66052083333333,PT
2026-05-12,69.6634375,PT
2026-05-13,48.83447916666666,PT
2026-05-14,53.33947916666667,PT
2026-05-15,37.728541666666665,PT
2026-05-16,41.84135416666667,PT
2026-05-17,45.78427083333333,PT
2026-05-18,60.71541666666667,PT
2026-05-19,45.899791666666665,PT
2026-05-20,56.25510416666666,PT
2026-05-21,57.830625,PT
2026-05-22,56.13604166666667,PT
2026-05-23,36.572291666666665,PT
2026-05-24,26.31625,PT
2026-05-25,50.0,PT
2021-01-01,79.89958333333333,BG
2021-01-02,91.92416666666666,BG
2021-01-03,77.72125,BG
2021-01-04,95.92416666666666,BG
2021-01-05,100.81333333333332,BG
2021-01-06,92.56833333333331,BG
2021-01-07,106.9275,BG
2021-01-08,122.96541666666668,BG
2021-01-09,79.48041666666667,BG
2021-01-10,98.26833333333332,BG
2021-01-11,97.85041666666666,BG
2021-01-12,111.62291666666664,BG
2021-01-13,110.66416666666667,BG
2021-01-14,131.63083333333333,BG
2021-01-15,142.055,BG
2021-01-16,109.73458333333332,BG
2021-01-17,92.64333333333332,BG
2021-01-18,134.39541666666665,BG
2021-01-19,134.26041666666666,BG
2021-01-20,128.25666666666666,BG
2021-01-21,101.5825,BG
2021-01-22,107.39041666666668,BG
2021-01-23,96.69833333333334,BG
2021-01-24,74.96333333333332,BG
2021-01-25,95.48,BG
2021-01-26,115.84583333333332,BG
2021-01-27,116.00125,BG
2021-01-28,107.34708333333332,BG
2021-01-29,97.83625,BG
2021-01-30,91.4575,BG
2021-01-31,82.22250000000001,BG
2021-02-01,94.81458333333336,BG
2021-02-02,113.13166666666666,BG
2021-02-03,90.37583333333332,BG
2021-02-04,92.42541666666666,BG
2021-02-05,99.35,BG
2021-02-06,87.36458333333333,BG
2021-02-07,36.28458333333334,BG
2021-02-08,73.80125,BG
2021-02-09,68.00291666666666,BG
2021-02-10,95.56416666666668,BG
2021-02-11,88.35666666666667,BG
2021-02-12,127.77916666666668,BG
2021-02-13,95.64291666666666,BG
2021-02-14,94.5125,BG
2021-02-15,96.6875,BG
2021-02-16,121.86375,BG
2021-02-17,113.94125,BG
2021-02-18,105.98625,BG
2021-02-19,109.5825,BG
2021-02-20,78.50041666666667,BG
2021-02-21,68.06458333333333,BG
2021-02-22,98.755,BG
2021-02-23,94.80875,BG
2021-02-24,87.10791666666667,BG
2021-02-25,91.24125,BG
2021-02-26,94.65,BG
2021-02-27,81.35125000000001,BG
2021-02-28,64.33791666666666,BG
2021-03-01,99.54083333333334,BG
2021-03-02,98.93208333333332,BG
2021-03-03,78.8875,BG
2021-03-04,95.46958333333332,BG
2021-03-05,93.50041666666668,BG
2021-03-06,89.14166666666667,BG
2021-03-07,73.08541666666666,BG
2021-03-08,120.47166666666668,BG
2021-03-09,114.28416666666668,BG
2021-03-10,106.43333333333334,BG
2021-03-11,101.02125,BG
2021-03-12,114.29833333333332,BG
2021-03-13,103.04541666666668,BG
2021-03-14,83.41125,BG
2021-03-15,89.09916666666668,BG
2021-03-16,110.53958333333333,BG
2021-03-17,117.02625,BG
2021-03-18,111.29375,BG
2021-03-19,127.44541666666667,BG
2021-03-20,101.89625,BG
2021-03-21,84.88666666666667,BG
2021-03-22,109.54666666666668,BG
2021-03-23,110.01166666666668,BG
2021-03-24,125.6175,BG
2021-03-25,121.53333333333336,BG
2021-03-26,120.34958333333331,BG
2021-03-27,92.49708333333332,BG
2021-03-28,57.96130434782609,BG
2021-03-29,97.71583333333332,BG
2021-03-30,93.36958333333332,BG
2021-03-31,112.11333333333334,BG
2021-04-01,112.97833333333334,BG
2021-04-02,92.87125,BG
2021-04-03,88.50999999999999,BG
2021-04-04,79.45291666666667,BG
2021-04-05,68.96291666666666,BG
2021-04-06,96.48458333333332,BG
2021-04-07,127.64541666666666,BG
2021-04-08,132.455,BG
2021-04-09,126.34791666666666,BG
2021-04-10,114.005,BG
2021-04-11,98.08541666666667,BG
2021-04-12,120.09708333333332,BG
2021-04-13,129.48625,BG
2021-04-14,135.80666666666667,BG
2021-04-15,146.36875,BG
2021-04-16,133.06708333333333,BG
2021-04-17,148.215,BG
2021-04-18,123.38208333333334,BG
2021-04-19,155.93875,BG
2021-04-20,153.80208333333334,BG
2021-04-21,137.88833333333335,BG
2021-04-22,136.39208333333332,BG
2021-04-23,131.6783333333333,BG
2021-04-24,106.965,BG
2021-04-25,98.93333333333334,BG
2021-04-26,125.73833333333334,BG
2021-04-27,125.94875,BG
2021-04-28,125.89666666666666,BG
2021-04-29,122.33083333333332,BG
2021-04-30,123.70916666666666,BG
2021-05-01,128.50875,BG
2021-05-02,83.51041666666667,BG
2021-05-03,89.71249999999999,BG
2021-05-04,93.27333333333333,BG
2021-05-05,101.63208333333334,BG
2021-05-06,113.22458333333331,BG
2021-05-07,112.0025,BG
2021-05-08,99.20291666666668,BG
2021-05-09,82.39541666666666,BG
2021-05-10,117.19625,BG
2021-05-11,139.65083333333334,BG
2021-05-12,126.50791666666667,BG
2021-05-13,123.2175,BG
2021-05-14,135.93833333333333,BG
2021-05-15,123.68541666666664,BG
2021-05-16,105.85833333333332,BG
2021-05-17,169.9825,BG
2021-05-18,105.9975,BG
2021-05-19,149.10333333333332,BG
2021-05-20,134.82958333333332,BG
2021-05-21,99.455,BG
2021-05-22,103.82708333333332,BG
2021-05-23,95.88375,BG
2021-05-24,106.84625,BG
2021-05-25,131.27458333333334,BG
2021-05-26,161.19166666666666,BG
2021-05-27,158.91291666666666,BG
2021-05-28,129.82125,BG
2021-05-29,104.77708333333334,BG
2021-05-30,84.16208333333333,BG
2021-05-31,128.30958333333334,BG
2021-06-01,135.61958333333334,BG
2021-06-02,114.3525,BG
2021-06-03,114.02291666666667,BG
2021-06-04,142.42708333333334,BG
2021-06-05,127.5775,BG
2021-06-06,100.9525,BG
2021-06-07,155.08416666666668,BG
2021-06-08,152.04083333333332,BG
2021-06-09,148.86541666666668,BG
2021-06-10,146.45083333333332,BG
2021-06-11,152.67375,BG
2021-06-12,140.66625,BG
2021-06-13,43.10333333333333,BG
2021-06-14,142.56,BG
2021-06-15,145.98458333333335,BG
2021-06-16,158.62625,BG
2021-06-17,168.07833333333335,BG
2021-06-18,156.13458333333332,BG
2021-06-19,94.97041666666668,BG
2021-06-20,131.27708333333334,BG
2021-06-21,165.1925,BG
2021-06-22,177.61666666666667,BG
2021-06-23,194.16875,BG
2021-06-24,250.64,BG
2021-06-25,185.0404166666667,BG
2021-06-26,154.88333333333333,BG
2021-06-27,130.08,BG
2021-06-28,184.71,BG
2021-06-29,215.18791666666667,BG
2021-06-30,199.82,BG
2021-07-01,175.58583333333334,BG
2021-07-02,203.84,BG
2021-07-03,153.98541666666668,BG
2021-07-04,143.27125,BG
2021-07-05,188.84625000000003,BG
2021-07-06,142.35583333333332,BG
2021-07-07,200.07958333333332,BG
2021-07-08,204.59958333333336,BG
2021-07-09,194.34375,BG
2021-07-10,162.89916666666667,BG
2021-07-11,154.02375,BG
2021-07-12,176.67666666666665,BG
2021-07-13,202.59375,BG
2021-07-14,196.22,BG
2021-07-15,195.50125,BG
2021-07-16,193.905,BG
2021-07-17,174.95458333333332,BG
2021-07-18,133.70375,BG
2021-07-19,230.09124999999997,BG
2021-07-20,194.17916666666667,BG
2021-07-21,178.42416666666668,BG
2021-07-22,179.22541666666666,BG
2021-07-23,176.125,BG
2021-07-24,155.90541666666667,BG
2021-07-25,129.475,BG
2021-07-26,182.80458333333337,BG
2021-07-27,203.0125,BG
2021-07-28,232.01958333333337,BG
2021-07-29,238.66958333333332,BG
2021-07-30,251.785,BG
2021-07-31,204.63125,BG
2021-08-01,177.89333333333332,BG
2021-08-02,222.85166666666663,BG
2021-08-03,293.01916666666665,BG
2021-08-04,330.7316666666666,BG
2021-08-05,258.31041666666664,BG
2021-08-06,223.525,BG
2021-08-07,187.5375,BG
2021-08-08,185.48333333333335,BG
2021-08-09,303.52875,BG
2021-08-10,265.00291666666664,BG
2021-08-11,285.09875,BG
2021-08-12,211.48208333333332,BG
2021-08-13,220.63166666666663,BG
2021-08-14,189.22125000000003,BG
2021-08-15,181.55958333333336,BG
2021-08-16,204.50875,BG
2021-08-17,201.43416666666667,BG
2021-08-18,198.26875,BG
2021-08-19,182.82208333333332,BG
2021-08-20,192.97,BG
2021-08-21,189.63333333333333,BG
2021-08-22,186.23875,BG
2021-08-23,199.5775,BG
2021-08-24,213.94875,BG
2021-08-25,214.52625,BG
2021-08-26,229.55666666666664,BG
2021-08-27,210.01791666666668,BG
2021-08-28,198.74875,BG
2021-08-29,170.51125,BG
2021-08-30,193.42291666666665,BG
2021-08-31,241.17875,BG
2021-09-01,221.2820833333333,BG
2021-09-02,211.91875,BG
2021-09-03,224.99041666666668,BG
2021-09-04,195.69041666666664,BG
2021-09-05,184.3108333333333,BG
2021-09-06,189.51375,BG
2021-09-07,226.16708333333335,BG
2021-09-08,225.23083333333332,BG
2021-09-09,231.045,BG
2021-09-10,272.03000000000003,BG
2021-09-11,231.06916666666663,BG
2021-09-12,219.41708333333335,BG
2021-09-13,249.58583333333337,BG
2021-09-14,264.84,BG
2021-09-15,301.73041666666666,BG
2021-09-16,335.5083333333333,BG
2021-09-17,240.90374999999997,BG
2021-09-18,257.1141666666667,BG
2021-09-19,197.59916666666663,BG
2021-09-20,293.28249999999997,BG
2021-09-21,230.60875,BG
2021-09-22,287.83750000000003,BG
2021-09-23,205.96041666666667,BG
2021-09-24,268.3641666666667,BG
2021-09-25,213.45541666666668,BG
2021-09-26,233.23625,BG
2021-09-27,281.18541666666664,BG
2021-09-28,292.59375,BG
2021-09-29,287.91625,BG
2021-09-30,260.5470833333333,BG
2021-10-01,328.59875,BG
2021-10-02,286.99583333333334,BG
2021-10-03,270.55958333333336,BG
2021-10-04,307.73833333333334,BG
2021-10-05,313.01625,BG
2021-10-06,331.2079166666667,BG
2021-10-07,361.26416666666665,BG
2021-10-08,397.1041666666667,BG
2021-10-09,351.1133333333333,BG
2021-10-10,327.04583333333335,BG
2021-10-11,413.2404166666667,BG
2021-10-12,398.3520833333334,BG
2021-10-13,410.0758333333333,BG
2021-10-14,411.4845833333333,BG
2021-10-15,412.23083333333335,BG
2021-10-16,396.73,BG
2021-10-17,355.385,BG
2021-10-18,445.65,BG
2021-10-19,481.81125,BG
2021-10-20,372.1745833333334,BG
2021-10-21,362.08625,BG
2021-10-22,454.51666666666665,BG
2021-10-23,394.34291666666667,BG
2021-10-24,277.85125,BG
2021-10-25,370.2366666666667,BG
2021-10-26,429.16375,BG
2021-10-27,402.1191666666667,BG
2021-10-28,393.1154166666667,BG
2021-10-29,358.5370833333333,BG
2021-10-30,336.8825,BG
2021-10-31,280.10720000000003,BG
2021-11-01,400.11791666666664,BG
2021-11-02,383.0408333333333,BG
2021-11-03,380.0620833333333,BG
2021-11-04,358.8145833333333,BG
2021-11-05,344.39916666666664,BG
2021-11-06,273.99291666666664,BG
2021-11-07,270.4683333333333,BG
2021-11-08,394.3375,BG
2021-11-09,390.84,BG
2021-11-10,377.0204166666667,BG
2021-11-11,394.5729166666667,BG
2021-11-12,429.9975,BG
2021-11-13,394.975,BG
2021-11-14,370.4704166666666,BG
2021-11-15,434.8954166666667,BG
2021-11-16,437.95625,BG
2021-11-17,485.2225,BG
2021-11-18,494.73875,BG
2021-11-19,438.5441666666666,BG
2021-11-20,391.4804166666667,BG
2021-11-21,405.8854166666667,BG
2021-11-22,504.3041666666666,BG
2021-11-23,524.2570833333333,BG
2021-11-24,532.5629166666666,BG
2021-11-25,544.5195833333333,BG
2021-11-26,424.90541666666667,BG
2021-11-27,371.165,BG
2021-11-28,330.58166666666665,BG
2021-11-29,382.56750000000005,BG
2021-11-30,378.5775,BG
2021-12-01,389.10125,BG
2021-12-02,473.8879166666666,BG
2021-12-03,434.11041666666665,BG
2021-12-04,415.65333333333336,BG
2021-12-05,352.0645833333333,BG
2021-12-06,421.59791666666666,BG
2021-12-07,454.9675,BG
2021-12-08,429.46958333333333,BG
2021-12-09,456.28416666666664,BG
2021-12-10,423.20958333333334,BG
2021-12-11,383.1675,BG
2021-12-12,304.17958333333337,BG
2021-12-13,491.37125,BG
2021-12-14,447.14166666666665,BG
2021-12-15,462.8333333333333,BG
2021-12-16,562.9554166666667,BG
2021-12-17,587.3995833333333,BG
2021-12-18,349.8354166666666,BG
2021-12-19,411.10833333333335,BG
2021-12-20,595.4270833333334,BG
2021-12-21,669.6095833333333,BG
2021-12-22,824.55125,BG
2021-12-23,676.07375,BG
2021-12-24,347.17041666666665,BG
2021-12-25,254.3454166666667,BG
2021-12-26,329.74083333333334,BG
2021-12-27,293.60125,BG
2021-12-28,342.63375,BG
2021-12-29,306.85499999999996,BG
2021-12-30,251.12250000000003,BG
2021-12-31,188.5091304347826,BG
2022-01-01,140.34791666666666,BG
2022-01-02,171.28458333333333,BG
2022-01-03,196.0979166666667,BG
2022-01-04,291.5158333333333,BG
2022-01-05,249.91666666666663,BG
2022-01-06,102.20458333333332,BG
2022-01-07,366.4408333333334,BG
2022-01-08,335.09583333333336,BG
2022-01-09,344.44458333333336,BG
2022-01-10,365.4604166666666,BG
2022-01-11,337.6920833333333,BG
2022-01-12,375.08,BG
2022-01-13,403.47125,BG
2022-01-14,394.55708333333337,BG
2022-01-15,355.3,BG
2022-01-16,380.7025,BG
2022-01-17,383.06750000000005,BG
2022-01-18,390.2716666666667,BG
2022-01-19,421.09833333333336,BG
2022-01-20,376.54791666666665,BG
2022-01-21,423.3025,BG
2022-01-22,194.55666666666664,BG
2022-01-23,191.59416666666667,BG
2022-01-24,236.66333333333333,BG
2022-01-25,280.1195833333333,BG
2022-01-26,295.11791666666664,BG
2022-01-27,259.69666666666666,BG
2022-01-28,243.35625,BG
2022-01-29,231.84958333333336,BG
2022-01-30,152.20833333333334,BG
2022-01-31,214.30833333333337,BG
2022-02-01,226.28666666666663,BG
2022-02-02,247.68541666666667,BG
2022-02-03,215.02166666666668,BG
2022-02-04,228.99749999999997,BG
2022-02-05,228.81375,BG
2022-02-06,184.20333333333335,BG
2022-02-07,190.23875,BG
2022-02-08,157.81791666666666,BG
2022-02-09,210.88666666666663,BG
2022-02-10,215.50083333333336,BG
2022-02-11,210.41666666666663,BG
2022-02-12,172.97708333333333,BG
2022-02-13,151.8775,BG
2022-02-14,221.36666666666667,BG
2022-02-15,206.84708333333333,BG
2022-02-16,207.83875,BG
2022-02-17,179.19708333333332,BG
2022-02-18,147.58708333333334,BG
2022-02-19,145.80291666666668,BG
2022-02-20,126.94833333333334,BG
2022-02-21,138.62208333333334,BG
2022-02-22,146.4,BG
2022-02-23,179.02291666666667,BG
2022-02-24,170.69583333333333,BG
2022-02-25,219.32208333333332,BG
2022-02-26,203.61666666666667,BG
2022-02-27,158.10958333333335,BG
2022-02-28,166.18791666666667,BG
2022-03-01,215.9525,BG
2022-03-02,254.8675,BG
2022-03-03,258.81374999999997,BG
2022-03-04,362.21875,BG
2022-03-05,339.18583333333333,BG
2022-03-06,323.7595833333333,BG
2022-03-07,310.5829166666667,BG
2022-03-08,429.28541666666666,BG
2022-03-09,331.29833333333335,BG
2022-03-10,319.36708333333337,BG
2022-03-11,293.915,BG
2022-03-12,251.8,BG
2022-03-13,265.9954166666667,BG
2022-03-14,320.3541666666667,BG
2022-03-15,298.1929166666667,BG
2022-03-16,277.27708333333334,BG
2022-03-17,240.0641666666667,BG
2022-03-18,229.59416666666667,BG
2022-03-19,222.65,BG
2022-03-20,120.21208333333334,BG
2022-03-21,227.71125,BG
2022-03-22,211.9275,BG
2022-03-23,215.35125,BG
2022-03-24,223.98833333333337,BG
2022-03-25,213.23166666666663,BG
2022-03-26,191.71958333333336,BG
2022-03-27,131.92652173913044,BG
2022-03-28,204.42875,BG
2022-03-29,167.40041666666667,BG
2022-03-30,160.98666666666665,BG
2022-03-31,107.11791666666666,BG
2022-04-01,95.50833333333333,BG
2022-04-02,123.18833333333332,BG
2022-04-03,88.27708333333334,BG
2022-04-04,228.64416666666668,BG
2022-04-05,208.48416666666665,BG
2022-04-06,173.43083333333334,BG
2022-04-07,167.95541666666665,BG
2022-04-08,156.72166666666666,BG
2022-04-09,134.72666666666666,BG
2022-04-10,83.60375,BG
2022-04-11,172.00250000000003,BG
2022-04-12,196.32791666666665,BG
2022-04-13,182.59,BG
2022-04-14,213.12750000000003,BG
2022-04-15,193.24166666666667,BG
2022-04-16,162.49875,BG
2022-04-17,91.74416666666669,BG
2022-04-18,139.78041666666667,BG
2022-04-19,245.20291666666665,BG
2022-04-20,241.09833333333333,BG
2022-04-21,209.13833333333332,BG
2022-04-22,168.53833333333333,BG
2022-04-23,130.60791666666668,BG
2022-04-24,126.08833333333332,BG
2022-04-25,184.29541666666668,BG
2022-04-26,240.78208333333336,BG
2022-04-27,223.27583333333337,BG
2022-04-28,230.36,BG
2022-04-29,222.3425,BG
2022-04-30,187.13166666666663,BG
2022-05-01,185.75375,BG
2022-05-02,206.74333333333337,BG
2022-05-03,218.36791666666667,BG
2022-05-04,233.19708333333332,BG
2022-05-05,234.25250000000003,BG
2022-05-06,223.19208333333333,BG
2022-05-07,195.12458333333333,BG
2022-05-08,173.9670833333333,BG
2022-05-09,240.155,BG
2022-05-10,210.325,BG
2022-05-11,268.50375,BG
2022-05-12,218.78791666666663,BG
2022-05-13,196.75666666666663,BG
2022-05-14,173.87750000000003,BG
2022-05-15,157.11458333333334,BG
2022-05-16,239.755,BG
2022-05-17,236.51625,BG
2022-05-18,173.64416666666668,BG
2022-05-19,194.41666666666663,BG
2022-05-20,208.36333333333337,BG
2022-05-21,151.5641666666667,BG
2022-05-22,167.10375,BG
2022-05-23,208.46,BG
2022-05-24,204.54,BG
2022-05-25,193.08291666666665,BG
2022-05-26,193.55791666666667,BG
2022-05-27,207.96083333333337,BG
2022-05-28,177.155,BG
2022-05-29,147.94875,BG
2022-05-30,197.84708333333333,BG
2022-05-31,216.95625,BG
2022-06-01,226.05,BG
2022-06-02,190.98125,BG
2022-06-03,176.16125,BG
2022-06-04,176.42125,BG
2022-06-05,146.55041666666668,BG
2022-06-06,173.53166666666667,BG
2022-06-07,205.41375,BG
2022-06-08,223.20416666666665,BG
2022-06-09,198.32375,BG
2022-06-10,191.42458333333332,BG
2022-06-11,155.58916666666667,BG
2022-06-12,118.615,BG
2022-06-13,171.11749999999998,BG
2022-06-14,181.43833333333336,BG
2022-06-15,210.46791666666664,BG
2022-06-16,215.11875,BG
2022-06-17,246.24208333333337,BG
2022-06-18,199.76291666666668,BG
2022-06-19,166.48375,BG
2022-06-20,241.71375,BG
2022-06-21,254.86625,BG
2022-06-22,269.8495833333333,BG
2022-06-23,298.97875,BG
2022-06-24,204.22541666666663,BG
2022-06-25,256.44458333333336,BG
2022-06-26,252.63458333333332,BG
2022-06-27,325.2104166666667,BG
2022-06-28,361.82916666666665,BG
2022-06-29,301.49583333333334,BG
2022-06-30,345.85083333333336,BG
2022-07-01,358.78541666666666,BG
2022-07-02,240.45333333333335,BG
2022-07-03,225.08625,BG
2022-07-04,382.11041666666665,BG
2022-07-05,347.07708333333335,BG
2022-07-06,373.72625,BG
2022-07-07,331.47291666666666,BG
2022-07-08,279.88875,BG
2022-07-09,177.33249999999998,BG
2022-07-10,107.57291666666669,BG
2022-07-11,368.34791666666666,BG
2022-07-12,369.065,BG
2022-07-13,303.185,BG
2022-07-14,271.18041666666664,BG
2022-07-15,341.1725,BG
2022-07-16,276.77625,BG
2022-07-17,222.79416666666668,BG
2022-07-18,351.76458333333335,BG
2022-07-19,297.22166666666664,BG
2022-07-20,269.8825,BG
2022-07-21,330.1454166666667,BG
2022-07-22,426.91875,BG
2022-07-23,343.0645833333333,BG
2022-07-24,314.80125,BG
2022-07-25,460.54125,BG
2022-07-26,433.40333333333336,BG
2022-07-27,466.3595833333334,BG
2022-07-28,376.27875,BG
2022-07-29,367.07458333333335,BG
2022-07-30,333.0879166666667,BG
2022-07-31,274.96458333333334,BG
2022-08-01,417.5175,BG
2022-08-02,400.95,BG
2022-08-03,392.93458333333336,BG
2022-08-04,377.4558333333334,BG
2022-08-05,372.60125,BG
2022-08-06,348.5233333333333,BG
2022-08-07,216.59041666666667,BG
2022-08-08,344.74333333333334,BG
2022-08-09,359.1979166666667,BG
2022-08-10,326.45625,BG
2022-08-11,371.30875,BG
2022-08-12,394.8575,BG
2022-08-13,406.3066666666667,BG
2022-08-14,360.6254166666667,BG
2022-08-15,378.7345833333333,BG
2022-08-16,397.3279166666667,BG
2022-08-17,416.615,BG
2022-08-18,415.5745833333333,BG
2022-08-19,449.14416666666665,BG
2022-08-20,396.52708333333334,BG
2022-08-21,398.5291666666667,BG
2022-08-22,541.2579166666667,BG
2022-08-23,616.3816666666667,BG
2022-08-24,570.8866666666667,BG
2022-08-25,395.2170833333333,BG
2022-08-26,402.03125,BG
2022-08-27,453.8883333333333,BG
2022-08-28,450.29541666666665,BG
2022-08-29,697.2495833333332,BG
2022-08-30,670.9954166666666,BG
2022-08-31,677.7258333333333,BG
2022-09-01,582.93625,BG
2022-09-02,460.4158333333333,BG
2022-09-03,361.1479166666666,BG
2022-09-04,313.5420833333333,BG
2022-09-05,425.49499999999995,BG
2022-09-06,506.0825,BG
2022-09-07,403.7945833333333,BG
2022-09-08,378.28875,BG
2022-09-09,305.96458333333334,BG
2022-09-10,404.31791666666663,BG
2022-09-11,391.65083333333337,BG
2022-09-12,435.8775,BG
2022-09-13,448.8925,BG
2022-09-14,443.85875,BG
2022-09-15,368.54125,BG
2022-09-16,363.58125,BG
2022-09-17,260.13375,BG
2022-09-18,134.40833333333333,BG
2022-09-19,279.2083333333333,BG
2022-09-20,368.28041666666667,BG
2022-09-21,382.09375,BG
2022-09-22,398.8016666666667,BG
2022-09-23,391.77125,BG
2022-09-24,378.65541666666667,BG
2022-09-25,278.7545833333333,BG
2022-09-26,338.4425,BG
2022-09-27,346.2054166666667,BG
2022-09-28,359.54375,BG
2022-09-29,397.4804166666667,BG
2022-09-30,373.5025,BG
2022-10-01,252.26666666666665,BG
2022-10-02,139.11208333333337,BG
2022-10-03,246.96666666666667,BG
2022-10-04,315.45,BG
2022-10-05,282.3279166666667,BG
2022-10-06,222.0220833333333,BG
2022-10-07,220.7095833333333,BG
2022-10-08,226.63041666666663,BG
2022-10-09,174.98166666666668,BG
2022-10-10,223.63291666666663,BG
2022-10-11,357.24333333333334,BG
2022-10-12,289.6725,BG
2022-10-13,296.6333333333333,BG
2022-10-14,260.7,BG
2022-10-15,192.06041666666667,BG
2022-10-16,145.77625,BG
2022-10-17,192.2458333333333,BG
2022-10-18,214.57666666666668,BG
2022-10-19,175.55375,BG
2022-10-20,180.05625,BG
2022-10-21,187.44708333333332,BG
2022-10-22,148.51166666666666,BG
2022-10-23,182.655,BG
2022-10-24,228.71333333333337,BG
2022-10-25,152.74083333333334,BG
2022-10-26,181.12625,BG
2022-10-27,178.90833333333333,BG
2022-10-28,139.07666666666668,BG
2022-10-29,109.62458333333336,BG
2022-10-30,105.1384,BG
2022-10-31,165.99958333333333,BG
2022-11-01,156.01708333333332,BG
2022-11-02,212.8733333333333,BG
2022-11-03,185.01583333333335,BG
2022-11-04,181.35708333333332,BG
2022-11-05,139.21916666666667,BG
2022-11-06,123.65458333333332,BG
2022-11-07,202.90083333333337,BG
2022-11-08,188.39958333333337,BG
2022-11-09,201.65416666666667,BG
2022-11-10,242.62583333333336,BG
2022-11-11,204.30166666666665,BG
2022-11-12,180.62875,BG
2022-11-13,170.96624999999997,BG
2022-11-14,206.92125,BG
2022-11-15,256.945,BG
2022-11-16,272.57666666666665,BG
2022-11-17,246.93083333333337,BG
2022-11-18,223.24708333333336,BG
2022-11-19,192.8166666666667,BG
2022-11-20,198.19958333333332,BG
2022-11-21,223.1329166666667,BG
2022-11-22,206.01333333333332,BG
2022-11-23,207.85625,BG
2022-11-24,263.88916666666665,BG
2022-11-25,258.31041666666664,BG
2022-11-26,238.48708333333332,BG
2022-11-27,176.58,BG
2022-11-28,301.75916666666666,BG
2022-11-29,358.7633333333333,BG
2022-11-30,382.24333333333334,BG
2022-12-01,329.88124999999997,BG
2022-12-02,388.6375,BG
2022-12-03,301.1275,BG
2022-12-04,275.69125,BG
2022-12-05,335.83875,BG
2022-12-06,396.3475,BG
2022-12-07,363.33125,BG
2022-12-08,349.08666666666664,BG
2022-12-09,338.7366666666667,BG
2022-12-10,320.44916666666666,BG
2022-12-11,205.12458333333333,BG
2022-12-12,425.7383333333333,BG
2022-12-13,392.39125,BG
2022-12-14,444.5591666666666,BG
2022-12-15,390.40166666666664,BG
2022-12-16,293.84375,BG
2022-12-17,213.38583333333335,BG
2022-12-18,175.92333333333332,BG
2022-12-19,197.83916666666667,BG
2022-12-20,213.65541666666664,BG
2022-12-21,224.3420833333333,BG
2022-12-22,202.62541666666667,BG
2022-12-23,183.91083333333333,BG
2022-12-24,113.08958333333334,BG
2022-12-25,101.615,BG
2022-12-26,47.8775,BG
2022-12-27,95.975,BG
2022-12-28,145.0016666666667,BG
2022-12-29,94.49458333333332,BG
2022-12-30,54.5025,BG
2022-12-31,35.82260869565218,BG
2023-01-01,17.866666666666667,BG
2023-01-02,124.82333333333334,BG
2023-01-03,149.39416666666668,BG
2023-01-04,188.12625,BG
2023-01-05,138.58624999999998,BG
2023-01-06,127.31458333333336,BG
2023-01-07,170.22,BG
2023-01-08,100.14333333333332,BG
2023-01-09,139.69916666666666,BG
2023-01-10,137.4575,BG
2023-01-11,145.8841666666667,BG
2023-01-12,185.99875,BG
2023-01-13,193.55791666666667,BG
2023-01-14,188.155,BG
2023-01-15,95.90666666666668,BG
2023-01-16,130.3420833333333,BG
2023-01-17,119.82666666666668,BG
2023-01-18,80.39,BG
2023-01-19,53.98083333333333,BG
2023-01-20,93.26125,BG
2023-01-21,110.41458333333333,BG
2023-01-22,130.37125,BG
2023-01-23,154.2725,BG
2023-01-24,159.56,BG
2023-01-25,159.39541666666665,BG
2023-01-26,169.76333333333332,BG
2023-01-27,148.50125,BG
2023-01-28,125.7425,BG
2023-01-29,131.07541666666663,BG
2023-01-30,198.89041666666665,BG
2023-01-31,152.96541666666667,BG
2023-02-01,155.97,BG
2023-02-02,152.975,BG
2023-02-03,150.48416666666665,BG
2023-02-04,142.6654166666667,BG
2023-02-05,108.21583333333332,BG
2023-02-06,163.725,BG
2023-02-07,160.89083333333335,BG
2023-02-08,158.06541666666666,BG
2023-02-09,157.335,BG
2023-02-10,163.75541666666666,BG
2023-02-11,144.12458333333333,BG
2023-02-12,139.8925,BG
2023-02-13,171.38583333333335,BG
2023-02-14,160.02375,BG
2023-02-15,165.91166666666666,BG
2023-02-16,172.0979166666667,BG
2023-02-17,167.59583333333333,BG
2023-02-18,107.74041666666666,BG
2023-02-19,108.5375,BG
2023-02-20,122.96791666666668,BG
2023-02-21,115.7425,BG
2023-02-22,150.3975,BG
2023-02-23,149.10708333333335,BG
2023-02-24,136.17166666666665,BG
2023-02-25,86.68624999999999,BG
2023-02-26,72.33541666666666,BG
2023-02-27,147.56791666666666,BG
2023-02-28,152.37625,BG
2023-03-01,153.58124999999998,BG
2023-03-02,158.09791666666666,BG
2023-03-03,148.35583333333332,BG
2023-03-04,120.1975,BG
2023-03-05,119.3025,BG
2023-03-06,142.38458333333332,BG
2023-03-07,132.38416666666666,BG
2023-03-08,126.20166666666668,BG
2023-03-09,108.74083333333334,BG
2023-03-10,104.27166666666666,BG
2023-03-11,96.90708333333332,BG
2023-03-12,97.1325,BG
2023-03-13,83.90583333333333,BG
2023-03-14,83.58749999999999,BG
2023-03-15,126.28041666666668,BG
2023-03-16,112.075,BG
2023-03-17,91.51,BG
2023-03-18,109.24791666666664,BG
2023-03-19,111.785,BG
2023-03-20,126.14041666666668,BG
2023-03-21,123.07916666666668,BG
2023-03-22,124.7625,BG
2023-03-23,115.115,BG
2023-03-24,91.72083333333336,BG
2023-03-25,26.661666666666665,BG
2023-03-26,48.44304347826087,BG
2023-03-27,74.95541666666666,BG
2023-03-28,80.915,BG
2023-03-29,115.90208333333334,BG
2023-03-30,109.08625,BG
2023-03-31,100.09708333333332,BG
2023-04-01,61.087916666666665,BG
2023-04-02,67.91458333333334,BG
2023-04-03,113.43375,BG
2023-04-04,122.99625,BG
2023-04-05,109.99791666666664,BG
2023-04-06,126.47083333333336,BG
2023-04-07,120.00625,BG
2023-04-08,118.82125,BG
2023-04-09,105.0475,BG
2023-04-10,75.78291666666667,BG
2023-04-11,95.97583333333334,BG
2023-04-12,112.34958333333331,BG
2023-04-13,123.79833333333332,BG
2023-04-14,94.67125,BG
2023-04-15,106.20958333333331,BG
2023-04-16,89.12625000000001,BG
2023-04-17,95.80208333333331,BG
2023-04-18,115.91416666666667,BG
2023-04-19,131.36499999999998,BG
2023-04-20,115.585,BG
2023-04-21,108.42416666666666,BG
2023-04-22,94.25583333333331,BG
2023-04-23,46.774166666666666,BG
2023-04-24,94.17625,BG
2023-04-25,93.16083333333334,BG
2023-04-26,106.675,BG
2023-04-27,71.2025,BG
2023-04-28,73.85125000000001,BG
2023-04-29,100.36958333333332,BG
2023-04-30,70.40125,BG
2023-05-01,73.07000000000001,BG
2023-05-02,106.26208333333334,BG
2023-05-03,105.67166666666668,BG
2023-05-04,104.76416666666668,BG
2023-05-05,96.15333333333332,BG
2023-05-06,89.56791666666668,BG
2023-05-07,69.50041666666667,BG
2023-05-08,98.59250000000002,BG
2023-05-09,100.69541666666667,BG
2023-05-10,118.30125,BG
2023-05-11,124.28416666666668,BG
2023-05-12,105.915,BG
2023-05-13,79.68041666666666,BG
2023-05-14,71.39874999999999,BG
2023-05-15,119.48083333333334,BG
2023-05-16,98.82875,BG
2023-05-17,94.53416666666668,BG
2023-05-18,103.05625,BG
2023-05-19,74.56208333333333,BG
2023-05-20,45.90083333333333,BG
2023-05-21,30.05875,BG
2023-05-22,97.14041666666668,BG
2023-05-23,94.29166666666669,BG
2023-05-24,101.50541666666668,BG
2023-05-25,86.75875,BG
2023-05-26,73.58208333333333,BG
2023-05-27,64.08666666666666,BG
2023-05-28,43.85791666666666,BG
2023-05-29,54.82125,BG
2023-05-30,92.35208333333333,BG
2023-05-31,89.58333333333333,BG
2023-06-01,76.42833333333333,BG
2023-06-02,79.69375000000001,BG
2023-06-03,58.66875,BG
2023-06-04,54.248333333333335,BG
2023-06-05,89.46749999999999,BG
2023-06-06,85.53916666666667,BG
2023-06-07,92.69375,BG
2023-06-08,83.80083333333333,BG
2023-06-09,86.53916666666667,BG
2023-06-10,59.4925,BG
2023-06-11,44.47083333333333,BG
2023-06-12,89.52166666666666,BG
2023-06-13,95.34958333333331,BG
2023-06-14,103.32041666666667,BG
2023-06-15,103.67,BG
2023-06-16,107.60416666666669,BG
2023-06-17,102.73916666666666,BG
2023-06-18,66.06166666666667,BG
2023-06-19,59.45291666666666,BG
2023-06-20,48.16958333333333,BG
2023-06-21,105.38833333333334,BG
2023-06-22,81.01541666666667,BG
2023-06-23,100.07583333333334,BG
2023-06-24,79.09375,BG
2023-06-25,73.00916666666667,BG
2023-06-26,99.88625,BG
2023-06-27,89.29083333333334,BG
2023-06-28,101.37958333333334,BG
2023-06-29,118.36416666666666,BG
2023-06-30,111.39833333333333,BG
2023-07-01,73.85541666666667,BG
2023-07-02,23.099166666666665,BG
2023-07-03,98.25083333333332,BG
2023-07-04,114.46541666666668,BG
2023-07-05,109.38166666666666,BG
2023-07-06,108.25041666666668,BG
2023-07-07,100.74333333333334,BG
2023-07-08,75.42958333333333,BG
2023-07-09,59.54666666666666,BG
2023-07-10,120.58625,BG
2023-07-11,121.33125,BG
2023-07-12,118.23125,BG
2023-07-13,113.27375,BG
2023-07-14,97.25916666666666,BG
2023-07-15,44.29541666666666,BG
2023-07-16,52.36208333333334,BG
2023-07-17,116.85625,BG
2023-07-18,116.74041666666666,BG
2023-07-19,128.05583333333334,BG
2023-07-20,135.58416666666668,BG
2023-07-21,135.8825,BG
2023-07-22,100.73125,BG
2023-07-23,69.10333333333334,BG
2023-07-24,111.55833333333334,BG
2023-07-25,108.03291666666668,BG
2023-07-26,111.5775,BG
2023-07-27,97.1825,BG
2023-07-28,104.81458333333336,BG
2023-07-29,83.44791666666667,BG
2023-07-30,53.25833333333333,BG
2023-07-31,95.96,BG
2023-08-01,95.425,BG
2023-08-02,77.18166666666666,BG
2023-08-03,95.31791666666668,BG
2023-08-04,111.36958333333332,BG
2023-08-05,90.89583333333331,BG
2023-08-06,50.41208333333333,BG
2023-08-07,68.03333333333333,BG
2023-08-08,40.13625,BG
2023-08-09,89.45708333333333,BG
2023-08-10,91.70541666666666,BG
2023-08-11,79.94875,BG
2023-08-12,60.0,BG
2023-08-13,53.3725,BG
2023-08-14,88.42458333333333,BG
2023-08-15,76.405,BG
2023-08-16,91.32583333333334,BG
2023-08-17,102.625,BG
2023-08-18,106.72041666666668,BG
2023-08-19,85.46249999999999,BG
2023-08-20,86.605,BG
2023-08-21,111.44208333333334,BG
2023-08-22,131.00291666666666,BG
2023-08-23,154.69458333333333,BG
2023-08-24,165.43666666666667,BG
2023-08-25,160.8925,BG
2023-08-26,120.70625,BG
2023-08-27,106.9175,BG
2023-08-28,150.12583333333333,BG
2023-08-29,145.57708333333332,BG
2023-08-30,127.65208333333334,BG
2023-08-31,126.59875,BG
2023-09-01,127.22333333333334,BG
2023-09-02,96.65458333333332,BG
2023-09-03,81.31125,BG
2023-09-04,103.47166666666668,BG
2023-09-05,100.60291666666669,BG
2023-09-06,102.60916666666668,BG
2023-09-07,97.4325,BG
2023-09-08,101.70916666666666,BG
2023-09-09,91.1425,BG
2023-09-10,74.72375,BG
2023-09-11,140.26958333333332,BG
2023-09-12,106.83375,BG
2023-09-13,113.14458333333332,BG
2023-09-14,117.33291666666666,BG
2023-09-15,115.67875,BG
2023-09-16,93.64708333333331,BG
2023-09-17,86.10083333333334,BG
2023-09-18,95.39833333333333,BG
2023-09-19,76.21958333333333,BG
2023-09-20,116.20166666666668,BG
2023-09-21,104.05833333333334,BG
2023-09-22,105.1225,BG
2023-09-23,101.77291666666667,BG
2023-09-24,68.08083333333333,BG
2023-09-25,101.12458333333336,BG
2023-09-26,113.36416666666666,BG
2023-09-27,108.40416666666664,BG
2023-09-28,111.38125,BG
2023-09-29,107.61,BG
2023-09-30,91.01625,BG
2023-10-01,73.58416666666666,BG
2023-10-02,104.94375,BG
2023-10-03,82.26333333333334,BG
2023-10-04,85.99208333333333,BG
2023-10-05,109.26041666666669,BG
2023-10-06,108.99666666666668,BG
2023-10-07,70.9775,BG
2023-10-08,82.54875,BG
2023-10-09,124.83916666666666,BG
2023-10-10,138.70916666666668,BG
2023-10-11,125.91458333333333,BG
2023-10-12,124.72958333333334,BG
2023-10-13,138.4779166666667,BG
2023-10-14,89.07708333333333,BG
2023-10-15,70.76666666666667,BG
2023-10-16,129.57333333333335,BG
2023-10-17,172.59041666666667,BG
2023-10-18,128.61458333333334,BG
2023-10-19,117.30625,BG
2023-10-20,103.86916666666669,BG
2023-10-21,66.40833333333333,BG
2023-10-22,73.40208333333334,BG
2023-10-23,138.61375,BG
2023-10-24,125.33125,BG
2023-10-25,124.01375,BG
2023-10-26,125.60375,BG
2023-10-27,121.65333333333332,BG
2023-10-28,93.35833333333332,BG
2023-10-29,46.4972,BG
2023-10-30,111.76916666666666,BG
2023-10-31,105.02791666666668,BG
2023-11-01,108.14666666666666,BG
2023-11-02,111.66041666666666,BG
2023-11-03,80.01583333333333,BG
2023-11-04,49.281666666666666,BG
2023-11-05,27.924166666666668,BG
2023-11-06,100.19291666666668,BG
2023-11-07,128.57125,BG
2023-11-08,103.74041666666666,BG
2023-11-09,106.20625,BG
2023-11-10,105.22833333333334,BG
2023-11-11,100.585,BG
2023-11-12,99.12041666666666,BG
2023-11-13,127.73708333333332,BG
2023-11-14,106.83583333333333,BG
2023-11-15,114.65083333333332,BG
2023-11-16,114.16375,BG
2023-11-17,117.88083333333331,BG
2023-11-18,64.91666666666667,BG
2023-11-19,42.997083333333336,BG
2023-11-20,111.31208333333332,BG
2023-11-21,124.15625,BG
2023-11-22,121.46,BG
2023-11-23,115.43083333333334,BG
2023-11-24,98.54875,BG
2023-11-25,98.00625,BG
2023-11-26,90.59583333333336,BG
2023-11-27,128.29416666666663,BG
2023-11-28,106.47791666666669,BG
2023-11-29,131.46791666666667,BG
2023-11-30,149.40208333333334,BG
2023-12-01,90.47375,BG
2023-12-02,100.98625,BG
2023-12-03,85.82083333333333,BG
2023-12-04,123.58208333333332,BG
2023-12-05,131.42875,BG
2023-12-06,129.60958333333335,BG
2023-12-07,121.16083333333334,BG
2023-12-08,108.4275,BG
2023-12-09,95.45208333333332,BG
2023-12-10,77.14166666666667,BG
2023-12-11,107.84791666666666,BG
2023-12-12,126.75291666666668,BG
2023-12-13,111.24458333333332,BG
2023-12-14,106.4775,BG
2023-12-15,96.20833333333331,BG
2023-12-16,81.13458333333334,BG
2023-12-17,67.46375,BG
2023-12-18,93.6025,BG
2023-12-19,100.56,BG
2023-12-20,95.99,BG
2023-12-21,102.48625,BG
2023-12-22,75.8125,BG
2023-12-23,27.637083333333333,BG
2023-12-24,38.401666666666664,BG
2023-12-25,12.532916666666669,BG
2023-12-26,25.010833333333338,BG
2023-12-27,56.1875,BG
2023-12-28,42.47125,BG
2023-12-29,24.05125,BG
2023-12-30,36.367916666666666,BG
2023-12-31,35.94565217391305,BG
2024-01-01,19.75708333333333,BG
2024-01-02,72.14041666666667,BG
2024-01-03,59.330000000000005,BG
2024-01-04,82.62291666666667,BG
2024-01-05,97.08791666666669,BG
2024-01-06,88.53333333333335,BG
2024-01-07,85.65708333333333,BG
2024-01-08,97.59958333333331,BG
2024-01-09,108.83791666666669,BG
2024-01-10,112.53666666666668,BG
2024-01-11,111.80416666666667,BG
2024-01-12,109.04166666666669,BG
2024-01-13,98.83375,BG
2024-01-14,88.05708333333332,BG
2024-01-15,94.43791666666668,BG
2024-01-16,111.7825,BG
2024-01-17,119.71291666666669,BG
2024-01-18,98.69083333333332,BG
2024-01-19,82.29083333333334,BG
2024-01-20,82.86291666666666,BG
2024-01-21,68.51708333333333,BG
2024-01-22,91.5975,BG
2024-01-23,100.87666666666668,BG
2024-01-24,95.59291666666668,BG
2024-01-25,94.00916666666666,BG
2024-01-26,92.31958333333334,BG
2024-01-27,76.82833333333333,BG
2024-01-28,69.41,BG
2024-01-29,83.71833333333333,BG
2024-01-30,86.91250000000001,BG
2024-01-31,96.11083333333332,BG
2024-02-01,97.07916666666668,BG
2024-02-02,89.52333333333333,BG
2024-02-03,74.74374999999999,BG
2024-02-04,49.65833333333333,BG
2024-02-05,62.14458333333334,BG
2024-02-06,65.48666666666666,BG
2024-02-07,80.47916666666667,BG
2024-02-08,89.66208333333333,BG
2024-02-09,72.25166666666667,BG
2024-02-10,71.98458333333333,BG
2024-02-11,49.951249999999995,BG
2024-02-12,75.08833333333332,BG
2024-02-13,75.54041666666667,BG
2024-02-14,72.95166666666667,BG
2024-02-15,54.20416666666667,BG
2024-02-16,64.88083333333334,BG
2024-02-17,62.65,BG
2024-02-18,56.59791666666666,BG
2024-02-19,73.08041666666666,BG
2024-02-20,79.51083333333334,BG
2024-02-21,80.48625,BG
2024-02-22,72.21875,BG
2024-02-23,57.11083333333334,BG
2024-02-24,55.82125,BG
2024-02-25,60.81125,BG
2024-02-26,67.13458333333334,BG
2024-02-27,73.68958333333333,BG
2024-02-28,76.33541666666666,BG
2024-02-29,68.99291666666666,BG
2024-03-01,70.815,BG
2024-03-02,65.31416666666667,BG
2024-03-03,61.85333333333333,BG
2024-03-04,74.67416666666666,BG
2024-03-05,76.0525,BG
2024-03-06,81.51791666666666,BG
2024-03-07,81.27708333333334,BG
2024-03-08,79.11375,BG
2024-03-09,54.190416666666664,BG
2024-03-10,38.410833333333336,BG
2024-03-11,67.855,BG
2024-03-12,68.40791666666667,BG
2024-03-13,77.095,BG
2024-03-14,73.14833333333333,BG
2024-03-15,61.97666666666667,BG
2024-03-16,66.90208333333334,BG
2024-03-17,58.86208333333334,BG
2024-03-18,76.93083333333333,BG
2024-03-19,83.37125,BG
2024-03-20,66.22833333333334,BG
2024-03-21,74.5275,BG
2024-03-22,65.58624999999999,BG
2024-03-23,45.60541666666666,BG
2024-03-24,32.0775,BG
2024-03-25,71.2725,BG
2024-03-26,62.59291666666667,BG
2024-03-27,68.75708333333334,BG
2024-03-28,44.63041666666667,BG
2024-03-29,36.281666666666666,BG
2024-03-30,46.35708333333333,BG
2024-03-31,31.61304347826087,BG
2024-04-01,32.06875,BG
2024-04-02,33.50416666666667,BG
2024-04-03,71.85333333333334,BG
2024-04-04,63.184583333333336,BG
2024-04-05,52.76208333333333,BG
2024-04-06,42.51833333333333,BG
2024-04-07,22.474166666666665,BG
2024-04-08,59.18541666666667,BG
2024-04-09,49.98333333333333,BG
2024-04-10,59.785833333333336,BG
2024-04-11,53.99375,BG
2024-04-12,46.85541666666666,BG
2024-04-13,21.85291666666667,BG
2024-04-14,28.06833333333333,BG
2024-04-15,66.17083333333333,BG
2024-04-16,57.002916666666664,BG
2024-04-17,75.82666666666667,BG
2024-04-18,83.77291666666666,BG
2024-04-19,70.28416666666666,BG
2024-04-20,54.46666666666667,BG
2024-04-21,53.623333333333335,BG
2024-04-22,86.2075,BG
2024-04-23,101.67916666666667,BG
2024-04-24,83.23208333333334,BG
2024-04-25,92.40958333333332,BG
2024-04-26,83.00166666666667,BG
2024-04-27,60.685833333333335,BG
2024-04-28,26.45375,BG
2024-04-29,55.10625,BG
2024-04-30,59.104166666666664,BG
2024-05-01,37.3,BG
2024-05-02,52.06833333333333,BG
2024-05-03,77.44416666666667,BG
2024-05-04,67.68458333333334,BG
2024-05-05,50.345,BG
2024-05-06,82.98958333333333,BG
2024-05-07,91.09375,BG
2024-05-08,89.22541666666666,BG
2024-05-09,79.91916666666667,BG
2024-05-10,77.94541666666667,BG
2024-05-11,57.6225,BG
2024-05-12,47.303333333333335,BG
2024-05-13,97.07791666666668,BG
2024-05-14,103.63541666666669,BG
2024-05-15,100.56166666666668,BG
2024-05-16,101.36416666666666,BG
2024-05-17,95.88583333333334,BG
2024-05-18,74.54625,BG
2024-05-19,77.93916666666667,BG
2024-05-20,92.62041666666666,BG
2024-05-21,88.50708333333334,BG
2024-05-22,90.28458333333332,BG
2024-05-23,97.1475,BG
2024-05-24,97.74125,BG
2024-05-25,66.14999999999999,BG
2024-05-26,63.267500000000005,BG
2024-05-27,98.09791666666666,BG
2024-05-28,101.58083333333332,BG
2024-05-29,97.78958333333333,BG
2024-05-30,96.73833333333332,BG
2024-05-31,97.0325,BG
2024-06-01,68.77499999999999,BG
2024-06-02,46.47208333333333,BG
2024-06-03,120.20541666666666,BG
2024-06-04,117.40833333333336,BG
2024-06-05,106.48583333333332,BG
2024-06-06,108.395,BG
2024-06-07,94.36833333333334,BG
2024-06-08,75.8875,BG
2024-06-09,55.88625,BG
2024-06-10,95.25,BG
2024-06-11,95.48333333333332,BG
2024-06-12,109.52166666666666,BG
2024-06-13,102.07791666666668,BG
2024-06-14,78.23208333333334,BG
2024-06-15,45.76499999999999,BG
2024-06-16,69.36958333333332,BG
2024-06-17,112.26916666666666,BG
2024-06-18,113.89625,BG
2024-06-19,101.8125,BG
2024-06-20,115.64125,BG
2024-06-21,129.15208333333334,BG
2024-06-22,81.39375,BG
2024-06-23,73.37541666666667,BG
2024-06-24,122.08166666666666,BG
2024-06-25,203.39,BG
2024-06-26,125.22416666666668,BG
2024-06-27,124.24791666666664,BG
2024-06-28,100.63916666666668,BG
2024-06-29,90.61375,BG
2024-06-30,54.28208333333333,BG
2024-07-01,148.93,BG
2024-07-02,104.9775,BG
2024-07-03,116.95083333333334,BG
2024-07-04,123.28041666666668,BG
2024-07-05,94.58083333333332,BG
2024-07-06,81.6575,BG
2024-07-07,71.74125,BG
2024-07-08,127.3775,BG
2024-07-09,99.45083333333334,BG
2024-07-10,118.52041666666666,BG
2024-07-11,184.785,BG
2024-07-12,190.13083333333336,BG
2024-07-13,139.19625,BG
2024-07-14,118.08958333333334,BG
2024-07-15,191.12833333333333,BG
2024-07-16,176.51458333333335,BG
2024-07-17,227.03333333333333,BG
2024-07-18,238.7829166666667,BG
2024-07-19,192.68708333333333,BG
2024-07-20,145.11208333333337,BG
2024-07-21,108.45583333333332,BG
2024-07-22,229.2420833333333,BG
2024-07-23,140.0,BG
2024-07-24,154.29125,BG
2024-07-25,147.93875,BG
2024-07-26,107.56208333333332,BG
2024-07-27,88.29166666666667,BG
2024-07-28,77.01625,BG
2024-07-29,95.9375,BG
2024-07-30,85.21291666666666,BG
2024-07-31,105.5675,BG
2024-08-01,125.06833333333331,BG
2024-08-02,115.76666666666668,BG
2024-08-03,90.945,BG
2024-08-04,76.06041666666667,BG
2024-08-05,136.63458333333332,BG
2024-08-06,122.12583333333332,BG
2024-08-07,118.45083333333334,BG
2024-08-08,133.14416666666668,BG
2024-08-09,117.5175,BG
2024-08-10,86.50041666666665,BG
2024-08-11,70.12,BG
2024-08-12,109.06541666666668,BG
2024-08-13,146.57416666666668,BG
2024-08-14,133.96916666666667,BG
2024-08-15,111.40125,BG
2024-08-16,150.03208333333333,BG
2024-08-17,112.17166666666668,BG
2024-08-18,102.16166666666668,BG
2024-08-19,169.44041666666666,BG
2024-08-20,163.91291666666666,BG
2024-08-21,154.98333333333332,BG
2024-08-22,115.88166666666666,BG
2024-08-23,139.88333333333333,BG
2024-08-24,97.09916666666668,BG
2024-08-25,65.28958333333334,BG
2024-08-26,162.67291666666668,BG
2024-08-27,164.32166666666666,BG
2024-08-28,189.6783333333333,BG
2024-08-29,196.11708333333337,BG
2024-08-30,147.40083333333334,BG
2024-08-31,103.25375,BG
2024-09-01,97.61541666666666,BG
2024-09-02,231.15416666666667,BG
2024-09-03,208.59416666666667,BG
2024-09-04,197.82958333333332,BG
2024-09-05,128.91083333333333,BG
2024-09-06,133.47708333333333,BG
2024-09-07,88.87916666666666,BG
2024-09-08,72.02666666666667,BG
2024-09-09,158.58625,BG
2024-09-10,132.55249999999998,BG
2024-09-11,147.9175,BG
2024-09-12,134.775,BG
2024-09-13,94.72625,BG
2024-09-14,66.2525,BG
2024-09-15,64.79416666666667,BG
2024-09-16,122.01166666666668,BG
2024-09-17,132.975,BG
2024-09-18,101.21125,BG
2024-09-19,82.19416666666667,BG
2024-09-20,81.24625,BG
2024-09-21,76.78791666666667,BG
2024-09-22,75.21375,BG
2024-09-23,109.03875,BG
2024-09-24,96.08833333333332,BG
2024-09-25,88.38041666666668,BG
2024-09-26,83.65375,BG
2024-09-27,68.35583333333334,BG
2024-09-28,33.84916666666667,BG
2024-09-29,43.4375,BG
2024-09-30,55.68375,BG
2024-10-01,49.971666666666664,BG
2024-10-02,87.17708333333333,BG
2024-10-03,87.48416666666667,BG
2024-10-04,81.23541666666667,BG
2024-10-05,87.59958333333333,BG
2024-10-06,62.028333333333336,BG
2024-10-07,84.975,BG
2024-10-08,77.84041666666667,BG
2024-10-09,79.65458333333333,BG
2024-10-10,61.45416666666667,BG
2024-10-11,95.8475,BG
2024-10-12,63.4725,BG
2024-10-13,29.24291666666667,BG
2024-10-14,99.05208333333331,BG
2024-10-15,101.39875,BG
2024-10-16,60.28041666666667,BG
2024-10-17,61.27875,BG
2024-10-18,77.93416666666667,BG
2024-10-19,77.90625,BG
2024-10-20,56.38083333333333,BG
2024-10-21,99.39333333333332,BG
2024-10-22,108.59375,BG
2024-10-23,110.61833333333334,BG
2024-10-24,116.07416666666666,BG
2024-10-25,116.87083333333334,BG
2024-10-26,107.93333333333334,BG
2024-10-27,98.0172,BG
2024-10-28,127.3875,BG
2024-10-29,151.37416666666667,BG
2024-10-30,128.23541666666668,BG
2024-10-31,122.95208333333332,BG
2024-11-01,149.9933333333333,BG
2024-11-02,106.64041666666668,BG
2024-11-03,96.31875,BG
2024-11-04,131.63541666666666,BG
2024-11-05,198.31833333333336,BG
2024-11-06,217.55666666666664,BG
2024-11-07,167.70291666666665,BG
2024-11-08,128.57375,BG
2024-11-09,114.84208333333332,BG
2024-11-10,114.38291666666667,BG
2024-11-11,197.6875,BG
2024-11-12,268.4533333333333,BG
2024-11-13,320.3516666666667,BG
2024-11-14,334.9845833333333,BG
2024-11-15,194.06875,BG
2024-11-16,170.4275,BG
2024-11-17,154.09625,BG
2024-11-18,244.66833333333332,BG
2024-11-19,223.35916666666665,BG
2024-11-20,126.41333333333334,BG
2024-11-21,161.71458333333334,BG
2024-11-22,127.76625,BG
2024-11-23,111.17375,BG
2024-11-24,108.98208333333334,BG
2024-11-25,136.86333333333332,BG
2024-11-26,157.68666666666667,BG
2024-11-27,154.60541666666666,BG
2024-11-28,152.72708333333333,BG
2024-11-29,139.955,BG
2024-11-30,120.57083333333333,BG
2024-12-01,103.44833333333334,BG
2024-12-02,133.60583333333332,BG
2024-12-03,166.08833333333334,BG
2024-12-04,191.0775,BG
2024-12-05,204.4154166666667,BG
2024-12-06,151.54791666666668,BG
2024-12-07,130.77291666666667,BG
2024-12-08,112.32208333333334,BG
2024-12-09,130.04625,BG
2024-12-10,154.61249999999998,BG
2024-12-11,248.56500000000003,BG
2024-12-12,326.84458333333333,BG
2024-12-13,160.39624999999998,BG
2024-12-14,122.16541666666666,BG
2024-12-15,109.78125,BG
2024-12-16,129.5954166666667,BG
2024-12-17,127.52625,BG
2024-12-18,152.74208333333334,BG
2024-12-19,122.90791666666668,BG
2024-12-20,98.60166666666667,BG
2024-12-21,86.125,BG
2024-12-22,107.39875,BG
2024-12-23,103.73458333333332,BG
2024-12-24,110.85583333333334,BG
2024-12-25,97.77791666666668,BG
2024-12-26,112.97166666666668,BG
2024-12-27,121.8575,BG
2024-12-28,130.76375,BG
2024-12-29,129.03333333333333,BG
2024-12-30,141.17875,BG
2024-12-31,141.3917391304348,BG
2025-01-01,88.03500000000001,BG
2025-01-02,114.17,BG
2025-01-03,123.41916666666668,BG
2025-01-04,135.89,BG
2025-01-05,120.09125,BG
2025-01-06,114.12541666666668,BG
2025-01-07,120.15541666666668,BG
2025-01-08,118.53833333333334,BG
2025-01-09,127.13125,BG
2025-01-10,119.72708333333333,BG
2025-01-11,113.28625,BG
2025-01-12,111.94916666666666,BG
2025-01-13,136.62708333333333,BG
2025-01-14,150.7675,BG
2025-01-15,241.88541666666663,BG
2025-01-16,153.97625,BG
2025-01-17,147.23291666666668,BG
2025-01-18,132.07666666666668,BG
2025-01-19,125.73958333333331,BG
2025-01-20,236.165,BG
2025-01-21,210.57708333333335,BG
2025-01-22,181.71666666666667,BG
2025-01-23,156.19583333333333,BG
2025-01-24,150.86166666666665,BG
2025-01-25,115.59958333333331,BG
2025-01-26,115.86208333333332,BG
2025-01-27,121.68166666666669,BG
2025-01-28,120.91041666666666,BG
2025-01-29,122.79958333333332,BG
2025-01-30,132.98541666666668,BG
2025-01-31,134.29791666666668,BG
2025-02-01,126.46833333333332,BG
2025-02-02,137.43041666666667,BG
2025-02-03,154.35125,BG
2025-02-04,144.86708333333334,BG
2025-02-05,143.09833333333333,BG
2025-02-06,152.8475,BG
2025-02-07,139.91166666666666,BG
2025-02-08,113.11458333333331,BG
2025-02-09,127.8025,BG
2025-02-10,153.54625,BG
2025-02-11,160.6725,BG
2025-02-12,182.11333333333337,BG
2025-02-13,204.82291666666663,BG
2025-02-14,177.17041666666668,BG
2025-02-15,139.72291666666666,BG
2025-02-16,142.52291666666667,BG
2025-02-17,161.84583333333333,BG
2025-02-18,194.73791666666668,BG
2025-02-19,165.82708333333332,BG
2025-02-20,173.51125,BG
2025-02-21,147.44375,BG
2025-02-22,139.7825,BG
2025-02-23,143.3325,BG
2025-02-24,200.4154166666667,BG
2025-02-25,208.03708333333336,BG
2025-02-26,153.82250000000002,BG
2025-02-27,139.70791666666665,BG
2025-02-28,151.5775,BG
2025-03-01,141.36916666666667,BG
2025-03-02,121.52333333333333,BG
2025-03-03,131.00125,BG
2025-03-04,131.63750000000002,BG
2025-03-05,116.61833333333334,BG
2025-03-06,120.99625,BG
2025-03-07,107.74666666666668,BG
2025-03-08,108.87666666666668,BG
2025-03-09,82.26416666666667,BG
2025-03-10,101.64625,BG
2025-03-11,107.475,BG
2025-03-12,123.42291666666668,BG
2025-03-13,85.09166666666667,BG
2025-03-14,91.8025,BG
2025-03-15,78.38791666666667,BG
2025-03-16,72.26083333333334,BG
2025-03-17,103.78125,BG
2025-03-18,93.01083333333334,BG
2025-03-19,107.51125,BG
2025-03-20,115.73833333333332,BG
2025-03-21,105.53,BG
2025-03-22,79.87041666666666,BG
2025-03-23,59.74125,BG
2025-03-24,130.81125,BG
2025-03-25,124.91333333333334,BG
2025-03-26,119.4275,BG
2025-03-27,111.45,BG
2025-03-28,100.48791666666666,BG
2025-03-29,95.65625,BG
2025-03-30,42.30130434782608,BG
2025-03-31,121.32583333333334,BG
2025-04-01,104.25833333333333,BG
2025-04-02,88.3275,BG
2025-04-03,86.94541666666667,BG
2025-04-04,97.74666666666668,BG
2025-04-05,72.0125,BG
2025-04-06,61.55583333333334,BG
2025-04-07,111.85416666666669,BG
2025-04-08,118.08,BG
2025-04-09,130.69791666666666,BG
2025-04-10,92.78958333333333,BG
2025-04-11,81.72666666666667,BG
2025-04-12,84.61041666666667,BG
2025-04-13,54.977916666666665,BG
2025-04-14,110.74625,BG
2025-04-15,103.92041666666668,BG
2025-04-16,81.62791666666668,BG
2025-04-17,80.03708333333334,BG
2025-04-18,79.83083333333333,BG
2025-04-19,71.97708333333334,BG
2025-04-20,52.44125,BG
2025-04-21,66.10375,BG
2025-04-22,107.29375,BG
2025-04-23,101.83458333333334,BG
2025-04-24,100.31416666666668,BG
2025-04-25,85.14791666666666,BG
2025-04-26,60.06375,BG
2025-04-27,49.42958333333333,BG
2025-04-28,71.98708333333333,BG
2025-04-29,67.10416666666667,BG
2025-04-30,73.10125000000001,BG
2025-05-01,37.21666666666666,BG
2025-05-02,57.895833333333336,BG
2025-05-03,55.87041666666667,BG
2025-05-04,33.84791666666667,BG
2025-05-05,96.76541666666668,BG
2025-05-06,95.6775,BG
2025-05-07,104.78958333333333,BG
2025-05-08,114.4125,BG
2025-05-09,91.39375,BG
2025-05-10,78.29166666666667,BG
2025-05-11,68.93875,BG
2025-05-12,117.22291666666666,BG
2025-05-13,101.65291666666668,BG
2025-05-14,101.39333333333332,BG
2025-05-15,85.89416666666666,BG
2025-05-16,101.96875,BG
2025-05-17,77.57625,BG
2025-05-18,66.46374999999999,BG
2025-05-19,95.07458333333334,BG
2025-05-20,110.27541666666669,BG
2025-05-21,154.93541666666667,BG
2025-05-22,100.50833333333333,BG
2025-05-23,107.84541666666668,BG
2025-05-24,73.54458333333334,BG
2025-05-25,40.20291666666667,BG
2025-05-26,100.4,BG
2025-05-27,80.17958333333333,BG
2025-05-28,92.995,BG
2025-05-29,73.94291666666668,BG
2025-05-30,56.475,BG
2025-05-31,72.62208333333334,BG
2025-06-01,50.54458333333333,BG
2025-06-02,109.44583333333333,BG
2025-06-03,92.1875,BG
2025-06-04,103.89958333333334,BG
2025-06-05,98.45875,BG
2025-06-06,90.56583333333332,BG
2025-06-07,81.37666666666667,BG
2025-06-08,63.54333333333333,BG
2025-06-09,77.97208333333333,BG
2025-06-10,83.58,BG
2025-06-11,83.99458333333332,BG
2025-06-12,85.41416666666667,BG
2025-06-13,86.16916666666667,BG
2025-06-14,61.833333333333336,BG
2025-06-15,63.834583333333335,BG
2025-06-16,92.34666666666668,BG
2025-06-17,93.86583333333334,BG
2025-06-18,91.45875,BG
2025-06-19,91.61625,BG
2025-06-20,86.96583333333332,BG
2025-06-21,79.38958333333333,BG
2025-06-22,53.57333333333333,BG
2025-06-23,97.17708333333331,BG
2025-06-24,94.08416666666666,BG
2025-06-25,104.74458333333332,BG
2025-06-26,113.18708333333332,BG
2025-06-27,111.61833333333334,BG
2025-06-28,62.24916666666667,BG
2025-06-29,56.19291666666666,BG
2025-06-30,96.97958333333334,BG
2025-07-01,117.02291666666667,BG
2025-07-02,111.93833333333332,BG
2025-07-03,91.10875,BG
2025-07-04,96.91333333333334,BG
2025-07-05,81.02583333333332,BG
2025-07-06,83.38333333333334,BG
2025-07-07,115.63791666666668,BG
2025-07-08,104.46083333333333,BG
2025-07-09,88.09708333333333,BG
2025-07-10,83.90958333333333,BG
2025-07-11,92.79,BG
2025-07-12,73.66625,BG
2025-07-13,67.28083333333333,BG
2025-07-14,105.69916666666666,BG
2025-07-15,98.36333333333332,BG
2025-07-16,95.78375,BG
2025-07-17,102.36916666666669,BG
2025-07-18,106.30583333333334,BG
2025-07-19,83.78083333333333,BG
2025-07-20,77.65416666666667,BG
2025-07-21,111.39125,BG
2025-07-22,108.545,BG
2025-07-23,140.245,BG
2025-07-24,138.8025,BG
2025-07-25,142.63500000000002,BG
2025-07-26,112.00166666666668,BG
2025-07-27,95.53708333333331,BG
2025-07-28,114.73458333333332,BG
2025-07-29,101.76666666666668,BG
2025-07-30,94.125,BG
2025-07-31,98.12958333333334,BG
2025-08-01,104.40416666666664,BG
2025-08-02,70.46875,BG
2025-08-03,55.507083333333334,BG
2025-08-04,86.00541666666668,BG
2025-08-05,71.605,BG
2025-08-06,68.89083333333333,BG
2025-08-07,66.66958333333334,BG
2025-08-08,73.89874999999999,BG
2025-08-09,67.94916666666667,BG
2025-08-10,50.11333333333334,BG
2025-08-11,78.21541666666667,BG
2025-08-12,85.9225,BG
2025-08-13,87.25541666666668,BG
2025-08-14,94.82291666666669,BG
2025-08-15,71.87125,BG
2025-08-16,74.99333333333333,BG
2025-08-17,60.382083333333334,BG
2025-08-18,88.76083333333334,BG
2025-08-19,93.995,BG
2025-08-20,81.50583333333333,BG
2025-08-21,85.44333333333333,BG
2025-08-22,65.66708333333334,BG
2025-08-23,68.73708333333333,BG
2025-08-24,60.900416666666665,BG
2025-08-25,85.25208333333333,BG
2025-08-26,90.54875,BG
2025-08-27,80.78208333333333,BG
2025-08-28,75.42666666666666,BG
2025-08-29,77.22500000000001,BG
2025-08-30,70.43333333333334,BG
2025-08-31,57.08958333333334,BG
2025-09-01,96.93958333333336,BG
2025-09-02,99.70166666666668,BG
2025-09-03,91.7775,BG
2025-09-04,101.50083333333332,BG
2025-09-05,89.68916666666667,BG
2025-09-06,84.92666666666666,BG
2025-09-07,54.0625,BG
2025-09-08,111.635,BG
2025-09-09,122.11625,BG
2025-09-10,111.45208333333332,BG
2025-09-11,122.80541666666666,BG
2025-09-12,110.7925,BG
2025-09-13,69.9525,BG
2025-09-14,60.41958333333333,BG
2025-09-15,95.74833333333332,BG
2025-09-16,103.93708333333336,BG
2025-09-17,88.36416666666666,BG
2025-09-18,66.96708333333333,BG
2025-09-19,88.62791666666668,BG
2025-09-20,62.58416666666667,BG
2025-09-21,34.31458333333333,BG
2025-09-22,77.33208333333333,BG
2025-09-23,103.82125,BG
2025-09-24,99.10375,BG
2025-09-25,84.69041666666666,BG
2025-09-26,99.39208333333332,BG
2025-09-27,94.02,BG
2025-09-28,99.42166666666668,BG
2025-09-29,141.88791666666663,BG
2025-09-30,144.60541666666668,BG
2025-10-01,123.34666666666668,BG
2025-10-02,120.34875,BG
2025-10-03,99.59583333333336,BG
2025-10-04,98.5878125,BG
2025-10-05,66.09333333333333,BG
2025-10-06,140.48395833333333,BG
2025-10-07,139.79947916666666,BG
2025-10-08,120.30916666666668,BG
2025-10-09,126.778125,BG
2025-10-10,129.19427083333332,BG
2025-10-11,87.9659375,BG
2025-10-12,93.7115625,BG
2025-10-13,167.96677083333333,BG
2025-10-14,188.09947916666667,BG
2025-10-15,182.25458333333333,BG
2025-10-16,132.13729166666667,BG
2025-10-17,126.6103125,BG
2025-10-18,118.33052083333332,BG
2025-10-19,100.75385416666668,BG
2025-10-20,158.17135416666665,BG
2025-10-21,149.75010416666666,BG
2025-10-22,137.43458333333334,BG
2025-10-23,111.82895833333332,BG
2025-10-24,96.88854166666664,BG
2025-10-25,98.19854166666666,BG
2025-10-26,71.92699999999999,BG
2025-10-27,114.27770833333334,BG
2025-10-28,117.14510416666668,BG
2025-10-29,104.05114583333334,BG
2025-10-30,116.3259375,BG
2025-10-31,137.55416666666667,BG
2025-11-01,85.74614583333333,BG
2025-11-02,82.40354166666667,BG
2025-11-03,127.97489583333332,BG
2025-11-04,129.74947916666667,BG
2025-11-05,125.02802083333334,BG
2025-11-06,134.6784375,BG
2025-11-07,134.72739583333333,BG
2025-11-08,112.685,BG
2025-11-09,105.63322916666668,BG
2025-11-10,127.37291666666664,BG
2025-11-11,119.1540625,BG
2025-11-12,135.93833333333333,BG
2025-11-13,156.74604166666668,BG
2025-11-14,132.28104166666665,BG
2025-11-15,115.73739583333332,BG
2025-11-16,109.15864583333332,BG
2025-11-17,106.94645833333334,BG
2025-11-18,108.47145833333332,BG
2025-11-19,128.58645833333333,BG
2025-11-20,133.17885416666667,BG
2025-11-21,137.445625,BG
2025-11-22,106.74864583333334,BG
2025-11-23,99.73510416666666,BG
2025-11-24,133.256875,BG
2025-11-25,147.60833333333332,BG
2025-11-26,156.83124999999998,BG
2025-11-27,116.48791666666666,BG
2025-11-28,122.32572916666668,BG
2025-11-29,110.86770833333333,BG
2025-11-30,102.434375,BG
2025-12-01,154.71854166666665,BG
2025-12-02,145.47291666666666,BG
2025-12-03,164.2775,BG
2025-12-04,131.375625,BG
2025-12-05,125.13625,BG
2025-12-06,101.29552083333334,BG
2025-12-07,93.2475,BG
2025-12-08,105.84552083333334,BG
2025-12-09,114.59458333333332,BG
2025-12-10,119.98604166666668,BG
2025-12-11,112.135,BG
2025-12-12,118.4959375,BG
2025-12-13,103.42604166666666,BG
2025-12-14,94.99114583333332,BG
2025-12-15,132.3465625,BG
2025-12-16,139.5954166666667,BG
2025-12-17,130.130625,BG
2025-12-18,158.74270833333333,BG
2025-12-19,130.31562499999998,BG
2025-12-20,110.25072916666666,BG
2025-12-21,106.19489583333332,BG
2025-12-22,132.68604166666668,BG
2025-12-23,119.19604166666666,BG
2025-12-24,107.520625,BG
2025-12-25,87.04166666666667,BG
2025-12-26,98.32333333333332,BG
2025-12-27,98.15739583333334,BG
2025-12-28,93.68645833333332,BG
2025-12-29,107.2290625,BG
2025-12-30,97.87989583333332,BG
2025-12-31,100.50547368421051,BG
2026-01-01,74.233125,BG
2026-01-02,95.6740625,BG
2026-01-03,92.94208333333334,BG
2026-01-04,94.77479166666666,BG
2026-01-05,138.77947916666668,BG
2026-01-06,128.51166666666668,BG
2026-01-07,140.69833333333335,BG
2026-01-08,168.26270833333334,BG
2026-01-09,135.53375,BG
2026-01-10,125.58927083333332,BG
2026-01-11,100.2840625,BG
2026-01-12,194.57135416666665,BG
2026-01-13,251.36572916666668,BG
2026-01-14,189.6180208333333,BG
2026-01-15,169.74458333333334,BG
2026-01-16,152.6032291666667,BG
2026-01-17,118.24197916666668,BG
2026-01-18,117.4109375,BG
2026-01-19,160.9235416666667,BG
2026-01-20,187.4671875,BG
2026-01-21,159.8359375,BG
2026-01-22,282.3258333333333,BG
2026-01-23,225.14760416666664,BG
2026-01-24,141.27864583333334,BG
2026-01-25,117.40979166666666,BG
2026-01-26,147.4321875,BG
2026-01-27,179.49927083333333,BG
2026-01-28,125.28229166666668,BG
2026-01-29,142.836875,BG
2026-01-30,129.18895833333332,BG
2026-01-31,117.458125,BG
2026-02-01,107.50375,BG
2026-02-02,153.79302083333332,BG
2026-02-03,143.14374999999998,BG
2026-02-04,129.5295833333333,BG
2026-02-05,122.614375,BG
2026-02-06,138.26802083333334,BG
2026-02-07,111.8296875,BG
2026-02-08,92.81333333333332,BG
2026-02-09,141.45729166666666,BG
2026-02-10,134.28020833333332,BG
2026-02-11,107.8521875,BG
2026-02-12,118.5134375,BG
2026-02-13,118.65052083333336,BG
2026-02-14,75.34677083333334,BG
2026-02-15,29.633124999999996,BG
2026-02-16,141.04,BG
2026-02-17,103.49177083333332,BG
2026-02-18,71.57583333333334,BG
2026-02-19,78.61375,BG
2026-02-20,101.33135416666666,BG
2026-02-21,80.5353125,BG
2026-02-22,52.88510416666667,BG
2026-02-23,81.35625,BG
2026-02-24,102.06458333333336,BG
2026-02-25,58.96041666666667,BG
2026-02-26,67.44375000000001,BG
2026-02-27,67.48572916666667,BG
2026-02-28,55.84947916666667,BG
2026-03-01,53.36656249999999,BG
2026-03-02,90.28572916666668,BG
2026-03-03,115.33270833333334,BG
2026-03-04,126.6428125,BG
2026-03-05,120.13114583333332,BG
2026-03-06,88.38875,BG
2026-03-07,92.7925,BG
2026-03-08,95.98604166666668,BG
2026-03-09,119.92145833333332,BG
2026-03-10,109.91770833333334,BG
2026-03-11,93.83072916666669,BG
2026-03-12,118.67697916666668,BG
2026-03-13,92.28020833333332,BG
2026-03-14,85.13145833333333,BG
2026-03-15,85.37718749999999,BG
2026-03-16,100.39177083333334,BG
2026-03-17,121.31125,BG
2026-03-18,92.54802083333334,BG
2026-03-19,103.0225,BG
2026-03-20,117.48791666666666,BG
2026-03-21,106.481875,BG
2026-03-22,90.13822916666668,BG
2026-03-23,151.00135416666666,BG
2026-03-24,110.64114583333333,BG
2026-03-25,87.3334375,BG
2026-03-26,84.78604166666666,BG
2026-03-27,112.30875,BG
2026-03-28,83.87135416666666,BG
2026-03-29,83.66434782608695,BG
2026-03-30,134.56666666666666,BG
2026-03-31,141.24,BG
2026-04-01,155.358125,BG
2026-04-02,136.5778125,BG
2026-04-03,129.6175,BG
2026-04-04,69.99114583333333,BG
2026-04-05,31.157916666666665,BG
2026-04-06,62.07927083333333,BG
2026-04-07,84.57822916666667,BG
2026-04-08,80.40729166666667,BG
2026-04-09,94.54114583333336,BG
2026-04-10,111.99270833333333,BG
2026-04-11,87.38552083333333,BG
2026-04-12,81.13,BG
2026-04-13,91.75385416666668,BG
2026-04-14,132.81114583333334,BG
2026-04-15,125.4159375,BG
2026-04-16,104.52989583333334,BG
2026-04-17,85.97041666666667,BG
2026-04-18,75.28093750000001,BG
2026-04-19,72.37468750000001,BG
2026-04-20,90.54895833333336,BG
2026-04-21,109.775,BG
2026-04-22,112.25510416666668,BG
2026-04-23,87.705,BG
2026-04-24,77.63208333333334,BG
2026-04-25,56.06375,BG
2026-04-26,38.7390625,BG
2026-04-27,80.58770833333334,BG
2026-04-28,76.13125000000001,BG
2026-04-29,101.5040625,BG
2026-04-30,85.92031250000001,BG
2026-05-01,62.3384375,BG
2026-05-02,68.05229166666668,BG
2026-05-03,71.67135416666666,BG
2026-05-04,102.18885416666666,BG
2026-05-05,103.44385416666668,BG
2026-05-06,108.89479166666666,BG
2026-05-07,123.88354166666666,BG
2026-05-08,131.75052083333333,BG
2026-05-09,115.86427083333332,BG
2026-05-10,93.8278125,BG
2026-05-11,136.34458333333333,BG
2026-05-12,113.50229166666666,BG
2026-05-13,115.00239583333332,BG
2026-05-14,116.51354166666664,BG
2026-05-15,111.46395833333334,BG
2026-05-16,79.69114583333334,BG
2026-05-17,86.70458333333333,BG
2026-05-18,139.53020833333332,BG
2026-05-19,137.97083333333333,BG
2026-05-20,102.43510416666668,BG
2026-05-21,100.58854166666669,BG
2026-05-22,103.81895833333334,BG
2026-05-23,79.24614583333333,BG
2026-05-24,74.05322916666667,BG
2026-05-25,141.76,BG
2021-01-01,185.77125,RO
2021-01-02,246.43291666666667,RO
2021-01-03,188.35958333333335,RO
2021-01-04,249.9025,RO
2021-01-05,251.6675,RO
2021-01-06,242.48333333333335,RO
2021-01-07,299.7291666666667,RO
2021-01-08,353.67,RO
2021-01-09,248.5275,RO
2021-01-10,221.3125,RO
2021-01-11,257.65708333333333,RO
2021-01-12,302.55375,RO
2021-01-13,292.13958333333335,RO
2021-01-14,350.8908333333333,RO
2021-01-15,385.36083333333335,RO
2021-01-16,265.86583333333334,RO
2021-01-17,260.2991666666667,RO
2021-01-18,326.85291666666666,RO
2021-01-19,344.33625,RO
2021-01-20,304.15125,RO
2021-01-21,280.9504166666667,RO
2021-01-22,260.7920833333333,RO
2021-01-23,254.78333333333333,RO
2021-01-24,220.8841666666667,RO
2021-01-25,282.2104166666667,RO
2021-01-26,287.35291666666666,RO
2021-01-27,280.93625000000003,RO
2021-01-28,270.4525,RO
2021-01-29,254.03833333333333,RO
2021-01-30,224.18,RO
2021-01-31,215.46375,RO
2021-02-01,253.9958333333333,RO
2021-02-02,276.7295833333333,RO
2021-02-03,231.19625,RO
2021-02-04,232.77458333333337,RO
2021-02-05,250.5304166666667,RO
2021-02-06,208.96958333333336,RO
2021-02-07,116.92083333333332,RO
2021-02-08,184.51166666666663,RO
2021-02-09,205.70333333333335,RO
2021-02-10,245.5175,RO
2021-02-11,284.9795833333333,RO
2021-02-12,264.44874999999996,RO
2021-02-13,261.6354166666667,RO
2021-02-14,213.3925,RO
2021-02-15,258.11375,RO
2021-02-16,305.7504166666667,RO
2021-02-17,278.01166666666666,RO
2021-02-18,259.68125000000003,RO
2021-02-19,263.36125,RO
2021-02-20,192.0975,RO
2021-02-21,170.00625,RO
2021-02-22,257.09041666666667,RO
2021-02-23,238.36833333333337,RO
2021-02-24,228.44625,RO
2021-02-25,233.07333333333335,RO
2021-02-26,235.13583333333335,RO
2021-02-27,216.885,RO
2021-02-28,195.94375,RO
2021-03-01,266.52375,RO
2021-03-02,235.3658333333333,RO
2021-03-03,249.36791666666667,RO
2021-03-04,252.6954166666667,RO
2021-03-05,244.59333333333333,RO
2021-03-06,226.57208333333332,RO
2021-03-07,219.92541666666668,RO
2021-03-08,303.9633333333333,RO
2021-03-09,305.06041666666664,RO
2021-03-10,264.7583333333333,RO
2021-03-11,271.50124999999997,RO
2021-03-12,285.1408333333333,RO
2021-03-13,276.2395833333333,RO
2021-03-14,222.8829166666667,RO
2021-03-15,239.53708333333336,RO
2021-03-16,278.2445833333333,RO
2021-03-17,274.82,RO
2021-03-18,292.43874999999997,RO
2021-03-19,305.99125,RO
2021-03-20,258.17875,RO
2021-03-21,212.54,RO
2021-03-22,290.63916666666665,RO
2021-03-23,293.0529166666667,RO
2021-03-24,299.2858333333333,RO
2021-03-25,308.03041666666667,RO
2021-03-26,300.20208333333335,RO
2021-03-27,256.71791666666667,RO
2021-03-28,211.67565217391305,RO
2021-03-29,254.03625,RO
2021-03-30,254.69416666666663,RO
2021-03-31,290.9608333333333,RO
2021-04-01,286.68416666666667,RO
2021-04-02,220.00291666666664,RO
2021-04-03,232.455,RO
2021-04-04,200.61083333333332,RO
2021-04-05,164.58708333333334,RO
2021-04-06,269.1154166666667,RO
2021-04-07,322.1016666666667,RO
2021-04-08,338.715,RO
2021-04-09,314.24625,RO
2021-04-10,286.34875,RO
2021-04-11,231.82458333333332,RO
2021-04-12,328.68874999999997,RO
2021-04-13,351.49,RO
2021-04-14,373.5391666666667,RO
2021-04-15,392.81541666666664,RO
2021-04-16,352.97166666666664,RO
2021-04-17,304.125,RO
2021-04-18,322.4733333333333,RO
2021-04-19,396.58458333333334,RO
2021-04-20,403.2891666666667,RO
2021-04-21,359.2091666666667,RO
2021-04-22,350.2308333333333,RO
2021-04-23,333.0566666666667,RO
2021-04-24,298.2733333333333,RO
2021-04-25,219.85958333333335,RO
2021-04-26,328.4175,RO
2021-04-27,331.4420833333333,RO
2021-04-28,308.38,RO
2021-04-29,327.06416666666667,RO
2021-04-30,323.77666666666664,RO
2021-05-01,290.9954166666667,RO
2021-05-02,211.5533333333333,RO
2021-05-03,245.46125,RO
2021-05-04,239.68291666666667,RO
2021-05-05,274.7129166666667,RO
2021-05-06,321.08375,RO
2021-05-07,313.87416666666667,RO
2021-05-08,262.23083333333335,RO
2021-05-09,108.5425,RO
2021-05-10,320.5579166666667,RO
2021-05-11,355.81708333333336,RO
2021-05-12,337.35041666666666,RO
2021-05-13,292.06,RO
2021-05-14,340.0308333333333,RO
2021-05-15,315.91375,RO
2021-05-16,227.71333333333337,RO
2021-05-17,342.87041666666664,RO
2021-05-18,287.36333333333334,RO
2021-05-19,344.7,RO
2021-05-20,359.0829166666667,RO
2021-05-21,269.56083333333333,RO
2021-05-22,263.91875,RO
2021-05-23,199.27416666666667,RO
2021-05-24,260.63166666666666,RO
2021-05-25,331.86875000000003,RO
2021-05-26,332.3475,RO
2021-05-27,353.18125000000003,RO
2021-05-28,372.73541666666665,RO
2021-05-29,253.07708333333335,RO
2021-05-30,208.11291666666668,RO
2021-05-31,332.2270833333333,RO
2021-06-01,292.24125,RO
2021-06-02,318.34499999999997,RO
2021-06-03,275.9170833333333,RO
2021-06-04,346.39916666666664,RO
2021-06-05,307.19083333333333,RO
2021-06-06,277.48,RO
2021-06-07,393.8066666666667,RO
2021-06-08,385.87000000000006,RO
2021-06-09,382.67291666666665,RO
2021-06-10,380.3933333333334,RO
2021-06-11,370.9725,RO
2021-06-12,338.26166666666666,RO
2021-06-13,153.07333333333332,RO
2021-06-14,368.355,RO
2021-06-15,375.3883333333333,RO
2021-06-16,387.55583333333334,RO
2021-06-17,409.72541666666666,RO
2021-06-18,75.53416666666666,RO
2021-06-19,68.185,RO
2021-06-20,58.74125,RO
2021-06-21,77.4225,RO
2021-06-22,86.20708333333333,RO
2021-06-23,102.0175,RO
2021-06-24,99.74166666666667,RO
2021-06-25,108.45916666666666,RO
2021-06-26,81.10583333333334,RO
2021-06-27,67.57166666666667,RO
2021-06-28,108.80916666666668,RO
2021-06-29,96.02458333333334,RO
2021-06-30,107.42375,RO
2021-07-01,94.4025,RO
2021-07-02,101.5975,RO
2021-07-03,85.39625000000001,RO
2021-07-04,77.02416666666666,RO
2021-07-05,84.13166666666667,RO
2021-07-06,66.84041666666667,RO
2021-07-07,106.73041666666668,RO
2021-07-08,109.70125,RO
2021-07-09,91.45291666666668,RO
2021-07-10,82.31333333333333,RO
2021-07-11,76.78833333333334,RO
2021-07-12,119.78708333333331,RO
2021-07-13,100.83375,RO
2021-07-14,95.2225,RO
2021-07-15,106.00458333333334,RO
2021-07-16,106.34875,RO
2021-07-17,83.18916666666667,RO
2021-07-18,73.90375,RO
2021-07-19,92.37208333333332,RO
2021-07-20,107.56374999999998,RO
2021-07-21,91.85541666666668,RO
2021-07-22,74.26666666666667,RO
2021-07-23,90.67875,RO
2021-07-24,77.40333333333334,RO
2021-07-25,61.89625,RO
2021-07-26,102.89083333333332,RO
2021-07-27,111.52416666666666,RO
2021-07-28,102.70291666666668,RO
2021-07-29,112.20083333333334,RO
2021-07-30,131.11291666666668,RO
2021-07-31,90.99625,RO
2021-08-01,79.97916666666667,RO
2021-08-02,119.05083333333332,RO
2021-08-03,136.72875000000002,RO
2021-08-04,162.1266666666667,RO
2021-08-05,121.4975,RO
2021-08-06,161.27916666666667,RO
2021-08-07,113.12458333333332,RO
2021-08-08,87.89041666666667,RO
2021-08-09,115.40833333333336,RO
2021-08-10,138.94375,RO
2021-08-11,106.01791666666666,RO
2021-08-12,134.50333333333333,RO
2021-08-13,107.03625,RO
2021-08-14,105.12333333333332,RO
2021-08-15,94.12916666666666,RO
2021-08-16,111.09666666666668,RO
2021-08-17,97.1875,RO
2021-08-18,130.08124999999998,RO
2021-08-19,95.65083333333332,RO
2021-08-20,110.56291666666668,RO
2021-08-21,95.46875,RO
2021-08-22,88.91958333333334,RO
2021-08-23,119.71583333333332,RO
2021-08-24,115.74666666666668,RO
2021-08-25,113.94166666666666,RO
2021-08-26,109.37083333333334,RO
2021-08-27,112.97583333333334,RO
2021-08-28,93.27291666666667,RO
2021-08-29,90.46166666666666,RO
2021-08-30,114.81625,RO
2021-08-31,111.46,RO
2021-09-01,111.40666666666668,RO
2021-09-02,109.39166666666668,RO
2021-09-03,110.95958333333331,RO
2021-09-04,108.05666666666669,RO
2021-09-05,97.6925,RO
2021-09-06,123.79458333333334,RO
2021-09-07,125.56875,RO
2021-09-08,119.40833333333336,RO
2021-09-09,127.58541666666667,RO
2021-09-10,135.74,RO
2021-09-11,129.27791666666667,RO
2021-09-12,106.75583333333331,RO
2021-09-13,143.25958333333332,RO
2021-09-14,146.58124999999998,RO
2021-09-15,168.22333333333333,RO
2021-09-16,166.62041666666667,RO
2021-09-17,154.26958333333332,RO
2021-09-18,133.50416666666666,RO
2021-09-19,96.87125,RO
2021-09-20,152.45416666666668,RO
2021-09-21,150.6275,RO
2021-09-22,146.69541666666666,RO
2021-09-23,133.14541666666665,RO
2021-09-24,121.23375,RO
2021-09-25,137.1675,RO
2021-09-26,133.355,RO
2021-09-27,157.28708333333333,RO
2021-09-28,159.07708333333332,RO
2021-09-29,148.44041666666666,RO
2021-09-30,162.11166666666665,RO
2021-10-01,143.13833333333335,RO
2021-10-02,143.64125,RO
2021-10-03,74.79416666666667,RO
2021-10-04,193.58583333333337,RO
2021-10-05,165.31041666666667,RO
2021-10-06,135.96291666666667,RO
2021-10-07,187.975,RO
2021-10-08,189.08125,RO
2021-10-09,172.64916666666667,RO
2021-10-10,193.34625000000003,RO
2021-10-11,203.7458333333333,RO
2021-10-12,233.60125,RO
2021-10-13,178.04666666666665,RO
2021-10-14,216.52416666666667,RO
2021-10-15,199.73375,RO
2021-10-16,213.06708333333333,RO
2021-10-17,180.68375,RO
2021-10-18,249.54541666666668,RO
2021-10-19,242.60958333333335,RO
2021-10-20,263.89166666666665,RO
2021-10-21,206.49125,RO
2021-10-22,228.9670833333333,RO
2021-10-23,195.12791666666664,RO
2021-10-24,162.46791666666667,RO
2021-10-25,206.78083333333333,RO
2021-10-26,235.09625000000003,RO
2021-10-27,223.42625,RO
2021-10-28,215.95583333333332,RO
2021-10-29,189.43791666666667,RO
2021-10-30,172.245,RO
2021-10-31,143.2164,RO
2021-11-01,204.57583333333332,RO
2021-11-02,199.60375,RO
2021-11-03,195.26916666666668,RO
2021-11-04,191.395,RO
2021-11-05,177.79541666666668,RO
2021-11-06,146.73583333333332,RO
2021-11-07,138.83083333333337,RO
2021-11-08,206.77874999999997,RO
2021-11-09,204.15041666666664,RO
2021-11-10,192.76708333333332,RO
2021-11-11,202.01625,RO
2021-11-12,221.66416666666663,RO
2021-11-13,201.9475,RO
2021-11-14,189.41708333333335,RO
2021-11-15,228.78875,RO
2021-11-16,226.7420833333333,RO
2021-11-17,248.46125,RO
2021-11-18,252.95541666666668,RO
2021-11-19,225.39916666666667,RO
2021-11-20,204.38791666666663,RO
2021-11-21,207.52541666666664,RO
2021-11-22,261.0529166666667,RO
2021-11-23,269.2375,RO
2021-11-24,282.80041666666665,RO
2021-11-25,283.28749999999997,RO
2021-11-26,217.2491666666667,RO
2021-11-27,190.27333333333337,RO
2021-11-28,185.70833333333337,RO
2021-11-29,226.05208333333337,RO
2021-11-30,193.56375,RO
2021-12-01,198.94291666666663,RO
2021-12-02,243.78666666666663,RO
2021-12-03,221.955,RO
2021-12-04,212.51791666666668,RO
2021-12-05,180.00791666666666,RO
2021-12-06,250.81208333333333,RO
2021-12-07,232.91708333333335,RO
2021-12-08,219.5845833333333,RO
2021-12-09,271.43874999999997,RO
2021-12-10,223.84166666666667,RO
2021-12-11,201.44458333333333,RO
2021-12-12,155.52416666666667,RO
2021-12-13,255.82625,RO
2021-12-14,259.56083333333333,RO
2021-12-15,240.3025,RO
2021-12-16,302.58166666666665,RO
2021-12-17,314.1925,RO
2021-12-18,245.18,RO
2021-12-19,219.72958333333335,RO
2021-12-20,321.55916666666667,RO
2021-12-21,395.055,RO
2021-12-22,428.24125,RO
2021-12-23,350.54541666666665,RO
2021-12-24,183.95541666666668,RO
2021-12-25,131.76166666666668,RO
2021-12-26,168.59333333333333,RO
2021-12-27,150.11458333333334,RO
2021-12-28,176.21291666666664,RO
2021-12-29,156.89166666666668,RO
2021-12-30,128.3454166666667,RO
2021-12-31,96.38347826086957,RO
2022-01-01,71.75791666666667,RO
2022-01-02,87.5775,RO
2022-01-03,100.26291666666668,RO
2022-01-04,154.00958333333332,RO
2022-01-05,127.78041666666668,RO
2022-01-06,199.895,RO
2022-01-07,187.3575,RO
2022-01-08,171.33124999999998,RO
2022-01-09,176.11125,RO
2022-01-10,194.3708333333333,RO
2022-01-11,174.10083333333333,RO
2022-01-12,192.04,RO
2022-01-13,208.20208333333335,RO
2022-01-14,201.7325,RO
2022-01-15,181.66,RO
2022-01-16,194.64958333333337,RO
2022-01-17,195.85916666666665,RO
2022-01-18,199.54166666666663,RO
2022-01-19,215.30458333333337,RO
2022-01-20,192.52541666666664,RO
2022-01-21,216.42958333333337,RO
2022-01-22,194.55666666666664,RO
2022-01-23,191.59416666666667,RO
2022-01-24,236.66333333333333,RO
2022-01-25,288.7375,RO
2022-01-26,295.11791666666664,RO
2022-01-27,259.69666666666666,RO
2022-01-28,243.35625,RO
2022-01-29,233.21833333333333,RO
2022-01-30,152.20833333333334,RO
2022-01-31,214.30833333333337,RO
2022-02-01,226.28666666666663,RO
2022-02-02,250.29833333333332,RO
2022-02-03,215.02166666666668,RO
2022-02-04,230.38458333333332,RO
2022-02-05,229.03416666666664,RO
2022-02-06,184.20333333333335,RO
2022-02-07,190.23875,RO
2022-02-08,160.77583333333334,RO
2022-02-09,210.88666666666663,RO
2022-02-10,215.54708333333335,RO
2022-02-11,210.41666666666663,RO
2022-02-12,172.97708333333333,RO
2022-02-13,151.8775,RO
2022-02-14,222.48208333333332,RO
2022-02-15,209.17583333333337,RO
2022-02-16,207.83875,RO
2022-02-17,179.99249999999998,RO
2022-02-18,147.58708333333334,RO
2022-02-19,146.97708333333333,RO
2022-02-20,126.94833333333334,RO
2022-02-21,138.62208333333334,RO
2022-02-22,146.4,RO
2022-02-23,179.51,RO
2022-02-24,174.36041666666665,RO
2022-02-25,219.41375,RO
2022-02-26,206.6208333333333,RO
2022-02-27,158.10958333333335,RO
2022-02-28,166.18791666666667,RO
2022-03-01,215.9525,RO
2022-03-02,271.09375,RO
2022-03-03,290.5175,RO
2022-03-04,384.44250000000005,RO
2022-03-05,350.29833333333335,RO
2022-03-06,327.03916666666663,RO
2022-03-07,436.3029166666667,RO
2022-03-08,540.2920833333334,RO
2022-03-09,439.68249999999995,RO
2022-03-10,324.5525,RO
2022-03-11,294.44,RO
2022-03-12,261.74333333333334,RO
2022-03-13,270.31083333333333,RO
2022-03-14,335.3795833333333,RO
2022-03-15,317.80375,RO
2022-03-16,287.3575,RO
2022-03-17,240.93375,RO
2022-03-18,229.59416666666667,RO
2022-03-19,237.99208333333337,RO
2022-03-20,120.625,RO
2022-03-21,227.71125,RO
2022-03-22,213.99791666666667,RO
2022-03-23,233.38125,RO
2022-03-24,236.75625,RO
2022-03-25,227.20708333333337,RO
2022-03-26,196.33,RO
2022-03-27,134.62782608695653,RO
2022-03-28,226.3166666666667,RO
2022-03-29,245.355,RO
2022-03-30,226.7145833333333,RO
2022-03-31,156.07958333333332,RO
2022-04-01,95.50833333333333,RO
2022-04-02,123.18833333333332,RO
2022-04-03,88.27708333333334,RO
2022-04-04,232.745,RO
2022-04-05,208.48416666666665,RO
2022-04-06,174.64666666666668,RO
2022-04-07,167.95541666666665,RO
2022-04-08,159.17166666666665,RO
2022-04-09,134.72666666666666,RO
2022-04-10,83.60375,RO
2022-04-11,172.00250000000003,RO
2022-04-12,196.32791666666665,RO
2022-04-13,182.59,RO
2022-04-14,213.12750000000003,RO
2022-04-15,193.24166666666667,RO
2022-04-16,162.49875,RO
2022-04-17,91.74416666666669,RO
2022-04-18,139.78041666666667,RO
2022-04-19,245.20291666666665,RO
2022-04-20,241.09833333333333,RO
2022-04-21,209.13833333333332,RO
2022-04-22,169.11833333333334,RO
2022-04-23,130.60791666666668,RO
2022-04-24,126.08833333333332,RO
2022-04-25,184.29541666666668,RO
2022-04-26,240.78208333333336,RO
2022-04-27,223.27583333333337,RO
2022-04-28,230.36,RO
2022-04-29,222.3425,RO
2022-04-30,187.13166666666663,RO
2022-05-01,185.75375,RO
2022-05-02,206.74333333333337,RO
2022-05-03,218.36791666666667,RO
2022-05-04,233.19708333333332,RO
2022-05-05,234.25250000000003,RO
2022-05-06,223.19208333333333,RO
2022-05-07,195.12458333333333,RO
2022-05-08,173.9670833333333,RO
2022-05-09,240.155,RO
2022-05-10,210.325,RO
2022-05-11,268.50375,RO
2022-05-12,218.78791666666663,RO
2022-05-13,196.75666666666663,RO
2022-05-14,173.87750000000003,RO
2022-05-15,157.11458333333334,RO
2022-05-16,239.755,RO
2022-05-17,236.51625,RO
2022-05-18,173.64416666666668,RO
2022-05-19,194.41666666666663,RO
2022-05-20,208.36333333333337,RO
2022-05-21,151.5641666666667,RO
2022-05-22,167.10375,RO
2022-05-23,208.46,RO
2022-05-24,204.54,RO
2022-05-25,193.08291666666665,RO
2022-05-26,193.55791666666667,RO
2022-05-27,207.96083333333337,RO
2022-05-28,177.155,RO
2022-05-29,147.94875,RO
2022-05-30,211.07875,RO
2022-05-31,218.42041666666668,RO
2022-06-01,227.64625,RO
2022-06-02,195.77,RO
2022-06-03,188.68458333333336,RO
2022-06-04,179.19583333333333,RO
2022-06-05,146.55041666666668,RO
2022-06-06,179.14625,RO
2022-06-07,229.63583333333335,RO
2022-06-08,224.4725,RO
2022-06-09,205.65583333333333,RO
2022-06-10,191.42458333333332,RO
2022-06-11,158.24416666666667,RO
2022-06-12,119.97291666666666,RO
2022-06-13,183.04875,RO
2022-06-14,208.0533333333333,RO
2022-06-15,224.6675,RO
2022-06-16,236.2770833333333,RO
2022-06-17,261.12583333333333,RO
2022-06-18,206.81583333333333,RO
2022-06-19,166.76250000000002,RO
2022-06-20,282.36333333333334,RO
2022-06-21,269.75916666666666,RO
2022-06-22,273.4945833333333,RO
2022-06-23,298.97875,RO
2022-06-24,204.22541666666663,RO
2022-06-25,256.44458333333336,RO
2022-06-26,253.0270833333333,RO
2022-06-27,325.2104166666667,RO
2022-06-28,361.82916666666665,RO
2022-06-29,301.49583333333334,RO
2022-06-30,345.85083333333336,RO
2022-07-01,358.78541666666666,RO
2022-07-02,240.45333333333335,RO
2022-07-03,225.08625,RO
2022-07-04,384.7695833333333,RO
2022-07-05,347.07708333333335,RO
2022-07-06,373.72625,RO
2022-07-07,331.47291666666666,RO
2022-07-08,279.88875,RO
2022-07-09,177.33249999999998,RO
2022-07-10,107.57291666666669,RO
2022-07-11,368.34791666666666,RO
2022-07-12,395.31,RO
2022-07-13,353.23625,RO
2022-07-14,418.58708333333334,RO
2022-07-15,394.59,RO
2022-07-16,276.77625,RO
2022-07-17,222.79416666666668,RO
2022-07-18,416.28791666666666,RO
2022-07-19,471.7533333333334,RO
2022-07-20,444.1504166666667,RO
2022-07-21,386.715,RO
2022-07-22,443.7504166666667,RO
2022-07-23,360.5375,RO
2022-07-24,314.80125,RO
2022-07-25,527.9979166666667,RO
2022-07-26,512.02625,RO
2022-07-27,516.3291666666667,RO
2022-07-28,512.8866666666667,RO
2022-07-29,494.6679166666667,RO
2022-07-30,409.04375,RO
2022-07-31,316.08958333333334,RO
2022-08-01,430.43833333333333,RO
2022-08-02,445.5158333333333,RO
2022-08-03,398.88958333333335,RO
2022-08-04,396.25125,RO
2022-08-05,436.43375,RO
2022-08-06,348.85875000000004,RO
2022-08-07,216.59041666666667,RO
2022-08-08,351.45208333333335,RO
2022-08-09,360.8825,RO
2022-08-10,336.12624999999997,RO
2022-08-11,380.6458333333333,RO
2022-08-12,452.4175,RO
2022-08-13,406.9454166666667,RO
2022-08-14,367.35041666666666,RO
2022-08-15,426.97541666666666,RO
2022-08-16,490.9591666666667,RO
2022-08-17,553.8966666666666,RO
2022-08-18,563.35,RO
2022-08-19,508.4058333333333,RO
2022-08-20,468.88375,RO
2022-08-21,398.5291666666667,RO
2022-08-22,562.2391666666666,RO
2022-08-23,616.3816666666667,RO
2022-08-24,631.0841666666666,RO
2022-08-25,592.6795833333333,RO
2022-08-26,709.1345833333334,RO
2022-08-27,654.01625,RO
2022-08-28,545.8316666666666,RO
2022-08-29,730.4829166666667,RO
2022-08-30,738.2800000000001,RO
2022-08-31,683.5204166666667,RO
2022-09-01,591.6245833333334,RO
2022-09-02,460.4158333333333,RO
2022-09-03,361.1479166666666,RO
2022-09-04,313.5420833333333,RO
2022-09-05,447.46625,RO
2022-09-06,529.7120833333333,RO
2022-09-07,433.26,RO
2022-09-08,378.28875,RO
2022-09-09,305.96458333333334,RO
2022-09-10,404.31791666666663,RO
2022-09-11,391.65083333333337,RO
2022-09-12,435.8775,RO
2022-09-13,448.8925,RO
2022-09-14,443.85875,RO
2022-09-15,368.54125,RO
2022-09-16,363.58125,RO
2022-09-17,260.13375,RO
2022-09-18,134.40833333333333,RO
2022-09-19,279.2083333333333,RO
2022-09-20,368.28041666666667,RO
2022-09-21,382.09375,RO
2022-09-22,398.8016666666667,RO
2022-09-23,391.77125,RO
2022-09-24,378.65541666666667,RO
2022-09-25,278.7545833333333,RO
2022-09-26,338.4425,RO
2022-09-27,346.2054166666667,RO
2022-09-28,359.54375,RO
2022-09-29,397.4804166666667,RO
2022-09-30,373.5025,RO
2022-10-01,252.26666666666665,RO
2022-10-02,139.11208333333337,RO
2022-10-03,246.96666666666667,RO
2022-10-04,315.45,RO
2022-10-05,282.3279166666667,RO
2022-10-06,222.0220833333333,RO
2022-10-07,220.7095833333333,RO
2022-10-08,226.63041666666663,RO
2022-10-09,174.98166666666668,RO
2022-10-10,223.63291666666663,RO
2022-10-11,357.24333333333334,RO
2022-10-12,289.6725,RO
2022-10-13,296.6333333333333,RO
2022-10-14,260.7,RO
2022-10-15,192.06041666666667,RO
2022-10-16,145.77625,RO
2022-10-17,192.2458333333333,RO
2022-10-18,214.57666666666668,RO
2022-10-19,175.55375,RO
2022-10-20,180.05625,RO
2022-10-21,187.4725,RO
2022-10-22,148.51166666666666,RO
2022-10-23,182.35041666666663,RO
2022-10-24,228.71333333333337,RO
2022-10-25,152.74083333333334,RO
2022-10-26,181.12625,RO
2022-10-27,178.90833333333333,RO
2022-10-28,139.07666666666668,RO
2022-10-29,109.62458333333336,RO
2022-10-30,107.9836,RO
2022-10-31,165.99958333333333,RO
2022-11-01,156.01708333333332,RO
2022-11-02,213.00875,RO
2022-11-03,185.01583333333335,RO
2022-11-04,182.9075,RO
2022-11-05,139.21916666666667,RO
2022-11-06,123.65458333333332,RO
2022-11-07,218.22458333333336,RO
2022-11-08,188.39958333333337,RO
2022-11-09,204.29541666666668,RO
2022-11-10,244.55458333333337,RO
2022-11-11,204.30166666666665,RO
2022-11-12,180.62875,RO
2022-11-13,170.96624999999997,RO
2022-11-14,207.05083333333337,RO
2022-11-15,256.945,RO
2022-11-16,272.57666666666665,RO
2022-11-17,246.93083333333337,RO
2022-11-18,240.555,RO
2022-11-19,192.8166666666667,RO
2022-11-20,199.23625,RO
2022-11-21,243.65708333333336,RO
2022-11-22,212.65041666666664,RO
2022-11-23,207.89416666666668,RO
2022-11-24,265.69875,RO
2022-11-25,258.31041666666664,RO
2022-11-26,238.48708333333332,RO
2022-11-27,176.58,RO
2022-11-28,301.75916666666666,RO
2022-11-29,358.7633333333333,RO
2022-11-30,382.24333333333334,RO
2022-12-01,329.88124999999997,RO
2022-12-02,388.6375,RO
2022-12-03,301.1275,RO
2022-12-04,275.69125,RO
2022-12-05,335.83875,RO
2022-12-06,396.3475,RO
2022-12-07,363.33125,RO
2022-12-08,380.7658333333334,RO
2022-12-09,338.7366666666667,RO
2022-12-10,320.44916666666666,RO
2022-12-11,205.12458333333333,RO
2022-12-12,425.7383333333333,RO
2022-12-13,392.39125,RO
2022-12-14,444.5591666666666,RO
2022-12-15,390.40166666666664,RO
2022-12-16,293.84375,RO
2022-12-17,213.38583333333335,RO
2022-12-18,175.92333333333332,RO
2022-12-19,197.83916666666667,RO
2022-12-20,213.65541666666664,RO
2022-12-21,224.3420833333333,RO
2022-12-22,202.62541666666667,RO
2022-12-23,183.91083333333333,RO
2022-12-24,113.08958333333334,RO
2022-12-25,101.615,RO
2022-12-26,47.8775,RO
2022-12-27,95.975,RO
2022-12-28,145.0016666666667,RO
2022-12-29,94.49458333333332,RO
2022-12-30,54.5025,RO
2022-12-31,35.82260869565218,RO
2023-01-01,17.86625,RO
2023-01-02,124.82333333333334,RO
2023-01-03,149.39416666666668,RO
2023-01-04,188.12625,RO
2023-01-05,138.58624999999998,RO
2023-01-06,127.31458333333336,RO
2023-01-07,170.22,RO
2023-01-08,100.14333333333332,RO
2023-01-09,139.69916666666666,RO
2023-01-10,137.4575,RO
2023-01-11,145.8841666666667,RO
2023-01-12,185.99875,RO
2023-01-13,193.55791666666667,RO
2023-01-14,188.155,RO
2023-01-15,95.90666666666668,RO
2023-01-16,130.3420833333333,RO
2023-01-17,119.82666666666668,RO
2023-01-18,80.39,RO
2023-01-19,53.98083333333333,RO
2023-01-20,93.26125,RO
2023-01-21,110.41458333333333,RO
2023-01-22,130.37125,RO
2023-01-23,154.2725,RO
2023-01-24,159.56,RO
2023-01-25,159.39541666666665,RO
2023-01-26,169.76333333333332,RO
2023-01-27,148.50125,RO
2023-01-28,125.7425,RO
2023-01-29,131.07541666666663,RO
2023-01-30,198.89041666666665,RO
2023-01-31,152.96541666666667,RO
2023-02-01,155.97,RO
2023-02-02,152.975,RO
2023-02-03,150.48416666666665,RO
2023-02-04,142.6654166666667,RO
2023-02-05,108.21583333333332,RO
2023-02-06,163.725,RO
2023-02-07,160.89083333333335,RO
2023-02-08,158.06541666666666,RO
2023-02-09,157.39958333333334,RO
2023-02-10,163.75541666666666,RO
2023-02-11,144.12458333333333,RO
2023-02-12,139.8925,RO
2023-02-13,171.38583333333335,RO
2023-02-14,160.02375,RO
2023-02-15,165.91166666666666,RO
2023-02-16,172.76250000000002,RO
2023-02-17,172.40291666666667,RO
2023-02-18,107.74041666666666,RO
2023-02-19,108.5375,RO
2023-02-20,122.96791666666668,RO
2023-02-21,115.7425,RO
2023-02-22,150.3975,RO
2023-02-23,149.10708333333335,RO
2023-02-24,136.17166666666665,RO
2023-02-25,86.68624999999999,RO
2023-02-26,72.33541666666666,RO
2023-02-27,147.56791666666666,RO
2023-02-28,152.37625,RO
2023-03-01,153.58124999999998,RO
2023-03-02,158.09791666666666,RO
2023-03-03,148.35583333333332,RO
2023-03-04,120.1975,RO
2023-03-05,119.3025,RO
2023-03-06,142.38458333333332,RO
2023-03-07,132.38416666666666,RO
2023-03-08,126.20166666666668,RO
2023-03-09,108.74083333333334,RO
2023-03-10,104.27166666666666,RO
2023-03-11,96.90708333333332,RO
2023-03-12,97.1325,RO
2023-03-13,83.90583333333333,RO
2023-03-14,83.58749999999999,RO
2023-03-15,126.28041666666668,RO
2023-03-16,112.075,RO
2023-03-17,91.51,RO
2023-03-18,109.24791666666664,RO
2023-03-19,111.785,RO
2023-03-20,126.14041666666668,RO
2023-03-21,123.07916666666668,RO
2023-03-22,124.7625,RO
2023-03-23,115.115,RO
2023-03-24,91.72083333333336,RO
2023-03-25,26.661666666666665,RO
2023-03-26,48.44304347826087,RO
2023-03-27,74.95541666666666,RO
2023-03-28,80.915,RO
2023-03-29,115.90208333333334,RO
2023-03-30,109.08625,RO
2023-03-31,100.09708333333332,RO
2023-04-01,61.087916666666665,RO
2023-04-02,67.91458333333334,RO
2023-04-03,113.95875,RO
2023-04-04,122.99625,RO
2023-04-05,109.99791666666664,RO
2023-04-06,126.47083333333336,RO
2023-04-07,120.00625,RO
2023-04-08,118.82125,RO
2023-04-09,105.0475,RO
2023-04-10,75.78291666666667,RO
2023-04-11,95.97583333333334,RO
2023-04-12,112.34958333333331,RO
2023-04-13,123.79833333333332,RO
2023-04-14,94.67125,RO
2023-04-15,106.20958333333331,RO
2023-04-16,88.55541666666666,RO
2023-04-17,79.17458333333333,RO
2023-04-18,114.66666666666669,RO
2023-04-19,123.15416666666664,RO
2023-04-20,114.4975,RO
2023-04-21,105.365,RO
2023-04-22,87.73,RO
2023-04-23,46.774166666666666,RO
2023-04-24,94.17625,RO
2023-04-25,93.16083333333334,RO
2023-04-26,106.675,RO
2023-04-27,71.2025,RO
2023-04-28,73.85125000000001,RO
2023-04-29,100.36958333333332,RO
2023-04-30,68.62958333333333,RO
2023-05-01,73.07000000000001,RO
2023-05-02,106.26208333333334,RO
2023-05-03,105.67166666666668,RO
2023-05-04,104.76416666666668,RO
2023-05-05,96.15333333333332,RO
2023-05-06,89.56791666666668,RO
2023-05-07,69.50041666666667,RO
2023-05-08,98.59250000000002,RO
2023-05-09,100.69541666666667,RO
2023-05-10,118.30125,RO
2023-05-11,124.28416666666668,RO
2023-05-12,105.915,RO
2023-05-13,79.68041666666666,RO
2023-05-14,71.18916666666667,RO
2023-05-15,119.23708333333332,RO
2023-05-16,98.82875,RO
2023-05-17,94.53416666666668,RO
2023-05-18,103.05625,RO
2023-05-19,74.56208333333333,RO
2023-05-20,45.90083333333333,RO
2023-05-21,28.192083333333333,RO
2023-05-22,97.14041666666668,RO
2023-05-23,94.29166666666669,RO
2023-05-24,101.50541666666668,RO
2023-05-25,86.75875,RO
2023-05-26,72.89333333333333,RO
2023-05-27,63.717083333333335,RO
2023-05-28,40.04291666666666,RO
2023-05-29,54.82125,RO
2023-05-30,92.35208333333333,RO
2023-05-31,89.58333333333333,RO
2023-06-01,76.42833333333333,RO
2023-06-02,79.69375000000001,RO
2023-06-03,56.599583333333335,RO
2023-06-04,52.09291666666667,RO
2023-06-05,89.46749999999999,RO
2023-06-06,85.53916666666667,RO
2023-06-07,93.63166666666666,RO
2023-06-08,83.80083333333333,RO
2023-06-09,86.53916666666667,RO
2023-06-10,59.4925,RO
2023-06-11,44.47083333333333,RO
2023-06-12,90.7125,RO
2023-06-13,95.34958333333331,RO
2023-06-14,104.34625,RO
2023-06-15,108.4,RO
2023-06-16,111.96916666666668,RO
2023-06-17,102.73916666666666,RO
2023-06-18,66.06166666666667,RO
2023-06-19,59.45291666666666,RO
2023-06-20,48.16958333333333,RO
2023-06-21,105.38833333333334,RO
2023-06-22,81.01541666666667,RO
2023-06-23,100.07583333333334,RO
2023-06-24,79.09375,RO
2023-06-25,73.00916666666667,RO
2023-06-26,99.88625,RO
2023-06-27,89.29083333333334,RO
2023-06-28,101.37958333333334,RO
2023-06-29,118.36416666666666,RO
2023-06-30,111.39833333333333,RO
2023-07-01,73.85541666666667,RO
2023-07-02,23.099166666666665,RO
2023-07-03,98.25083333333332,RO
2023-07-04,114.46541666666668,RO
2023-07-05,109.38166666666666,RO
2023-07-06,108.25041666666668,RO
2023-07-07,100.74333333333334,RO
2023-07-08,75.42958333333333,RO
2023-07-09,59.54666666666666,RO
2023-07-10,120.58625,RO
2023-07-11,121.33125,RO
2023-07-12,118.23125,RO
2023-07-13,113.27375,RO
2023-07-14,97.25916666666666,RO
2023-07-15,44.218333333333334,RO
2023-07-16,51.91416666666667,RO
2023-07-17,116.85625,RO
2023-07-18,118.045,RO
2023-07-19,128.05583333333334,RO
2023-07-20,135.58416666666668,RO
2023-07-21,135.8825,RO
2023-07-22,102.77,RO
2023-07-23,69.10333333333334,RO
2023-07-24,111.60333333333334,RO
2023-07-25,108.125,RO
2023-07-26,111.5775,RO
2023-07-27,97.1825,RO
2023-07-28,104.81458333333336,RO
2023-07-29,83.44791666666667,RO
2023-07-30,53.25833333333333,RO
2023-07-31,95.96,RO
2023-08-01,95.425,RO
2023-08-02,77.18166666666666,RO
2023-08-03,95.31791666666668,RO
2023-08-04,111.36958333333332,RO
2023-08-05,90.89583333333331,RO
2023-08-06,50.41208333333333,RO
2023-08-07,68.03333333333333,RO
2023-08-08,40.13625,RO
2023-08-09,89.45708333333333,RO
2023-08-10,91.70541666666666,RO
2023-08-11,79.94875,RO
2023-08-12,60.0,RO
2023-08-13,53.3725,RO
2023-08-14,88.42458333333333,RO
2023-08-15,76.405,RO
2023-08-16,91.32583333333334,RO
2023-08-17,102.625,RO
2023-08-18,106.72041666666668,RO
2023-08-19,85.46249999999999,RO
2023-08-20,86.605,RO
2023-08-21,111.44208333333334,RO
2023-08-22,131.00291666666666,RO
2023-08-23,154.69458333333333,RO
2023-08-24,165.46875,RO
2023-08-25,168.62083333333334,RO
2023-08-26,120.70625,RO
2023-08-27,107.57625,RO
2023-08-28,150.68083333333334,RO
2023-08-29,145.57708333333332,RO
2023-08-30,127.84083333333332,RO
2023-08-31,126.59875,RO
2023-09-01,127.22333333333334,RO
2023-09-02,96.65458333333332,RO
2023-09-03,81.31125,RO
2023-09-04,103.47166666666668,RO
2023-09-05,100.60291666666669,RO
2023-09-06,102.83416666666666,RO
2023-09-07,98.45541666666666,RO
2023-09-08,101.70916666666666,RO
2023-09-09,91.1425,RO
2023-09-10,80.57583333333334,RO
2023-09-11,145.39666666666668,RO
2023-09-12,128.54791666666668,RO
2023-09-13,114.16833333333334,RO
2023-09-14,117.78208333333332,RO
2023-09-15,115.67875,RO
2023-09-16,93.64708333333331,RO
2023-09-17,86.10083333333334,RO
2023-09-18,95.39833333333333,RO
2023-09-19,86.69625,RO
2023-09-20,116.20166666666668,RO
2023-09-21,104.09958333333331,RO
2023-09-22,105.1225,RO
2023-09-23,101.77291666666667,RO
2023-09-24,68.08083333333333,RO
2023-09-25,101.12458333333336,RO
2023-09-26,113.36416666666666,RO
2023-09-27,108.40416666666664,RO
2023-09-28,111.38125,RO
2023-09-29,107.61,RO
2023-09-30,91.01625,RO
2023-10-01,73.58416666666666,RO
2023-10-02,104.94375,RO
2023-10-03,82.26333333333334,RO
2023-10-04,85.99208333333333,RO
2023-10-05,109.26041666666669,RO
2023-10-06,108.99666666666668,RO
2023-10-07,70.9775,RO
2023-10-08,82.54875,RO
2023-10-09,124.83916666666666,RO
2023-10-10,138.70916666666668,RO
2023-10-11,125.91458333333333,RO
2023-10-12,125.9375,RO
2023-10-13,138.4779166666667,RO
2023-10-14,89.07708333333333,RO
2023-10-15,69.59458333333333,RO
2023-10-16,129.57333333333335,RO
2023-10-17,172.59041666666667,RO
2023-10-18,128.61458333333334,RO
2023-10-19,117.30625,RO
2023-10-20,105.37833333333332,RO
2023-10-21,59.29458333333333,RO
2023-10-22,68.91583333333334,RO
2023-10-23,138.61375,RO
2023-10-24,125.33125,RO
2023-10-25,124.01375,RO
2023-10-26,125.60375,RO
2023-10-27,121.65333333333332,RO
2023-10-28,90.73541666666668,RO
2023-10-29,45.422799999999995,RO
2023-10-30,99.72541666666666,RO
2023-10-31,105.02791666666668,RO
2023-11-01,108.14666666666666,RO
2023-11-02,111.60875,RO
2023-11-03,69.91666666666667,RO
2023-11-04,34.87625,RO
2023-11-05,24.823333333333338,RO
2023-11-06,100.19291666666668,RO
2023-11-07,128.57125,RO
2023-11-08,103.74041666666666,RO
2023-11-09,106.20625,RO
2023-11-10,104.32416666666668,RO
2023-11-11,97.055,RO
2023-11-12,96.50666666666666,RO
2023-11-13,127.73708333333332,RO
2023-11-14,106.83583333333333,RO
2023-11-15,114.17833333333334,RO
2023-11-16,122.235,RO
2023-11-17,117.88083333333331,RO
2023-11-18,64.91666666666667,RO
2023-11-19,40.910833333333336,RO
2023-11-20,111.82041666666667,RO
2023-11-21,124.15625,RO
2023-11-22,121.46,RO
2023-11-23,115.43083333333334,RO
2023-11-24,98.54875,RO
2023-11-25,97.19708333333334,RO
2023-11-26,90.59583333333336,RO
2023-11-27,130.63958333333332,RO
2023-11-28,113.11791666666666,RO
2023-11-29,131.46791666666667,RO
2023-11-30,149.40208333333334,RO
2023-12-01,90.47375,RO
2023-12-02,100.98625,RO
2023-12-03,85.82083333333333,RO
2023-12-04,123.58208333333332,RO
2023-12-05,131.42875,RO
2023-12-06,129.60958333333335,RO
2023-12-07,121.16083333333334,RO
2023-12-08,108.4275,RO
2023-12-09,95.45208333333332,RO
2023-12-10,77.14166666666667,RO
2023-12-11,107.84791666666666,RO
2023-12-12,126.75291666666668,RO
2023-12-13,111.24458333333332,RO
2023-12-14,106.4775,RO
2023-12-15,96.20833333333331,RO
2023-12-16,81.13458333333334,RO
2023-12-17,67.46375,RO
2023-12-18,93.6025,RO
2023-12-19,100.56,RO
2023-12-20,95.99,RO
2023-12-21,102.48625,RO
2023-12-22,74.605,RO
2023-12-23,27.637083333333333,RO
2023-12-24,38.401666666666664,RO
2023-12-25,3.970416666666667,RO
2023-12-26,24.679166666666664,RO
2023-12-27,55.73875,RO
2023-12-28,42.47125,RO
2023-12-29,22.548333333333332,RO
2023-12-30,36.367916666666666,RO
2023-12-31,28.931304347826085,RO
2024-01-01,16.219583333333333,RO
2024-01-02,59.04916666666667,RO
2024-01-03,53.4025,RO
2024-01-04,79.93833333333333,RO
2024-01-05,96.90791666666668,RO
2024-01-06,88.21125,RO
2024-01-07,85.65708333333333,RO
2024-01-08,97.59958333333331,RO
2024-01-09,108.83791666666669,RO
2024-01-10,112.53666666666668,RO
2024-01-11,111.445,RO
2024-01-12,108.72875,RO
2024-01-13,93.85958333333332,RO
2024-01-14,76.40708333333333,RO
2024-01-15,94.43791666666668,RO
2024-01-16,111.7825,RO
2024-01-17,119.71291666666669,RO
2024-01-18,98.69083333333332,RO
2024-01-19,82.29083333333334,RO
2024-01-20,76.66708333333334,RO
2024-01-21,67.02083333333333,RO
2024-01-22,91.5975,RO
2024-01-23,100.87666666666668,RO
2024-01-24,90.31791666666668,RO
2024-01-25,92.47666666666667,RO
2024-01-26,90.965,RO
2024-01-27,76.82833333333333,RO
2024-01-28,68.42041666666667,RO
2024-01-29,83.71833333333333,RO
2024-01-30,86.91250000000001,RO
2024-01-31,96.25375,RO
2024-02-01,97.07916666666668,RO
2024-02-02,89.52333333333333,RO
2024-02-03,74.315,RO
2024-02-04,48.96541666666667,RO
2024-02-05,61.62125,RO
2024-02-06,65.48666666666666,RO
2024-02-07,80.47916666666667,RO
2024-02-08,89.83416666666666,RO
2024-02-09,72.25166666666667,RO
2024-02-10,71.98458333333333,RO
2024-02-11,49.951249999999995,RO
2024-02-12,73.33333333333333,RO
2024-02-13,75.54041666666667,RO
2024-02-14,72.93625,RO
2024-02-15,54.20416666666667,RO
2024-02-16,64.88083333333334,RO
2024-02-17,62.65,RO
2024-02-18,52.73,RO
2024-02-19,73.05083333333333,RO
2024-02-20,79.51083333333334,RO
2024-02-21,80.48625,RO
2024-02-22,70.615,RO
2024-02-23,57.67958333333333,RO
2024-02-24,55.82125,RO
2024-02-25,60.81125,RO
2024-02-26,67.13458333333334,RO
2024-02-27,74.635,RO
2024-02-28,76.39583333333333,RO
2024-02-29,68.99291666666666,RO
2024-03-01,70.815,RO
2024-03-02,64.66250000000001,RO
2024-03-03,61.774166666666666,RO
2024-03-04,74.67416666666666,RO
2024-03-05,76.0525,RO
2024-03-06,83.03583333333333,RO
2024-03-07,81.27708333333334,RO
2024-03-08,79.11375,RO
2024-03-09,54.190416666666664,RO
2024-03-10,38.410833333333336,RO
2024-03-11,67.54208333333334,RO
2024-03-12,68.40791666666667,RO
2024-03-13,77.095,RO
2024-03-14,72.88625,RO
2024-03-15,61.6325,RO
2024-03-16,66.90208333333334,RO
2024-03-17,58.86208333333334,RO
2024-03-18,80.51458333333333,RO
2024-03-19,83.37125,RO
2024-03-20,66.22833333333334,RO
2024-03-21,74.5275,RO
2024-03-22,65.58624999999999,RO
2024-03-23,45.60541666666666,RO
2024-03-24,32.0775,RO
2024-03-25,71.2725,RO
2024-03-26,62.59291666666667,RO
2024-03-27,68.75708333333334,RO
2024-03-28,44.63041666666667,RO
2024-03-29,36.18125,RO
2024-03-30,46.35708333333333,RO
2024-03-31,31.61304347826087,RO
2024-04-01,32.4275,RO
2024-04-02,33.50416666666667,RO
2024-04-03,72.17208333333333,RO
2024-04-04,63.927083333333336,RO
2024-04-05,52.76208333333333,RO
2024-04-06,41.14125,RO
2024-04-07,20.77541666666667,RO
2024-04-08,61.84583333333333,RO
2024-04-09,52.0375,RO
2024-04-10,68.02583333333334,RO
2024-04-11,55.82958333333334,RO
2024-04-12,47.05833333333334,RO
2024-04-13,20.008750000000003,RO
2024-04-14,19.359166666666667,RO
2024-04-15,72.5975,RO
2024-04-16,57.002916666666664,RO
2024-04-17,82.575,RO
2024-04-18,93.61666666666667,RO
2024-04-19,70.76583333333333,RO
2024-04-20,54.46666666666667,RO
2024-04-21,52.89458333333334,RO
2024-04-22,95.38041666666668,RO
2024-04-23,101.99208333333333,RO
2024-04-24,97.65416666666664,RO
2024-04-25,97.32958333333332,RO
2024-04-26,87.97208333333333,RO
2024-04-27,62.840833333333336,RO
2024-04-28,17.882916666666667,RO
2024-04-29,55.10625,RO
2024-04-30,58.76333333333333,RO
2024-05-01,20.502083333333335,RO
2024-05-02,49.58416666666667,RO
2024-05-03,77.44416666666667,RO
2024-05-04,67.68458333333334,RO
2024-05-05,50.35541666666666,RO
2024-05-06,82.98958333333333,RO
2024-05-07,91.62,RO
2024-05-08,89.22541666666666,RO
2024-05-09,79.91916666666667,RO
2024-05-10,77.94541666666667,RO
2024-05-11,57.6225,RO
2024-05-12,47.303333333333335,RO
2024-05-13,97.07791666666668,RO
2024-05-14,103.63541666666669,RO
2024-05-15,100.56166666666668,RO
2024-05-16,101.36416666666666,RO
2024-05-17,95.88583333333334,RO
2024-05-18,71.53625,RO
2024-05-19,77.91833333333334,RO
2024-05-20,92.62041666666666,RO
2024-05-21,88.50708333333334,RO
2024-05-22,90.94,RO
2024-05-23,97.1475,RO
2024-05-24,99.48291666666668,RO
2024-05-25,67.77499999999999,RO
2024-05-26,63.267500000000005,RO
2024-05-27,98.715,RO
2024-05-28,101.58791666666669,RO
2024-05-29,98.00375,RO
2024-05-30,97.47458333333331,RO
2024-05-31,97.0325,RO
2024-06-01,68.77499999999999,RO
2024-06-02,38.772083333333335,RO
2024-06-03,122.82458333333334,RO
2024-06-04,118.67958333333333,RO
2024-06-05,106.48583333333332,RO
2024-06-06,108.395,RO
2024-06-07,94.65166666666666,RO
2024-06-08,75.8875,RO
2024-06-09,55.10916666666666,RO
2024-06-10,95.25,RO
2024-06-11,95.48333333333332,RO
2024-06-12,109.52166666666666,RO
2024-06-13,103.08375,RO
2024-06-14,78.23208333333334,RO
2024-06-15,45.76499999999999,RO
2024-06-16,69.36958333333332,RO
2024-06-17,112.26916666666666,RO
2024-06-18,113.89625,RO
2024-06-19,101.81333333333332,RO
2024-06-20,115.64125,RO
2024-06-21,129.15208333333334,RO
2024-06-22,81.39375,RO
2024-06-23,72.45916666666666,RO
2024-06-24,122.08166666666666,RO
2024-06-25,203.39,RO
2024-06-26,125.22416666666668,RO
2024-06-27,124.24791666666664,RO
2024-06-28,100.63916666666668,RO
2024-06-29,90.61375,RO
2024-06-30,54.23333333333333,RO
2024-07-01,148.93,RO
2024-07-02,104.9775,RO
2024-07-03,116.95083333333334,RO
2024-07-04,123.28041666666668,RO
2024-07-05,94.58083333333332,RO
2024-07-06,81.6575,RO
2024-07-07,71.34708333333333,RO
2024-07-08,148.75958333333332,RO
2024-07-09,118.86875,RO
2024-07-10,148.3025,RO
2024-07-11,189.89208333333332,RO
2024-07-12,212.0583333333333,RO
2024-07-13,162.77916666666667,RO
2024-07-14,118.08958333333334,RO
2024-07-15,207.17291666666668,RO
2024-07-16,213.1725,RO
2024-07-17,236.46291666666664,RO
2024-07-18,244.73916666666665,RO
2024-07-19,193.14875,RO
2024-07-20,145.11208333333337,RO
2024-07-21,108.45583333333332,RO
2024-07-22,229.2420833333333,RO
2024-07-23,140.03458333333333,RO
2024-07-24,196.21791666666664,RO
2024-07-25,185.42791666666668,RO
2024-07-26,107.56208333333332,RO
2024-07-27,88.29166666666667,RO
2024-07-28,77.01625,RO
2024-07-29,95.9375,RO
2024-07-30,85.31583333333333,RO
2024-07-31,105.5675,RO
2024-08-01,125.06833333333331,RO
2024-08-02,115.76666666666668,RO
2024-08-03,90.945,RO
2024-08-04,76.06041666666667,RO
2024-08-05,136.63458333333332,RO
2024-08-06,122.12583333333332,RO
2024-08-07,118.45083333333334,RO
2024-08-08,133.14416666666668,RO
2024-08-09,117.5175,RO
2024-08-10,86.50041666666665,RO
2024-08-11,70.1025,RO
2024-08-12,109.7725,RO
2024-08-13,147.00583333333333,RO
2024-08-14,134.4704166666667,RO
2024-08-15,111.40125,RO
2024-08-16,150.16875000000002,RO
2024-08-17,112.17166666666668,RO
2024-08-18,102.16166666666668,RO
2024-08-19,169.44041666666666,RO
2024-08-20,163.91291666666666,RO
2024-08-21,154.98333333333332,RO
2024-08-22,115.88166666666666,RO
2024-08-23,141.1725,RO
2024-08-24,97.09916666666668,RO
2024-08-25,65.28958333333334,RO
2024-08-26,162.67291666666668,RO
2024-08-27,167.86791666666667,RO
2024-08-28,189.6783333333333,RO
2024-08-29,196.11708333333337,RO
2024-08-30,147.40083333333334,RO
2024-08-31,103.25375,RO
2024-09-01,97.61541666666666,RO
2024-09-02,231.72708333333333,RO
2024-09-03,246.89166666666665,RO
2024-09-04,199.33375,RO
2024-09-05,139.99333333333334,RO
2024-09-06,133.47708333333333,RO
2024-09-07,88.87916666666666,RO
2024-09-08,72.02666666666667,RO
2024-09-09,158.74416666666667,RO
2024-09-10,132.55249999999998,RO
2024-09-11,151.84083333333334,RO
2024-09-12,149.01833333333337,RO
2024-09-13,96.46416666666666,RO
2024-09-14,66.2525,RO
2024-09-15,64.79416666666667,RO
2024-09-16,124.54208333333334,RO
2024-09-17,132.975,RO
2024-09-18,101.76833333333332,RO
2024-09-19,82.19416666666667,RO
2024-09-20,81.24625,RO
2024-09-21,76.78791666666667,RO
2024-09-22,76.92958333333333,RO
2024-09-23,109.03875,RO
2024-09-24,96.08833333333332,RO
2024-09-25,88.38041666666668,RO
2024-09-26,83.65375,RO
2024-09-27,68.35583333333334,RO
2024-09-28,33.84916666666667,RO
2024-09-29,43.435833333333335,RO
2024-09-30,55.68375,RO
2024-10-01,49.971666666666664,RO
2024-10-02,88.76083333333334,RO
2024-10-03,87.80208333333333,RO
2024-10-04,81.23541666666667,RO
2024-10-05,86.55291666666666,RO
2024-10-06,62.026250000000005,RO
2024-10-07,84.975,RO
2024-10-08,77.84041666666667,RO
2024-10-09,79.65458333333333,RO
2024-10-10,61.45416666666667,RO
2024-10-11,95.8475,RO
2024-10-12,61.750416666666666,RO
2024-10-13,29.199583333333333,RO
2024-10-14,101.56458333333336,RO
2024-10-15,110.81541666666668,RO
2024-10-16,60.28041666666667,RO
2024-10-17,61.27875,RO
2024-10-18,77.93416666666667,RO
2024-10-19,77.90625,RO
2024-10-20,56.252916666666664,RO
2024-10-21,99.39333333333332,RO
2024-10-22,108.59375,RO
2024-10-23,110.61833333333334,RO
2024-10-24,116.07416666666666,RO
2024-10-25,116.87083333333334,RO
2024-10-26,107.93333333333334,RO
2024-10-27,98.0172,RO
2024-10-28,127.3875,RO
2024-10-29,151.37416666666667,RO
2024-10-30,128.23541666666668,RO
2024-10-31,122.95208333333332,RO
2024-11-01,149.9933333333333,RO
2024-11-02,106.64041666666668,RO
2024-11-03,96.31875,RO
2024-11-04,131.63541666666666,RO
2024-11-05,198.31833333333336,RO
2024-11-06,217.55666666666664,RO
2024-11-07,167.70291666666665,RO
2024-11-08,129.3420833333333,RO
2024-11-09,114.78791666666666,RO
2024-11-10,114.38291666666667,RO
2024-11-11,197.6875,RO
2024-11-12,268.4533333333333,RO
2024-11-13,320.3516666666667,RO
2024-11-14,334.9845833333333,RO
2024-11-15,194.06875,RO
2024-11-16,170.4275,RO
2024-11-17,154.09625,RO
2024-11-18,244.66833333333332,RO
2024-11-19,223.35916666666665,RO
2024-11-20,128.95708333333332,RO
2024-11-21,161.71458333333334,RO
2024-11-22,127.6675,RO
2024-11-23,111.17375,RO
2024-11-24,108.98208333333334,RO
2024-11-25,136.86333333333332,RO
2024-11-26,158.19375,RO
2024-11-27,159.44125,RO
2024-11-28,152.72708333333333,RO
2024-11-29,139.955,RO
2024-11-30,120.57083333333333,RO
2024-12-01,103.44833333333334,RO
2024-12-02,133.60583333333332,RO
2024-12-03,166.08833333333334,RO
2024-12-04,191.0775,RO
2024-12-05,204.4154166666667,RO
2024-12-06,151.54791666666668,RO
2024-12-07,130.77291666666667,RO
2024-12-08,112.32208333333334,RO
2024-12-09,130.04625,RO
2024-12-10,154.61249999999998,RO
2024-12-11,259.14458333333334,RO
2024-12-12,326.84458333333333,RO
2024-12-13,172.1258333333333,RO
2024-12-14,122.16541666666666,RO
2024-12-15,109.78125,RO
2024-12-16,129.5954166666667,RO
2024-12-17,127.52625,RO
2024-12-18,153.34958333333333,RO
2024-12-19,122.90791666666668,RO
2024-12-20,98.60166666666667,RO
2024-12-21,86.125,RO
2024-12-22,107.39875,RO
2024-12-23,103.73458333333332,RO
2024-12-24,102.48625,RO
2024-12-25,97.77791666666668,RO
2024-12-26,112.97166666666668,RO
2024-12-27,121.8575,RO
2024-12-28,130.76375,RO
2024-12-29,129.03333333333333,RO
2024-12-30,141.17875,RO
2024-12-31,141.3917391304348,RO
2025-01-01,88.03500000000001,RO
2025-01-02,114.17,RO
2025-01-03,121.03000000000002,RO
2025-01-04,135.89,RO
2025-01-05,120.09125,RO
2025-01-06,114.12541666666668,RO
2025-01-07,118.46416666666666,RO
2025-01-08,118.53833333333334,RO
2025-01-09,127.40333333333332,RO
2025-01-10,119.72708333333333,RO
2025-01-11,113.28625,RO
2025-01-12,111.94916666666666,RO
2025-01-13,136.62708333333333,RO
2025-01-14,150.7675,RO
2025-01-15,241.88541666666663,RO
2025-01-16,153.97625,RO
2025-01-17,147.23291666666668,RO
2025-01-18,136.08583333333334,RO
2025-01-19,132.86166666666665,RO
2025-01-20,236.165,RO
2025-01-21,210.57708333333335,RO
2025-01-22,186.44708333333335,RO
2025-01-23,162.39708333333334,RO
2025-01-24,150.86166666666665,RO
2025-01-25,116.68375,RO
2025-01-26,115.86208333333332,RO
2025-01-27,121.39,RO
2025-01-28,121.33958333333334,RO
2025-01-29,123.04958333333332,RO
2025-01-30,132.98541666666668,RO
2025-01-31,142.89374999999998,RO
2025-02-01,135.63750000000002,RO
2025-02-02,137.43041666666667,RO
2025-02-03,154.35125,RO
2025-02-04,145.36291666666668,RO
2025-02-05,143.09833333333333,RO
2025-02-06,152.8475,RO
2025-02-07,140.16625000000002,RO
2025-02-08,114.06875,RO
2025-02-09,131.54416666666663,RO
2025-02-10,154.6125,RO
2025-02-11,160.6725,RO
2025-02-12,182.5,RO
2025-02-13,204.82291666666663,RO
2025-02-14,181.80625,RO
2025-02-15,139.72291666666666,RO
2025-02-16,142.52291666666667,RO
2025-02-17,161.84583333333333,RO
2025-02-18,194.73791666666668,RO
2025-02-19,165.82708333333332,RO
2025-02-20,173.51125,RO
2025-02-21,147.44375,RO
2025-02-22,139.7825,RO
2025-02-23,143.3325,RO
2025-02-24,200.4154166666667,RO
2025-02-25,208.03708333333336,RO
2025-02-26,153.82250000000002,RO
2025-02-27,139.70791666666665,RO
2025-02-28,151.5775,RO
2025-03-01,141.36916666666667,RO
2025-03-02,120.66166666666668,RO
2025-03-03,131.00125,RO
2025-03-04,141.71458333333334,RO
2025-03-05,117.77208333333334,RO
2025-03-06,122.17375,RO
2025-03-07,112.88916666666668,RO
2025-03-08,110.91208333333331,RO
2025-03-09,85.53958333333333,RO
2025-03-10,113.765,RO
2025-03-11,124.72083333333336,RO
2025-03-12,123.42291666666668,RO
2025-03-13,85.09166666666667,RO
2025-03-14,94.5225,RO
2025-03-15,84.13125000000001,RO
2025-03-16,74.74916666666667,RO
2025-03-17,103.78125,RO
2025-03-18,91.61916666666669,RO
2025-03-19,107.51125,RO
2025-03-20,117.19458333333334,RO
2025-03-21,106.7675,RO
2025-03-22,79.87041666666666,RO
2025-03-23,59.74125,RO
2025-03-24,130.81125,RO
2025-03-25,124.91333333333334,RO
2025-03-26,119.4275,RO
2025-03-27,111.45,RO
2025-03-28,100.48791666666666,RO
2025-03-29,95.65625,RO
2025-03-30,42.30130434782608,RO
2025-03-31,121.32583333333334,RO
2025-04-01,104.25833333333333,RO
2025-04-02,88.3275,RO
2025-04-03,86.94541666666667,RO
2025-04-04,97.74666666666668,RO
2025-04-05,72.0125,RO
2025-04-06,60.55083333333334,RO
2025-04-07,111.85416666666669,RO
2025-04-08,118.2175,RO
2025-04-09,131.38708333333332,RO
2025-04-10,94.84541666666668,RO
2025-04-11,81.72666666666667,RO
2025-04-12,84.61041666666667,RO
2025-04-13,54.977916666666665,RO
2025-04-14,110.74625,RO
2025-04-15,103.92041666666668,RO
2025-04-16,81.62791666666668,RO
2025-04-17,80.03708333333334,RO
2025-04-18,82.68666666666667,RO
2025-04-19,71.97708333333334,RO
2025-04-20,54.557500000000005,RO
2025-04-21,69.26083333333334,RO
2025-04-22,114.33458333333334,RO
2025-04-23,113.71666666666664,RO
2025-04-24,100.31416666666668,RO
2025-04-25,85.14791666666666,RO
2025-04-26,60.06375,RO
2025-04-27,46.409166666666664,RO
2025-04-28,76.67791666666666,RO
2025-04-29,72.53375,RO
2025-04-30,81.5825,RO
2025-05-01,46.83041666666667,RO
2025-05-02,58.49541666666667,RO
2025-05-03,58.196666666666665,RO
2025-05-04,33.84791666666667,RO
2025-05-05,96.76541666666668,RO
2025-05-06,96.81291666666668,RO
2025-05-07,104.78958333333333,RO
2025-05-08,114.4125,RO
2025-05-09,91.39375,RO
2025-05-10,78.29166666666667,RO
2025-05-11,68.93875,RO
2025-05-12,117.22291666666666,RO
2025-05-13,101.65291666666668,RO
2025-05-14,101.39333333333332,RO
2025-05-15,85.89416666666666,RO
2025-05-16,100.55166666666668,RO
2025-05-17,77.57625,RO
2025-05-18,66.22708333333334,RO
2025-05-19,99.4875,RO
2025-05-20,110.27541666666669,RO
2025-05-21,154.93541666666667,RO
2025-05-22,100.50833333333333,RO
2025-05-23,107.84541666666668,RO
2025-05-24,73.54458333333334,RO
2025-05-25,39.145833333333336,RO
2025-05-26,100.4,RO
2025-05-27,80.17958333333333,RO
2025-05-28,94.13375,RO
2025-05-29,73.94291666666668,RO
2025-05-30,56.475,RO
2025-05-31,72.62208333333334,RO
2025-06-01,50.29458333333333,RO
2025-06-02,110.44791666666669,RO
2025-06-03,92.68541666666664,RO
2025-06-04,104.75124999999998,RO
2025-06-05,98.45875,RO
2025-06-06,90.56583333333332,RO
2025-06-07,81.37666666666667,RO
2025-06-08,59.997083333333336,RO
2025-06-09,77.97208333333333,RO
2025-06-10,83.58,RO
2025-06-11,83.99458333333332,RO
2025-06-12,85.41416666666667,RO
2025-06-13,86.16916666666667,RO
2025-06-14,62.09041666666667,RO
2025-06-15,63.834583333333335,RO
2025-06-16,94.11625,RO
2025-06-17,94.11125,RO
2025-06-18,96.06166666666668,RO
2025-06-19,92.63375,RO
2025-06-20,89.04916666666666,RO
2025-06-21,79.4525,RO
2025-06-22,54.00875,RO
2025-06-23,97.17708333333331,RO
2025-06-24,94.08416666666666,RO
2025-06-25,105.29041666666666,RO
2025-06-26,119.02333333333333,RO
2025-06-27,111.74166666666667,RO
2025-06-28,62.24916666666667,RO
2025-06-29,55.339166666666664,RO
2025-06-30,108.05791666666666,RO
2025-07-01,117.02291666666667,RO
2025-07-02,124.71833333333332,RO
2025-07-03,105.59125,RO
2025-07-04,104.37916666666666,RO
2025-07-05,81.02583333333332,RO
2025-07-06,83.75,RO
2025-07-07,121.18083333333334,RO
2025-07-08,106.04958333333332,RO
2025-07-09,92.71375,RO
2025-07-10,85.80666666666667,RO
2025-07-11,97.06791666666668,RO
2025-07-12,73.66625,RO
2025-07-13,69.61333333333333,RO
2025-07-14,110.13625,RO
2025-07-15,100.68166666666669,RO
2025-07-16,107.13125,RO
2025-07-17,102.36916666666669,RO
2025-07-18,106.30583333333334,RO
2025-07-19,83.78083333333333,RO
2025-07-20,77.65333333333334,RO
2025-07-21,111.39125,RO
2025-07-22,108.545,RO
2025-07-23,140.245,RO
2025-07-24,138.8025,RO
2025-07-25,142.63500000000002,RO
2025-07-26,112.00166666666668,RO
2025-07-27,95.53708333333331,RO
2025-07-28,114.73458333333332,RO
2025-07-29,101.76666666666668,RO
2025-07-30,94.125,RO
2025-07-31,98.12958333333334,RO
2025-08-01,104.40416666666664,RO
2025-08-02,70.46875,RO
2025-08-03,54.25875,RO
2025-08-04,86.00541666666668,RO
2025-08-05,64.96875,RO
2025-08-06,74.345,RO
2025-08-07,66.53375,RO
2025-08-08,75.24125,RO
2025-08-09,72.18541666666667,RO
2025-08-10,50.11333333333334,RO
2025-08-11,78.21541666666667,RO
2025-08-12,85.9225,RO
2025-08-13,89.77833333333332,RO
2025-08-14,96.54791666666668,RO
2025-08-15,73.23208333333334,RO
2025-08-16,76.33749999999999,RO
2025-08-17,60.382083333333334,RO
2025-08-18,91.04375,RO
2025-08-19,93.995,RO
2025-08-20,86.71749999999999,RO
2025-08-21,98.48833333333334,RO
2025-08-22,65.66708333333334,RO
2025-08-23,70.71041666666666,RO
2025-08-24,61.576249999999995,RO
2025-08-25,87.98541666666667,RO
2025-08-26,95.89,RO
2025-08-27,98.07083333333333,RO
2025-08-28,81.39375,RO
2025-08-29,85.64958333333334,RO
2025-08-30,73.90291666666667,RO
2025-08-31,57.08958333333334,RO
2025-09-01,100.495,RO
2025-09-02,103.0225,RO
2025-09-03,92.76833333333332,RO
2025-09-04,101.50083333333332,RO
2025-09-05,109.90375,RO
2025-09-06,88.74916666666667,RO
2025-09-07,52.45083333333333,RO
2025-09-08,127.17916666666667,RO
2025-09-09,142.84833333333333,RO
2025-09-10,124.38083333333331,RO
2025-09-11,122.80541666666666,RO
2025-09-12,110.7925,RO
2025-09-13,69.9525,RO
2025-09-14,60.41958333333333,RO
2025-09-15,95.74833333333332,RO
2025-09-16,105.02125,RO
2025-09-17,88.36416666666666,RO
2025-09-18,66.96708333333333,RO
2025-09-19,91.64083333333332,RO
2025-09-20,65.30958333333334,RO
2025-09-21,34.31458333333333,RO
2025-09-22,81.11583333333333,RO
2025-09-23,103.90458333333332,RO
2025-09-24,101.05625,RO
2025-09-25,84.69041666666666,RO
2025-09-26,99.39208333333332,RO
2025-09-27,94.02,RO
2025-09-28,99.42166666666668,RO
2025-09-29,141.88791666666663,RO
2025-09-30,151.50833333333333,RO
2025-10-01,123.34666666666668,RO
2025-10-02,120.34875,RO
2025-10-03,99.59583333333336,RO
2025-10-04,98.5878125,RO
2025-10-05,66.09333333333333,RO
2025-10-06,140.48395833333333,RO
2025-10-07,139.79947916666666,RO
2025-10-08,120.30916666666668,RO
2025-10-09,127.45125,RO
2025-10-10,130.53208333333333,RO
2025-10-11,87.9659375,RO
2025-10-12,93.7115625,RO
2025-10-13,168.64145833333333,RO
2025-10-14,188.09947916666667,RO
2025-10-15,182.25458333333333,RO
2025-10-16,132.13729166666667,RO
2025-10-17,126.6103125,RO
2025-10-18,118.33052083333332,RO
2025-10-19,100.75385416666668,RO
2025-10-20,158.24802083333333,RO
2025-10-21,149.75010416666666,RO
2025-10-22,137.45604166666666,RO
2025-10-23,112.09197916666666,RO
2025-10-24,96.88854166666664,RO
2025-10-25,98.19854166666666,RO
2025-10-26,71.92699999999999,RO
2025-10-27,114.27770833333334,RO
2025-10-28,117.14510416666668,RO
2025-10-29,104.05114583333334,RO
2025-10-30,116.3259375,RO
2025-10-31,137.55416666666667,RO
2025-11-01,85.74614583333333,RO
2025-11-02,82.20447916666667,RO
2025-11-03,127.11666666666667,RO
2025-11-04,127.09645833333332,RO
2025-11-05,124.47364583333332,RO
2025-11-06,134.6784375,RO
2025-11-07,134.72739583333333,RO
2025-11-08,112.685,RO
2025-11-09,105.63322916666668,RO
2025-11-10,127.37291666666664,RO
2025-11-11,119.1540625,RO
2025-11-12,136.40822916666667,RO
2025-11-13,156.74604166666668,RO
2025-11-14,132.28104166666665,RO
2025-11-15,115.73739583333332,RO
2025-11-16,109.34197916666666,RO
2025-11-17,106.94645833333334,RO
2025-11-18,108.47145833333332,RO
2025-11-19,128.58645833333333,RO
2025-11-20,133.17885416666667,RO
2025-11-21,137.445625,RO
2025-11-22,108.81739583333332,RO
2025-11-23,99.73510416666666,RO
2025-11-24,133.256875,RO
2025-11-25,147.60833333333332,RO
2025-11-26,156.83124999999998,RO
2025-11-27,116.48791666666666,RO
2025-11-28,122.32572916666668,RO
2025-11-29,110.86770833333333,RO
2025-11-30,102.4171875,RO
2025-12-01,154.71854166666665,RO
2025-12-02,145.35916666666665,RO
2025-12-03,164.2775,RO
2025-12-04,131.375625,RO
2025-12-05,125.13625,RO
2025-12-06,101.29552083333334,RO
2025-12-07,93.2475,RO
2025-12-08,105.84552083333334,RO
2025-12-09,114.59458333333332,RO
2025-12-10,119.98604166666668,RO
2025-12-11,117.15291666666668,RO
2025-12-12,119.27302083333332,RO
2025-12-13,105.778125,RO
2025-12-14,98.419375,RO
2025-12-15,132.3465625,RO
2025-12-16,139.5954166666667,RO
2025-12-17,130.130625,RO
2025-12-18,158.74270833333333,RO
2025-12-19,132.06010416666666,RO
2025-12-20,110.25072916666666,RO
2025-12-21,106.19489583333332,RO
2025-12-22,132.68604166666668,RO
2025-12-23,119.19604166666666,RO
2025-12-24,107.520625,RO
2025-12-25,86.0840625,RO
2025-12-26,98.32333333333332,RO
2025-12-27,98.13052083333334,RO
2025-12-28,93.68645833333332,RO
2025-12-29,107.26177083333332,RO
2025-12-30,97.56520833333332,RO
2025-12-31,100.67547368421052,RO
2026-01-01,73.26125,RO
2026-01-02,84.60000000000001,RO
2026-01-03,93.00239583333332,RO
2026-01-04,95.3809375,RO
2026-01-05,138.77947916666668,RO
2026-01-06,128.51166666666668,RO
2026-01-07,142.18,RO
2026-01-08,168.72697916666667,RO
2026-01-09,137.42656250000002,RO
2026-01-10,125.58927083333332,RO
2026-01-11,100.2840625,RO
2026-01-12,202.92885416666664,RO
2026-01-13,251.36572916666668,RO
2026-01-14,189.6180208333333,RO
2026-01-15,192.77583333333337,RO
2026-01-16,152.6032291666667,RO
2026-01-17,119.025625,RO
2026-01-18,117.4109375,RO
2026-01-19,161.06666666666666,RO
2026-01-20,187.4671875,RO
2026-01-21,159.8359375,RO
2026-01-22,282.3258333333333,RO
2026-01-23,225.14760416666664,RO
2026-01-24,141.27864583333334,RO
2026-01-25,117.45010416666668,RO
2026-01-26,148.98583333333332,RO
2026-01-27,184.39145833333336,RO
2026-01-28,153.4596875,RO
2026-01-29,144.30875,RO
2026-01-30,129.18895833333332,RO
2026-01-31,117.458125,RO
2026-02-01,107.50375,RO
2026-02-02,153.79302083333332,RO
2026-02-03,143.14374999999998,RO
2026-02-04,129.5295833333333,RO
2026-02-05,122.614375,RO
2026-02-06,138.26802083333334,RO
2026-02-07,111.8296875,RO
2026-02-08,92.81333333333332,RO
2026-02-09,141.45729166666666,RO
2026-02-10,134.28020833333332,RO
2026-02-11,107.8521875,RO
2026-02-12,118.5134375,RO
2026-02-13,118.843125,RO
2026-02-14,76.33708333333333,RO
2026-02-15,29.633124999999996,RO
2026-02-16,141.04,RO
2026-02-17,103.49177083333332,RO
2026-02-18,71.57583333333334,RO
2026-02-19,78.61375,RO
2026-02-20,101.33135416666666,RO
2026-02-21,80.5353125,RO
2026-02-22,52.88510416666667,RO
2026-02-23,85.2446875,RO
2026-02-24,102.06458333333336,RO
2026-02-25,58.96041666666667,RO
2026-02-26,67.44375000000001,RO
2026-02-27,67.48572916666667,RO
2026-02-28,55.87125,RO
2026-03-01,53.36656249999999,RO
2026-03-02,103.83708333333334,RO
2026-03-03,115.33270833333334,RO
2026-03-04,126.6428125,RO
2026-03-05,120.13114583333332,RO
2026-03-06,88.38875,RO
2026-03-07,93.7690625,RO
2026-03-08,96.26822916666669,RO
2026-03-09,119.92145833333332,RO
2026-03-10,109.91770833333334,RO
2026-03-11,93.83072916666669,RO
2026-03-12,121.01729166666668,RO
2026-03-13,93.92666666666668,RO
2026-03-14,85.13145833333333,RO
2026-03-15,85.37718749999999,RO
2026-03-16,103.715,RO
2026-03-17,126.23697916666669,RO
2026-03-18,94.35135416666668,RO
2026-03-19,103.0225,RO
2026-03-20,117.48791666666666,RO
2026-03-21,108.8009375,RO
2026-03-22,90.13822916666668,RO
2026-03-23,155.4178125,RO
2026-03-24,114.76822916666669,RO
2026-03-25,96.94864583333332,RO
2026-03-26,87.6140625,RO
2026-03-27,112.37416666666668,RO
2026-03-28,83.87135416666666,RO
2026-03-29,83.66434782608695,RO
2026-03-30,133.13145833333334,RO
2026-03-31,141.24,RO
2026-04-01,156.2640625,RO
2026-04-02,136.5778125,RO
2026-04-03,129.6175,RO
2026-04-04,69.99083333333333,RO
2026-04-05,31.157916666666665,RO
2026-04-06,60.349583333333335,RO
2026-04-07,87.93395833333334,RO
2026-04-08,80.63479166666666,RO
2026-04-09,100.03270833333332,RO
2026-04-10,119.0475,RO
2026-04-11,86.93083333333334,RO
2026-04-12,81.131875,RO
2026-04-13,94.905,RO
2026-04-14,139.7684375,RO
2026-04-15,134.9771875,RO
2026-04-16,121.1021875,RO
2026-04-17,99.2853125,RO
2026-04-18,75.3525,RO
2026-04-19,72.37468750000001,RO
2026-04-20,103.52322916666668,RO
2026-04-21,117.436875,RO
2026-04-22,116.1796875,RO
2026-04-23,88.31229166666667,RO
2026-04-24,89.66083333333334,RO
2026-04-25,57.19177083333333,RO
2026-04-26,36.63072916666666,RO
2026-04-27,93.42291666666668,RO
2026-04-28,84.9890625,RO
2026-04-29,110.89395833333332,RO
2026-04-30,90.8703125,RO
2026-05-01,84.61927083333333,RO
2026-05-02,75.3525,RO
2026-05-03,72.3971875,RO
2026-05-04,110.90333333333332,RO
2026-05-05,118.85125,RO
2026-05-06,131.52166666666668,RO
2026-05-07,140.37760416666666,RO
2026-05-08,144.44791666666666,RO
2026-05-09,116.30822916666666,RO
2026-05-10,100.94854166666666,RO
2026-05-11,139.51177083333332,RO
2026-05-12,127.90166666666666,RO
2026-05-13,137.17958333333334,RO
2026-05-14,121.10364583333336,RO
2026-05-15,116.79166666666669,RO
2026-05-16,83.43593750000001,RO
2026-05-17,87.285625,RO
2026-05-18,143.19062499999998,RO
2026-05-19,142.69072916666667,RO
2026-05-20,103.04322916666666,RO
2026-05-21,104.0740625,RO
2026-05-22,111.89385416666666,RO
2026-05-23,82.51166666666667,RO
2026-05-24,75.82072916666667,RO
2026-05-25,141.76,RO
2021-01-01,39.884166666666665,HU
2021-01-02,51.41958333333333,HU
2021-01-03,38.6825,HU
2021-01-04,51.44916666666666,HU
2021-01-05,52.31625,HU
2021-01-06,52.068333333333335,HU
2021-01-07,65.04,HU
2021-01-08,74.56041666666667,HU
2021-01-09,54.98666666666667,HU
2021-01-10,47.0525,HU
2021-01-11,52.90208333333334,HU
2021-01-12,62.12041666666667,HU
2021-01-13,59.78958333333333,HU
2021-01-14,72.02875,HU
2021-01-15,79.06833333333334,HU
2021-01-16,54.53791666666667,HU
2021-01-17,53.67666666666667,HU
2021-01-18,67.065,HU
2021-01-19,70.65083333333334,HU
2021-01-20,62.4025,HU
2021-01-21,57.46125,HU
2021-01-22,53.505833333333335,HU
2021-01-23,52.47875,HU
2021-01-24,45.73666666666667,HU
2021-01-25,59.54583333333333,HU
2021-01-26,59.576249999999995,HU
2021-01-27,59.29958333333334,HU
2021-01-28,55.60958333333334,HU
2021-01-29,52.115833333333335,HU
2021-01-30,46.1675,HU
2021-01-31,45.14791666666667,HU
2021-02-01,54.85041666666667,HU
2021-02-02,56.77375,HU
2021-02-03,47.446666666666665,HU
2021-02-04,48.91375,HU
2021-02-05,51.9175,HU
2021-02-06,42.87291666666667,HU
2021-02-07,23.986666666666668,HU
2021-02-08,48.1675,HU
2021-02-09,64.37875,HU
2021-02-10,67.19291666666668,HU
2021-02-11,77.09333333333333,HU
2021-02-12,59.57375,HU
2021-02-13,53.67791666666667,HU
2021-02-14,43.77916666666667,HU
2021-02-15,53.099583333333335,HU
2021-02-16,64.22291666666666,HU
2021-02-17,57.03333333333333,HU
2021-02-18,53.27041666666667,HU
2021-02-19,53.99,HU
2021-02-20,39.406666666666666,HU
2021-02-21,34.87375,HU
2021-02-22,51.15416666666667,HU
2021-02-23,48.89833333333333,HU
2021-02-24,46.61958333333333,HU
2021-02-25,47.815,HU
2021-02-26,48.24041666666667,HU
2021-02-27,44.51166666666666,HU
2021-02-28,40.157916666666665,HU
2021-03-01,52.742916666666666,HU
2021-03-02,53.185,HU
2021-03-03,52.59916666666667,HU
2021-03-04,51.84958333333333,HU
2021-03-05,53.34375,HU
2021-03-06,46.32083333333333,HU
2021-03-07,45.03791666666667,HU
2021-03-08,62.24791666666667,HU
2021-03-09,62.60333333333333,HU
2021-03-10,54.50416666666666,HU
2021-03-11,55.50083333333333,HU
2021-03-12,58.35458333333333,HU
2021-03-13,55.27916666666667,HU
2021-03-14,45.553333333333335,HU
2021-03-15,49.29458333333333,HU
2021-03-16,56.95374999999999,HU
2021-03-17,59.159166666666664,HU
2021-03-18,63.58166666666667,HU
2021-03-19,62.60166666666667,HU
2021-03-20,52.822916666666664,HU
2021-03-21,43.500416666666666,HU
2021-03-22,59.486250000000005,HU
2021-03-23,61.35166666666667,HU
2021-03-24,61.325,HU
2021-03-25,63.00833333333333,HU
2021-03-26,61.409166666666664,HU
2021-03-27,49.642500000000005,HU
2021-03-28,43.31478260869565,HU
2021-03-29,54.17333333333334,HU
2021-03-30,55.024166666666666,HU
2021-03-31,59.916666666666664,HU
2021-04-01,58.32083333333333,HU
2021-04-02,44.669999999999995,HU
2021-04-03,47.32708333333333,HU
2021-04-04,40.8525,HU
2021-04-05,32.79833333333333,HU
2021-04-06,54.803333333333335,HU
2021-04-07,65.5725,HU
2021-04-08,68.88625,HU
2021-04-09,63.88625,HU
2021-04-10,58.16791666666666,HU
2021-04-11,47.12708333333333,HU
2021-04-12,66.79041666666667,HU
2021-04-13,71.42333333333333,HU
2021-04-14,75.915,HU
2021-04-15,80.06791666666668,HU
2021-04-16,71.70416666666667,HU
2021-04-17,61.757083333333334,HU
2021-04-18,65.48625,HU
2021-04-19,80.53583333333333,HU
2021-04-20,81.89708333333333,HU
2021-04-21,72.92,HU
2021-04-22,71.07041666666667,HU
2021-04-23,66.085,HU
2021-04-24,60.54375,HU
2021-04-25,44.635,HU
2021-04-26,66.80833333333334,HU
2021-04-27,68.01375,HU
2021-04-28,65.12583333333333,HU
2021-04-29,66.39583333333333,HU
2021-04-30,68.635,HU
2021-05-01,59.18666666666667,HU
2021-05-02,44.57583333333333,HU
2021-05-03,58.33375,HU
2021-05-04,48.669999999999995,HU
2021-05-05,55.78208333333333,HU
2021-05-06,65.30416666666666,HU
2021-05-07,68.0025,HU
2021-05-08,54.06916666666667,HU
2021-05-09,14.895833333333334,HU
2021-05-10,59.150416666666665,HU
2021-05-11,72.22958333333334,HU
2021-05-12,69.48583333333333,HU
2021-05-13,59.28333333333333,HU
2021-05-14,69.92958333333333,HU
2021-05-15,64.72041666666667,HU
2021-05-16,46.23291666666666,HU
2021-05-17,72.45375,HU
2021-05-18,74.67458333333333,HU
2021-05-19,77.47166666666666,HU
2021-05-20,72.88458333333334,HU
2021-05-21,54.713750000000005,HU
2021-05-22,53.555416666666666,HU
2021-05-23,39.51791666666667,HU
2021-05-24,52.06791666666667,HU
2021-05-25,67.0025,HU
2021-05-26,67.46625,HU
2021-05-27,71.71791666666667,HU
2021-05-28,76.0225,HU
2021-05-29,57.78125,HU
2021-05-30,42.9675,HU
2021-05-31,68.10125000000001,HU
2021-06-01,67.70833333333333,HU
2021-06-02,65.71499999999999,HU
2021-06-03,59.91375,HU
2021-06-04,71.48708333333333,HU
2021-06-05,62.403333333333336,HU
2021-06-06,56.36666666666667,HU
2021-06-07,79.73416666666667,HU
2021-06-08,78.385,HU
2021-06-09,77.73125,HU
2021-06-10,77.27041666666666,HU
2021-06-11,75.17708333333333,HU
2021-06-12,66.23875,HU
2021-06-13,30.195000000000004,HU
2021-06-14,74.80666666666666,HU
2021-06-15,81.19125,HU
2021-06-16,82.51625,HU
2021-06-17,83.20416666666667,HU
2021-06-18,82.16,HU
2021-06-19,71.02791666666667,HU
2021-06-20,58.74125,HU
2021-06-21,78.20708333333333,HU
2021-06-22,86.20708333333333,HU
2021-06-23,102.0175,HU
2021-06-24,99.74166666666667,HU
2021-06-25,108.45916666666666,HU
2021-06-26,81.10583333333334,HU
2021-06-27,67.62583333333333,HU
2021-06-28,108.80916666666668,HU
2021-06-29,96.02458333333334,HU
2021-06-30,106.75666666666666,HU
2021-07-01,94.4025,HU
2021-07-02,101.5975,HU
2021-07-03,85.74833333333333,HU
2021-07-04,82.7475,HU
2021-07-05,93.76125,HU
2021-07-06,88.47375,HU
2021-07-07,106.73041666666668,HU
2021-07-08,109.84333333333332,HU
2021-07-09,91.45291666666668,HU
2021-07-10,82.31333333333333,HU
2021-07-11,77.74,HU
2021-07-12,117.23416666666668,HU
2021-07-13,100.83375,HU
2021-07-14,95.2225,HU
2021-07-15,105.59166666666664,HU
2021-07-16,106.29291666666668,HU
2021-07-17,83.18916666666667,HU
2021-07-18,72.1725,HU
2021-07-19,92.37208333333332,HU
2021-07-20,100.30416666666667,HU
2021-07-21,92.35,HU
2021-07-22,88.35541666666667,HU
2021-07-23,90.67875,HU
2021-07-24,77.40333333333334,HU
2021-07-25,61.89625,HU
2021-07-26,102.89083333333332,HU
2021-07-27,111.26666666666668,HU
2021-07-28,102.70291666666668,HU
2021-07-29,112.05166666666666,HU
2021-07-30,131.1075,HU
2021-07-31,90.99625,HU
2021-08-01,73.43083333333333,HU
2021-08-02,96.5825,HU
2021-08-03,120.76291666666668,HU
2021-08-04,150.65,HU
2021-08-05,100.81791666666668,HU
2021-08-06,122.32791666666668,HU
2021-08-07,113.12458333333332,HU
2021-08-08,87.89041666666667,HU
2021-08-09,115.40833333333336,HU
2021-08-10,138.94375,HU
2021-08-11,106.01791666666666,HU
2021-08-12,134.50333333333333,HU
2021-08-13,107.03625,HU
2021-08-14,105.12333333333332,HU
2021-08-15,94.12916666666666,HU
2021-08-16,111.09666666666668,HU
2021-08-17,97.1875,HU
2021-08-18,130.08124999999998,HU
2021-08-19,95.87125,HU
2021-08-20,110.56291666666668,HU
2021-08-21,95.46875,HU
2021-08-22,88.91958333333334,HU
2021-08-23,119.71583333333332,HU
2021-08-24,115.74666666666668,HU
2021-08-25,113.94166666666666,HU
2021-08-26,109.37083333333334,HU
2021-08-27,112.97583333333334,HU
2021-08-28,93.27291666666667,HU
2021-08-29,90.46166666666666,HU
2021-08-30,114.81625,HU
2021-08-31,113.27583333333332,HU
2021-09-01,111.40666666666668,HU
2021-09-02,118.03708333333331,HU
2021-09-03,110.95958333333331,HU
2021-09-04,108.05666666666669,HU
2021-09-05,97.6925,HU
2021-09-06,125.37333333333332,HU
2021-09-07,127.9425,HU
2021-09-08,124.97083333333336,HU
2021-09-09,130.23333333333332,HU
2021-09-10,139.06791666666666,HU
2021-09-11,129.27791666666667,HU
2021-09-12,106.75583333333331,HU
2021-09-13,143.25958333333332,HU
2021-09-14,146.58124999999998,HU
2021-09-15,168.22333333333333,HU
2021-09-16,166.62041666666667,HU
2021-09-17,157.20291666666665,HU
2021-09-18,133.50416666666666,HU
2021-09-19,96.87125,HU
2021-09-20,152.45416666666668,HU
2021-09-21,165.74083333333334,HU
2021-09-22,146.35708333333335,HU
2021-09-23,133.14541666666665,HU
2021-09-24,122.33,HU
2021-09-25,137.1675,HU
2021-09-26,126.77541666666669,HU
2021-09-27,157.28708333333333,HU
2021-09-28,159.07708333333332,HU
2021-09-29,148.44041666666666,HU
2021-09-30,162.11166666666665,HU
2021-10-01,143.13833333333335,HU
2021-10-02,143.64125,HU
2021-10-03,74.79416666666667,HU
2021-10-04,192.67708333333337,HU
2021-10-05,165.67208333333335,HU
2021-10-06,197.295,HU
2021-10-07,270.9175,HU
2021-10-08,203.89291666666668,HU
2021-10-09,172.23874999999998,HU
2021-10-10,192.7075,HU
2021-10-11,192.95916666666665,HU
2021-10-12,228.255,HU
2021-10-13,195.56541666666664,HU
2021-10-14,205.01291666666668,HU
2021-10-15,199.73375,HU
2021-10-16,210.12249999999997,HU
2021-10-17,180.68375,HU
2021-10-18,249.54541666666668,HU
2021-10-19,242.60958333333335,HU
2021-10-20,263.89166666666665,HU
2021-10-21,209.415,HU
2021-10-22,228.9670833333333,HU
2021-10-23,195.12791666666664,HU
2021-10-24,162.46791666666667,HU
2021-10-25,211.70541666666668,HU
2021-10-26,235.09625000000003,HU
2021-10-27,222.93499999999997,HU
2021-10-28,218.215,HU
2021-10-29,189.43791666666667,HU
2021-10-30,172.23416666666665,HU
2021-10-31,143.2164,HU
2021-11-01,182.95208333333335,HU
2021-11-02,204.84083333333336,HU
2021-11-03,194.115,HU
2021-11-04,201.71624999999997,HU
2021-11-05,182.29166666666663,HU
2021-11-06,146.73583333333332,HU
2021-11-07,139.74416666666667,HU
2021-11-08,206.35958333333335,HU
2021-11-09,212.1025,HU
2021-11-10,178.2491666666667,HU
2021-11-11,202.01625,HU
2021-11-12,215.94291666666663,HU
2021-11-13,201.9475,HU
2021-11-14,189.41708333333335,HU
2021-11-15,228.78875,HU
2021-11-16,237.51,HU
2021-11-17,244.03208333333336,HU
2021-11-18,252.07208333333332,HU
2021-11-19,222.39666666666668,HU
2021-11-20,206.0725,HU
2021-11-21,210.72333333333333,HU
2021-11-22,259.88958333333335,HU
2021-11-23,268.6383333333333,HU
2021-11-24,282.80041666666665,HU
2021-11-25,282.86791666666664,HU
2021-11-26,236.825,HU
2021-11-27,209.4725,HU
2021-11-28,201.68291666666667,HU
2021-11-29,267.55583333333334,HU
2021-11-30,206.19208333333333,HU
2021-12-01,244.34333333333333,HU
2021-12-02,243.78666666666663,HU
2021-12-03,224.8116666666667,HU
2021-12-04,213.50833333333333,HU
2021-12-05,180.9704166666667,HU
2021-12-06,265.86083333333335,HU
2021-12-07,237.48958333333337,HU
2021-12-08,222.49041666666668,HU
2021-12-09,278.9266666666667,HU
2021-12-10,239.78041666666664,HU
2021-12-11,234.13375,HU
2021-12-12,190.22,HU
2021-12-13,282.14416666666665,HU
2021-12-14,311.3229166666667,HU
2021-12-15,306.7595833333333,HU
2021-12-16,347.5466666666667,HU
2021-12-17,337.45625,HU
2021-12-18,254.8345833333333,HU
2021-12-19,222.88125,HU
2021-12-20,322.81458333333336,HU
2021-12-21,420.46333333333337,HU
2021-12-22,420.1366666666667,HU
2021-12-23,342.35583333333335,HU
2021-12-24,208.66375,HU
2021-12-25,186.46416666666667,HU
2021-12-26,168.59333333333333,HU
2021-12-27,151.6579166666667,HU
2021-12-28,176.21291666666664,HU
2021-12-29,155.60333333333332,HU
2021-12-30,128.3454166666667,HU
2021-12-31,101.11,HU
2022-01-01,83.06958333333334,HU
2022-01-02,92.03708333333331,HU
2022-01-03,100.26291666666668,HU
2022-01-04,166.22333333333333,HU
2022-01-05,132.00375,HU
2022-01-06,199.895,HU
2022-01-07,187.3575,HU
2022-01-08,181.29875,HU
2022-01-09,176.3429166666667,HU
2022-01-10,261.54583333333335,HU
2022-01-11,254.48916666666665,HU
2022-01-12,234.04458333333332,HU
2022-01-13,219.53416666666664,HU
2022-01-14,206.93375,HU
2022-01-15,214.87458333333333,HU
2022-01-16,209.24749999999997,HU
2022-01-17,211.28791666666663,HU
2022-01-18,237.49875,HU
2022-01-19,227.17208333333335,HU
2022-01-20,193.43041666666667,HU
2022-01-21,209.35666666666668,HU
2022-01-22,194.42625,HU
2022-01-23,202.60416666666663,HU
2022-01-24,246.20166666666668,HU
2022-01-25,299.1275,HU
2022-01-26,295.11791666666664,HU
2022-01-27,257.24083333333334,HU
2022-01-28,244.525,HU
2022-01-29,233.4045833333333,HU
2022-01-30,156.81791666666666,HU
2022-01-31,220.4679166666667,HU
2022-02-01,212.66208333333336,HU
2022-02-02,250.29833333333332,HU
2022-02-03,213.13291666666663,HU
2022-02-04,230.38458333333332,HU
2022-02-05,229.03416666666664,HU
2022-02-06,184.20333333333335,HU
2022-02-07,190.23875,HU
2022-02-08,177.7825,HU
2022-02-09,210.88666666666663,HU
2022-02-10,215.54708333333335,HU
2022-02-11,210.82916666666665,HU
2022-02-12,172.97708333333333,HU
2022-02-13,151.8775,HU
2022-02-14,222.48208333333332,HU
2022-02-15,209.17583333333337,HU
2022-02-16,207.23708333333332,HU
2022-02-17,179.99249999999998,HU
2022-02-18,154.29166666666666,HU
2022-02-19,149.64291666666665,HU
2022-02-20,126.94833333333334,HU
2022-02-21,138.62208333333334,HU
2022-02-22,141.54375000000002,HU
2022-02-23,180.0354166666667,HU
2022-02-24,178.48541666666665,HU
2022-02-25,219.41375,HU
2022-02-26,229.23916666666665,HU
2022-02-27,183.7733333333333,HU
2022-02-28,268.76666666666665,HU
2022-03-01,249.6025,HU
2022-03-02,278.7583333333333,HU
2022-03-03,338.19958333333335,HU
2022-03-04,379.1579166666667,HU
2022-03-05,350.29833333333335,HU
2022-03-06,340.79791666666665,HU
2022-03-07,436.3029166666667,HU
2022-03-08,544.7283333333334,HU
2022-03-09,473.30125,HU
2022-03-10,324.5525,HU
2022-03-11,307.33208333333334,HU
2022-03-12,262.12333333333333,HU
2022-03-13,268.86125,HU
2022-03-14,305.835,HU
2022-03-15,304.34541666666667,HU
2022-03-16,276.0625,HU
2022-03-17,248.62041666666667,HU
2022-03-18,232.04833333333332,HU
2022-03-19,237.99208333333337,HU
2022-03-20,129.555,HU
2022-03-21,224.10541666666663,HU
2022-03-22,236.54916666666668,HU
2022-03-23,236.9775,HU
2022-03-24,240.24041666666668,HU
2022-03-25,247.60958333333335,HU
2022-03-26,204.9079166666667,HU
2022-03-27,203.8095652173913,HU
2022-03-28,226.0329166666667,HU
2022-03-29,252.2591666666667,HU
2022-03-30,271.02708333333334,HU
2022-03-31,217.72166666666664,HU
2022-04-01,171.15083333333334,HU
2022-04-02,167.94541666666666,HU
2022-04-03,161.25666666666666,HU
2022-04-04,230.44583333333333,HU
2022-04-05,216.81125,HU
2022-04-06,174.64666666666668,HU
2022-04-07,167.95541666666665,HU
2022-04-08,162.13833333333335,HU
2022-04-09,134.72666666666666,HU
2022-04-10,90.15708333333332,HU
2022-04-11,227.59333333333333,HU
2022-04-12,202.50541666666663,HU
2022-04-13,225.17708333333337,HU
2022-04-14,227.75250000000003,HU
2022-04-15,193.24166666666667,HU
2022-04-16,162.49875,HU
2022-04-17,104.99416666666669,HU
2022-04-18,131.15208333333334,HU
2022-04-19,245.20291666666665,HU
2022-04-20,241.09833333333333,HU
2022-04-21,209.77041666666665,HU
2022-04-22,204.4325,HU
2022-04-23,150.35333333333332,HU
2022-04-24,125.42083333333332,HU
2022-04-25,223.4645833333333,HU
2022-04-26,240.78208333333336,HU
2022-04-27,223.27583333333337,HU
2022-04-28,230.1520833333333,HU
2022-04-29,228.02458333333337,HU
2022-04-30,201.34124999999997,HU
2022-05-01,194.74125,HU
2022-05-02,219.0225,HU
2022-05-03,218.36791666666667,HU
2022-05-04,233.19708333333332,HU
2022-05-05,236.62458333333333,HU
2022-05-06,225.35916666666665,HU
2022-05-07,201.4283333333333,HU
2022-05-08,173.9670833333333,HU
2022-05-09,237.8575,HU
2022-05-10,210.325,HU
2022-05-11,268.50375,HU
2022-05-12,218.78791666666663,HU
2022-05-13,196.9020833333333,HU
2022-05-14,173.87750000000003,HU
2022-05-15,157.11458333333334,HU
2022-05-16,236.46583333333336,HU
2022-05-17,235.72625,HU
2022-05-18,206.96541666666667,HU
2022-05-19,210.80916666666667,HU
2022-05-20,209.34708333333333,HU
2022-05-21,140.82458333333332,HU
2022-05-22,166.88,HU
2022-05-23,207.22458333333336,HU
2022-05-24,204.00333333333333,HU
2022-05-25,193.18041666666667,HU
2022-05-26,191.28083333333333,HU
2022-05-27,206.47416666666663,HU
2022-05-28,171.95749999999998,HU
2022-05-29,156.78541666666666,HU
2022-05-30,226.22208333333333,HU
2022-05-31,219.74125,HU
2022-06-01,228.04583333333335,HU
2022-06-02,195.77,HU
2022-06-03,198.38208333333333,HU
2022-06-04,181.60833333333335,HU
2022-06-05,146.55041666666668,HU
2022-06-06,179.14625,HU
2022-06-07,229.63583333333335,HU
2022-06-08,224.4725,HU
2022-06-09,203.82416666666663,HU
2022-06-10,190.8275,HU
2022-06-11,153.60541666666668,HU
2022-06-12,119.11041666666668,HU
2022-06-13,192.6520833333333,HU
2022-06-14,206.95541666666668,HU
2022-06-15,222.8475,HU
2022-06-16,232.1916666666667,HU
2022-06-17,259.795,HU
2022-06-18,203.72416666666663,HU
2022-06-19,166.44958333333332,HU
2022-06-20,285.2391666666667,HU
2022-06-21,299.0358333333333,HU
2022-06-22,329.2425,HU
2022-06-23,308.30125000000004,HU
2022-06-24,271.3304166666667,HU
2022-06-25,253.85041666666663,HU
2022-06-26,245.2891666666667,HU
2022-06-27,330.7033333333333,HU
2022-06-28,367.77208333333334,HU
2022-06-29,329.09,HU
2022-06-30,348.14000000000004,HU
2022-07-01,360.7595833333333,HU
2022-07-02,237.58083333333332,HU
2022-07-03,221.8166666666667,HU
2022-07-04,389.47541666666666,HU
2022-07-05,360.81958333333336,HU
2022-07-06,365.57458333333335,HU
2022-07-07,371.8533333333333,HU
2022-07-08,286.9375,HU
2022-07-09,170.30458333333334,HU
2022-07-10,110.04541666666668,HU
2022-07-11,374.66,HU
2022-07-12,393.10083333333336,HU
2022-07-13,364.7008333333333,HU
2022-07-14,417.3825,HU
2022-07-15,390.4816666666666,HU
2022-07-16,272.5683333333333,HU
2022-07-17,224.36791666666667,HU
2022-07-18,426.3691666666667,HU
2022-07-19,465.8883333333333,HU
2022-07-20,432.39958333333334,HU
2022-07-21,472.1254166666667,HU
2022-07-22,462.2175,HU
2022-07-23,360.1975,HU
2022-07-24,314.92875,HU
2022-07-25,510.2225,HU
2022-07-26,500.9195833333333,HU
2022-07-27,506.88166666666666,HU
2022-07-28,513.3141666666667,HU
2022-07-29,501.70958333333334,HU
2022-07-30,408.28625000000005,HU
2022-07-31,316.0933333333333,HU
2022-08-01,430.1991666666667,HU
2022-08-02,445.71416666666664,HU
2022-08-03,423.3729166666667,HU
2022-08-04,420.3766666666667,HU
2022-08-05,431.22166666666664,HU
2022-08-06,341.36291666666665,HU
2022-08-07,216.48875,HU
2022-08-08,378.19958333333335,HU
2022-08-09,360.1616666666667,HU
2022-08-10,342.8591666666667,HU
2022-08-11,384.89166666666665,HU
2022-08-12,457.08666666666664,HU
2022-08-13,407.00458333333336,HU
2022-08-14,367.90625,HU
2022-08-15,427.1675,HU
2022-08-16,500.55541666666664,HU
2022-08-17,553.9187499999999,HU
2022-08-18,563.47625,HU
2022-08-19,517.6941666666667,HU
2022-08-20,469.06541666666664,HU
2022-08-21,399.29125,HU
2022-08-22,563.8745833333334,HU
2022-08-23,616.69375,HU
2022-08-24,635.6758333333333,HU
2022-08-25,624.9995833333334,HU
2022-08-26,708.9812499999999,HU
2022-08-27,652.2754166666667,HU
2022-08-28,542.5712500000001,HU
2022-08-29,731.0495833333333,HU
2022-08-30,748.9729166666666,HU
2022-08-31,690.8879166666667,HU
2022-09-01,618.0995833333333,HU
2022-09-02,493.9504166666666,HU
2022-09-03,358.0125,HU
2022-09-04,310.4241666666667,HU
2022-09-05,449.355,HU
2022-09-06,531.43875,HU
2022-09-07,484.0129166666666,HU
2022-09-08,481.41291666666666,HU
2022-09-09,384.7675,HU
2022-09-10,404.31791666666663,HU
2022-09-11,391.64375,HU
2022-09-12,436.3729166666667,HU
2022-09-13,448.65083333333337,HU
2022-09-14,458.48791666666665,HU
2022-09-15,397.7920833333333,HU
2022-09-16,379.12875,HU
2022-09-17,261.00791666666663,HU
2022-09-18,132.395,HU
2022-09-19,276.76375,HU
2022-09-20,367.24708333333336,HU
2022-09-21,382.1433333333334,HU
2022-09-22,398.62125,HU
2022-09-23,385.68249999999995,HU
2022-09-24,370.03875,HU
2022-09-25,278.54375,HU
2022-09-26,336.08666666666664,HU
2022-09-27,339.64875,HU
2022-09-28,388.7183333333333,HU
2022-09-29,425.2479166666667,HU
2022-09-30,370.6254166666667,HU
2022-10-01,248.06499999999997,HU
2022-10-02,136.06291666666667,HU
2022-10-03,242.72541666666663,HU
2022-10-04,312.2679166666667,HU
2022-10-05,258.7320833333333,HU
2022-10-06,218.19875,HU
2022-10-07,212.13208333333333,HU
2022-10-08,203.4958333333333,HU
2022-10-09,175.89625,HU
2022-10-10,198.89833333333337,HU
2022-10-11,297.21,HU
2022-10-12,286.0620833333333,HU
2022-10-13,274.5625,HU
2022-10-14,260.4791666666667,HU
2022-10-15,193.06875,HU
2022-10-16,141.1275,HU
2022-10-17,188.64541666666665,HU
2022-10-18,211.85166666666663,HU
2022-10-19,172.62833333333333,HU
2022-10-20,180.7075,HU
2022-10-21,185.03958333333333,HU
2022-10-22,148.78416666666666,HU
2022-10-23,106.41,HU
2022-10-24,189.00958333333332,HU
2022-10-25,147.93291666666667,HU
2022-10-26,153.60833333333332,HU
2022-10-27,169.86166666666665,HU
2022-10-28,136.49125,HU
2022-10-29,103.33583333333333,HU
2022-10-30,116.3668,HU
2022-10-31,145.78375,HU
2022-11-01,130.18416666666667,HU
2022-11-02,204.54375,HU
2022-11-03,165.23,HU
2022-11-04,181.67583333333337,HU
2022-11-05,139.29666666666665,HU
2022-11-06,121.51583333333332,HU
2022-11-07,228.52874999999997,HU
2022-11-08,163.94708333333332,HU
2022-11-09,204.095,HU
2022-11-10,242.26708333333332,HU
2022-11-11,205.02583333333337,HU
2022-11-12,181.89916666666667,HU
2022-11-13,166.59,HU
2022-11-14,206.05666666666664,HU
2022-11-15,255.23583333333332,HU
2022-11-16,271.8170833333333,HU
2022-11-17,246.13333333333333,HU
2022-11-18,239.81333333333336,HU
2022-11-19,209.10708333333332,HU
2022-11-20,207.42791666666668,HU
2022-11-21,248.62833333333333,HU
2022-11-22,217.255,HU
2022-11-23,228.26,HU
2022-11-24,265.25208333333336,HU
2022-11-25,270.0729166666667,HU
2022-11-26,239.48333333333335,HU
2022-11-27,176.4,HU
2022-11-28,301.22583333333336,HU
2022-11-29,371.97625,HU
2022-11-30,393.3254166666666,HU
2022-12-01,396.68208333333337,HU
2022-12-02,406.405,HU
2022-12-03,300.66249999999997,HU
2022-12-04,275.0266666666667,HU
2022-12-05,339.2495833333333,HU
2022-12-06,398.41375,HU
2022-12-07,372.51458333333335,HU
2022-12-08,384.80749999999995,HU
2022-12-09,406.98541666666665,HU
2022-12-10,336.625,HU
2022-12-11,300.1775,HU
2022-12-12,398.91875,HU
2022-12-13,437.50291666666664,HU
2022-12-14,444.44250000000005,HU
2022-12-15,397.9983333333333,HU
2022-12-16,414.04041666666666,HU
2022-12-17,262.2629166666666,HU
2022-12-18,188.21166666666667,HU
2022-12-19,207.79875,HU
2022-12-20,214.3658333333333,HU
2022-12-21,227.52666666666667,HU
2022-12-22,206.01,HU
2022-12-23,184.66958333333332,HU
2022-12-24,113.12958333333334,HU
2022-12-25,106.37708333333336,HU
2022-12-26,47.312083333333334,HU
2022-12-27,95.32916666666668,HU
2022-12-28,86.59625,HU
2022-12-29,51.751666666666665,HU
2022-12-30,54.812916666666666,HU
2022-12-31,40.654347826086955,HU
2023-01-01,17.747916666666665,HU
2023-01-02,124.82083333333333,HU
2023-01-03,149.41583333333332,HU
2023-01-04,184.17958333333337,HU
2023-01-05,139.39125,HU
2023-01-06,128.23041666666666,HU
2023-01-07,174.38541666666666,HU
2023-01-08,101.51666666666668,HU
2023-01-09,140.27666666666667,HU
2023-01-10,143.01708333333332,HU
2023-01-11,144.02,HU
2023-01-12,174.58708333333334,HU
2023-01-13,162.01625,HU
2023-01-14,144.88916666666668,HU
2023-01-15,97.92791666666666,HU
2023-01-16,131.67,HU
2023-01-17,141.41,HU
2023-01-18,141.48375,HU
2023-01-19,151.76250000000002,HU
2023-01-20,173.78041666666664,HU
2023-01-21,128.22958333333335,HU
2023-01-22,138.91666666666666,HU
2023-01-23,205.4325,HU
2023-01-24,206.34375,HU
2023-01-25,184.17666666666665,HU
2023-01-26,169.73291666666668,HU
2023-01-27,169.72916666666666,HU
2023-01-28,147.39791666666667,HU
2023-01-29,148.4675,HU
2023-01-30,192.59416666666667,HU
2023-01-31,151.8975,HU
2023-02-01,155.11499999999998,HU
2023-02-02,152.26291666666663,HU
2023-02-03,149.64541666666665,HU
2023-02-04,145.34083333333334,HU
2023-02-05,128.94041666666666,HU
2023-02-06,172.46166666666667,HU
2023-02-07,176.80708333333334,HU
2023-02-08,162.54,HU
2023-02-09,156.54666666666665,HU
2023-02-10,162.97,HU
2023-02-11,144.87458333333333,HU
2023-02-12,139.84791666666666,HU
2023-02-13,169.70375,HU
2023-02-14,160.48458333333335,HU
2023-02-15,165.38791666666663,HU
2023-02-16,168.00625,HU
2023-02-17,172.95708333333334,HU
2023-02-18,113.27583333333332,HU
2023-02-19,114.87041666666666,HU
2023-02-20,116.625,HU
2023-02-21,123.5,HU
2023-02-22,150.33041666666665,HU
2023-02-23,149.02416666666667,HU
2023-02-24,136.0295833333333,HU
2023-02-25,91.4825,HU
2023-02-26,110.83125,HU
2023-02-27,151.96,HU
2023-02-28,152.09958333333333,HU
2023-03-01,153.41708333333335,HU
2023-03-02,157.82166666666666,HU
2023-03-03,147.32291666666666,HU
2023-03-04,119.8025,HU
2023-03-05,124.70083333333334,HU
2023-03-06,152.80666666666667,HU
2023-03-07,136.39083333333335,HU
2023-03-08,139.73333333333332,HU
2023-03-09,131.37916666666666,HU
2023-03-10,119.13333333333333,HU
2023-03-11,99.01125,HU
2023-03-12,97.36291666666666,HU
2023-03-13,108.82333333333332,HU
2023-03-14,89.86083333333333,HU
2023-03-15,127.35333333333334,HU
2023-03-16,111.94583333333333,HU
2023-03-17,93.11166666666666,HU
2023-03-18,109.24791666666664,HU
2023-03-19,111.79,HU
2023-03-20,126.10208333333334,HU
2023-03-21,122.79666666666668,HU
2023-03-22,109.56916666666666,HU
2023-03-23,110.10958333333332,HU
2023-03-24,87.84666666666668,HU
2023-03-25,30.23125,HU
2023-03-26,66.83478260869565,HU
2023-03-27,96.74625,HU
2023-03-28,107.47666666666667,HU
2023-03-29,117.21125,HU
2023-03-30,106.51208333333334,HU
2023-03-31,99.97208333333332,HU
2023-04-01,61.098749999999995,HU
2023-04-02,67.87416666666667,HU
2023-04-03,111.55416666666667,HU
2023-04-04,129.86249999999998,HU
2023-04-05,141.57458333333332,HU
2023-04-06,128.3225,HU
2023-04-07,118.885,HU
2023-04-08,118.785,HU
2023-04-09,105.0475,HU
2023-04-10,71.57333333333334,HU
2023-04-11,96.65708333333332,HU
2023-04-12,112.335,HU
2023-04-13,124.37833333333332,HU
2023-04-14,128.78041666666667,HU
2023-04-15,106.9875,HU
2023-04-16,109.9725,HU
2023-04-17,117.71291666666669,HU
2023-04-18,114.70916666666666,HU
2023-04-19,124.2975,HU
2023-04-20,119.29958333333332,HU
2023-04-21,104.72875,HU
2023-04-22,88.46958333333333,HU
2023-04-23,85.20708333333333,HU
2023-04-24,106.1325,HU
2023-04-25,104.8775,HU
2023-04-26,111.53333333333336,HU
2023-04-27,112.8825,HU
2023-04-28,108.19666666666666,HU
2023-04-29,100.65708333333332,HU
2023-04-30,68.96541666666667,HU
2023-05-01,81.71041666666666,HU
2023-05-02,106.31833333333331,HU
2023-05-03,105.67166666666668,HU
2023-05-04,104.11166666666666,HU
2023-05-05,96.955,HU
2023-05-06,89.5675,HU
2023-05-07,71.31958333333334,HU
2023-05-08,98.69083333333332,HU
2023-05-09,99.86875,HU
2023-05-10,118.0475,HU
2023-05-11,123.95291666666668,HU
2023-05-12,105.18458333333332,HU
2023-05-13,79.53541666666666,HU
2023-05-14,70.87875,HU
2023-05-15,118.98458333333332,HU
2023-05-16,99.00833333333333,HU
2023-05-17,96.34083333333332,HU
2023-05-18,109.31083333333332,HU
2023-05-19,90.07333333333332,HU
2023-05-20,46.905833333333334,HU
2023-05-21,30.36,HU
2023-05-22,97.67208333333332,HU
2023-05-23,95.02,HU
2023-05-24,101.92666666666666,HU
2023-05-25,86.87041666666666,HU
2023-05-26,73.06583333333333,HU
2023-05-27,64.25166666666667,HU
2023-05-28,42.16833333333333,HU
2023-05-29,49.47458333333333,HU
2023-05-30,91.76958333333332,HU
2023-05-31,88.92333333333333,HU
2023-06-01,76.19,HU
2023-06-02,79.92375,HU
2023-06-03,56.66041666666666,HU
2023-06-04,52.724583333333335,HU
2023-06-05,89.58625,HU
2023-06-06,94.98916666666666,HU
2023-06-07,99.25416666666666,HU
2023-06-08,84.17083333333333,HU
2023-06-09,86.55541666666666,HU
2023-06-10,60.140833333333326,HU
2023-06-11,44.01499999999999,HU
2023-06-12,97.25291666666668,HU
2023-06-13,95.32375,HU
2023-06-14,106.535,HU
2023-06-15,118.55,HU
2023-06-16,128.04541666666668,HU
2023-06-17,104.56708333333334,HU
2023-06-18,92.90166666666666,HU
2023-06-19,119.70291666666668,HU
2023-06-20,123.31375,HU
2023-06-21,124.70208333333332,HU
2023-06-22,127.84291666666668,HU
2023-06-23,115.3525,HU
2023-06-24,81.17333333333333,HU
2023-06-25,74.40041666666666,HU
2023-06-26,112.03291666666668,HU
2023-06-27,106.14875,HU
2023-06-28,112.54083333333334,HU
2023-06-29,118.44708333333334,HU
2023-06-30,114.15416666666664,HU
2023-07-01,73.79041666666667,HU
2023-07-02,-0.3724999999999993,HU
2023-07-03,97.88041666666668,HU
2023-07-04,114.48291666666668,HU
2023-07-05,106.96,HU
2023-07-06,107.48916666666668,HU
2023-07-07,101.77458333333334,HU
2023-07-08,82.88375,HU
2023-07-09,89.59958333333333,HU
2023-07-10,120.3175,HU
2023-07-11,120.72625,HU
2023-07-12,118.42333333333332,HU
2023-07-13,112.59375,HU
2023-07-14,97.21291666666669,HU
2023-07-15,45.217083333333335,HU
2023-07-16,53.97125,HU
2023-07-17,116.88041666666668,HU
2023-07-18,114.80625,HU
2023-07-19,126.445,HU
2023-07-20,120.82458333333334,HU
2023-07-21,125.23625,HU
2023-07-22,96.57958333333332,HU
2023-07-23,62.364583333333336,HU
2023-07-24,105.23791666666666,HU
2023-07-25,107.6075,HU
2023-07-26,108.52583333333332,HU
2023-07-27,97.05583333333334,HU
2023-07-28,104.285,HU
2023-07-29,83.165,HU
2023-07-30,56.132083333333334,HU
2023-07-31,76.19583333333334,HU
2023-08-01,93.31791666666668,HU
2023-08-02,69.8725,HU
2023-08-03,68.38458333333334,HU
2023-08-04,108.48083333333334,HU
2023-08-05,89.89125,HU
2023-08-06,50.880833333333335,HU
2023-08-07,69.7475,HU
2023-08-08,31.83458333333333,HU
2023-08-09,89.47416666666668,HU
2023-08-10,89.93041666666666,HU
2023-08-11,80.88041666666668,HU
2023-08-12,59.77458333333333,HU
2023-08-13,56.0875,HU
2023-08-14,90.67958333333333,HU
2023-08-15,79.35041666666667,HU
2023-08-16,110.86375,HU
2023-08-17,110.45791666666668,HU
2023-08-18,108.65833333333336,HU
2023-08-19,86.04541666666667,HU
2023-08-20,90.43916666666668,HU
2023-08-21,122.41958333333334,HU
2023-08-22,131.29083333333332,HU
2023-08-23,153.53583333333333,HU
2023-08-24,160.63041666666666,HU
2023-08-25,165.88875,HU
2023-08-26,125.8825,HU
2023-08-27,111.74416666666669,HU
2023-08-28,143.77333333333334,HU
2023-08-29,123.5775,HU
2023-08-30,122.07,HU
2023-08-31,116.90208333333334,HU
2023-09-01,126.19125,HU
2023-09-02,97.11166666666666,HU
2023-09-03,81.75916666666667,HU
2023-09-04,106.52958333333332,HU
2023-09-05,102.88875,HU
2023-09-06,105.29208333333334,HU
2023-09-07,99.71541666666668,HU
2023-09-08,107.1575,HU
2023-09-09,90.99708333333332,HU
2023-09-10,84.22666666666667,HU
2023-09-11,145.58333333333334,HU
2023-09-12,128.78333333333333,HU
2023-09-13,113.63916666666668,HU
2023-09-14,120.66125,HU
2023-09-15,109.71208333333334,HU
2023-09-16,93.77958333333332,HU
2023-09-17,86.15916666666668,HU
2023-09-18,95.56374999999998,HU
2023-09-19,85.79083333333334,HU
2023-09-20,99.20791666666666,HU
2023-09-21,103.76125,HU
2023-09-22,104.055,HU
2023-09-23,101.7375,HU
2023-09-24,68.25583333333333,HU
2023-09-25,103.49916666666668,HU
2023-09-26,123.65916666666668,HU
2023-09-27,119.93458333333332,HU
2023-09-28,111.49,HU
2023-09-29,105.85083333333334,HU
2023-09-30,91.43041666666666,HU
2023-10-01,73.64958333333333,HU
2023-10-02,118.14958333333334,HU
2023-10-03,81.23458333333333,HU
2023-10-04,85.57208333333334,HU
2023-10-05,108.34125,HU
2023-10-06,108.67625,HU
2023-10-07,71.25,HU
2023-10-08,86.83125,HU
2023-10-09,123.40541666666668,HU
2023-10-10,138.15958333333333,HU
2023-10-11,123.20041666666668,HU
2023-10-12,125.75208333333336,HU
2023-10-13,141.08625,HU
2023-10-14,88.1875,HU
2023-10-15,69.47958333333334,HU
2023-10-16,130.35375,HU
2023-10-17,144.25416666666666,HU
2023-10-18,121.16541666666666,HU
2023-10-19,111.12083333333334,HU
2023-10-20,105.625,HU
2023-10-21,59.2625,HU
2023-10-22,69.22375,HU
2023-10-23,134.54291666666668,HU
2023-10-24,125.64666666666666,HU
2023-10-25,124.18416666666668,HU
2023-10-26,125.91291666666666,HU
2023-10-27,122.14,HU
2023-10-28,88.86125,HU
2023-10-29,44.9424,HU
2023-10-30,97.57041666666667,HU
2023-10-31,106.78166666666664,HU
2023-11-01,63.76666666666667,HU
2023-11-02,89.40416666666665,HU
2023-11-03,67.19875,HU
2023-11-04,31.49,HU
2023-11-05,31.901666666666667,HU
2023-11-06,87.55666666666667,HU
2023-11-07,111.18958333333336,HU
2023-11-08,94.86416666666666,HU
2023-11-09,98.76458333333332,HU
2023-11-10,98.68791666666664,HU
2023-11-11,96.79208333333332,HU
2023-11-12,96.36958333333332,HU
2023-11-13,130.22375,HU
2023-11-14,82.10208333333334,HU
2023-11-15,102.61083333333332,HU
2023-11-16,117.82416666666666,HU
2023-11-17,120.99666666666668,HU
2023-11-18,97.73,HU
2023-11-19,42.64333333333333,HU
2023-11-20,113.74291666666666,HU
2023-11-21,124.21916666666664,HU
2023-11-22,118.43208333333332,HU
2023-11-23,114.30791666666666,HU
2023-11-24,98.75625,HU
2023-11-25,93.97125,HU
2023-11-26,99.13166666666666,HU
2023-11-27,121.3675,HU
2023-11-28,124.16375,HU
2023-11-29,141.97083333333333,HU
2023-11-30,169.07916666666668,HU
2023-12-01,160.325,HU
2023-12-02,110.2825,HU
2023-12-03,99.855,HU
2023-12-04,123.23333333333332,HU
2023-12-05,131.08666666666667,HU
2023-12-06,129.61125,HU
2023-12-07,120.26125,HU
2023-12-08,108.32458333333334,HU
2023-12-09,96.84916666666668,HU
2023-12-10,79.06833333333333,HU
2023-12-11,107.38958333333332,HU
2023-12-12,123.49666666666668,HU
2023-12-13,103.83875,HU
2023-12-14,106.5675,HU
2023-12-15,96.50333333333332,HU
2023-12-16,74.63083333333334,HU
2023-12-17,66.32625,HU
2023-12-18,89.11708333333333,HU
2023-12-19,101.23333333333332,HU
2023-12-20,81.68166666666666,HU
2023-12-21,87.79374999999999,HU
2023-12-22,41.805,HU
2023-12-23,32.68583333333333,HU
2023-12-24,43.94125,HU
2023-12-25,1.68125,HU
2023-12-26,21.161666666666665,HU
2023-12-27,61.77291666666667,HU
2023-12-28,42.524166666666666,HU
2023-12-29,22.425833333333333,HU
2023-12-30,36.732499999999995,HU
2023-12-31,30.827391304347824,HU
2024-01-01,18.930416666666662,HU
2024-01-02,58.629999999999995,HU
2024-01-03,53.33583333333333,HU
2024-01-04,82.36874999999999,HU
2024-01-05,96.80041666666666,HU
2024-01-06,88.62333333333333,HU
2024-01-07,86.34416666666668,HU
2024-01-08,101.9725,HU
2024-01-09,109.03083333333332,HU
2024-01-10,112.52541666666669,HU
2024-01-11,110.09083333333332,HU
2024-01-12,107.4725,HU
2024-01-13,89.91125,HU
2024-01-14,77.27833333333334,HU
2024-01-15,90.38916666666668,HU
2024-01-16,110.72458333333331,HU
2024-01-17,101.73791666666666,HU
2024-01-18,98.55833333333334,HU
2024-01-19,83.12,HU
2024-01-20,76.32666666666667,HU
2024-01-21,67.88083333333334,HU
2024-01-22,85.67166666666667,HU
2024-01-23,84.925,HU
2024-01-24,97.83125,HU
2024-01-25,81.96625,HU
2024-01-26,87.61874999999999,HU
2024-01-27,71.24249999999999,HU
2024-01-28,70.18416666666667,HU
2024-01-29,81.33541666666666,HU
2024-01-30,83.16708333333334,HU
2024-01-31,91.55833333333334,HU
2024-02-01,93.43208333333332,HU
2024-02-02,83.91166666666668,HU
2024-02-03,72.05958333333334,HU
2024-02-04,46.51666666666667,HU
2024-02-05,61.59,HU
2024-02-06,66.32625,HU
2024-02-07,78.68791666666667,HU
2024-02-08,91.07333333333334,HU
2024-02-09,78.54125,HU
2024-02-10,71.98291666666667,HU
2024-02-11,62.134166666666665,HU
2024-02-12,76.3125,HU
2024-02-13,76.07000000000001,HU
2024-02-14,72.79458333333334,HU
2024-02-15,75.41625,HU
2024-02-16,62.59791666666666,HU
2024-02-17,68.41708333333334,HU
2024-02-18,52.778333333333336,HU
2024-02-19,68.51333333333334,HU
2024-02-20,66.99833333333333,HU
2024-02-21,64.46916666666667,HU
2024-02-22,57.76458333333333,HU
2024-02-23,58.08208333333334,HU
2024-02-24,57.2225,HU
2024-02-25,60.840833333333336,HU
2024-02-26,67.10375,HU
2024-02-27,74.66208333333334,HU
2024-02-28,76.32541666666667,HU
2024-02-29,68.58458333333333,HU
2024-03-01,70.84458333333333,HU
2024-03-02,64.58,HU
2024-03-03,61.129999999999995,HU
2024-03-04,74.685,HU
2024-03-05,76.03208333333333,HU
2024-03-06,82.44041666666666,HU
2024-03-07,78.67916666666666,HU
2024-03-08,74.56750000000001,HU
2024-03-09,51.010416666666664,HU
2024-03-10,38.28041666666667,HU
2024-03-11,71.5275,HU
2024-03-12,85.57416666666666,HU
2024-03-13,77.13,HU
2024-03-14,72.38291666666667,HU
2024-03-15,59.3975,HU
2024-03-16,55.65083333333333,HU
2024-03-17,59.69583333333333,HU
2024-03-18,83.07625,HU
2024-03-19,82.73291666666667,HU
2024-03-20,86.10333333333334,HU
2024-03-21,78.4375,HU
2024-03-22,68.005,HU
2024-03-23,42.68333333333334,HU
2024-03-24,32.08958333333333,HU
2024-03-25,85.17041666666667,HU
2024-03-26,66.13208333333333,HU
2024-03-27,69.2375,HU
2024-03-28,51.49333333333333,HU
2024-03-29,37.17583333333334,HU
2024-03-30,49.484583333333326,HU
2024-03-31,32.04304347826087,HU
2024-04-01,28.800833333333333,HU
2024-04-02,33.05041666666667,HU
2024-04-03,79.84,HU
2024-04-04,64.37333333333333,HU
2024-04-05,53.24625,HU
2024-04-06,40.525,HU
2024-04-07,20.26375,HU
2024-04-08,64.94291666666668,HU
2024-04-09,57.88333333333333,HU
2024-04-10,68.94583333333334,HU
2024-04-11,56.532916666666665,HU
2024-04-12,58.024166666666666,HU
2024-04-13,18.00875,HU
2024-04-14,19.404166666666665,HU
2024-04-15,77.12541666666667,HU
2024-04-16,62.46083333333333,HU
2024-04-17,86.10708333333334,HU
2024-04-18,93.82125,HU
2024-04-19,70.82416666666667,HU
2024-04-20,58.74541666666667,HU
2024-04-21,52.748333333333335,HU
2024-04-22,96.52375,HU
2024-04-23,99.96708333333332,HU
2024-04-24,97.98333333333332,HU
2024-04-25,91.50916666666666,HU
2024-04-26,87.01708333333333,HU
2024-04-27,62.69375,HU
2024-04-28,13.78375,HU
2024-04-29,78.27208333333333,HU
2024-04-30,65.42791666666666,HU
2024-05-01,18.055000000000003,HU
2024-05-02,44.802083333333336,HU
2024-05-03,78.16583333333334,HU
2024-05-04,68.32625,HU
2024-05-05,51.257083333333334,HU
2024-05-06,85.14333333333333,HU
2024-05-07,91.935,HU
2024-05-08,86.52791666666667,HU
2024-05-09,62.267500000000005,HU
2024-05-10,70.26833333333333,HU
2024-05-11,55.4,HU
2024-05-12,8.35375,HU
2024-05-13,70.72958333333334,HU
2024-05-14,43.428333333333335,HU
2024-05-15,64.85333333333334,HU
2024-05-16,67.14458333333333,HU
2024-05-17,92.80625,HU
2024-05-18,61.425,HU
2024-05-19,49.54125,HU
2024-05-20,71.535,HU
2024-05-21,87.805,HU
2024-05-22,89.25291666666668,HU
2024-05-23,91.60416666666669,HU
2024-05-24,99.97125,HU
2024-05-25,70.87,HU
2024-05-26,61.33791666666667,HU
2024-05-27,102.88333333333333,HU
2024-05-28,102.02125,HU
2024-05-29,99.45291666666668,HU
2024-05-30,96.99833333333332,HU
2024-05-31,94.48791666666666,HU
2024-06-01,69.7,HU
2024-06-02,34.74125,HU
2024-06-03,122.20916666666666,HU
2024-06-04,111.83,HU
2024-06-05,104.97,HU
2024-06-06,96.96333333333332,HU
2024-06-07,93.76625,HU
2024-06-08,62.87708333333333,HU
2024-06-09,42.06125,HU
2024-06-10,95.115,HU
2024-06-11,88.41000000000001,HU
2024-06-12,98.34583333333336,HU
2024-06-13,100.44708333333334,HU
2024-06-14,76.53083333333333,HU
2024-06-15,24.59583333333333,HU
2024-06-16,56.32583333333333,HU
2024-06-17,108.345,HU
2024-06-18,109.84208333333332,HU
2024-06-19,99.40500000000002,HU
2024-06-20,110.92708333333331,HU
2024-06-21,125.64708333333331,HU
2024-06-22,61.11333333333334,HU
2024-06-23,58.5025,HU
2024-06-24,107.535,HU
2024-06-25,224.17416666666668,HU
2024-06-26,118.41791666666668,HU
2024-06-27,117.18708333333336,HU
2024-06-28,96.22875,HU
2024-06-29,84.24208333333333,HU
2024-06-30,51.18875,HU
2024-07-01,145.0425,HU
2024-07-02,96.8475,HU
2024-07-03,106.35708333333334,HU
2024-07-04,93.96375,HU
2024-07-05,65.27333333333333,HU
2024-07-06,61.70208333333333,HU
2024-07-07,72.3,HU
2024-07-08,162.45041666666663,HU
2024-07-09,147.30791666666667,HU
2024-07-10,194.24750000000003,HU
2024-07-11,263.98541666666665,HU
2024-07-12,230.00249999999997,HU
2024-07-13,143.79999999999998,HU
2024-07-14,103.29416666666668,HU
2024-07-15,201.3275,HU
2024-07-16,204.77083333333337,HU
2024-07-17,230.04625,HU
2024-07-18,236.90583333333333,HU
2024-07-19,176.93166666666664,HU
2024-07-20,137.48666666666665,HU
2024-07-21,88.7025,HU
2024-07-22,120.44708333333334,HU
2024-07-23,123.07291666666669,HU
2024-07-24,75.00791666666667,HU
2024-07-25,197.4375,HU
2024-07-26,104.26458333333332,HU
2024-07-27,92.78791666666666,HU
2024-07-28,68.14333333333333,HU
2024-07-29,77.48375,HU
2024-07-30,83.49875,HU
2024-07-31,96.915,HU
2024-08-01,117.60583333333334,HU
2024-08-02,110.18583333333332,HU
2024-08-03,80.51166666666667,HU
2024-08-04,69.98791666666666,HU
2024-08-05,121.81,HU
2024-08-06,90.96791666666668,HU
2024-08-07,111.385,HU
2024-08-08,107.02166666666666,HU
2024-08-09,85.765,HU
2024-08-10,76.0975,HU
2024-08-11,60.07375,HU
2024-08-12,106.74416666666669,HU
2024-08-13,138.54875,HU
2024-08-14,136.39041666666665,HU
2024-08-15,121.75916666666666,HU
2024-08-16,164.33875,HU
2024-08-17,117.1975,HU
2024-08-18,103.50625,HU
2024-08-19,186.5075,HU
2024-08-20,143.64958333333334,HU
2024-08-21,150.47875,HU
2024-08-22,116.39583333333331,HU
2024-08-23,129.915,HU
2024-08-24,92.64541666666666,HU
2024-08-25,65.1125,HU
2024-08-26,160.08041666666665,HU
2024-08-27,164.09625,HU
2024-08-28,182.89875,HU
2024-08-29,185.795,HU
2024-08-30,145.44625,HU
2024-08-31,102.34041666666668,HU
2024-09-01,92.34583333333336,HU
2024-09-02,221.79375,HU
2024-09-03,241.00208333333333,HU
2024-09-04,196.9375,HU
2024-09-05,140.19416666666666,HU
2024-09-06,130.66541666666666,HU
2024-09-07,90.38916666666668,HU
2024-09-08,71.4325,HU
2024-09-09,142.45208333333332,HU
2024-09-10,120.37208333333332,HU
2024-09-11,125.91458333333333,HU
2024-09-12,144.82500000000002,HU
2024-09-13,107.46541666666668,HU
2024-09-14,62.66458333333333,HU
2024-09-15,60.802083333333336,HU
2024-09-16,121.57416666666668,HU
2024-09-17,128.26333333333335,HU
2024-09-18,99.13916666666668,HU
2024-09-19,82.03208333333333,HU
2024-09-20,80.83958333333334,HU
2024-09-21,75.96416666666666,HU
2024-09-22,75.69250000000001,HU
2024-09-23,114.97666666666667,HU
2024-09-24,93.81125,HU
2024-09-25,81.68208333333332,HU
2024-09-26,80.12333333333333,HU
2024-09-27,58.32708333333333,HU
2024-09-28,33.60041666666667,HU
2024-09-29,50.06333333333333,HU
2024-09-30,57.60666666666666,HU
2024-10-01,79.56,HU
2024-10-02,115.18041666666666,HU
2024-10-03,99.20041666666668,HU
2024-10-04,100.60333333333334,HU
2024-10-05,86.6075,HU
2024-10-06,61.71541666666667,HU
2024-10-07,92.43333333333334,HU
2024-10-08,77.12625,HU
2024-10-09,89.66458333333333,HU
2024-10-10,59.359583333333326,HU
2024-10-11,95.06291666666664,HU
2024-10-12,61.56875,HU
2024-10-13,24.840416666666663,HU
2024-10-14,101.80416666666667,HU
2024-10-15,110.05,HU
2024-10-16,59.367916666666666,HU
2024-10-17,64.45791666666666,HU
2024-10-18,81.88416666666667,HU
2024-10-19,77.86708333333333,HU
2024-10-20,49.73916666666667,HU
2024-10-21,98.44208333333334,HU
2024-10-22,112.30833333333334,HU
2024-10-23,116.44291666666668,HU
2024-10-24,115.62666666666668,HU
2024-10-25,115.415,HU
2024-10-26,107.66291666666666,HU
2024-10-27,95.9452,HU
2024-10-28,119.88708333333334,HU
2024-10-29,141.03416666666666,HU
2024-10-30,126.22791666666666,HU
2024-10-31,121.09625,HU
2024-11-01,96.63041666666668,HU
2024-11-02,105.60083333333334,HU
2024-11-03,95.58,HU
2024-11-04,132.17208333333335,HU
2024-11-05,164.04291666666668,HU
2024-11-06,218.9383333333333,HU
2024-11-07,163.77291666666667,HU
2024-11-08,133.08458333333334,HU
2024-11-09,114.92791666666666,HU
2024-11-10,114.51958333333332,HU
2024-11-11,223.9825,HU
2024-11-12,306.3254166666667,HU
2024-11-13,355.31791666666663,HU
2024-11-14,265.6116666666667,HU
2024-11-15,167.34791666666666,HU
2024-11-16,155.49,HU
2024-11-17,136.80583333333334,HU
2024-11-18,242.7591666666667,HU
2024-11-19,205.99416666666664,HU
2024-11-20,131.16125,HU
2024-11-21,164.53166666666667,HU
2024-11-22,127.21125,HU
2024-11-23,111.16375,HU
2024-11-24,116.69958333333334,HU
2024-11-25,145.40833333333333,HU
2024-11-26,149.00541666666666,HU
2024-11-27,160.51375,HU
2024-11-28,146.33208333333332,HU
2024-11-29,140.03666666666666,HU
2024-11-30,120.54666666666668,HU
2024-12-01,103.6125,HU
2024-12-02,134.71041666666667,HU
2024-12-03,166.915,HU
2024-12-04,187.335,HU
2024-12-05,210.33833333333337,HU
2024-12-06,156.25291666666666,HU
2024-12-07,132.91708333333332,HU
2024-12-08,112.48125,HU
2024-12-09,132.04791666666668,HU
2024-12-10,154.99791666666667,HU
2024-12-11,260.23291666666665,HU
2024-12-12,358.7683333333334,HU
2024-12-13,178.94083333333333,HU
2024-12-14,124.06958333333334,HU
2024-12-15,114.37833333333332,HU
2024-12-16,134.54625,HU
2024-12-17,131.30875,HU
2024-12-18,154.985,HU
2024-12-19,124.75916666666666,HU
2024-12-20,100.33958333333334,HU
2024-12-21,86.90499999999999,HU
2024-12-22,112.70416666666668,HU
2024-12-23,103.69875,HU
2024-12-24,102.48625,HU
2024-12-25,98.79708333333332,HU
2024-12-26,112.985,HU
2024-12-27,121.84791666666666,HU
2024-12-28,132.2516666666667,HU
2024-12-29,131.28916666666666,HU
2024-12-30,143.6725,HU
2024-12-31,140.18652173913043,HU
2025-01-01,85.22125,HU
2025-01-02,115.79041666666666,HU
2025-01-03,123.12041666666666,HU
2025-01-04,138.7525,HU
2025-01-05,121.89375,HU
2025-01-06,119.02291666666667,HU
2025-01-07,121.20833333333331,HU
2025-01-08,119.33958333333334,HU
2025-01-09,127.64083333333332,HU
2025-01-10,120.72291666666666,HU
2025-01-11,112.22833333333334,HU
2025-01-12,111.70875,HU
2025-01-13,136.21791666666667,HU
2025-01-14,152.99625,HU
2025-01-15,225.17041666666668,HU
2025-01-16,154.69708333333332,HU
2025-01-17,147.28875,HU
2025-01-18,136.31541666666666,HU
2025-01-19,133.2025,HU
2025-01-20,237.87958333333333,HU
2025-01-21,215.0641666666667,HU
2025-01-22,188.905,HU
2025-01-23,167.44833333333335,HU
2025-01-24,155.00708333333333,HU
2025-01-25,117.41166666666668,HU
2025-01-26,116.08375,HU
2025-01-27,124.43416666666668,HU
2025-01-28,122.25375,HU
2025-01-29,123.65375,HU
2025-01-30,132.92208333333335,HU
2025-01-31,142.27833333333334,HU
2025-02-01,135.67166666666665,HU
2025-02-02,137.41,HU
2025-02-03,154.37291666666667,HU
2025-02-04,145.41083333333333,HU
2025-02-05,143.0920833333333,HU
2025-02-06,153.83833333333334,HU
2025-02-07,141.49416666666667,HU
2025-02-08,114.29958333333332,HU
2025-02-09,131.7875,HU
2025-02-10,156.01333333333335,HU
2025-02-11,162.82666666666668,HU
2025-02-12,184.35916666666665,HU
2025-02-13,205.91291666666663,HU
2025-02-14,181.4079166666667,HU
2025-02-15,140.50958333333332,HU
2025-02-16,143.36375,HU
2025-02-17,160.14083333333335,HU
2025-02-18,203.27625,HU
2025-02-19,169.58583333333334,HU
2025-02-20,181.30958333333336,HU
2025-02-21,151.51458333333332,HU
2025-02-22,145.91083333333333,HU
2025-02-23,149.04583333333332,HU
2025-02-24,210.42166666666665,HU
2025-02-25,193.3475,HU
2025-02-26,154.8175,HU
2025-02-27,141.32625,HU
2025-02-28,156.25916666666666,HU
2025-03-01,143.22458333333333,HU
2025-03-02,124.46833333333336,HU
2025-03-03,132.2279166666667,HU
2025-03-04,144.59,HU
2025-03-05,121.3775,HU
2025-03-06,126.23416666666668,HU
2025-03-07,112.88125,HU
2025-03-08,113.39416666666666,HU
2025-03-09,85.74833333333333,HU
2025-03-10,112.7175,HU
2025-03-11,124.84875,HU
2025-03-12,123.89708333333334,HU
2025-03-13,124.99958333333332,HU
2025-03-14,123.21833333333332,HU
2025-03-15,93.25083333333332,HU
2025-03-16,74.58,HU
2025-03-17,104.32,HU
2025-03-18,92.92708333333331,HU
2025-03-19,105.97375,HU
2025-03-20,113.70208333333332,HU
2025-03-21,110.70916666666666,HU
2025-03-22,83.99708333333334,HU
2025-03-23,61.76833333333334,HU
2025-03-24,131.64625,HU
2025-03-25,123.79375,HU
2025-03-26,118.71208333333334,HU
2025-03-27,102.47625,HU
2025-03-28,102.29166666666669,HU
2025-03-29,104.16208333333331,HU
2025-03-30,21.639565217391304,HU
2025-03-31,116.1725,HU
2025-04-01,103.44791666666669,HU
2025-04-02,88.43083333333334,HU
2025-04-03,86.14708333333334,HU
2025-04-04,96.48083333333334,HU
2025-04-05,67.86041666666667,HU
2025-04-06,55.04583333333333,HU
2025-04-07,111.02041666666666,HU
2025-04-08,119.80083333333334,HU
2025-04-09,117.92583333333332,HU
2025-04-10,96.27958333333332,HU
2025-04-11,85.24333333333333,HU
2025-04-12,84.90791666666667,HU
2025-04-13,56.08958333333334,HU
2025-04-14,110.90583333333332,HU
2025-04-15,105.21666666666664,HU
2025-04-16,79.7425,HU
2025-04-17,83.02041666666666,HU
2025-04-18,90.995,HU
2025-04-19,71.96541666666667,HU
2025-04-20,54.51833333333334,HU
2025-04-21,68.71291666666666,HU
2025-04-22,113.29166666666669,HU
2025-04-23,112.86125,HU
2025-04-24,99.79125,HU
2025-04-25,89.29625,HU
2025-04-26,59.69,HU
2025-04-27,31.765,HU
2025-04-28,76.64291666666666,HU
2025-04-29,72.2725,HU
2025-04-30,74.56416666666667,HU
2025-05-01,44.90708333333333,HU
2025-05-02,61.00625,HU
2025-05-03,58.91625,HU
2025-05-04,33.852916666666665,HU
2025-05-05,99.15416666666664,HU
2025-05-06,96.9625,HU
2025-05-07,103.32875,HU
2025-05-08,113.70916666666666,HU
2025-05-09,90.46625,HU
2025-05-10,55.1325,HU
2025-05-11,32.39625,HU
2025-05-12,105.0925,HU
2025-05-13,94.54875,HU
2025-05-14,92.32083333333333,HU
2025-05-15,83.88250000000001,HU
2025-05-16,89.00291666666668,HU
2025-05-17,78.1925,HU
2025-05-18,65.965,HU
2025-05-19,98.56416666666668,HU
2025-05-20,108.4175,HU
2025-05-21,126.9175,HU
2025-05-22,101.78791666666666,HU
2025-05-23,106.2875,HU
2025-05-24,67.13916666666667,HU
2025-05-25,29.05333333333333,HU
2025-05-26,94.29375,HU
2025-05-27,79.45208333333333,HU
2025-05-28,93.99791666666664,HU
2025-05-29,72.87375,HU
2025-05-30,57.03875,HU
2025-05-31,72.89583333333333,HU
2025-06-01,53.68666666666667,HU
2025-06-02,107.62583333333332,HU
2025-06-03,93.115,HU
2025-06-04,104.82541666666668,HU
2025-06-05,96.9725,HU
2025-06-06,84.45583333333333,HU
2025-06-07,85.685,HU
2025-06-08,54.43375,HU
2025-06-09,68.11208333333333,HU
2025-06-10,79.68416666666667,HU
2025-06-11,81.72333333333333,HU
2025-06-12,82.53791666666667,HU
2025-06-13,76.41833333333334,HU
2025-06-14,58.07041666666667,HU
2025-06-15,63.76583333333334,HU
2025-06-16,96.30125,HU
2025-06-17,93.4275,HU
2025-06-18,95.15041666666669,HU
2025-06-19,90.01916666666666,HU
2025-06-20,88.27541666666667,HU
2025-06-21,73.84833333333334,HU
2025-06-22,46.0825,HU
2025-06-23,94.885,HU
2025-06-24,92.125,HU
2025-06-25,104.17583333333332,HU
2025-06-26,118.40291666666668,HU
2025-06-27,109.91083333333334,HU
2025-06-28,60.55,HU
2025-06-29,58.806666666666665,HU
2025-06-30,109.80291666666666,HU
2025-07-01,134.21666666666667,HU
2025-07-02,124.38833333333334,HU
2025-07-03,105.54208333333334,HU
2025-07-04,105.7525,HU
2025-07-05,78.5625,HU
2025-07-06,83.61416666666666,HU
2025-07-07,123.10291666666669,HU
2025-07-08,107.23083333333334,HU
2025-07-09,93.32625,HU
2025-07-10,91.97125,HU
2025-07-11,95.90833333333336,HU
2025-07-12,73.57375,HU
2025-07-13,71.05833333333334,HU
2025-07-14,109.68458333333332,HU
2025-07-15,100.49,HU
2025-07-16,107.58166666666666,HU
2025-07-17,101.69583333333333,HU
2025-07-18,107.83125,HU
2025-07-19,83.72333333333334,HU
2025-07-20,76.99708333333334,HU
2025-07-21,109.76708333333332,HU
2025-07-22,104.40125,HU
2025-07-23,129.11875,HU
2025-07-24,134.80833333333334,HU
2025-07-25,136.09125,HU
2025-07-26,113.63291666666667,HU
2025-07-27,92.04083333333334,HU
2025-07-28,106.86208333333332,HU
2025-07-29,91.41,HU
2025-07-30,91.37041666666666,HU
2025-07-31,93.56958333333334,HU
2025-08-01,102.83125,HU
2025-08-02,73.11208333333333,HU
2025-08-03,53.32,HU
2025-08-04,85.46041666666667,HU
2025-08-05,60.95250000000001,HU
2025-08-06,71.49666666666666,HU
2025-08-07,72.99625,HU
2025-08-08,77.96249999999999,HU
2025-08-09,73.69500000000001,HU
2025-08-10,49.45625,HU
2025-08-11,85.57625,HU
2025-08-12,90.8575,HU
2025-08-13,100.15,HU
2025-08-14,108.77125,HU
2025-08-15,73.215,HU
2025-08-16,78.8475,HU
2025-08-17,63.03958333333333,HU
2025-08-18,91.34291666666668,HU
2025-08-19,91.94416666666666,HU
2025-08-20,90.68416666666668,HU
2025-08-21,98.81833333333331,HU
2025-08-22,73.24125,HU
2025-08-23,70.74041666666666,HU
2025-08-24,61.40833333333333,HU
2025-08-25,88.03083333333335,HU
2025-08-26,97.17291666666668,HU
2025-08-27,99.97291666666666,HU
2025-08-28,83.6,HU
2025-08-29,96.03416666666668,HU
2025-08-30,73.75416666666666,HU
2025-08-31,57.275416666666665,HU
2025-09-01,101.475,HU
2025-09-02,112.7275,HU
2025-09-03,93.9975,HU
2025-09-04,102.28625,HU
2025-09-05,110.76208333333334,HU
2025-09-06,89.58999999999999,HU
2025-09-07,53.02,HU
2025-09-08,130.56541666666666,HU
2025-09-09,148.86375,HU
2025-09-10,128.48208333333335,HU
2025-09-11,128.20333333333335,HU
2025-09-12,112.53416666666668,HU
2025-09-13,70.22041666666667,HU
2025-09-14,71.11416666666666,HU
2025-09-15,101.97125,HU
2025-09-16,125.79625,HU
2025-09-17,89.49166666666667,HU
2025-09-18,79.50875,HU
2025-09-19,96.39958333333334,HU
2025-09-20,65.89083333333333,HU
2025-09-21,35.461666666666666,HU
2025-09-22,95.35041666666666,HU
2025-09-23,122.19583333333333,HU
2025-09-24,111.87208333333332,HU
2025-09-25,99.31374999999998,HU
2025-09-26,100.09416666666668,HU
2025-09-27,94.1775,HU
2025-09-28,100.16708333333334,HU
2025-09-29,136.165,HU
2025-09-30,150.33166666666668,HU
2025-10-01,123.43760416666667,HU
2025-10-02,112.85947916666667,HU
2025-10-03,94.82708333333332,HU
2025-10-04,102.70489583333334,HU
2025-10-05,73.4909375,HU
2025-10-06,134.88395833333334,HU
2025-10-07,138.18041666666667,HU
2025-10-08,120.505625,HU
2025-10-09,129.08916666666667,HU
2025-10-10,132.63229166666667,HU
2025-10-11,92.94333333333331,HU
2025-10-12,102.00510416666668,HU
2025-10-13,172.14895833333333,HU
2025-10-14,190.62510416666663,HU
2025-10-15,185.22927083333332,HU
2025-10-16,126.44614583333332,HU
2025-10-17,124.8753125,HU
2025-10-18,121.12979166666666,HU
2025-10-19,100.63770833333332,HU
2025-10-20,161.15937499999998,HU
2025-10-21,152.24260416666667,HU
2025-10-22,137.5896875,HU
2025-10-23,112.1425,HU
2025-10-24,98.854375,HU
2025-10-25,99.3946875,HU
2025-10-26,73.9751,HU
2025-10-27,115.51114583333332,HU
2025-10-28,119.15802083333334,HU
2025-10-29,100.40708333333332,HU
2025-10-30,103.92229166666664,HU
2025-10-31,131.89989583333332,HU
2025-11-01,83.76406250000001,HU
2025-11-02,93.54239583333332,HU
2025-11-03,128.17260416666667,HU
2025-11-04,127.56895833333334,HU
2025-11-05,126.4334375,HU
2025-11-06,132.87302083333333,HU
2025-11-07,124.13697916666666,HU
2025-11-08,112.65697916666666,HU
2025-11-09,105.57541666666668,HU
2025-11-10,126.13145833333334,HU
2025-11-11,113.1471875,HU
2025-11-12,137.2065625,HU
2025-11-13,139.40166666666667,HU
2025-11-14,132.00770833333334,HU
2025-11-15,116.4746875,HU
2025-11-16,108.63052083333334,HU
2025-11-17,106.78864583333332,HU
2025-11-18,108.5303125,HU
2025-11-19,120.27072916666668,HU
2025-11-20,133.31572916666667,HU
2025-11-21,147.46916666666667,HU
2025-11-22,108.6546875,HU
2025-11-23,99.9634375,HU
2025-11-24,161.303125,HU
2025-11-25,225.82010416666665,HU
2025-11-26,160.63458333333332,HU
2025-11-27,116.40479166666668,HU
2025-11-28,119.61114583333334,HU
2025-11-29,111.04229166666666,HU
2025-11-30,102.86864583333332,HU
2025-12-01,154.39645833333333,HU
2025-12-02,145.87645833333332,HU
2025-12-03,164.9315625,HU
2025-12-04,132.31052083333333,HU
2025-12-05,132.78822916666667,HU
2025-12-06,102.05145833333334,HU
2025-12-07,94.90479166666668,HU
2025-12-08,106.53791666666666,HU
2025-12-09,114.6659375,HU
2025-12-10,122.7515625,HU
2025-12-11,118.52395833333333,HU
2025-12-12,119.24208333333333,HU
2025-12-13,105.9871875,HU
2025-12-14,99.4434375,HU
2025-12-15,118.86729166666667,HU
2025-12-16,140.601875,HU
2025-12-17,129.3259375,HU
2025-12-18,146.92791666666668,HU
2025-12-19,134.45833333333334,HU
2025-12-20,110.2109375,HU
2025-12-21,106.3475,HU
2025-12-22,114.659375,HU
2025-12-23,110.33072916666669,HU
2025-12-24,90.74791666666664,HU
2025-12-25,86.67239583333333,HU
2025-12-26,98.28020833333332,HU
2025-12-27,97.76135416666666,HU
2025-12-28,94.06177083333334,HU
2025-12-29,108.64208333333332,HU
2025-12-30,89.76718749999999,HU
2025-12-31,100.17042105263158,HU
2026-01-01,72.76614583333334,HU
2026-01-02,85.94864583333333,HU
2026-01-03,93.15833333333336,HU
2026-01-04,95.41927083333331,HU
2026-01-05,138.71208333333334,HU
2026-01-06,128.51822916666666,HU
2026-01-07,141.60114583333333,HU
2026-01-08,168.96895833333335,HU
2026-01-09,145.30427083333333,HU
2026-01-10,126.18791666666668,HU
2026-01-11,100.6584375,HU
2026-01-12,201.57885416666667,HU
2026-01-13,252.97322916666667,HU
2026-01-14,182.0675,HU
2026-01-15,186.82208333333332,HU
2026-01-16,153.38375,HU
2026-01-17,119.225,HU
2026-01-18,118.38395833333334,HU
2026-01-19,161.18614583333334,HU
2026-01-20,183.91520833333337,HU
2026-01-21,159.66302083333332,HU
2026-01-22,248.21489583333337,HU
2026-01-23,229.76833333333332,HU
2026-01-24,141.4528125,HU
2026-01-25,118.9925,HU
2026-01-26,161.874375,HU
2026-01-27,184.3814583333333,HU
2026-01-28,163.2521875,HU
2026-01-29,144.33645833333333,HU
2026-01-30,136.37947916666667,HU
2026-01-31,117.56958333333334,HU
2026-02-01,110.7709375,HU
2026-02-02,157.56479166666665,HU
2026-02-03,145.66458333333333,HU
2026-02-04,132.57479166666667,HU
2026-02-05,126.22645833333333,HU
2026-02-06,138.06854166666668,HU
2026-02-07,112.96572916666666,HU
2026-02-08,108.42197916666667,HU
2026-02-09,142.84552083333332,HU
2026-02-10,134.158125,HU
2026-02-11,124.08520833333334,HU
2026-02-12,118.03697916666664,HU
2026-02-13,114.07145833333334,HU
2026-02-14,112.16239583333332,HU
2026-02-15,102.96270833333334,HU
2026-02-16,125.46802083333334,HU
2026-02-17,116.08260416666668,HU
2026-02-18,128.6753125,HU
2026-02-19,121.013125,HU
2026-02-20,105.75322916666666,HU
2026-02-21,81.47239583333334,HU
2026-02-22,71.70208333333333,HU
2026-02-23,94.95885416666664,HU
2026-02-24,115.24770833333334,HU
2026-02-25,107.69395833333334,HU
2026-02-26,87.05635416666667,HU
2026-02-27,76.95864583333334,HU
2026-02-28,59.57302083333334,HU
2026-03-01,61.153645833333336,HU
2026-03-02,109.1896875,HU
2026-03-03,114.9903125,HU
2026-03-04,142.64104166666667,HU
2026-03-05,126.36479166666668,HU
2026-03-06,113.688125,HU
2026-03-07,103.2478125,HU
2026-03-08,96.683125,HU
2026-03-09,124.438125,HU
2026-03-10,137.27239583333332,HU
2026-03-11,111.0103125,HU
2026-03-12,134.7415625,HU
2026-03-13,105.9634375,HU
2026-03-14,84.59125,HU
2026-03-15,91.35708333333334,HU
2026-03-16,110.81427083333334,HU
2026-03-17,137.27416666666667,HU
2026-03-18,103.12697916666669,HU
2026-03-19,123.76802083333332,HU
2026-03-20,157.74375,HU
2026-03-21,127.26041666666669,HU
2026-03-22,93.52020833333334,HU
2026-03-23,159.3778125,HU
2026-03-24,124.32822916666667,HU
2026-03-25,107.59395833333332,HU
2026-03-26,133.63541666666666,HU
2026-03-27,141.82802083333334,HU
2026-03-28,84.88895833333333,HU
2026-03-29,88.61217391304348,HU
2026-03-30,138.72177083333335,HU
2026-03-31,148.384375,HU
2026-04-01,154.34385416666666,HU
2026-04-02,135.79677083333334,HU
2026-04-03,108.3015625,HU
2026-04-04,72.60187499999999,HU
2026-04-05,34.213541666666664,HU
2026-04-06,47.249791666666674,HU
2026-04-07,91.2853125,HU
2026-04-08,94.41520833333334,HU
2026-04-09,103.01072916666668,HU
2026-04-10,133.86270833333333,HU
2026-04-11,89.32291666666667,HU
2026-04-12,86.20718749999999,HU
2026-04-13,97.98458333333332,HU
2026-04-14,144.19427083333332,HU
2026-04-15,140.6690625,HU
2026-04-16,127.645625,HU
2026-04-17,99.37135416666666,HU
2026-04-18,79.59791666666666,HU
2026-04-19,83.82364583333333,HU
2026-04-20,120.44791666666669,HU
2026-04-21,122.58364583333334,HU
2026-04-22,111.37114583333332,HU
2026-04-23,93.14041666666668,HU
2026-04-24,98.20822916666668,HU
2026-04-25,36.32833333333333,HU
2026-04-26,-19.90020833333333,HU
2026-04-27,104.74791666666664,HU
2026-04-28,103.2621875,HU
2026-04-29,112.6628125,HU
2026-04-30,89.81510416666667,HU
2026-05-01,5.057500000000001,HU
2026-05-02,55.26260416666667,HU
2026-05-03,73.27604166666667,HU
2026-05-04,114.40239583333332,HU
2026-05-05,119.281875,HU
2026-05-06,126.24854166666668,HU
2026-05-07,140.33625,HU
2026-05-08,140.45395833333333,HU
2026-05-09,115.01822916666669,HU
2026-05-10,102.61447916666668,HU
2026-05-11,138.6803125,HU
2026-05-12,123.23489583333333,HU
2026-05-13,136.53614583333334,HU
2026-05-14,120.06625,HU
2026-05-15,118.89458333333332,HU
2026-05-16,84.24354166666667,HU
2026-05-17,87.7940625,HU
2026-05-18,143.22197916666667,HU
2026-05-19,141.7871875,HU
2026-05-20,106.98145833333332,HU
2026-05-21,106.67791666666666,HU
2026-05-22,116.021875,HU
2026-05-23,81.80572916666667,HU
2026-05-24,67.465,HU
2026-05-25,141.39,HU
2021-01-01,40.855,CZ
2021-01-02,51.21625,CZ
2021-01-03,40.69541666666667,CZ
2021-01-04,49.4375,CZ
2021-01-05,52.8725,CZ
2021-01-06,52.4275,CZ
2021-01-07,68.65375,CZ
2021-01-08,74.69041666666666,CZ
2021-01-09,58.94166666666666,CZ
2021-01-10,48.97291666666666,CZ
2021-01-11,51.38083333333333,CZ
2021-01-12,55.1775,CZ
2021-01-13,55.885416666666664,CZ
2021-01-14,72.02875,CZ
2021-01-15,79.035,CZ
2021-01-16,54.35833333333333,CZ
2021-01-17,52.95333333333334,CZ
2021-01-18,66.97875,CZ
2021-01-19,65.69,CZ
2021-01-20,58.406666666666666,CZ
2021-01-21,55.779583333333335,CZ
2021-01-22,52.75125,CZ
2021-01-23,52.42125000000001,CZ
2021-01-24,47.57333333333333,CZ
2021-01-25,63.742916666666666,CZ
2021-01-26,59.56583333333333,CZ
2021-01-27,59.623333333333335,CZ
2021-01-28,55.267500000000005,CZ
2021-01-29,51.96125,CZ
2021-01-30,46.1675,CZ
2021-01-31,45.55583333333333,CZ
2021-02-01,57.26833333333334,CZ
2021-02-02,56.03125,CZ
2021-02-03,47.270833333333336,CZ
2021-02-04,48.91375,CZ
2021-02-05,52.26875,CZ
2021-02-06,42.815,CZ
2021-02-07,23.30333333333333,CZ
2021-02-08,48.74875,CZ
2021-02-09,64.73125,CZ
2021-02-10,67.40708333333333,CZ
2021-02-11,77.54458333333334,CZ
2021-02-12,63.319583333333334,CZ
2021-02-13,53.67416666666667,CZ
2021-02-14,44.531666666666666,CZ
2021-02-15,52.97208333333333,CZ
2021-02-16,61.64833333333333,CZ
2021-02-17,56.62375,CZ
2021-02-18,52.5225,CZ
2021-02-19,52.11041666666667,CZ
2021-02-20,38.295,CZ
2021-02-21,33.549166666666665,CZ
2021-02-22,50.510416666666664,CZ
2021-02-23,48.465833333333336,CZ
2021-02-24,44.87958333333333,CZ
2021-02-25,47.1525,CZ
2021-02-26,47.740833333333335,CZ
2021-02-27,44.51166666666666,CZ
2021-02-28,39.93375,CZ
2021-03-01,52.565,CZ
2021-03-02,53.185,CZ
2021-03-03,51.92541666666667,CZ
2021-03-04,51.565416666666664,CZ
2021-03-05,53.34375,CZ
2021-03-06,45.470416666666665,CZ
2021-03-07,42.80125,CZ
2021-03-08,61.247083333333336,CZ
2021-03-09,62.076249999999995,CZ
2021-03-10,54.47958333333333,CZ
2021-03-11,52.02458333333333,CZ
2021-03-12,50.34791666666666,CZ
2021-03-13,45.651250000000005,CZ
2021-03-14,42.529583333333335,CZ
2021-03-15,49.39458333333334,CZ
2021-03-16,56.95374999999999,CZ
2021-03-17,59.159166666666664,CZ
2021-03-18,63.4375,CZ
2021-03-19,60.451249999999995,CZ
2021-03-20,51.48791666666667,CZ
2021-03-21,42.96875,CZ
2021-03-22,59.486250000000005,CZ
2021-03-23,61.35916666666666,CZ
2021-03-24,60.89208333333334,CZ
2021-03-25,62.53875,CZ
2021-03-26,59.35916666666666,CZ
2021-03-27,46.92125000000001,CZ
2021-03-28,42.25086956521739,CZ
2021-03-29,54.17333333333334,CZ
2021-03-30,55.024166666666666,CZ
2021-03-31,59.916666666666664,CZ
2021-04-01,57.6875,CZ
2021-04-02,44.669999999999995,CZ
2021-04-03,46.9975,CZ
2021-04-04,37.62875,CZ
2021-04-05,-5.747916666666666,CZ
2021-04-06,50.09,CZ
2021-04-07,59.14541666666667,CZ
2021-04-08,64.95625,CZ
2021-04-09,61.72625,CZ
2021-04-10,58.08583333333333,CZ
2021-04-11,47.12708333333333,CZ
2021-04-12,66.79041666666667,CZ
2021-04-13,70.11125,CZ
2021-04-14,75.02,CZ
2021-04-15,75.73416666666667,CZ
2021-04-16,71.34291666666667,CZ
2021-04-17,61.62708333333333,CZ
2021-04-18,64.07375,CZ
2021-04-19,79.71666666666667,CZ
2021-04-20,80.15041666666666,CZ
2021-04-21,71.415,CZ
2021-04-22,69.07333333333334,CZ
2021-04-23,64.78791666666666,CZ
2021-04-24,60.14416666666667,CZ
2021-04-25,43.407916666666665,CZ
2021-04-26,64.31333333333333,CZ
2021-04-27,67.2925,CZ
2021-04-28,64.94500000000001,CZ
2021-04-29,66.39583333333333,CZ
2021-04-30,68.635,CZ
2021-05-01,59.18666666666667,CZ
2021-05-02,44.57583333333333,CZ
2021-05-03,58.33375,CZ
2021-05-04,48.669999999999995,CZ
2021-05-05,55.78208333333333,CZ
2021-05-06,65.30416666666666,CZ
2021-05-07,68.0025,CZ
2021-05-08,54.06916666666667,CZ
2021-05-09,13.625833333333333,CZ
2021-05-10,59.150416666666665,CZ
2021-05-11,72.17041666666667,CZ
2021-05-12,69.48583333333333,CZ
2021-05-13,59.28333333333333,CZ
2021-05-14,69.92958333333333,CZ
2021-05-15,64.72041666666667,CZ
2021-05-16,46.23291666666666,CZ
2021-05-17,72.45375,CZ
2021-05-18,74.67458333333333,CZ
2021-05-19,77.47166666666666,CZ
2021-05-20,72.88458333333334,CZ
2021-05-21,54.713750000000005,CZ
2021-05-22,53.40291666666667,CZ
2021-05-23,21.484166666666667,CZ
2021-05-24,52.06791666666667,CZ
2021-05-25,66.86916666666666,CZ
2021-05-26,67.32041666666667,CZ
2021-05-27,71.71791666666667,CZ
2021-05-28,76.0225,CZ
2021-05-29,57.78125,CZ
2021-05-30,42.485,CZ
2021-05-31,68.10125000000001,CZ
2021-06-01,67.70833333333333,CZ
2021-06-02,65.71499999999999,CZ
2021-06-03,59.91375,CZ
2021-06-04,71.48708333333333,CZ
2021-06-05,62.403333333333336,CZ
2021-06-06,56.36666666666667,CZ
2021-06-07,79.73416666666667,CZ
2021-06-08,78.35958333333333,CZ
2021-06-09,77.73125,CZ
2021-06-10,77.27041666666666,CZ
2021-06-11,74.98916666666666,CZ
2021-06-12,52.25791666666667,CZ
2021-06-13,24.375,CZ
2021-06-14,74.28916666666667,CZ
2021-06-15,81.19125,CZ
2021-06-16,82.59041666666667,CZ
2021-06-17,83.20416666666667,CZ
2021-06-18,82.16,CZ
2021-06-19,71.02791666666667,CZ
2021-06-20,58.432500000000005,CZ
2021-06-21,78.20708333333333,CZ
2021-06-22,85.35875,CZ
2021-06-23,93.845,CZ
2021-06-24,96.09166666666664,CZ
2021-06-25,97.07291666666669,CZ
2021-06-26,80.22875,CZ
2021-06-27,66.41125,CZ
2021-06-28,89.3525,CZ
2021-06-29,92.88541666666669,CZ
2021-06-30,92.37625,CZ
2021-07-01,89.44166666666666,CZ
2021-07-02,101.5975,CZ
2021-07-03,85.52916666666665,CZ
2021-07-04,82.7475,CZ
2021-07-05,93.76125,CZ
2021-07-06,87.40541666666667,CZ
2021-07-07,100.7325,CZ
2021-07-08,109.84333333333332,CZ
2021-07-09,91.42333333333332,CZ
2021-07-10,81.29541666666667,CZ
2021-07-11,77.74,CZ
2021-07-12,93.49416666666669,CZ
2021-07-13,98.98541666666668,CZ
2021-07-14,91.9575,CZ
2021-07-15,89.73583333333333,CZ
2021-07-16,85.15541666666667,CZ
2021-07-17,65.79083333333334,CZ
2021-07-18,53.836666666666666,CZ
2021-07-19,89.23333333333333,CZ
2021-07-20,92.2625,CZ
2021-07-21,92.35,CZ
2021-07-22,88.35541666666667,CZ
2021-07-23,88.93374999999999,CZ
2021-07-24,75.76375,CZ
2021-07-25,60.8475,CZ
2021-07-26,88.27375,CZ
2021-07-27,87.22375,CZ
2021-07-28,86.22166666666668,CZ
2021-07-29,80.91208333333334,CZ
2021-07-30,72.05708333333332,CZ
2021-07-31,54.35833333333333,CZ
2021-08-01,58.53541666666666,CZ
2021-08-02,79.98041666666667,CZ
2021-08-03,96.50333333333332,CZ
2021-08-04,98.11125,CZ
2021-08-05,94.31583333333332,CZ
2021-08-06,71.89791666666666,CZ
2021-08-07,61.51499999999999,CZ
2021-08-08,25.429166666666664,CZ
2021-08-09,67.58916666666667,CZ
2021-08-10,90.80708333333332,CZ
2021-08-11,100.79125,CZ
2021-08-12,106.5425,CZ
2021-08-13,96.5225,CZ
2021-08-14,70.49416666666666,CZ
2021-08-15,65.80208333333333,CZ
2021-08-16,83.39416666666666,CZ
2021-08-17,71.00041666666667,CZ
2021-08-18,78.9275,CZ
2021-08-19,91.62333333333332,CZ
2021-08-20,102.18,CZ
2021-08-21,91.46291666666669,CZ
2021-08-22,78.19375000000001,CZ
2021-08-23,93.87916666666666,CZ
2021-08-24,96.10666666666668,CZ
2021-08-25,86.53000000000002,CZ
2021-08-26,93.87625,CZ
2021-08-27,95.97708333333333,CZ
2021-08-28,86.30416666666667,CZ
2021-08-29,80.74249999999999,CZ
2021-08-30,106.575,CZ
2021-08-31,109.64,CZ
2021-09-01,110.87708333333336,CZ
2021-09-02,116.70458333333332,CZ
2021-09-03,108.485,CZ
2021-09-04,106.11291666666666,CZ
2021-09-05,96.0,CZ
2021-09-06,125.37333333333332,CZ
2021-09-07,127.9425,CZ
2021-09-08,124.665,CZ
2021-09-09,130.23333333333332,CZ
2021-09-10,138.28625,CZ
2021-09-11,129.01791666666665,CZ
2021-09-12,104.96083333333333,CZ
2021-09-13,141.31916666666666,CZ
2021-09-14,143.23833333333334,CZ
2021-09-15,168.21166666666667,CZ
2021-09-16,159.07083333333333,CZ
2021-09-17,156.95916666666668,CZ
2021-09-18,132.27666666666667,CZ
2021-09-19,94.10333333333334,CZ
2021-09-20,150.69875,CZ
2021-09-21,149.77333333333334,CZ
2021-09-22,145.95291666666665,CZ
2021-09-23,120.53041666666668,CZ
2021-09-24,109.03375,CZ
2021-09-25,127.5875,CZ
2021-09-26,125.71750000000002,CZ
2021-09-27,143.21833333333333,CZ
2021-09-28,155.08625,CZ
2021-09-29,134.25791666666666,CZ
2021-09-30,116.70791666666666,CZ
2021-10-01,109.67166666666668,CZ
2021-10-02,104.78666666666668,CZ
2021-10-03,42.451249999999995,CZ
2021-10-04,158.12083333333334,CZ
2021-10-05,159.72875,CZ
2021-10-06,184.19875,CZ
2021-10-07,270.9175,CZ
2021-10-08,203.08791666666664,CZ
2021-10-09,137.86458333333334,CZ
2021-10-10,143.83208333333332,CZ
2021-10-11,166.76208333333332,CZ
2021-10-12,169.77708333333334,CZ
2021-10-13,188.24291666666667,CZ
2021-10-14,174.4141666666667,CZ
2021-10-15,125.64041666666668,CZ
2021-10-16,156.77666666666667,CZ
2021-10-17,141.82708333333332,CZ
2021-10-18,189.72166666666664,CZ
2021-10-19,153.89791666666667,CZ
2021-10-20,85.01791666666666,CZ
2021-10-21,74.36791666666666,CZ
2021-10-22,79.33541666666666,CZ
2021-10-23,139.24958333333333,CZ
2021-10-24,99.41125,CZ
2021-10-25,168.6675,CZ
2021-10-26,174.33833333333334,CZ
2021-10-27,143.94708333333332,CZ
2021-10-28,150.745,CZ
2021-10-29,112.71166666666666,CZ
2021-10-30,84.15333333333334,CZ
2021-10-31,67.152,CZ
2021-11-01,110.22875,CZ
2021-11-02,204.10875,CZ
2021-11-03,193.13791666666668,CZ
2021-11-04,172.11083333333332,CZ
2021-11-05,157.96125,CZ
2021-11-06,77.21375,CZ
2021-11-07,41.97375,CZ
2021-11-08,177.41333333333333,CZ
2021-11-09,161.89,CZ
2021-11-10,176.25958333333332,CZ
2021-11-11,189.48583333333332,CZ
2021-11-12,166.89625,CZ
2021-11-13,156.8975,CZ
2021-11-14,163.58416666666668,CZ
2021-11-15,227.95791666666665,CZ
2021-11-16,234.83791666666664,CZ
2021-11-17,174.06000000000003,CZ
2021-11-18,140.36291666666668,CZ
2021-11-19,133.3108333333333,CZ
2021-11-20,133.78125,CZ
2021-11-21,146.58958333333334,CZ
2021-11-22,238.75083333333336,CZ
2021-11-23,240.47875,CZ
2021-11-24,273.885,CZ
2021-11-25,249.89666666666668,CZ
2021-11-26,204.38583333333335,CZ
2021-11-27,202.8970833333333,CZ
2021-11-28,201.16583333333332,CZ
2021-11-29,265.96166666666664,CZ
2021-11-30,188.87791666666664,CZ
2021-12-01,202.78416666666664,CZ
2021-12-02,202.42,CZ
2021-12-03,193.5725,CZ
2021-12-04,196.26375,CZ
2021-12-05,157.33833333333334,CZ
2021-12-06,265.46625,CZ
2021-12-07,228.88833333333332,CZ
2021-12-08,220.4366666666667,CZ
2021-12-09,277.88375,CZ
2021-12-10,239.78041666666664,CZ
2021-12-11,234.13375,CZ
2021-12-12,182.71166666666667,CZ
2021-12-13,264.66249999999997,CZ
2021-12-14,299.91541666666666,CZ
2021-12-15,297.28000000000003,CZ
2021-12-16,344.3029166666667,CZ
2021-12-17,336.48875,CZ
2021-12-18,237.6604166666667,CZ
2021-12-19,115.2775,CZ
2021-12-20,313.78000000000003,CZ
2021-12-21,419.8854166666667,CZ
2021-12-22,411.9508333333333,CZ
2021-12-23,294.15875,CZ
2021-12-24,184.98833333333337,CZ
2021-12-25,181.48708333333332,CZ
2021-12-26,160.47083333333333,CZ
2021-12-27,149.64916666666667,CZ
2021-12-28,119.22916666666669,CZ
2021-12-29,155.60333333333332,CZ
2021-12-30,116.9625,CZ
2021-12-31,84.80869565217391,CZ
2022-01-01,82.57833333333333,CZ
2022-01-02,56.705000000000005,CZ
2022-01-03,89.23708333333333,CZ
2022-01-04,153.91666666666666,CZ
2022-01-05,122.06875,CZ
2022-01-06,194.0975,CZ
2022-01-07,168.53833333333333,CZ
2022-01-08,171.29291666666666,CZ
2022-01-09,147.035,CZ
2022-01-10,261.54583333333335,CZ
2022-01-11,254.35041666666663,CZ
2022-01-12,232.9645833333333,CZ
2022-01-13,178.8733333333333,CZ
2022-01-14,178.76208333333332,CZ
2022-01-15,211.96791666666664,CZ
2022-01-16,133.80458333333334,CZ
2022-01-17,173.32125,CZ
2022-01-18,235.87,CZ
2022-01-19,191.83666666666667,CZ
2022-01-20,159.98958333333334,CZ
2022-01-21,160.06125,CZ
2022-01-22,175.75625,CZ
2022-01-23,193.695,CZ
2022-01-24,245.9375,CZ
2022-01-25,297.1041666666667,CZ
2022-01-26,239.91958333333332,CZ
2022-01-27,188.52874999999997,CZ
2022-01-28,197.47125000000003,CZ
2022-01-29,139.7025,CZ
2022-01-30,129.22583333333333,CZ
2022-01-31,200.66291666666663,CZ
2022-02-01,203.44541666666663,CZ
2022-02-02,193.08375,CZ
2022-02-03,193.6545833333333,CZ
2022-02-04,184.15166666666667,CZ
2022-02-05,118.50291666666668,CZ
2022-02-06,94.6375,CZ
2022-02-07,183.08166666666668,CZ
2022-02-08,156.15291666666667,CZ
2022-02-09,180.34916666666663,CZ
2022-02-10,192.81958333333333,CZ
2022-02-11,187.49625,CZ
2022-02-12,145.955,CZ
2022-02-13,96.41,CZ
2022-02-14,174.12625,CZ
2022-02-15,178.95333333333335,CZ
2022-02-16,155.72,CZ
2022-02-17,115.8375,CZ
2022-02-18,119.22583333333334,CZ
2022-02-19,99.58958333333334,CZ
2022-02-20,95.21125,CZ
2022-02-21,105.94416666666666,CZ
2022-02-22,127.35958333333332,CZ
2022-02-23,136.63375,CZ
2022-02-24,127.0725,CZ
2022-02-25,141.45916666666668,CZ
2022-02-26,225.43416666666667,CZ
2022-02-27,182.40833333333333,CZ
2022-02-28,224.69625,CZ
2022-03-01,244.85708333333332,CZ
2022-03-02,278.71750000000003,CZ
2022-03-03,338.19958333333335,CZ
2022-03-04,366.88416666666666,CZ
2022-03-05,344.4025,CZ
2022-03-06,340.79791666666665,CZ
2022-03-07,416.7425,CZ
2022-03-08,487.41,CZ
2022-03-09,446.8783333333334,CZ
2022-03-10,296.17125,CZ
2022-03-11,184.30791666666667,CZ
2022-03-12,152.8375,CZ
2022-03-13,134.94708333333332,CZ
2022-03-14,281.44,CZ
2022-03-15,300.53749999999997,CZ
2022-03-16,254.84333333333333,CZ
2022-03-17,237.22583333333333,CZ
2022-03-18,228.9,CZ
2022-03-19,143.35833333333332,CZ
2022-03-20,78.60541666666667,CZ
2022-03-21,205.75458333333333,CZ
2022-03-22,236.4875,CZ
2022-03-23,236.30083333333337,CZ
2022-03-24,237.9983333333333,CZ
2022-03-25,244.37875,CZ
2022-03-26,189.5525,CZ
2022-03-27,200.59391304347827,CZ
2022-03-28,221.57083333333333,CZ
2022-03-29,250.18291666666667,CZ
2022-03-30,271.02708333333334,CZ
2022-03-31,210.11083333333332,CZ
2022-04-01,165.11791666666667,CZ
2022-04-02,164.77625,CZ
2022-04-03,151.4704166666667,CZ
2022-04-04,176.88375,CZ
2022-04-05,194.00833333333333,CZ
2022-04-06,145.53166666666667,CZ
2022-04-07,98.05583333333334,CZ
2022-04-08,125.65500000000002,CZ
2022-04-09,78.88083333333334,CZ
2022-04-10,79.3575,CZ
2022-04-11,223.6175,CZ
2022-04-12,185.39375,CZ
2022-04-13,222.51833333333332,CZ
2022-04-14,227.70916666666668,CZ
2022-04-15,192.96416666666667,CZ
2022-04-16,149.58791666666667,CZ
2022-04-17,104.98583333333332,CZ
2022-04-18,120.23125,CZ
2022-04-19,221.76,CZ
2022-04-20,207.57541666666668,CZ
2022-04-21,201.45541666666668,CZ
2022-04-22,203.9283333333333,CZ
2022-04-23,121.68125,CZ
2022-04-24,114.20458333333332,CZ
2022-04-25,223.4645833333333,CZ
2022-04-26,240.04958333333332,CZ
2022-04-27,222.23583333333332,CZ
2022-04-28,230.1520833333333,CZ
2022-04-29,228.02458333333337,CZ
2022-04-30,201.275,CZ
2022-05-01,194.74125,CZ
2022-05-02,219.0225,CZ
2022-05-03,218.25083333333336,CZ
2022-05-04,231.87708333333333,CZ
2022-05-05,235.18166666666664,CZ
2022-05-06,225.35916666666665,CZ
2022-05-07,201.4283333333333,CZ
2022-05-08,171.8175,CZ
2022-05-09,216.81041666666667,CZ
2022-05-10,196.38375,CZ
2022-05-11,187.34416666666667,CZ
2022-05-12,175.26583333333335,CZ
2022-05-13,194.19791666666663,CZ
2022-05-14,163.1725,CZ
2022-05-15,149.025,CZ
2022-05-16,214.69875,CZ
2022-05-17,226.12291666666667,CZ
2022-05-18,206.96541666666667,CZ
2022-05-19,210.80916666666667,CZ
2022-05-20,209.23458333333335,CZ
2022-05-21,111.96583333333332,CZ
2022-05-22,166.03208333333333,CZ
2022-05-23,188.14291666666668,CZ
2022-05-24,171.67458333333332,CZ
2022-05-25,191.37041666666667,CZ
2022-05-26,110.90625,CZ
2022-05-27,174.5525,CZ
2022-05-28,103.8025,CZ
2022-05-29,156.335,CZ
2022-05-30,225.99291666666667,CZ
2022-05-31,210.23916666666665,CZ
2022-06-01,218.1125,CZ
2022-06-02,194.14791666666667,CZ
2022-06-03,186.10875,CZ
2022-06-04,172.59333333333333,CZ
2022-06-05,144.50291666666666,CZ
2022-06-06,162.17083333333332,CZ
2022-06-07,204.01958333333337,CZ
2022-06-08,196.98541666666665,CZ
2022-06-09,194.14041666666665,CZ
2022-06-10,186.8875,CZ
2022-06-11,138.07458333333332,CZ
2022-06-12,114.65083333333332,CZ
2022-06-13,173.79999999999998,CZ
2022-06-14,197.13791666666663,CZ
2022-06-15,213.21125,CZ
2022-06-16,206.77666666666667,CZ
2022-06-17,254.3475,CZ
2022-06-18,188.67625,CZ
2022-06-19,154.2675,CZ
2022-06-20,275.4225,CZ
2022-06-21,285.81083333333333,CZ
2022-06-22,324.18833333333333,CZ
2022-06-23,299.12166666666667,CZ
2022-06-24,271.14125,CZ
2022-06-25,247.57375,CZ
2022-06-26,217.98833333333337,CZ
2022-06-27,322.6929166666667,CZ
2022-06-28,341.605,CZ
2022-06-29,321.50875,CZ
2022-06-30,334.6970833333333,CZ
2022-07-01,329.22166666666664,CZ
2022-07-02,226.8375,CZ
2022-07-03,204.81708333333333,CZ
2022-07-04,308.4004166666667,CZ
2022-07-05,327.4583333333333,CZ
2022-07-06,299.8883333333333,CZ
2022-07-07,213.05208333333337,CZ
2022-07-08,268.00124999999997,CZ
2022-07-09,116.15958333333332,CZ
2022-07-10,91.96083333333333,CZ
2022-07-11,370.41541666666666,CZ
2022-07-12,376.27624999999995,CZ
2022-07-13,341.19708333333335,CZ
2022-07-14,381.99125,CZ
2022-07-15,338.3570833333333,CZ
2022-07-16,157.77,CZ
2022-07-17,203.69208333333336,CZ
2022-07-18,390.04791666666665,CZ
2022-07-19,391.01416666666665,CZ
2022-07-20,315.915,CZ
2022-07-21,406.13375,CZ
2022-07-22,397.4666666666667,CZ
2022-07-23,343.61125,CZ
2022-07-24,285.66833333333335,CZ
2022-07-25,361.6191666666667,CZ
2022-07-26,383.56791666666663,CZ
2022-07-27,424.2583333333334,CZ
2022-07-28,483.96208333333334,CZ
2022-07-29,453.28416666666664,CZ
2022-07-30,394.02416666666664,CZ
2022-07-31,316.82125,CZ
2022-08-01,427.3308333333334,CZ
2022-08-02,416.2725,CZ
2022-08-03,401.7975,CZ
2022-08-04,413.80749999999995,CZ
2022-08-05,384.78833333333336,CZ
2022-08-06,300.3695833333333,CZ
2022-08-07,215.81541666666664,CZ
2022-08-08,370.20958333333334,CZ
2022-08-09,352.87166666666667,CZ
2022-08-10,339.80833333333334,CZ
2022-08-11,379.4341666666666,CZ
2022-08-12,450.885,CZ
2022-08-13,394.42125,CZ
2022-08-14,349.6375,CZ
2022-08-15,427.20375,CZ
2022-08-16,453.0204166666667,CZ
2022-08-17,553.0320833333334,CZ
2022-08-18,564.2158333333333,CZ
2022-08-19,516.8845833333334,CZ
2022-08-20,465.10791666666665,CZ
2022-08-21,387.3183333333333,CZ
2022-08-22,563.7041666666667,CZ
2022-08-23,612.5545833333333,CZ
2022-08-24,630.5929166666666,CZ
2022-08-25,615.5604166666667,CZ
2022-08-26,703.2579166666666,CZ
2022-08-27,624.1766666666666,CZ
2022-08-28,463.2716666666667,CZ
2022-08-29,668.7891666666667,CZ
2022-08-30,687.0495833333333,CZ
2022-08-31,634.5516666666666,CZ
2022-09-01,597.2420833333333,CZ
2022-09-02,450.0804166666667,CZ
2022-09-03,300.0229166666667,CZ
2022-09-04,267.96375,CZ
2022-09-05,396.31916666666666,CZ
2022-09-06,469.4216666666667,CZ
2022-09-07,474.3091666666666,CZ
2022-09-08,459.1,CZ
2022-09-09,362.8441666666667,CZ
2022-09-10,404.31791666666663,CZ
2022-09-11,391.55583333333334,CZ
2022-09-12,423.7633333333333,CZ
2022-09-13,427.91875,CZ
2022-09-14,457.0970833333334,CZ
2022-09-15,380.3725,CZ
2022-09-16,262.91083333333336,CZ
2022-09-17,155.75875,CZ
2022-09-18,98.19666666666666,CZ
2022-09-19,268.72166666666664,CZ
2022-09-20,365.4245833333334,CZ
2022-09-21,381.5620833333333,CZ
2022-09-22,394.6875,CZ
2022-09-23,369.9470833333333,CZ
2022-09-24,349.06958333333336,CZ
2022-09-25,277.0175,CZ
2022-09-26,299.45125,CZ
2022-09-27,317.67625,CZ
2022-09-28,387.0733333333333,CZ
2022-09-29,420.27666666666664,CZ
2022-09-30,354.2425,CZ
2022-10-01,139.72375,CZ
2022-10-02,125.67,CZ
2022-10-03,227.59083333333336,CZ
2022-10-04,248.87458333333333,CZ
2022-10-05,175.07000000000002,CZ
2022-10-06,166.3529166666667,CZ
2022-10-07,174.89874999999998,CZ
2022-10-08,161.805,CZ
2022-10-09,152.14374999999998,CZ
2022-10-10,178.18416666666667,CZ
2022-10-11,260.49916666666667,CZ
2022-10-12,283.79,CZ
2022-10-13,255.07083333333333,CZ
2022-10-14,257.19041666666664,CZ
2022-10-15,161.60791666666668,CZ
2022-10-16,100.79291666666668,CZ
2022-10-17,167.08124999999998,CZ
2022-10-18,191.6570833333333,CZ
2022-10-19,170.43666666666667,CZ
2022-10-20,165.32583333333335,CZ
2022-10-21,176.90041666666664,CZ
2022-10-22,146.06958333333333,CZ
2022-10-23,101.82708333333332,CZ
2022-10-24,132.16791666666668,CZ
2022-10-25,131.73208333333335,CZ
2022-10-26,135.28958333333333,CZ
2022-10-27,140.83333333333334,CZ
2022-10-28,118.33625,CZ
2022-10-29,101.83083333333332,CZ
2022-10-30,116.4876,CZ
2022-10-31,145.43625,CZ
2022-11-01,116.21208333333334,CZ
2022-11-02,121.47541666666666,CZ
2022-11-03,131.62083333333334,CZ
2022-11-04,180.52083333333337,CZ
2022-11-05,134.21875,CZ
2022-11-06,86.38041666666668,CZ
2022-11-07,113.03791666666666,CZ
2022-11-08,145.27541666666667,CZ
2022-11-09,183.78958333333333,CZ
2022-11-10,218.42958333333337,CZ
2022-11-11,174.78833333333333,CZ
2022-11-12,173.07000000000002,CZ
2022-11-13,157.9670833333333,CZ
2022-11-14,180.74,CZ
2022-11-15,208.13625,CZ
2022-11-16,176.99208333333334,CZ
2022-11-17,137.40416666666667,CZ
2022-11-18,199.06541666666664,CZ
2022-11-19,204.55958333333336,CZ
2022-11-20,209.04791666666665,CZ
2022-11-21,251.74375,CZ
2022-11-22,212.63916666666668,CZ
2022-11-23,205.4020833333333,CZ
2022-11-24,246.9045833333333,CZ
2022-11-25,266.18666666666667,CZ
2022-11-26,239.34375,CZ
2022-11-27,166.92666666666665,CZ
2022-11-28,296.62875,CZ
2022-11-29,371.7675,CZ
2022-11-30,393.84125,CZ
2022-12-01,394.46333333333337,CZ
2022-12-02,355.6745833333334,CZ
2022-12-03,291.3641666666667,CZ
2022-12-04,271.96416666666664,CZ
2022-12-05,326.11625,CZ
2022-12-06,369.1766666666667,CZ
2022-12-07,336.0779166666667,CZ
2022-12-08,386.30541666666664,CZ
2022-12-09,400.7516666666667,CZ
2022-12-10,348.2920833333333,CZ
2022-12-11,300.8975,CZ
2022-12-12,372.54833333333335,CZ
2022-12-13,441.8595833333333,CZ
2022-12-14,443.57916666666665,CZ
2022-12-15,397.85,CZ
2022-12-16,411.15333333333336,CZ
2022-12-17,263.87624999999997,CZ
2022-12-18,187.475,CZ
2022-12-19,203.61708333333337,CZ
2022-12-20,203.2795833333333,CZ
2022-12-21,217.01083333333335,CZ
2022-12-22,198.11458333333337,CZ
2022-12-23,185.37,CZ
2022-12-24,112.28458333333332,CZ
2022-12-25,101.41875,CZ
2022-12-26,42.20291666666667,CZ
2022-12-27,91.9425,CZ
2022-12-28,63.67791666666667,CZ
2022-12-29,33.625,CZ
2022-12-30,25.18625,CZ
2022-12-31,-2.1478260869565218,CZ
2023-01-01,16.380416666666665,CZ
2023-01-02,124.36916666666669,CZ
2023-01-03,146.62916666666666,CZ
2023-01-04,118.68458333333332,CZ
2023-01-05,140.40166666666667,CZ
2023-01-06,121.42791666666666,CZ
2023-01-07,106.57416666666666,CZ
2023-01-08,89.00333333333333,CZ
2023-01-09,134.79625,CZ
2023-01-10,135.13500000000002,CZ
2023-01-11,114.89458333333334,CZ
2023-01-12,118.92125,CZ
2023-01-13,121.2775,CZ
2023-01-14,100.33791666666669,CZ
2023-01-15,92.64291666666666,CZ
2023-01-16,130.19500000000002,CZ
2023-01-17,136.2204166666667,CZ
2023-01-18,140.76708333333332,CZ
2023-01-19,147.07125,CZ
2023-01-20,174.60208333333333,CZ
2023-01-21,135.68291666666667,CZ
2023-01-22,145.835,CZ
2023-01-23,203.015,CZ
2023-01-24,203.1125,CZ
2023-01-25,182.28458333333333,CZ
2023-01-26,168.57708333333332,CZ
2023-01-27,168.75291666666666,CZ
2023-01-28,145.84583333333333,CZ
2023-01-29,129.64916666666667,CZ
2023-01-30,137.5875,CZ
2023-01-31,144.27625,CZ
2023-02-01,147.98333333333332,CZ
2023-02-02,143.52625,CZ
2023-02-03,128.81666666666666,CZ
2023-02-04,143.9375,CZ
2023-02-05,128.55375,CZ
2023-02-06,172.7170833333333,CZ
2023-02-07,175.05999999999997,CZ
2023-02-08,158.29625,CZ
2023-02-09,138.30791666666667,CZ
2023-02-10,141.72875,CZ
2023-02-11,139.7775,CZ
2023-02-12,139.19958333333332,CZ
2023-02-13,163.46833333333333,CZ
2023-02-14,156.36833333333334,CZ
2023-02-15,153.07500000000002,CZ
2023-02-16,149.00708333333333,CZ
2023-02-17,140.47125,CZ
2023-02-18,111.95208333333332,CZ
2023-02-19,113.895,CZ
2023-02-20,106.14916666666666,CZ
2023-02-21,119.66541666666669,CZ
2023-02-22,149.38500000000002,CZ
2023-02-23,147.55625,CZ
2023-02-24,134.79291666666666,CZ
2023-02-25,85.28041666666667,CZ
2023-02-26,108.84499999999998,CZ
2023-02-27,151.59416666666667,CZ
2023-02-28,148.26041666666666,CZ
2023-03-01,147.94750000000002,CZ
2023-03-02,150.79541666666668,CZ
2023-03-03,140.49375,CZ
2023-03-04,112.23791666666666,CZ
2023-03-05,122.39458333333332,CZ
2023-03-06,151.06541666666666,CZ
2023-03-07,118.405,CZ
2023-03-08,138.99458333333334,CZ
2023-03-09,128.88750000000002,CZ
2023-03-10,116.31958333333334,CZ
2023-03-11,96.33625,CZ
2023-03-12,98.11375,CZ
2023-03-13,99.98583333333332,CZ
2023-03-14,88.07625,CZ
2023-03-15,127.20041666666668,CZ
2023-03-16,108.53916666666667,CZ
2023-03-17,94.05416666666667,CZ
2023-03-18,109.325,CZ
2023-03-19,111.87083333333334,CZ
2023-03-20,125.55208333333331,CZ
2023-03-21,118.51291666666668,CZ
2023-03-22,104.85666666666668,CZ
2023-03-23,112.97041666666668,CZ
2023-03-24,87.13041666666668,CZ
2023-03-25,32.309583333333336,CZ
2023-03-26,67.45826086956522,CZ
2023-03-27,95.05,CZ
2023-03-28,107.58666666666666,CZ
2023-03-29,116.90916666666668,CZ
2023-03-30,105.48333333333332,CZ
2023-03-31,99.16583333333334,CZ
2023-04-01,55.5675,CZ
2023-04-02,67.6475,CZ
2023-04-03,110.67125,CZ
2023-04-04,129.395,CZ
2023-04-05,140.69708333333332,CZ
2023-04-06,124.11708333333333,CZ
2023-04-07,114.6325,CZ
2023-04-08,117.52291666666667,CZ
2023-04-09,105.0475,CZ
2023-04-10,81.19083333333333,CZ
2023-04-11,99.39208333333332,CZ
2023-04-12,110.93375,CZ
2023-04-13,124.24541666666666,CZ
2023-04-14,127.43958333333336,CZ
2023-04-15,106.69125,CZ
2023-04-16,110.0625,CZ
2023-04-17,119.06583333333332,CZ
2023-04-18,116.50791666666667,CZ
2023-04-19,112.5975,CZ
2023-04-20,111.36333333333332,CZ
2023-04-21,106.1725,CZ
2023-04-22,85.67541666666666,CZ
2023-04-23,85.59041666666667,CZ
2023-04-24,105.32458333333334,CZ
2023-04-25,103.43166666666669,CZ
2023-04-26,111.26541666666668,CZ
2023-04-27,111.91666666666669,CZ
2023-04-28,106.49875,CZ
2023-04-29,100.65541666666668,CZ
2023-04-30,68.87916666666666,CZ
2023-05-01,83.01166666666667,CZ
2023-05-02,106.41541666666666,CZ
2023-05-03,106.1525,CZ
2023-05-04,102.08666666666666,CZ
2023-05-05,96.35958333333332,CZ
2023-05-06,89.56333333333333,CZ
2023-05-07,69.63666666666667,CZ
2023-05-08,97.21583333333332,CZ
2023-05-09,96.93666666666668,CZ
2023-05-10,108.38583333333334,CZ
2023-05-11,114.99583333333334,CZ
2023-05-12,105.27958333333332,CZ
2023-05-13,78.79916666666666,CZ
2023-05-14,71.50166666666667,CZ
2023-05-15,115.08916666666666,CZ
2023-05-16,94.67333333333332,CZ
2023-05-17,91.9975,CZ
2023-05-18,88.01375,CZ
2023-05-19,87.91208333333333,CZ
2023-05-20,46.92291666666667,CZ
2023-05-21,29.49625,CZ
2023-05-22,97.45166666666668,CZ
2023-05-23,91.46666666666664,CZ
2023-05-24,101.74916666666668,CZ
2023-05-25,88.98958333333333,CZ
2023-05-26,72.65375,CZ
2023-05-27,62.00416666666666,CZ
2023-05-28,34.88,CZ
2023-05-29,41.267916666666665,CZ
2023-05-30,88.02708333333334,CZ
2023-05-31,85.27666666666667,CZ
2023-06-01,74.64166666666667,CZ
2023-06-02,80.27416666666666,CZ
2023-06-03,56.475833333333334,CZ
2023-06-04,50.56791666666667,CZ
2023-06-05,90.16083333333334,CZ
2023-06-06,95.86875,CZ
2023-06-07,99.78083333333332,CZ
2023-06-08,84.29375,CZ
2023-06-09,86.61625,CZ
2023-06-10,56.82208333333333,CZ
2023-06-11,42.69125,CZ
2023-06-12,97.00416666666666,CZ
2023-06-13,93.20541666666666,CZ
2023-06-14,105.41916666666668,CZ
2023-06-15,119.16958333333334,CZ
2023-06-16,127.47291666666666,CZ
2023-06-17,104.53,CZ
2023-06-18,92.81666666666666,CZ
2023-06-19,117.30875,CZ
2023-06-20,121.41,CZ
2023-06-21,123.73083333333334,CZ
2023-06-22,126.29291666666668,CZ
2023-06-23,111.29958333333332,CZ
2023-06-24,81.4275,CZ
2023-06-25,75.02,CZ
2023-06-26,107.915,CZ
2023-06-27,104.02833333333332,CZ
2023-06-28,112.33875,CZ
2023-06-29,118.18208333333332,CZ
2023-06-30,112.01583333333332,CZ
2023-07-01,70.9475,CZ
2023-07-02,34.208333333333336,CZ
2023-07-03,95.76916666666666,CZ
2023-07-04,106.50708333333334,CZ
2023-07-05,96.31666666666666,CZ
2023-07-06,107.38875,CZ
2023-07-07,102.34875,CZ
2023-07-08,82.41458333333334,CZ
2023-07-09,89.32875,CZ
2023-07-10,117.43541666666664,CZ
2023-07-11,112.36458333333331,CZ
2023-07-12,125.62416666666668,CZ
2023-07-13,108.905,CZ
2023-07-14,96.48166666666668,CZ
2023-07-15,32.876666666666665,CZ
2023-07-16,24.978333333333335,CZ
2023-07-17,103.33125,CZ
2023-07-18,107.8925,CZ
2023-07-19,103.64208333333332,CZ
2023-07-20,97.48875,CZ
2023-07-21,105.745,CZ
2023-07-22,73.14083333333333,CZ
2023-07-23,27.893333333333334,CZ
2023-07-24,95.10875,CZ
2023-07-25,104.4225,CZ
2023-07-26,98.21666666666664,CZ
2023-07-27,95.33833333333332,CZ
2023-07-28,95.64458333333332,CZ
2023-07-29,77.57833333333333,CZ
2023-07-30,36.360416666666666,CZ
2023-07-31,73.31,CZ
2023-08-01,83.55624999999999,CZ
2023-08-02,67.84416666666667,CZ
2023-08-03,46.16166666666666,CZ
2023-08-04,97.65291666666668,CZ
2023-08-05,89.89875,CZ
2023-08-06,51.6325,CZ
2023-08-07,27.270833333333332,CZ
2023-08-08,16.887916666666666,CZ
2023-08-09,89.07791666666667,CZ
2023-08-10,92.8475,CZ
2023-08-11,88.25625000000001,CZ
2023-08-12,65.92125,CZ
2023-08-13,59.187916666666666,CZ
2023-08-14,95.0375,CZ
2023-08-15,84.35333333333334,CZ
2023-08-16,110.43333333333334,CZ
2023-08-17,110.49166666666667,CZ
2023-08-18,108.43666666666668,CZ
2023-08-19,84.56708333333334,CZ
2023-08-20,90.20583333333332,CZ
2023-08-21,121.11,CZ
2023-08-22,124.63041666666668,CZ
2023-08-23,150.01916666666668,CZ
2023-08-24,146.42875,CZ
2023-08-25,110.58166666666666,CZ
2023-08-26,95.44291666666668,CZ
2023-08-27,98.67375,CZ
2023-08-28,114.76833333333332,CZ
2023-08-29,121.87,CZ
2023-08-30,116.42458333333332,CZ
2023-08-31,105.42541666666666,CZ
2023-09-01,105.96541666666668,CZ
2023-09-02,94.71,CZ
2023-09-03,82.09083333333334,CZ
2023-09-04,107.19333333333331,CZ
2023-09-05,103.14666666666666,CZ
2023-09-06,105.40375,CZ
2023-09-07,100.09416666666668,CZ
2023-09-08,107.48166666666668,CZ
2023-09-09,90.97166666666668,CZ
2023-09-10,84.60666666666667,CZ
2023-09-11,146.56833333333333,CZ
2023-09-12,129.12375,CZ
2023-09-13,111.925,CZ
2023-09-14,119.92833333333334,CZ
2023-09-15,108.70708333333332,CZ
2023-09-16,93.92791666666666,CZ
2023-09-17,86.62625000000001,CZ
2023-09-18,95.19875,CZ
2023-09-19,61.96208333333333,CZ
2023-09-20,82.38833333333334,CZ
2023-09-21,103.42041666666668,CZ
2023-09-22,104.3275,CZ
2023-09-23,100.62291666666664,CZ
2023-09-24,68.70458333333333,CZ
2023-09-25,104.32166666666666,CZ
2023-09-26,125.8675,CZ
2023-09-27,121.77833333333332,CZ
2023-09-28,111.27083333333331,CZ
2023-09-29,105.69791666666669,CZ
2023-09-30,91.34208333333332,CZ
2023-10-01,73.9275,CZ
2023-10-02,118.24583333333334,CZ
2023-10-03,66.75166666666667,CZ
2023-10-04,75.47500000000001,CZ
2023-10-05,103.83291666666666,CZ
2023-10-06,86.97500000000001,CZ
2023-10-07,51.1275,CZ
2023-10-08,88.96249999999999,CZ
2023-10-09,119.1,CZ
2023-10-10,119.98875,CZ
2023-10-11,83.13458333333334,CZ
2023-10-12,123.17125,CZ
2023-10-13,93.82583333333334,CZ
2023-10-14,48.89416666666667,CZ
2023-10-15,50.09791666666666,CZ
2023-10-16,132.7204166666667,CZ
2023-10-17,134.61416666666668,CZ
2023-10-18,107.1925,CZ
2023-10-19,101.58083333333332,CZ
2023-10-20,93.87416666666668,CZ
2023-10-21,56.2175,CZ
2023-10-22,66.40583333333333,CZ
2023-10-23,127.54625,CZ
2023-10-24,120.86,CZ
2023-10-25,124.18208333333332,CZ
2023-10-26,122.315,CZ
2023-10-27,119.85416666666669,CZ
2023-10-28,85.37791666666668,CZ
2023-10-29,29.6992,CZ
2023-10-30,94.86166666666666,CZ
2023-10-31,105.85875,CZ
2023-11-01,61.49583333333333,CZ
2023-11-02,63.65958333333333,CZ
2023-11-03,60.18083333333333,CZ
2023-11-04,26.574166666666667,CZ
2023-11-05,30.855416666666667,CZ
2023-11-06,72.2025,CZ
2023-11-07,100.86416666666666,CZ
2023-11-08,89.9875,CZ
2023-11-09,97.1225,CZ
2023-11-10,96.25,CZ
2023-11-11,96.79083333333334,CZ
2023-11-12,97.00958333333334,CZ
2023-11-13,99.76291666666668,CZ
2023-11-14,73.54916666666666,CZ
2023-11-15,101.8825,CZ
2023-11-16,117.15583333333332,CZ
2023-11-17,120.90291666666668,CZ
2023-11-18,93.79208333333334,CZ
2023-11-19,40.528333333333336,CZ
2023-11-20,107.0875,CZ
2023-11-21,123.25833333333333,CZ
2023-11-22,110.71208333333334,CZ
2023-11-23,83.54416666666667,CZ
2023-11-24,75.98708333333333,CZ
2023-11-25,93.55708333333332,CZ
2023-11-26,101.14291666666666,CZ
2023-11-27,116.51708333333332,CZ
2023-11-28,122.3725,CZ
2023-11-29,140.76375,CZ
2023-11-30,168.18833333333333,CZ
2023-12-01,156.79541666666668,CZ
2023-12-02,111.32333333333332,CZ
2023-12-03,98.56083333333332,CZ
2023-12-04,117.55125,CZ
2023-12-05,121.52291666666667,CZ
2023-12-06,129.54083333333332,CZ
2023-12-07,118.22083333333336,CZ
2023-12-08,105.55541666666666,CZ
2023-12-09,89.64333333333333,CZ
2023-12-10,65.33125,CZ
2023-12-11,91.83708333333334,CZ
2023-12-12,109.01,CZ
2023-12-13,97.67583333333332,CZ
2023-12-14,106.81541666666668,CZ
2023-12-15,94.45083333333334,CZ
2023-12-16,70.88375,CZ
2023-12-17,57.77041666666667,CZ
2023-12-18,80.9375,CZ
2023-12-19,79.20666666666666,CZ
2023-12-20,74.01958333333333,CZ
2023-12-21,70.13166666666667,CZ
2023-12-22,26.678749999999997,CZ
2023-12-23,30.216666666666665,CZ
2023-12-24,0.7820833333333335,CZ
2023-12-25,1.6683333333333332,CZ
2023-12-26,16.503333333333334,CZ
2023-12-27,59.64333333333334,CZ
2023-12-28,27.03,CZ
2023-12-29,11.263333333333334,CZ
2023-12-30,34.5525,CZ
2023-12-31,12.477826086956522,CZ
2024-01-01,17.836666666666666,CZ
2024-01-02,56.0,CZ
2024-01-03,51.10874999999999,CZ
2024-01-04,83.24333333333333,CZ
2024-01-05,94.07208333333334,CZ
2024-01-06,88.67875,CZ
2024-01-07,86.32958333333333,CZ
2024-01-08,101.86291666666666,CZ
2024-01-09,109.01291666666668,CZ
2024-01-10,112.03333333333336,CZ
2024-01-11,109.34625,CZ
2024-01-12,106.72125,CZ
2024-01-13,84.29125,CZ
2024-01-14,76.88625,CZ
2024-01-15,88.35125,CZ
2024-01-16,105.78791666666666,CZ
2024-01-17,100.33625,CZ
2024-01-18,95.65291666666668,CZ
2024-01-19,80.79291666666667,CZ
2024-01-20,74.465,CZ
2024-01-21,71.16958333333334,CZ
2024-01-22,85.58958333333334,CZ
2024-01-23,79.90083333333332,CZ
2024-01-24,76.44666666666667,CZ
2024-01-25,77.99916666666667,CZ
2024-01-26,76.89666666666666,CZ
2024-01-27,68.29666666666667,CZ
2024-01-28,64.41708333333334,CZ
2024-01-29,81.24416666666666,CZ
2024-01-30,78.8525,CZ
2024-01-31,85.875,CZ
2024-02-01,88.03000000000002,CZ
2024-02-02,84.33749999999999,CZ
2024-02-03,71.5525,CZ
2024-02-04,58.55,CZ
2024-02-05,68.10041666666667,CZ
2024-02-06,66.84,CZ
2024-02-07,79.04125,CZ
2024-02-08,90.23958333333331,CZ
2024-02-09,75.34708333333333,CZ
2024-02-10,72.06916666666666,CZ
2024-02-11,61.916666666666664,CZ
2024-02-12,75.55291666666666,CZ
2024-02-13,74.01208333333334,CZ
2024-02-14,70.3775,CZ
2024-02-15,72.55541666666666,CZ
2024-02-16,62.17083333333333,CZ
2024-02-17,66.49208333333333,CZ
2024-02-18,53.0725,CZ
2024-02-19,67.01416666666667,CZ
2024-02-20,66.14833333333333,CZ
2024-02-21,61.01208333333333,CZ
2024-02-22,57.78375,CZ
2024-02-23,63.45,CZ
2024-02-24,57.19833333333333,CZ
2024-02-25,60.97083333333333,CZ
2024-02-26,66.64166666666667,CZ
2024-02-27,74.17416666666666,CZ
2024-02-28,73.85833333333333,CZ
2024-02-29,66.39041666666667,CZ
2024-03-01,70.70666666666666,CZ
2024-03-02,64.46166666666666,CZ
2024-03-03,60.93291666666667,CZ
2024-03-04,74.80083333333333,CZ
2024-03-05,75.48375,CZ
2024-03-06,82.45625,CZ
2024-03-07,77.71375,CZ
2024-03-08,74.4325,CZ
2024-03-09,48.65875,CZ
2024-03-10,36.86166666666667,CZ
2024-03-11,71.70458333333333,CZ
2024-03-12,85.71,CZ
2024-03-13,75.05708333333334,CZ
2024-03-14,70.13250000000001,CZ
2024-03-15,59.23583333333334,CZ
2024-03-16,55.94125,CZ
2024-03-17,60.565,CZ
2024-03-18,82.41541666666667,CZ
2024-03-19,82.2275,CZ
2024-03-20,87.31083333333333,CZ
2024-03-21,80.47791666666667,CZ
2024-03-22,68.43833333333333,CZ
2024-03-23,40.947916666666664,CZ
2024-03-24,29.501666666666665,CZ
2024-03-25,84.82791666666667,CZ
2024-03-26,66.24416666666666,CZ
2024-03-27,71.98875,CZ
2024-03-28,52.98333333333333,CZ
2024-03-29,37.50791666666667,CZ
2024-03-30,50.95375000000001,CZ
2024-03-31,41.3,CZ
2024-04-01,32.162083333333335,CZ
2024-04-02,33.49,CZ
2024-04-03,84.22791666666667,CZ
2024-04-04,65.60541666666667,CZ
2024-04-05,52.60583333333333,CZ
2024-04-06,37.8775,CZ
2024-04-07,20.78375,CZ
2024-04-08,73.62625,CZ
2024-04-09,59.36625,CZ
2024-04-10,68.54833333333333,CZ
2024-04-11,58.5025,CZ
2024-04-12,59.899166666666666,CZ
2024-04-13,17.717083333333335,CZ
2024-04-14,16.079583333333332,CZ
2024-04-15,80.23291666666667,CZ
2024-04-16,66.85125000000001,CZ
2024-04-17,93.18,CZ
2024-04-18,95.11541666666666,CZ
2024-04-19,69.14958333333333,CZ
2024-04-20,59.906666666666666,CZ
2024-04-21,54.58958333333334,CZ
2024-04-22,98.46375,CZ
2024-04-23,100.29333333333334,CZ
2024-04-24,97.535,CZ
2024-04-25,91.26583333333332,CZ
2024-04-26,86.39958333333334,CZ
2024-04-27,61.72416666666667,CZ
2024-04-28,13.194166666666666,CZ
2024-04-29,78.66333333333334,CZ
2024-04-30,66.69458333333334,CZ
2024-05-01,6.124583333333334,CZ
2024-05-02,38.54125,CZ
2024-05-03,79.31666666666668,CZ
2024-05-04,73.03166666666667,CZ
2024-05-05,53.44875,CZ
2024-05-06,88.80083333333334,CZ
2024-05-07,92.84291666666668,CZ
2024-05-08,90.05375,CZ
2024-05-09,61.90416666666667,CZ
2024-05-10,74.9725,CZ
2024-05-11,54.29458333333333,CZ
2024-05-12,6.245833333333333,CZ
2024-05-13,48.875,CZ
2024-05-14,39.745416666666664,CZ
2024-05-15,53.10666666666666,CZ
2024-05-16,59.02458333333333,CZ
2024-05-17,83.68124999999999,CZ
2024-05-18,56.51416666666666,CZ
2024-05-19,51.595416666666665,CZ
2024-05-20,70.56833333333333,CZ
2024-05-21,83.95958333333333,CZ
2024-05-22,86.97166666666668,CZ
2024-05-23,93.14583333333331,CZ
2024-05-24,99.55708333333332,CZ
2024-05-25,71.48458333333333,CZ
2024-05-26,58.52125,CZ
2024-05-27,101.84833333333334,CZ
2024-05-28,90.93541666666664,CZ
2024-05-29,81.98708333333333,CZ
2024-05-30,96.14166666666668,CZ
2024-05-31,90.63791666666668,CZ
2024-06-01,60.562083333333334,CZ
2024-06-02,27.154583333333335,CZ
2024-06-03,116.905,CZ
2024-06-04,107.54625,CZ
2024-06-05,89.42291666666667,CZ
2024-06-06,87.70375,CZ
2024-06-07,83.02458333333333,CZ
2024-06-08,47.91375,CZ
2024-06-09,28.5525,CZ
2024-06-10,95.31333333333332,CZ
2024-06-11,74.65125,CZ
2024-06-12,92.60458333333334,CZ
2024-06-13,97.08208333333334,CZ
2024-06-14,76.12416666666667,CZ
2024-06-15,9.112083333333333,CZ
2024-06-16,23.0575,CZ
2024-06-17,96.795,CZ
2024-06-18,97.8875,CZ
2024-06-19,91.46458333333334,CZ
2024-06-20,97.96291666666669,CZ
2024-06-21,91.33125,CZ
2024-06-22,51.52041666666667,CZ
2024-06-23,47.872083333333336,CZ
2024-06-24,99.45,CZ
2024-06-25,95.15,CZ
2024-06-26,108.71375,CZ
2024-06-27,100.54416666666668,CZ
2024-06-28,79.32708333333333,CZ
2024-06-29,68.1225,CZ
2024-06-30,42.78791666666667,CZ
2024-07-01,104.7,CZ
2024-07-02,85.11666666666666,CZ
2024-07-03,93.58125,CZ
2024-07-04,54.98500000000001,CZ
2024-07-05,36.39625,CZ
2024-07-06,4.476249999999999,CZ
2024-07-07,22.022499999999997,CZ
2024-07-08,93.15,CZ
2024-07-09,84.79541666666667,CZ
2024-07-10,87.56625000000001,CZ
2024-07-11,100.01458333333332,CZ
2024-07-12,80.90291666666667,CZ
2024-07-13,13.603333333333332,CZ
2024-07-14,13.945,CZ
2024-07-15,82.05916666666667,CZ
2024-07-16,64.3775,CZ
2024-07-17,74.63416666666667,CZ
2024-07-18,80.41166666666668,CZ
2024-07-19,74.96041666666666,CZ
2024-07-20,58.50666666666667,CZ
2024-07-21,48.07208333333333,CZ
2024-07-22,98.12666666666668,CZ
2024-07-23,87.4875,CZ
2024-07-24,74.29958333333333,CZ
2024-07-25,92.1425,CZ
2024-07-26,93.96583333333332,CZ
2024-07-27,81.41250000000001,CZ
2024-07-28,47.477916666666665,CZ
2024-07-29,72.89874999999999,CZ
2024-07-30,79.18458333333334,CZ
2024-07-31,81.57000000000001,CZ
2024-08-01,97.28583333333334,CZ
2024-08-02,95.07791666666668,CZ
2024-08-03,74.26208333333334,CZ
2024-08-04,60.67041666666666,CZ
2024-08-05,109.43583333333332,CZ
2024-08-06,89.84791666666666,CZ
2024-08-07,100.23833333333334,CZ
2024-08-08,100.62541666666668,CZ
2024-08-09,68.89375,CZ
2024-08-10,53.16916666666666,CZ
2024-08-11,55.38583333333333,CZ
2024-08-12,94.05041666666666,CZ
2024-08-13,102.65333333333332,CZ
2024-08-14,109.06291666666668,CZ
2024-08-15,88.49791666666665,CZ
2024-08-16,112.23833333333334,CZ
2024-08-17,94.73791666666666,CZ
2024-08-18,82.54333333333334,CZ
2024-08-19,108.35625,CZ
2024-08-20,98.47958333333334,CZ
2024-08-21,78.18375,CZ
2024-08-22,79.20666666666666,CZ
2024-08-23,66.82291666666667,CZ
2024-08-24,67.43166666666667,CZ
2024-08-25,25.537916666666664,CZ
2024-08-26,98.56208333333332,CZ
2024-08-27,91.64166666666668,CZ
2024-08-28,114.49333333333334,CZ
2024-08-29,126.935,CZ
2024-08-30,121.58958333333334,CZ
2024-08-31,86.91208333333333,CZ
2024-09-01,69.76125,CZ
2024-09-02,128.54166666666666,CZ
2024-09-03,146.85,CZ
2024-09-04,122.27333333333333,CZ
2024-09-05,81.94708333333334,CZ
2024-09-06,90.49083333333334,CZ
2024-09-07,79.63000000000001,CZ
2024-09-08,70.75625000000001,CZ
2024-09-09,100.97083333333336,CZ
2024-09-10,79.68791666666667,CZ
2024-09-11,78.15666666666667,CZ
2024-09-12,112.56458333333336,CZ
2024-09-13,93.62458333333336,CZ
2024-09-14,56.76625000000001,CZ
2024-09-15,60.945,CZ
2024-09-16,101.30208333333331,CZ
2024-09-17,93.04583333333332,CZ
2024-09-18,80.21333333333334,CZ
2024-09-19,80.61583333333333,CZ
2024-09-20,78.63250000000001,CZ
2024-09-21,72.08041666666666,CZ
2024-09-22,74.11916666666666,CZ
2024-09-23,116.9375,CZ
2024-09-24,91.19,CZ
2024-09-25,75.01291666666667,CZ
2024-09-26,55.05291666666667,CZ
2024-09-27,31.0025,CZ
2024-09-28,30.019166666666667,CZ
2024-09-29,55.40833333333333,CZ
2024-09-30,48.38166666666667,CZ
2024-10-01,74.17,CZ
2024-10-02,106.85083333333334,CZ
2024-10-03,90.97083333333336,CZ
2024-10-04,98.7925,CZ
2024-10-05,86.84625,CZ
2024-10-06,60.51333333333333,CZ
2024-10-07,89.86,CZ
2024-10-08,83.63,CZ
2024-10-09,82.32166666666667,CZ
2024-10-10,59.39875,CZ
2024-10-11,95.07041666666667,CZ
2024-10-12,60.21666666666667,CZ
2024-10-13,11.520833333333334,CZ
2024-10-14,104.175,CZ
2024-10-15,106.44291666666668,CZ
2024-10-16,48.4875,CZ
2024-10-17,70.90541666666667,CZ
2024-10-18,92.37083333333334,CZ
2024-10-19,79.86166666666666,CZ
2024-10-20,35.031666666666666,CZ
2024-10-21,87.55666666666667,CZ
2024-10-22,107.0225,CZ
2024-10-23,115.56291666666668,CZ
2024-10-24,110.64833333333333,CZ
2024-10-25,114.07875,CZ
2024-10-26,105.14791666666667,CZ
2024-10-27,89.68,CZ
2024-10-28,117.47166666666668,CZ
2024-10-29,141.57833333333335,CZ
2024-10-30,124.83958333333334,CZ
2024-10-31,105.60833333333332,CZ
2024-11-01,93.905,CZ
2024-11-02,106.34166666666664,CZ
2024-11-03,94.26166666666668,CZ
2024-11-04,130.06125,CZ
2024-11-05,161.92666666666665,CZ
2024-11-06,223.70791666666665,CZ
2024-11-07,156.34333333333333,CZ
2024-11-08,114.8375,CZ
2024-11-09,114.41666666666669,CZ
2024-11-10,114.1375,CZ
2024-11-11,113.61541666666666,CZ
2024-11-12,150.1925,CZ
2024-11-13,159.41375000000002,CZ
2024-11-14,116.8225,CZ
2024-11-15,118.87166666666668,CZ
2024-11-16,131.75,CZ
2024-11-17,155.83625,CZ
2024-11-18,132.73583333333332,CZ
2024-11-19,119.50708333333334,CZ
2024-11-20,125.50083333333332,CZ
2024-11-21,124.16541666666669,CZ
2024-11-22,123.25708333333334,CZ
2024-11-23,123.41,CZ
2024-11-24,143.21416666666667,CZ
2024-11-25,151.31916666666666,CZ
2024-11-26,146.25583333333333,CZ
2024-11-27,152.955,CZ
2024-11-28,147.3075,CZ
2024-11-29,133.73208333333335,CZ
2024-11-30,116.8575,CZ
2024-12-01,104.51875,CZ
2024-12-02,138.265,CZ
2024-12-03,166.10833333333332,CZ
2024-12-04,185.93625,CZ
2024-12-05,144.64916666666667,CZ
2024-12-06,146.95583333333337,CZ
2024-12-07,117.78125,CZ
2024-12-08,113.53791666666666,CZ
2024-12-09,111.1025,CZ
2024-12-10,151.42875,CZ
2024-12-11,263.0675,CZ
2024-12-12,360.4795833333333,CZ
2024-12-13,178.52666666666667,CZ
2024-12-14,121.5675,CZ
2024-12-15,116.75708333333334,CZ
2024-12-16,120.98583333333332,CZ
2024-12-17,115.04,CZ
2024-12-18,101.69583333333333,CZ
2024-12-19,86.12625000000001,CZ
2024-12-20,90.65791666666668,CZ
2024-12-21,86.29,CZ
2024-12-22,95.4125,CZ
2024-12-23,93.975,CZ
2024-12-24,102.48625,CZ
2024-12-25,98.70625,CZ
2024-12-26,113.04916666666666,CZ
2024-12-27,121.79583333333332,CZ
2024-12-28,121.76,CZ
2024-12-29,109.04166666666669,CZ
2024-12-30,111.37875,CZ
2024-12-31,115.50782608695653,CZ
2025-01-01,62.39875,CZ
2025-01-02,106.8825,CZ
2025-01-03,115.97916666666669,CZ
2025-01-04,122.0975,CZ
2025-01-05,112.77791666666668,CZ
2025-01-06,114.47916666666669,CZ
2025-01-07,113.90583333333332,CZ
2025-01-08,116.75416666666666,CZ
2025-01-09,121.24208333333333,CZ
2025-01-10,112.32916666666668,CZ
2025-01-11,102.93041666666666,CZ
2025-01-12,110.83666666666666,CZ
2025-01-13,130.27333333333334,CZ
2025-01-14,125.6875,CZ
2025-01-15,216.65375000000003,CZ
2025-01-16,146.69791666666666,CZ
2025-01-17,146.52041666666665,CZ
2025-01-18,134.02666666666667,CZ
2025-01-19,128.55458333333334,CZ
2025-01-20,229.93416666666667,CZ
2025-01-21,153.78208333333333,CZ
2025-01-22,152.95541666666665,CZ
2025-01-23,133.3275,CZ
2025-01-24,127.445,CZ
2025-01-25,105.21416666666666,CZ
2025-01-26,111.12333333333332,CZ
2025-01-27,124.43291666666666,CZ
2025-01-28,115.21125,CZ
2025-01-29,110.51791666666666,CZ
2025-01-30,132.42791666666668,CZ
2025-01-31,142.665,CZ
2025-02-01,135.76375,CZ
2025-02-02,137.29999999999998,CZ
2025-02-03,154.48083333333332,CZ
2025-02-04,144.27916666666667,CZ
2025-02-05,142.67,CZ
2025-02-06,149.46,CZ
2025-02-07,127.55916666666668,CZ
2025-02-08,111.14458333333332,CZ
2025-02-09,126.325,CZ
2025-02-10,130.44791666666666,CZ
2025-02-11,129.72208333333333,CZ
2025-02-12,151.73791666666668,CZ
2025-02-13,180.16833333333332,CZ
2025-02-14,178.78916666666666,CZ
2025-02-15,132.59708333333333,CZ
2025-02-16,133.45791666666665,CZ
2025-02-17,154.04041666666666,CZ
2025-02-18,132.975,CZ
2025-02-19,121.41916666666668,CZ
2025-02-20,119.88791666666668,CZ
2025-02-21,110.00291666666668,CZ
2025-02-22,82.22833333333334,CZ
2025-02-23,100.06208333333332,CZ
2025-02-24,105.7725,CZ
2025-02-25,132.23666666666665,CZ
2025-02-26,134.51208333333332,CZ
2025-02-27,127.90833333333336,CZ
2025-02-28,126.85708333333334,CZ
2025-03-01,122.76875,CZ
2025-03-02,90.13208333333334,CZ
2025-03-03,112.91333333333334,CZ
2025-03-04,106.80583333333334,CZ
2025-03-05,80.67541666666666,CZ
2025-03-06,86.985,CZ
2025-03-07,105.61125,CZ
2025-03-08,91.3875,CZ
2025-03-09,78.18083333333333,CZ
2025-03-10,113.18416666666668,CZ
2025-03-11,125.28083333333332,CZ
2025-03-12,124.31458333333336,CZ
2025-03-13,124.79041666666669,CZ
2025-03-14,121.78833333333334,CZ
2025-03-15,93.33125,CZ
2025-03-16,75.36708333333333,CZ
2025-03-17,104.09416666666668,CZ
2025-03-18,92.26666666666668,CZ
2025-03-19,105.20458333333332,CZ
2025-03-20,109.31916666666666,CZ
2025-03-21,100.01541666666668,CZ
2025-03-22,78.58875,CZ
2025-03-23,61.56666666666667,CZ
2025-03-24,130.765,CZ
2025-03-25,118.62125,CZ
2025-03-26,115.805,CZ
2025-03-27,100.92708333333331,CZ
2025-03-28,97.09208333333332,CZ
2025-03-29,96.24791666666664,CZ
2025-03-30,20.06173913043478,CZ
2025-03-31,109.48458333333332,CZ
2025-04-01,98.43625000000002,CZ
2025-04-02,78.44833333333334,CZ
2025-04-03,81.36749999999999,CZ
2025-04-04,91.05875,CZ
2025-04-05,54.8775,CZ
2025-04-06,40.20666666666666,CZ
2025-04-07,100.1575,CZ
2025-04-08,104.6575,CZ
2025-04-09,94.07458333333334,CZ
2025-04-10,89.15541666666667,CZ
2025-04-11,69.79333333333334,CZ
2025-04-12,66.97,CZ
2025-04-13,39.54,CZ
2025-04-14,100.62291666666664,CZ
2025-04-15,90.69583333333333,CZ
2025-04-16,86.73791666666666,CZ
2025-04-17,88.80458333333333,CZ
2025-04-18,89.36708333333333,CZ
2025-04-19,69.41875,CZ
2025-04-20,58.26291666666666,CZ
2025-04-21,73.7725,CZ
2025-04-22,112.80791666666666,CZ
2025-04-23,110.62333333333332,CZ
2025-04-24,96.98083333333334,CZ
2025-04-25,88.92416666666666,CZ
2025-04-26,57.83958333333334,CZ
2025-04-27,32.20583333333334,CZ
2025-04-28,76.15833333333333,CZ
2025-04-29,72.78833333333334,CZ
2025-04-30,74.86958333333334,CZ
2025-05-01,44.990833333333335,CZ
2025-05-02,61.43833333333333,CZ
2025-05-03,54.46625,CZ
2025-05-04,33.67625,CZ
2025-05-05,92.21666666666664,CZ
2025-05-06,93.83875,CZ
2025-05-07,100.25208333333336,CZ
2025-05-08,103.10666666666668,CZ
2025-05-09,81.61749999999999,CZ
2025-05-10,52.7925,CZ
2025-05-11,24.17833333333333,CZ
2025-05-12,79.96458333333334,CZ
2025-05-13,84.15625,CZ
2025-05-14,71.60625,CZ
2025-05-15,78.48541666666667,CZ
2025-05-16,81.295,CZ
2025-05-17,59.51,CZ
2025-05-18,63.150416666666665,CZ
2025-05-19,96.73583333333332,CZ
2025-05-20,93.69,CZ
2025-05-21,93.32791666666668,CZ
2025-05-22,103.63708333333334,CZ
2025-05-23,95.2625,CZ
2025-05-24,61.3325,CZ
2025-05-25,26.66416666666667,CZ
2025-05-26,86.16624999999999,CZ
2025-05-27,72.685,CZ
2025-05-28,90.77041666666666,CZ
2025-05-29,61.218333333333334,CZ
2025-05-30,54.95708333333334,CZ
2025-05-31,70.36083333333333,CZ
2025-06-01,38.935833333333335,CZ
2025-06-02,95.84541666666668,CZ
2025-06-03,86.32625,CZ
2025-06-04,82.66250000000001,CZ
2025-06-05,84.70958333333333,CZ
2025-06-06,59.82208333333333,CZ
2025-06-07,65.03291666666667,CZ
2025-06-08,62.55458333333333,CZ
2025-06-09,64.29583333333333,CZ
2025-06-10,67.04875,CZ
2025-06-11,78.16125000000001,CZ
2025-06-12,68.995,CZ
2025-06-13,68.14291666666666,CZ
2025-06-14,50.42958333333333,CZ
2025-06-15,62.592083333333335,CZ
2025-06-16,102.73375,CZ
2025-06-17,87.17083333333333,CZ
2025-06-18,86.125,CZ
2025-06-19,73.42333333333333,CZ
2025-06-20,87.07208333333334,CZ
2025-06-21,73.19291666666668,CZ
2025-06-22,45.48291666666666,CZ
2025-06-23,109.09708333333332,CZ
2025-06-24,102.21208333333334,CZ
2025-06-25,92.79125,CZ
2025-06-26,105.81708333333334,CZ
2025-06-27,90.81916666666666,CZ
2025-06-28,57.37375,CZ
2025-06-29,57.82791666666666,CZ
2025-06-30,104.86208333333332,CZ
2025-07-01,137.1875,CZ
2025-07-02,112.67916666666667,CZ
2025-07-03,98.13083333333331,CZ
2025-07-04,49.58375,CZ
2025-07-05,64.46541666666667,CZ
2025-07-06,79.54458333333334,CZ
2025-07-07,114.44625,CZ
2025-07-08,96.77083333333331,CZ
2025-07-09,91.32666666666668,CZ
2025-07-10,89.99958333333335,CZ
2025-07-11,89.41125,CZ
2025-07-12,72.23833333333333,CZ
2025-07-13,72.26916666666666,CZ
2025-07-14,104.55875,CZ
2025-07-15,96.675,CZ
2025-07-16,99.43166666666669,CZ
2025-07-17,98.29958333333332,CZ
2025-07-18,101.205,CZ
2025-07-19,71.35083333333334,CZ
2025-07-20,72.53875000000001,CZ
2025-07-21,100.16875,CZ
2025-07-22,85.03083333333333,CZ
2025-07-23,95.48166666666668,CZ
2025-07-24,99.62708333333336,CZ
2025-07-25,104.80666666666669,CZ
2025-07-26,91.70166666666668,CZ
2025-07-27,77.23291666666667,CZ
2025-07-28,92.02708333333334,CZ
2025-07-29,79.01375,CZ
2025-07-30,76.94875,CZ
2025-07-31,85.77625,CZ
2025-08-01,89.4325,CZ
2025-08-02,66.11625,CZ
2025-08-03,39.860416666666666,CZ
2025-08-04,65.61708333333333,CZ
2025-08-05,43.7525,CZ
2025-08-06,62.80708333333333,CZ
2025-08-07,69.60208333333334,CZ
2025-08-08,74.86833333333333,CZ
2025-08-09,62.66916666666666,CZ
2025-08-10,47.32666666666666,CZ
2025-08-11,84.37541666666667,CZ
2025-08-12,87.03791666666666,CZ
2025-08-13,95.89791666666667,CZ
2025-08-14,105.1675,CZ
2025-08-15,73.37791666666666,CZ
2025-08-16,62.81458333333333,CZ
2025-08-17,63.15541666666667,CZ
2025-08-18,91.77375,CZ
2025-08-19,88.32249999999999,CZ
2025-08-20,91.22958333333334,CZ
2025-08-21,96.89125,CZ
2025-08-22,73.38541666666667,CZ
2025-08-23,67.45583333333333,CZ
2025-08-24,62.024166666666666,CZ
2025-08-25,88.52666666666666,CZ
2025-08-26,100.13333333333333,CZ
2025-08-27,104.63083333333331,CZ
2025-08-28,101.31708333333334,CZ
2025-08-29,98.36916666666669,CZ
2025-08-30,72.24958333333333,CZ
2025-08-31,58.19583333333333,CZ
2025-09-01,101.91541666666666,CZ
2025-09-02,120.87791666666668,CZ
2025-09-03,80.98375,CZ
2025-09-04,94.49416666666669,CZ
2025-09-05,101.88458333333334,CZ
2025-09-06,75.21291666666666,CZ
2025-09-07,47.11041666666667,CZ
2025-09-08,125.495,CZ
2025-09-09,140.01125,CZ
2025-09-10,126.13083333333331,CZ
2025-09-11,88.51875,CZ
2025-09-12,85.93458333333332,CZ
2025-09-13,67.89458333333333,CZ
2025-09-14,73.72125,CZ
2025-09-15,74.13208333333334,CZ
2025-09-16,101.33666666666666,CZ
2025-09-17,79.09916666666666,CZ
2025-09-18,74.86541666666666,CZ
2025-09-19,96.09708333333332,CZ
2025-09-20,58.97541666666667,CZ
2025-09-21,30.376666666666665,CZ
2025-09-22,101.53875,CZ
2025-09-23,109.85666666666668,CZ
2025-09-24,77.64041666666667,CZ
2025-09-25,93.87583333333332,CZ
2025-09-26,98.14083333333332,CZ
2025-09-27,92.89916666666666,CZ
2025-09-28,85.31541666666666,CZ
2025-09-29,128.37875,CZ
2025-09-30,133.76916666666668,CZ
2025-10-01,117.49427083333336,CZ
2025-10-02,106.16479166666666,CZ
2025-10-03,81.02614583333333,CZ
2025-10-04,30.776041666666668,CZ
2025-10-05,32.21010416666667,CZ
2025-10-06,94.18489583333331,CZ
2025-10-07,138.54114583333333,CZ
2025-10-08,117.37791666666668,CZ
2025-10-09,104.79458333333334,CZ
2025-10-10,93.24427083333336,CZ
2025-10-11,91.379375,CZ
2025-10-12,88.88875,CZ
2025-10-13,135.0978125,CZ
2025-10-14,157.23260416666668,CZ
2025-10-15,142.87927083333332,CZ
2025-10-16,102.485625,CZ
2025-10-17,107.74260416666668,CZ
2025-10-18,92.81145833333332,CZ
2025-10-19,80.425625,CZ
2025-10-20,90.2253125,CZ
2025-10-21,86.9003125,CZ
2025-10-22,129.463125,CZ
2025-10-23,96.04125,CZ
2025-10-24,97.3778125,CZ
2025-10-25,46.678333333333335,CZ
2025-10-26,63.2495,CZ
2025-10-27,84.20052083333333,CZ
2025-10-28,76.66583333333334,CZ
2025-10-29,95.0546875,CZ
2025-10-30,82.8625,CZ
2025-10-31,102.995,CZ
2025-11-01,66.94666666666667,CZ
2025-11-02,92.4015625,CZ
2025-11-03,90.48229166666664,CZ
2025-11-04,87.2803125,CZ
2025-11-05,94.22270833333332,CZ
2025-11-06,104.02760416666666,CZ
2025-11-07,110.39895833333333,CZ
2025-11-08,107.333125,CZ
2025-11-09,102.93145833333334,CZ
2025-11-10,121.26125,CZ
2025-11-11,104.03708333333331,CZ
2025-11-12,95.62729166666666,CZ
2025-11-13,88.54031250000001,CZ
2025-11-14,115.4684375,CZ
2025-11-15,98.62833333333332,CZ
2025-11-16,103.78229166666668,CZ
2025-11-17,102.82760416666667,CZ
2025-11-18,105.21541666666668,CZ
2025-11-19,110.298125,CZ
2025-11-20,129.1853125,CZ
2025-11-21,147.14729166666666,CZ
2025-11-22,102.23114583333334,CZ
2025-11-23,88.73572916666666,CZ
2025-11-24,151.75958333333332,CZ
2025-11-25,227.30895833333332,CZ
2025-11-26,161.62885416666668,CZ
2025-11-27,110.39677083333332,CZ
2025-11-28,114.75979166666669,CZ
2025-11-29,108.8671875,CZ
2025-11-30,101.30083333333332,CZ
2025-12-01,132.96552083333333,CZ
2025-12-02,139.84895833333334,CZ
2025-12-03,166.469375,CZ
2025-12-04,130.49708333333334,CZ
2025-12-05,133.52333333333334,CZ
2025-12-06,96.62791666666668,CZ
2025-12-07,89.6334375,CZ
2025-12-08,104.5425,CZ
2025-12-09,107.33125,CZ
2025-12-10,97.3390625,CZ
2025-12-11,102.90114583333332,CZ
2025-12-12,116.95427083333334,CZ
2025-12-13,101.70916666666666,CZ
2025-12-14,96.87677083333334,CZ
2025-12-15,106.83239583333334,CZ
2025-12-16,120.37166666666668,CZ
2025-12-17,117.73822916666668,CZ
2025-12-18,103.3071875,CZ
2025-12-19,100.89770833333334,CZ
2025-12-20,107.28104166666668,CZ
2025-12-21,100.14479166666666,CZ
2025-12-22,101.24083333333334,CZ
2025-12-23,96.4659375,CZ
2025-12-24,85.23489583333334,CZ
2025-12-25,82.0721875,CZ
2025-12-26,97.94135416666668,CZ
2025-12-27,97.43364583333332,CZ
2025-12-28,95.07083333333333,CZ
2025-12-29,100.16572916666668,CZ
2025-12-30,90.70677083333334,CZ
2025-12-31,97.54315789473684,CZ
2026-01-01,88.241875,CZ
2026-01-02,102.60229166666666,CZ
2026-01-03,92.195,CZ
2026-01-04,94.99104166666666,CZ
2026-01-05,137.81135416666666,CZ
2026-01-06,128.04125,CZ
2026-01-07,131.72968749999998,CZ
2026-01-08,166.3503125,CZ
2026-01-09,116.34166666666664,CZ
2026-01-10,113.55239583333334,CZ
2026-01-11,98.0734375,CZ
2026-01-12,168.25322916666667,CZ
2026-01-13,179.05510416666667,CZ
2026-01-14,131.42677083333334,CZ
2026-01-15,139.3264583333333,CZ
2026-01-16,145.77124999999998,CZ
2026-01-17,115.28375,CZ
2026-01-18,109.99864583333334,CZ
2026-01-19,138.14666666666668,CZ
2026-01-20,151.51333333333335,CZ
2026-01-21,138.01802083333334,CZ
2026-01-22,138.97770833333334,CZ
2026-01-23,145.69791666666666,CZ
2026-01-24,120.179375,CZ
2026-01-25,115.45333333333332,CZ
2026-01-26,154.45770833333333,CZ
2026-01-27,164.1965625,CZ
2026-01-28,153.8420833333333,CZ
2026-01-29,139.91541666666666,CZ
2026-01-30,125.76708333333332,CZ
2026-01-31,113.3290625,CZ
2026-02-01,109.9096875,CZ
2026-02-02,130.52729166666668,CZ
2026-02-03,127.1078125,CZ
2026-02-04,127.3046875,CZ
2026-02-05,120.28177083333333,CZ
2026-02-06,131.20354166666667,CZ
2026-02-07,111.159375,CZ
2026-02-08,106.4434375,CZ
2026-02-09,141.7440625,CZ
2026-02-10,128.5096875,CZ
2026-02-11,119.93072916666668,CZ
2026-02-12,114.01885416666666,CZ
2026-02-13,110.02802083333334,CZ
2026-02-14,108.45625,CZ
2026-02-15,96.32635416666666,CZ
2026-02-16,116.74229166666667,CZ
2026-02-17,111.27291666666667,CZ
2026-02-18,122.511875,CZ
2026-02-19,115.47260416666668,CZ
2026-02-20,99.000625,CZ
2026-02-21,82.10395833333334,CZ
2026-02-22,66.59218750000001,CZ
2026-02-23,83.13364583333333,CZ
2026-02-24,114.78572916666668,CZ
2026-02-25,101.38979166666668,CZ
2026-02-26,81.18895833333333,CZ
2026-02-27,72.4903125,CZ
2026-02-28,57.556875,CZ
2026-03-01,58.6025,CZ
2026-03-02,103.17239583333333,CZ
2026-03-03,107.14,CZ
2026-03-04,144.88500000000002,CZ
2026-03-05,115.15833333333336,CZ
2026-03-06,116.3890625,CZ
2026-03-07,105.33375,CZ
2026-03-08,97.82385416666666,CZ
2026-03-09,128.30291666666668,CZ
2026-03-10,135.03864583333333,CZ
2026-03-11,89.60458333333334,CZ
2026-03-12,101.8653125,CZ
2026-03-13,87.37052083333333,CZ
2026-03-14,95.32395833333334,CZ
2026-03-15,105.7690625,CZ
2026-03-16,97.98427083333333,CZ
2026-03-17,129.9595833333333,CZ
2026-03-18,96.74479166666669,CZ
2026-03-19,117.0984375,CZ
2026-03-20,148.1628125,CZ
2026-03-21,124.25427083333334,CZ
2026-03-22,90.4746875,CZ
2026-03-23,151.66229166666668,CZ
2026-03-24,101.53666666666668,CZ
2026-03-25,82.71083333333333,CZ
2026-03-26,113.75427083333334,CZ
2026-03-27,124.0978125,CZ
2026-03-28,82.16489583333333,CZ
2026-03-29,86.60228260869565,CZ
2026-03-30,127.970625,CZ
2026-03-31,139.45083333333335,CZ
2026-04-01,147.89770833333333,CZ
2026-04-02,119.95385416666666,CZ
2026-04-03,92.53635416666668,CZ
2026-04-04,59.57,CZ
2026-04-05,9.15125,CZ
2026-04-06,9.626354166666667,CZ
2026-04-07,91.0465625,CZ
2026-04-08,87.7778125,CZ
2026-04-09,83.44427083333333,CZ
2026-04-10,121.07291666666669,CZ
2026-04-11,54.26010416666667,CZ
2026-04-12,77.043125,CZ
2026-04-13,109.97791666666666,CZ
2026-04-14,141.91166666666666,CZ
2026-04-15,121.67260416666666,CZ
2026-04-16,111.38072916666664,CZ
2026-04-17,99.12854166666666,CZ
2026-04-18,80.1059375,CZ
2026-04-19,81.0459375,CZ
2026-04-20,98.84645833333332,CZ
2026-04-21,93.208125,CZ
2026-04-22,81.22427083333334,CZ
2026-04-23,67.78614583333334,CZ
2026-04-24,75.80166666666666,CZ
2026-04-25,17.659791666666667,CZ
2026-04-26,-3.5276041666666664,CZ
2026-04-27,96.58875,CZ
2026-04-28,80.54416666666667,CZ
2026-04-29,72.45552083333332,CZ
2026-04-30,75.34572916666666,CZ
2026-05-01,-3.0134375,CZ
2026-05-02,58.55739583333334,CZ
2026-05-03,71.75208333333333,CZ
2026-05-04,115.80447916666668,CZ
2026-05-05,121.06729166666666,CZ
2026-05-06,118.2653125,CZ
2026-05-07,136.80229166666666,CZ
2026-05-08,114.67083333333332,CZ
2026-05-09,89.52020833333334,CZ
2026-05-10,78.5671875,CZ
2026-05-11,121.10864583333334,CZ
2026-05-12,94.68583333333332,CZ
2026-05-13,115.5909375,CZ
2026-05-14,99.831875,CZ
2026-05-15,115.17114583333334,CZ
2026-05-16,82.89395833333333,CZ
2026-05-17,83.59625,CZ
2026-05-18,140.51666666666668,CZ
2026-05-19,132.64572916666663,CZ
2026-05-20,111.52875,CZ
2026-05-21,107.9225,CZ
2026-05-22,106.8603125,CZ
2026-05-23,81.5078125,CZ
2026-05-24,66.89541666666666,CZ
2026-05-25,139.48,CZ
2021-01-01,39.2925,PL
2021-01-02,47.684583333333336,PL
2021-01-03,38.15625,PL
2021-01-04,50.584583333333335,PL
2021-01-05,54.61166666666667,PL
2021-01-06,48.41916666666666,PL
2021-01-07,66.13333333333334,PL
2021-01-08,58.54,PL
2021-01-09,57.98583333333334,PL
2021-01-10,45.82208333333333,PL
2021-01-11,54.309583333333336,PL
2021-01-12,53.25333333333333,PL
2021-01-13,56.8125,PL
2021-01-14,63.61708333333333,PL
2021-01-15,66.12416666666667,PL
2021-01-16,56.57875000000001,PL
2021-01-17,54.42458333333334,PL
2021-01-18,62.6775,PL
2021-01-19,57.94833333333333,PL
2021-01-20,57.2425,PL
2021-01-21,56.169999999999995,PL
2021-01-22,52.2625,PL
2021-01-23,53.15083333333333,PL
2021-01-24,51.470416666666665,PL
2021-01-25,63.205000000000005,PL
2021-01-26,58.19875,PL
2021-01-27,58.72416666666667,PL
2021-01-28,56.09583333333333,PL
2021-01-29,55.68541666666667,PL
2021-01-30,54.46958333333333,PL
2021-01-31,48.40166666666667,PL
2021-02-01,57.66291666666667,PL
2021-02-02,58.26666666666667,PL
2021-02-03,56.07208333333333,PL
2021-02-04,57.48,PL
2021-02-05,59.38666666666666,PL
2021-02-06,54.3475,PL
2021-02-07,42.01,PL
2021-02-08,57.22875,PL
2021-02-09,67.01125,PL
2021-02-10,73.00625000000001,PL
2021-02-11,71.09583333333333,PL
2021-02-12,67.43166666666667,PL
2021-02-13,54.490833333333335,PL
2021-02-14,47.201249999999995,PL
2021-02-15,63.35541666666666,PL
2021-02-16,66.36749999999999,PL
2021-02-17,66.94875,PL
2021-02-18,69.00125,PL
2021-02-19,63.461666666666666,PL
2021-02-20,64.61458333333333,PL
2021-02-21,46.31333333333333,PL
2021-02-22,64.47041666666667,PL
2021-02-23,58.9925,PL
2021-02-24,54.04375,PL
2021-02-25,52.16833333333333,PL
2021-02-26,54.50125,PL
2021-02-27,55.034166666666664,PL
2021-02-28,46.757083333333334,PL
2021-03-01,59.97541666666666,PL
2021-03-02,62.99375,PL
2021-03-03,63.17916666666667,PL
2021-03-04,61.2775,PL
2021-03-05,61.72,PL
2021-03-06,50.85458333333333,PL
2021-03-07,45.02666666666667,PL
2021-03-08,67.03541666666666,PL
2021-03-09,66.85833333333333,PL
2021-03-10,67.75166666666667,PL
2021-03-11,50.10333333333333,PL
2021-03-12,49.64541666666667,PL
2021-03-13,46.24791666666667,PL
2021-03-14,51.69166666666666,PL
2021-03-15,64.52791666666667,PL
2021-03-16,68.58458333333333,PL
2021-03-17,68.94166666666666,PL
2021-03-18,66.29916666666666,PL
2021-03-19,62.92458333333334,PL
2021-03-20,61.553333333333335,PL
2021-03-21,49.49375,PL
2021-03-22,66.20958333333333,PL
2021-03-23,66.85375,PL
2021-03-24,67.74416666666667,PL
2021-03-25,66.01,PL
2021-03-26,62.126666666666665,PL
2021-03-27,53.395833333333336,PL
2021-03-28,44.65826086956522,PL
2021-03-29,57.00791666666667,PL
2021-03-30,56.88833333333333,PL
2021-03-31,60.422083333333326,PL
2021-04-01,55.721666666666664,PL
2021-04-02,50.649166666666666,PL
2021-04-03,50.25958333333333,PL
2021-04-04,47.82875000000001,PL
2021-04-05,28.53333333333333,PL
2021-04-06,48.236250000000005,PL
2021-04-07,59.59791666666667,PL
2021-04-08,62.85874999999999,PL
2021-04-09,57.874583333333334,PL
2021-04-10,57.35041666666667,PL
2021-04-11,51.25833333333333,PL
2021-04-12,61.98333333333333,PL
2021-04-13,66.67875,PL
2021-04-14,65.53208333333333,PL
2021-04-15,63.07208333333333,PL
2021-04-16,63.45166666666666,PL
2021-04-17,58.64375,PL
2021-04-18,59.48166666666666,PL
2021-04-19,66.04416666666667,PL
2021-04-20,69.02875,PL
2021-04-21,66.57041666666667,PL
2021-04-22,60.76916666666667,PL
2021-04-23,60.310833333333335,PL
2021-04-24,59.21333333333334,PL
2021-04-25,54.2275,PL
2021-04-26,67.45291666666667,PL
2021-04-27,68.82791666666667,PL
2021-04-28,65.485,PL
2021-04-29,66.13583333333334,PL
2021-04-30,66.83291666666666,PL
2021-05-01,60.21416666666667,PL
2021-05-02,55.16416666666667,PL
2021-05-03,60.70083333333333,PL
2021-05-04,58.23541666666667,PL
2021-05-05,56.986250000000005,PL
2021-05-06,61.02375,PL
2021-05-07,72.16250000000001,PL
2021-05-08,60.07916666666667,PL
2021-05-09,50.6575,PL
2021-05-10,61.00541666666666,PL
2021-05-11,64.90041666666667,PL
2021-05-12,72.11583333333333,PL
2021-05-13,68.72875,PL
2021-05-14,75.20791666666666,PL
2021-05-15,73.29,PL
2021-05-16,63.97708333333333,PL
2021-05-17,78.28791666666666,PL
2021-05-18,71.93208333333332,PL
2021-05-19,75.005,PL
2021-05-20,68.43666666666667,PL
2021-05-21,61.5075,PL
2021-05-22,62.647083333333335,PL
2021-05-23,54.57833333333334,PL
2021-05-24,64.84416666666667,PL
2021-05-25,71.22125,PL
2021-05-26,68.99,PL
2021-05-27,75.27333333333333,PL
2021-05-28,74.34,PL
2021-05-29,63.375,PL
2021-05-30,57.10041666666667,PL
2021-05-31,72.97583333333334,PL
2021-06-01,77.20333333333333,PL
2021-06-02,73.1725,PL
2021-06-03,62.39875,PL
2021-06-04,74.79416666666667,PL
2021-06-05,63.32333333333333,PL
2021-06-06,59.86166666666667,PL
2021-06-07,77.0025,PL
2021-06-08,75.69291666666666,PL
2021-06-09,76.41416666666667,PL
2021-06-10,77.59375,PL
2021-06-11,78.12125,PL
2021-06-12,60.8325,PL
2021-06-13,46.82749999999999,PL
2021-06-14,75.14791666666666,PL
2021-06-15,84.67625,PL
2021-06-16,83.33958333333334,PL
2021-06-17,80.67541666666666,PL
2021-06-18,79.94458333333334,PL
2021-06-19,75.7675,PL
2021-06-20,65.56208333333333,PL
2021-06-21,77.16625,PL
2021-06-22,84.86125,PL
2021-06-23,88.47541666666666,PL
2021-06-24,88.22833333333334,PL
2021-06-25,87.38375,PL
2021-06-26,80.37083333333334,PL
2021-06-27,70.87458333333333,PL
2021-06-28,86.53416666666668,PL
2021-06-29,87.38791666666667,PL
2021-06-30,86.07333333333332,PL
2021-07-01,84.44166666666666,PL
2021-07-02,88.47000000000001,PL
2021-07-03,84.08916666666667,PL
2021-07-04,81.67166666666667,PL
2021-07-05,92.21583333333332,PL
2021-07-06,87.89,PL
2021-07-07,89.71041666666667,PL
2021-07-08,93.49541666666666,PL
2021-07-09,86.32916666666667,PL
2021-07-10,81.28958333333334,PL
2021-07-11,75.62166666666667,PL
2021-07-12,86.63958333333333,PL
2021-07-13,85.36916666666667,PL
2021-07-14,85.91458333333333,PL
2021-07-15,87.83541666666667,PL
2021-07-16,86.77875,PL
2021-07-17,73.75916666666667,PL
2021-07-18,63.41625,PL
2021-07-19,82.2775,PL
2021-07-20,86.13458333333334,PL
2021-07-21,85.48833333333334,PL
2021-07-22,83.71875,PL
2021-07-23,88.04124999999999,PL
2021-07-24,77.80916666666667,PL
2021-07-25,67.15416666666667,PL
2021-07-26,80.71291666666666,PL
2021-07-27,82.09708333333333,PL
2021-07-28,84.16,PL
2021-07-29,79.05041666666666,PL
2021-07-30,72.79625,PL
2021-07-31,69.84666666666666,PL
2021-08-01,61.85333333333333,PL
2021-08-02,79.0325,PL
2021-08-03,90.74875000000002,PL
2021-08-04,91.80291666666666,PL
2021-08-05,84.30958333333334,PL
2021-08-06,77.81666666666666,PL
2021-08-07,64.73041666666667,PL
2021-08-08,61.80833333333334,PL
2021-08-09,79.75583333333334,PL
2021-08-10,82.28541666666666,PL
2021-08-11,87.37291666666665,PL
2021-08-12,88.79375,PL
2021-08-13,86.87958333333334,PL
2021-08-14,71.90458333333333,PL
2021-08-15,68.71041666666666,PL
2021-08-16,83.64166666666667,PL
2021-08-17,75.62875,PL
2021-08-18,77.30208333333333,PL
2021-08-19,86.82208333333334,PL
2021-08-20,90.0975,PL
2021-08-21,90.53458333333332,PL
2021-08-22,78.19375000000001,PL
2021-08-23,84.73583333333333,PL
2021-08-24,87.96041666666667,PL
2021-08-25,85.8925,PL
2021-08-26,89.74416666666667,PL
2021-08-27,92.93208333333332,PL
2021-08-28,87.74000000000001,PL
2021-08-29,80.74249999999999,PL
2021-08-30,90.12916666666666,PL
2021-08-31,91.73333333333332,PL
2021-09-01,96.61041666666668,PL
2021-09-02,98.68541666666664,PL
2021-09-03,93.77166666666666,PL
2021-09-04,98.22041666666668,PL
2021-09-05,92.87125,PL
2021-09-06,95.12791666666668,PL
2021-09-07,96.09291666666668,PL
2021-09-08,95.7,PL
2021-09-09,94.98041666666668,PL
2021-09-10,100.24958333333332,PL
2021-09-11,98.42916666666667,PL
2021-09-12,97.8575,PL
2021-09-13,111.18583333333332,PL
2021-09-14,120.35375,PL
2021-09-15,97.93874999999998,PL
2021-09-16,111.24833333333332,PL
2021-09-17,108.95,PL
2021-09-18,119.51125,PL
2021-09-19,91.49708333333332,PL
2021-09-20,104.0275,PL
2021-09-21,107.6,PL
2021-09-22,111.43666666666668,PL
2021-09-23,93.21666666666664,PL
2021-09-24,83.57041666666667,PL
2021-09-25,107.03416666666668,PL
2021-09-26,108.95416666666668,PL
2021-09-27,95.7875,PL
2021-09-28,123.21458333333334,PL
2021-09-29,106.65333333333332,PL
2021-09-30,107.00583333333331,PL
2021-10-01,96.53833333333334,PL
2021-10-02,88.15583333333332,PL
2021-10-03,62.54458333333333,PL
2021-10-04,104.21583333333336,PL
2021-10-05,109.6925,PL
2021-10-06,119.03666666666668,PL
2021-10-07,141.38833333333335,PL
2021-10-08,133.6825,PL
2021-10-09,114.51708333333332,PL
2021-10-10,94.48458333333332,PL
2021-10-11,111.75625,PL
2021-10-12,123.05791666666666,PL
2021-10-13,143.42916666666667,PL
2021-10-14,129.23041666666666,PL
2021-10-15,87.23125,PL
2021-10-16,98.10583333333334,PL
2021-10-17,93.85875,PL
2021-10-18,119.24083333333334,PL
2021-10-19,109.61458333333331,PL
2021-10-20,79.18208333333332,PL
2021-10-21,75.01708333333333,PL
2021-10-22,73.36125,PL
2021-10-23,95.01,PL
2021-10-24,80.88541666666667,PL
2021-10-25,105.67958333333333,PL
2021-10-26,123.885,PL
2021-10-27,115.78583333333334,PL
2021-10-28,112.485,PL
2021-10-29,105.17791666666666,PL
2021-10-30,86.665,PL
2021-10-31,68.8552,PL
2021-11-01,71.905,PL
2021-11-02,109.53041666666668,PL
2021-11-03,118.15958333333332,PL
2021-11-04,102.17125,PL
2021-11-05,83.86916666666666,PL
2021-11-06,74.66541666666667,PL
2021-11-07,54.0625,PL
2021-11-08,119.03958333333333,PL
2021-11-09,124.81541666666668,PL
2021-11-10,120.34708333333332,PL
2021-11-11,124.04,PL
2021-11-12,123.03291666666668,PL
2021-11-13,132.10916666666665,PL
2021-11-14,116.44541666666667,PL
2021-11-15,116.27791666666668,PL
2021-11-16,139.59833333333333,PL
2021-11-17,123.94541666666667,PL
2021-11-18,102.75791666666667,PL
2021-11-19,89.04541666666667,PL
2021-11-20,89.03833333333334,PL
2021-11-21,114.71333333333332,PL
2021-11-22,139.01000000000002,PL
2021-11-23,140.9175,PL
2021-11-24,163.095,PL
2021-11-25,133.05583333333334,PL
2021-11-26,146.96375,PL
2021-11-27,153.57458333333332,PL
2021-11-28,168.85,PL
2021-11-29,113.10791666666668,PL
2021-11-30,123.03875,PL
2021-12-01,129.69333333333333,PL
2021-12-02,137.72458333333333,PL
2021-12-03,135.43041666666667,PL
2021-12-04,170.45416666666668,PL
2021-12-05,141.85208333333333,PL
2021-12-06,240.59458333333336,PL
2021-12-07,233.0845833333333,PL
2021-12-08,155.35416666666666,PL
2021-12-09,227.73083333333332,PL
2021-12-10,222.28958333333333,PL
2021-12-11,233.44833333333335,PL
2021-12-12,182.4725,PL
2021-12-13,260.09125,PL
2021-12-14,279.10291666666666,PL
2021-12-15,226.49416666666664,PL
2021-12-16,143.77124999999998,PL
2021-12-17,160.36208333333337,PL
2021-12-18,163.28958333333333,PL
2021-12-19,86.37833333333333,PL
2021-12-20,163.77333333333334,PL
2021-12-21,344.5645833333333,PL
2021-12-22,343.89708333333334,PL
2021-12-23,218.13458333333332,PL
2021-12-24,125.35958333333332,PL
2021-12-25,117.09416666666668,PL
2021-12-26,154.57416666666668,PL
2021-12-27,110.82416666666666,PL
2021-12-28,104.73041666666668,PL
2021-12-29,143.47583333333333,PL
2021-12-30,124.43083333333334,PL
2021-12-31,83.75695652173913,PL
2022-01-01,83.28750000000001,PL
2022-01-02,76.49625,PL
2022-01-03,92.11166666666666,PL
2022-01-04,146.725,PL
2022-01-05,118.57208333333334,PL
2022-01-06,148.10958333333335,PL
2022-01-07,130.23083333333332,PL
2022-01-08,171.22375,PL
2022-01-09,134.40625,PL
2022-01-10,242.88208333333333,PL
2022-01-11,252.17,PL
2022-01-12,224.07708333333335,PL
2022-01-13,118.71625,PL
2022-01-14,110.24375,PL
2022-01-15,172.55458333333334,PL
2022-01-16,104.72666666666667,PL
2022-01-17,97.2825,PL
2022-01-18,178.76250000000002,PL
2022-01-19,130.19625,PL
2022-01-20,107.64583333333331,PL
2022-01-21,108.37416666666668,PL
2022-01-22,160.66625,PL
2022-01-23,159.11375,PL
2022-01-24,202.14375,PL
2022-01-25,188.70875,PL
2022-01-26,173.96916666666667,PL
2022-01-27,111.38375,PL
2022-01-28,111.92416666666666,PL
2022-01-29,124.32166666666669,PL
2022-01-30,75.72875,PL
2022-01-31,202.62750000000003,PL
2022-02-01,152.79625,PL
2022-02-02,141.97208333333333,PL
2022-02-03,180.67291666666665,PL
2022-02-04,148.77708333333334,PL
2022-02-05,101.225,PL
2022-02-06,93.98833333333332,PL
2022-02-07,107.65166666666666,PL
2022-02-08,126.06458333333336,PL
2022-02-09,127.80291666666666,PL
2022-02-10,133.36,PL
2022-02-11,134.38666666666668,PL
2022-02-12,126.98958333333331,PL
2022-02-13,84.06583333333333,PL
2022-02-14,97.6775,PL
2022-02-15,119.37208333333336,PL
2022-02-16,98.4425,PL
2022-02-17,91.97791666666666,PL
2022-02-18,97.08375,PL
2022-02-19,86.90749999999998,PL
2022-02-20,90.52083333333331,PL
2022-02-21,92.14,PL
2022-02-22,111.66291666666666,PL
2022-02-23,111.30583333333334,PL
2022-02-24,107.98833333333332,PL
2022-02-25,103.86458333333331,PL
2022-02-26,140.96,PL
2022-02-27,118.84125,PL
2022-02-28,142.79458333333335,PL
2022-03-01,146.75541666666666,PL
2022-03-02,160.71875,PL
2022-03-03,145.0329166666667,PL
2022-03-04,153.99416666666667,PL
2022-03-05,168.0608333333333,PL
2022-03-06,135.75916666666666,PL
2022-03-07,138.21125,PL
2022-03-08,171.89916666666667,PL
2022-03-09,166.79041666666666,PL
2022-03-10,145.81166666666667,PL
2022-03-11,121.465,PL
2022-03-12,134.125,PL
2022-03-13,86.98875,PL
2022-03-14,154.18458333333334,PL
2022-03-15,188.72166666666664,PL
2022-03-16,165.5675,PL
2022-03-17,130.75416666666666,PL
2022-03-18,161.52458333333334,PL
2022-03-19,130.15583333333333,PL
2022-03-20,89.91250000000001,PL
2022-03-21,140.60041666666666,PL
2022-03-22,146.70666666666668,PL
2022-03-23,150.78875,PL
2022-03-24,147.10833333333332,PL
2022-03-25,134.75291666666666,PL
2022-03-26,115.13791666666668,PL
2022-03-27,106.1108695652174,PL
2022-03-28,100.62958333333334,PL
2022-03-29,150.51375,PL
2022-03-30,167.54999999999998,PL
2022-03-31,126.53333333333336,PL
2022-04-01,112.67875,PL
2022-04-02,122.44916666666668,PL
2022-04-03,99.61458333333331,PL
2022-04-04,91.21708333333332,PL
2022-04-05,109.01375,PL
2022-04-06,117.4375,PL
2022-04-07,87.61375,PL
2022-04-08,96.97833333333334,PL
2022-04-09,85.36208333333333,PL
2022-04-10,59.302083333333336,PL
2022-04-11,133.44125,PL
2022-04-12,144.30416666666667,PL
2022-04-13,126.09166666666664,PL
2022-04-14,160.35541666666668,PL
2022-04-15,134.07916666666668,PL
2022-04-16,114.22375,PL
2022-04-17,90.25958333333334,PL
2022-04-18,104.27375,PL
2022-04-19,147.84041666666667,PL
2022-04-20,135.39541666666668,PL
2022-04-21,140.68208333333334,PL
2022-04-22,122.9775,PL
2022-04-23,121.68125,PL
2022-04-24,97.70375,PL
2022-04-25,144.7675,PL
2022-04-26,164.8825,PL
2022-04-27,158.33041666666665,PL
2022-04-28,165.91916666666663,PL
2022-04-29,187.59583333333333,PL
2022-04-30,149.9225,PL
2022-05-01,121.6775,PL
2022-05-02,115.2725,PL
2022-05-03,111.46625,PL
2022-05-04,140.07541666666663,PL
2022-05-05,168.5608333333333,PL
2022-05-06,166.83124999999998,PL
2022-05-07,152.65833333333333,PL
2022-05-08,125.30583333333334,PL
2022-05-09,135.74791666666667,PL
2022-05-10,124.71708333333332,PL
2022-05-11,117.01541666666668,PL
2022-05-12,108.24333333333334,PL
2022-05-13,133.18333333333334,PL
2022-05-14,128.7175,PL
2022-05-15,119.93208333333332,PL
2022-05-16,168.44875,PL
2022-05-17,179.43458333333334,PL
2022-05-18,172.11125,PL
2022-05-19,152.25333333333333,PL
2022-05-20,146.0716666666667,PL
2022-05-21,101.59333333333336,PL
2022-05-22,149.27083333333334,PL
2022-05-23,162.23791666666668,PL
2022-05-24,151.39083333333335,PL
2022-05-25,193.79458333333332,PL
2022-05-26,107.35583333333334,PL
2022-05-27,110.98583333333332,PL
2022-05-28,102.59583333333336,PL
2022-05-29,132.63958333333332,PL
2022-05-30,181.76416666666668,PL
2022-05-31,173.9729166666667,PL
2022-06-01,181.1158333333333,PL
2022-06-02,166.58666666666667,PL
2022-06-03,172.01125000000002,PL
2022-06-04,173.585,PL
2022-06-05,129.81,PL
2022-06-06,149.53166666666667,PL
2022-06-07,204.01958333333337,PL
2022-06-08,203.25,PL
2022-06-09,207.43041666666667,PL
2022-06-10,170.37875,PL
2022-06-11,143.7675,PL
2022-06-12,117.34416666666664,PL
2022-06-13,173.3375,PL
2022-06-14,141.93958333333333,PL
2022-06-15,201.17333333333332,PL
2022-06-16,158.59375,PL
2022-06-17,184.74375,PL
2022-06-18,162.935,PL
2022-06-19,117.7025,PL
2022-06-20,229.34333333333333,PL
2022-06-21,168.74791666666667,PL
2022-06-22,220.52125,PL
2022-06-23,241.445,PL
2022-06-24,166.46291666666667,PL
2022-06-25,175.48625,PL
2022-06-26,164.13583333333335,PL
2022-06-27,228.57041666666663,PL
2022-06-28,248.74666666666667,PL
2022-06-29,268.65000000000003,PL
2022-06-30,282.2679166666667,PL
2022-07-01,261.52791666666667,PL
2022-07-02,222.4675,PL
2022-07-03,179.45583333333332,PL
2022-07-04,291.72083333333336,PL
2022-07-05,316.71416666666664,PL
2022-07-06,248.93416666666667,PL
2022-07-07,271.07708333333335,PL
2022-07-08,256.15208333333334,PL
2022-07-09,130.49166666666667,PL
2022-07-10,97.43666666666668,PL
2022-07-11,244.3975,PL
2022-07-12,151.59708333333333,PL
2022-07-13,159.03708333333333,PL
2022-07-14,170.35375,PL
2022-07-15,153.22416666666666,PL
2022-07-16,164.86333333333334,PL
2022-07-17,136.23208333333335,PL
2022-07-18,274.32374999999996,PL
2022-07-19,227.6641666666667,PL
2022-07-20,232.1258333333333,PL
2022-07-21,228.68,PL
2022-07-22,323.57,PL
2022-07-23,300.8433333333333,PL
2022-07-24,163.83124999999998,PL
2022-07-25,189.84375,PL
2022-07-26,260.8775,PL
2022-07-27,235.5858333333333,PL
2022-07-28,271.13875,PL
2022-07-29,261.83708333333334,PL
2022-07-30,251.92416666666668,PL
2022-07-31,149.78083333333333,PL
2022-08-01,234.53375000000003,PL
2022-08-02,240.69125,PL
2022-08-03,188.74416666666664,PL
2022-08-04,159.40125,PL
2022-08-05,187.81541666666664,PL
2022-08-06,151.58583333333334,PL
2022-08-07,144.37166666666667,PL
2022-08-08,248.34,PL
2022-08-09,269.01666666666665,PL
2022-08-10,253.855,PL
2022-08-11,226.03916666666663,PL
2022-08-12,211.36291666666668,PL
2022-08-13,243.875,PL
2022-08-14,157.30875,PL
2022-08-15,190.20791666666665,PL
2022-08-16,297.7729166666667,PL
2022-08-17,368.6720833333333,PL
2022-08-18,384.72,PL
2022-08-19,361.355,PL
2022-08-20,360.33874999999995,PL
2022-08-21,233.26291666666663,PL
2022-08-22,328.67791666666665,PL
2022-08-23,387.91833333333335,PL
2022-08-24,380.37416666666667,PL
2022-08-25,320.80333333333334,PL
2022-08-26,352.39166666666665,PL
2022-08-27,349.43333333333334,PL
2022-08-28,238.51583333333335,PL
2022-08-29,218.81958333333333,PL
2022-08-30,300.8825,PL
2022-08-31,338.21666666666664,PL
2022-09-01,315.45166666666665,PL
2022-09-02,242.82291666666663,PL
2022-09-03,196.56583333333333,PL
2022-09-04,128.81208333333333,PL
2022-09-05,217.35125,PL
2022-09-06,174.29875,PL
2022-09-07,143.73999999999998,PL
2022-09-08,113.99583333333334,PL
2022-09-09,139.18125,PL
2022-09-10,183.68958333333333,PL
2022-09-11,151.40166666666667,PL
2022-09-12,152.16083333333333,PL
2022-09-13,160.70833333333334,PL
2022-09-14,136.20000000000002,PL
2022-09-15,156.77875,PL
2022-09-16,101.74958333333332,PL
2022-09-17,142.23958333333334,PL
2022-09-18,111.51916666666666,PL
2022-09-19,157.05458333333334,PL
2022-09-20,196.10958333333335,PL
2022-09-21,189.5016666666667,PL
2022-09-22,198.295,PL
2022-09-23,201.385,PL
2022-09-24,210.41833333333332,PL
2022-09-25,171.92875,PL
2022-09-26,186.02666666666667,PL
2022-09-27,181.07625,PL
2022-09-28,196.8975,PL
2022-09-29,229.41166666666663,PL
2022-09-30,184.25375,PL
2022-10-01,142.0641666666667,PL
2022-10-02,76.38916666666667,PL
2022-10-03,103.34083333333332,PL
2022-10-04,156.86041666666668,PL
2022-10-05,129.21208333333334,PL
2022-10-06,101.81291666666664,PL
2022-10-07,132.36666666666667,PL
2022-10-08,131.73375,PL
2022-10-09,99.10416666666669,PL
2022-10-10,101.16416666666667,PL
2022-10-11,149.03833333333333,PL
2022-10-12,200.66,PL
2022-10-13,147.6325,PL
2022-10-14,172.51999999999998,PL
2022-10-15,148.00083333333333,PL
2022-10-16,106.11625,PL
2022-10-17,145.17583333333332,PL
2022-10-18,154.85041666666666,PL
2022-10-19,137.27875,PL
2022-10-20,148.495,PL
2022-10-21,146.58708333333334,PL
2022-10-22,163.86416666666665,PL
2022-10-23,114.53958333333333,PL
2022-10-24,137.24916666666667,PL
2022-10-25,137.40041666666667,PL
2022-10-26,139.09041666666667,PL
2022-10-27,147.90375,PL
2022-10-28,135.47333333333333,PL
2022-10-29,103.14708333333331,PL
2022-10-30,115.774,PL
2022-10-31,137.60375,PL
2022-11-01,109.75541666666668,PL
2022-11-02,128.035,PL
2022-11-03,124.41583333333334,PL
2022-11-04,132.56958333333333,PL
2022-11-05,130.6675,PL
2022-11-06,102.98083333333334,PL
2022-11-07,124.57291666666669,PL
2022-11-08,133.85541666666668,PL
2022-11-09,142.5404166666667,PL
2022-11-10,153.81958333333333,PL
2022-11-11,119.94208333333334,PL
2022-11-12,162.94416666666666,PL
2022-11-13,156.84,PL
2022-11-14,168.32125,PL
2022-11-15,189.16125,PL
2022-11-16,171.65625,PL
2022-11-17,172.58291666666665,PL
2022-11-18,184.6795833333333,PL
2022-11-19,193.19125,PL
2022-11-20,183.53416666666664,PL
2022-11-21,196.77666666666667,PL
2022-11-22,198.91625,PL
2022-11-23,213.85,PL
2022-11-24,245.81583333333333,PL
2022-11-25,239.8925,PL
2022-11-26,232.92666666666665,PL
2022-11-27,189.39625,PL
2022-11-28,197.735,PL
2022-11-29,206.08916666666667,PL
2022-11-30,218.19958333333332,PL
2022-12-01,240.05791666666667,PL
2022-12-02,223.58041666666668,PL
2022-12-03,229.1866666666667,PL
2022-12-04,152.59791666666666,PL
2022-12-05,195.17291666666665,PL
2022-12-06,225.86375,PL
2022-12-07,188.41083333333333,PL
2022-12-08,213.31833333333336,PL
2022-12-09,231.82125,PL
2022-12-10,230.4416666666667,PL
2022-12-11,174.40583333333333,PL
2022-12-12,180.64791666666667,PL
2022-12-13,198.61125,PL
2022-12-14,211.15666666666667,PL
2022-12-15,227.43791666666667,PL
2022-12-16,218.37958333333333,PL
2022-12-17,234.61416666666665,PL
2022-12-18,176.63291666666666,PL
2022-12-19,151.77458333333334,PL
2022-12-20,167.83625,PL
2022-12-21,188.1029166666667,PL
2022-12-22,180.13875,PL
2022-12-23,174.11083333333332,PL
2022-12-24,139.63958333333332,PL
2022-12-25,112.39583333333331,PL
2022-12-26,61.310833333333335,PL
2022-12-27,104.03833333333334,PL
2022-12-28,104.52458333333334,PL
2022-12-29,92.84125,PL
2022-12-30,94.645,PL
2022-12-31,64.61739130434783,PL
2023-01-01,45.02166666666667,PL
2023-01-02,131.38333333333333,PL
2023-01-03,140.39666666666668,PL
2023-01-04,131.51291666666663,PL
2023-01-05,110.74916666666668,PL
2023-01-06,100.90166666666666,PL
2023-01-07,123.97666666666667,PL
2023-01-08,91.81666666666666,PL
2023-01-09,151.54833333333332,PL
2023-01-10,172.80916666666667,PL
2023-01-11,136.50333333333333,PL
2023-01-12,119.76541666666668,PL
2023-01-13,121.74958333333332,PL
2023-01-14,92.35666666666668,PL
2023-01-15,68.54541666666667,PL
2023-01-16,130.44666666666666,PL
2023-01-17,135.89625,PL
2023-01-18,149.32666666666668,PL
2023-01-19,170.05458333333334,PL
2023-01-20,176.72416666666666,PL
2023-01-21,112.53875,PL
2023-01-22,138.62,PL
2023-01-23,183.68416666666667,PL
2023-01-24,186.95583333333337,PL
2023-01-25,177.9070833333333,PL
2023-01-26,171.50750000000002,PL
2023-01-27,168.75,PL
2023-01-28,146.88958333333332,PL
2023-01-29,111.85583333333334,PL
2023-01-30,97.62875,PL
2023-01-31,109.71458333333334,PL
2023-02-01,102.63791666666668,PL
2023-02-02,127.19,PL
2023-02-03,137.6075,PL
2023-02-04,131.70166666666668,PL
2023-02-05,131.53833333333333,PL
2023-02-06,173.0475,PL
2023-02-07,179.06958333333333,PL
2023-02-08,165.42833333333334,PL
2023-02-09,141.10041666666666,PL
2023-02-10,132.55083333333332,PL
2023-02-11,114.12791666666668,PL
2023-02-12,136.67083333333332,PL
2023-02-13,146.94166666666666,PL
2023-02-14,162.46208333333334,PL
2023-02-15,164.14,PL
2023-02-16,148.10541666666668,PL
2023-02-17,136.26833333333337,PL
2023-02-18,97.34875,PL
2023-02-19,105.19041666666668,PL
2023-02-20,97.17666666666668,PL
2023-02-21,114.15208333333334,PL
2023-02-22,153.095,PL
2023-02-23,148.96583333333334,PL
2023-02-24,145.1891666666667,PL
2023-02-25,117.0975,PL
2023-02-26,116.92583333333332,PL
2023-02-27,153.09083333333334,PL
2023-02-28,150.965,PL
2023-03-01,152.26708333333332,PL
2023-03-02,157.18791666666667,PL
2023-03-03,137.12208333333334,PL
2023-03-04,104.89666666666666,PL
2023-03-05,119.2575,PL
2023-03-06,149.52458333333334,PL
2023-03-07,122.6225,PL
2023-03-08,138.91958333333335,PL
2023-03-09,139.5775,PL
2023-03-10,136.95041666666663,PL
2023-03-11,109.73708333333332,PL
2023-03-12,93.4775,PL
2023-03-13,112.80125,PL
2023-03-14,96.14458333333332,PL
2023-03-15,125.78208333333332,PL
2023-03-16,128.96333333333334,PL
2023-03-17,103.04541666666668,PL
2023-03-18,109.58333333333331,PL
2023-03-19,113.15041666666669,PL
2023-03-20,131.945,PL
2023-03-21,135.62291666666667,PL
2023-03-22,117.67791666666666,PL
2023-03-23,110.71583333333332,PL
2023-03-24,107.12958333333334,PL
2023-03-25,107.40083333333332,PL
2023-03-26,72.3008695652174,PL
2023-03-27,114.09916666666668,PL
2023-03-28,110.005,PL
2023-03-29,124.87625,PL
2023-03-30,121.59791666666666,PL
2023-03-31,127.21208333333334,PL
2023-04-01,122.25833333333333,PL
2023-04-02,81.1675,PL
2023-04-03,120.68208333333332,PL
2023-04-04,133.08416666666668,PL
2023-04-05,143.44666666666666,PL
2023-04-06,133.59583333333333,PL
2023-04-07,133.7775,PL
2023-04-08,130.08166666666668,PL
2023-04-09,113.6725,PL
2023-04-10,108.25541666666668,PL
2023-04-11,124.37916666666666,PL
2023-04-12,142.32708333333332,PL
2023-04-13,146.84458333333333,PL
2023-04-14,135.07125,PL
2023-04-15,121.47125,PL
2023-04-16,117.38458333333334,PL
2023-04-17,138.15,PL
2023-04-18,130.49125,PL
2023-04-19,127.76541666666668,PL
2023-04-20,129.92999999999998,PL
2023-04-21,124.73166666666668,PL
2023-04-22,116.01708333333332,PL
2023-04-23,88.29124999999999,PL
2023-04-24,126.30333333333331,PL
2023-04-25,124.92541666666666,PL
2023-04-26,112.4825,PL
2023-04-27,119.50375,PL
2023-04-28,121.6175,PL
2023-04-29,122.37875,PL
2023-04-30,72.59625,PL
2023-05-01,82.48916666666666,PL
2023-05-02,106.54333333333334,PL
2023-05-03,109.32541666666668,PL
2023-05-04,115.68166666666669,PL
2023-05-05,103.29083333333334,PL
2023-05-06,98.73875,PL
2023-05-07,79.15875,PL
2023-05-08,105.70833333333331,PL
2023-05-09,100.06833333333331,PL
2023-05-10,88.20208333333333,PL
2023-05-11,104.62416666666668,PL
2023-05-12,95.74541666666666,PL
2023-05-13,94.52541666666669,PL
2023-05-14,78.59833333333334,PL
2023-05-15,129.34833333333333,PL
2023-05-16,119.77041666666666,PL
2023-05-17,119.63875,PL
2023-05-18,124.74458333333332,PL
2023-05-19,133.41083333333333,PL
2023-05-20,114.78875,PL
2023-05-21,66.36375,PL
2023-05-22,116.17666666666668,PL
2023-05-23,124.61666666666667,PL
2023-05-24,137.4125,PL
2023-05-25,129.11083333333332,PL
2023-05-26,109.10125,PL
2023-05-27,95.00666666666666,PL
2023-05-28,61.6775,PL
2023-05-29,112.37291666666664,PL
2023-05-30,106.64166666666668,PL
2023-05-31,114.45708333333334,PL
2023-06-01,92.71541666666668,PL
2023-06-02,85.84541666666667,PL
2023-06-03,80.55166666666666,PL
2023-06-04,61.290416666666665,PL
2023-06-05,111.88375,PL
2023-06-06,114.64375,PL
2023-06-07,112.31208333333332,PL
2023-06-08,88.53041666666667,PL
2023-06-09,96.63875,PL
2023-06-10,74.48666666666666,PL
2023-06-11,46.870416666666664,PL
2023-06-12,105.77125,PL
2023-06-13,135.64333333333337,PL
2023-06-14,117.60541666666668,PL
2023-06-15,128.82833333333335,PL
2023-06-16,140.14708333333334,PL
2023-06-17,131.6025,PL
2023-06-18,120.89083333333332,PL
2023-06-19,145.95708333333332,PL
2023-06-20,147.37583333333333,PL
2023-06-21,160.31541666666666,PL
2023-06-22,169.34625,PL
2023-06-23,145.6275,PL
2023-06-24,133.69,PL
2023-06-25,114.91208333333331,PL
2023-06-26,160.36875,PL
2023-06-27,122.63708333333334,PL
2023-06-28,127.53125,PL
2023-06-29,127.84458333333332,PL
2023-06-30,143.15166666666667,PL
2023-07-01,121.84791666666666,PL
2023-07-02,45.42250000000001,PL
2023-07-03,86.34791666666666,PL
2023-07-04,112.29708333333332,PL
2023-07-05,132.35208333333333,PL
2023-07-06,132.78125,PL
2023-07-07,124.00041666666668,PL
2023-07-08,98.90791666666668,PL
2023-07-09,93.89375,PL
2023-07-10,129.15916666666666,PL
2023-07-11,131.62041666666667,PL
2023-07-12,140.66791666666668,PL
2023-07-13,140.54458333333335,PL
2023-07-14,126.82291666666669,PL
2023-07-15,103.65125,PL
2023-07-16,66.49333333333333,PL
2023-07-17,136.14208333333332,PL
2023-07-18,117.00958333333334,PL
2023-07-19,138.87166666666667,PL
2023-07-20,131.31666666666666,PL
2023-07-21,136.06791666666666,PL
2023-07-22,92.90625,PL
2023-07-23,88.56583333333333,PL
2023-07-24,131.18833333333333,PL
2023-07-25,138.31375,PL
2023-07-26,128.39958333333334,PL
2023-07-27,126.89208333333332,PL
2023-07-28,126.48458333333332,PL
2023-07-29,112.8625,PL
2023-07-30,71.80458333333333,PL
2023-07-31,126.20208333333332,PL
2023-08-01,117.7125,PL
2023-08-02,95.2325,PL
2023-08-03,63.2225,PL
2023-08-04,112.47041666666668,PL
2023-08-05,102.8475,PL
2023-08-06,75.66208333333333,PL
2023-08-07,69.30208333333333,PL
2023-08-08,38.96,PL
2023-08-09,104.78833333333334,PL
2023-08-10,117.36666666666667,PL
2023-08-11,113.5075,PL
2023-08-12,86.69958333333334,PL
2023-08-13,74.46166666666666,PL
2023-08-14,101.44458333333334,PL
2023-08-15,77.97666666666667,PL
2023-08-16,114.76583333333332,PL
2023-08-17,117.01208333333334,PL
2023-08-18,115.46875,PL
2023-08-19,105.12291666666664,PL
2023-08-20,97.80541666666666,PL
2023-08-21,125.72375,PL
2023-08-22,133.46083333333334,PL
2023-08-23,139.73541666666668,PL
2023-08-24,146.80708333333334,PL
2023-08-25,137.05166666666665,PL
2023-08-26,113.90333333333332,PL
2023-08-27,109.72208333333332,PL
2023-08-28,134.20333333333335,PL
2023-08-29,131.79791666666668,PL
2023-08-30,125.86125,PL
2023-08-31,119.29583333333332,PL
2023-09-01,115.00083333333332,PL
2023-09-02,104.22875,PL
2023-09-03,90.16291666666666,PL
2023-09-04,125.10583333333334,PL
2023-09-05,107.56708333333334,PL
2023-09-06,107.6,PL
2023-09-07,103.17125,PL
2023-09-08,109.45541666666666,PL
2023-09-09,108.05666666666669,PL
2023-09-10,86.10041666666666,PL
2023-09-11,131.0675,PL
2023-09-12,127.78625,PL
2023-09-13,116.55791666666666,PL
2023-09-14,121.2275,PL
2023-09-15,117.42041666666668,PL
2023-09-16,96.8025,PL
2023-09-17,94.77166666666666,PL
2023-09-18,107.10583333333334,PL
2023-09-19,104.73708333333332,PL
2023-09-20,112.60166666666667,PL
2023-09-21,100.72416666666668,PL
2023-09-22,106.33791666666669,PL
2023-09-23,111.72291666666666,PL
2023-09-24,101.95583333333332,PL
2023-09-25,129.39333333333337,PL
2023-09-26,121.28916666666667,PL
2023-09-27,120.14875,PL
2023-09-28,109.0525,PL
2023-09-29,107.93708333333332,PL
2023-09-30,99.97916666666669,PL
2023-10-01,87.18916666666667,PL
2023-10-02,119.45041666666668,PL
2023-10-03,62.22,PL
2023-10-04,62.129583333333336,PL
2023-10-05,88.46583333333332,PL
2023-10-06,95.77625,PL
2023-10-07,35.12208333333333,PL
2023-10-08,73.54041666666667,PL
2023-10-09,132.98125,PL
2023-10-10,127.32875,PL
2023-10-11,81.85833333333333,PL
2023-10-12,114.96833333333332,PL
2023-10-13,97.14666666666666,PL
2023-10-14,28.76625,PL
2023-10-15,18.88208333333333,PL
2023-10-16,116.98458333333332,PL
2023-10-17,136.63291666666666,PL
2023-10-18,113.91583333333334,PL
2023-10-19,109.99625,PL
2023-10-20,83.43625,PL
2023-10-21,87.26458333333333,PL
2023-10-22,97.8525,PL
2023-10-23,129.09875,PL
2023-10-24,125.70708333333332,PL
2023-10-25,125.59083333333332,PL
2023-10-26,127.21958333333332,PL
2023-10-27,130.80375,PL
2023-10-28,109.24666666666668,PL
2023-10-29,48.1976,PL
2023-10-30,93.33375,PL
2023-10-31,99.05666666666669,PL
2023-11-01,65.08749999999999,PL
2023-11-02,67.45333333333333,PL
2023-11-03,81.64541666666666,PL
2023-11-04,52.67875,PL
2023-11-05,47.437916666666666,PL
2023-11-06,63.98458333333334,PL
2023-11-07,96.76208333333334,PL
2023-11-08,93.9825,PL
2023-11-09,92.9775,PL
2023-11-10,95.67208333333332,PL
2023-11-11,96.25333333333332,PL
2023-11-12,97.09416666666664,PL
2023-11-13,113.94083333333332,PL
2023-11-14,88.51625,PL
2023-11-15,101.69083333333332,PL
2023-11-16,119.66041666666666,PL
2023-11-17,122.22083333333336,PL
2023-11-18,106.60833333333332,PL
2023-11-19,84.14708333333333,PL
2023-11-20,114.72833333333334,PL
2023-11-21,124.70125,PL
2023-11-22,120.1125,PL
2023-11-23,73.26916666666666,PL
2023-11-24,81.74958333333333,PL
2023-11-25,98.04541666666668,PL
2023-11-26,103.85333333333334,PL
2023-11-27,125.90291666666668,PL
2023-11-28,127.79833333333332,PL
2023-11-29,141.82166666666666,PL
2023-11-30,151.49166666666667,PL
2023-12-01,144.54125,PL
2023-12-02,113.32458333333334,PL
2023-12-03,100.725,PL
2023-12-04,123.32291666666669,PL
2023-12-05,123.59875,PL
2023-12-06,125.23458333333332,PL
2023-12-07,126.36375,PL
2023-12-08,116.48083333333334,PL
2023-12-09,110.64208333333332,PL
2023-12-10,82.78,PL
2023-12-11,105.17083333333332,PL
2023-12-12,127.48875,PL
2023-12-13,117.85458333333332,PL
2023-12-14,108.73291666666668,PL
2023-12-15,100.2325,PL
2023-12-16,71.95208333333333,PL
2023-12-17,48.455000000000005,PL
2023-12-18,75.04583333333333,PL
2023-12-19,75.15208333333334,PL
2023-12-20,75.65291666666667,PL
2023-12-21,70.44333333333334,PL
2023-12-22,39.80875,PL
2023-12-23,31.555000000000003,PL
2023-12-24,34.90625,PL
2023-12-25,1.025,PL
2023-12-26,10.732083333333334,PL
2023-12-27,67.26916666666666,PL
2023-12-28,47.185,PL
2023-12-29,18.762916666666666,PL
2023-12-30,35.22125,PL
2023-12-31,54.51391304347826,PL
2024-01-01,77.46416666666666,PL
2024-01-02,89.53791666666666,PL
2024-01-03,84.13833333333334,PL
2024-01-04,93.72625,PL
2024-01-05,107.00916666666666,PL
2024-01-06,94.25125,PL
2024-01-07,93.75041666666664,PL
2024-01-08,123.62416666666668,PL
2024-01-09,122.11375,PL
2024-01-10,115.87791666666668,PL
2024-01-11,109.52291666666667,PL
2024-01-12,109.05833333333334,PL
2024-01-13,88.29708333333333,PL
2024-01-14,76.77791666666667,PL
2024-01-15,88.97083333333335,PL
2024-01-16,122.61791666666666,PL
2024-01-17,110.81083333333332,PL
2024-01-18,108.93041666666666,PL
2024-01-19,97.61833333333334,PL
2024-01-20,79.65666666666667,PL
2024-01-21,74.84916666666666,PL
2024-01-22,69.59291666666667,PL
2024-01-23,71.26333333333334,PL
2024-01-24,73.33,PL
2024-01-25,77.65541666666667,PL
2024-01-26,110.7175,PL
2024-01-27,75.48458333333333,PL
2024-01-28,89.40249999999999,PL
2024-01-29,88.7425,PL
2024-01-30,89.40208333333334,PL
2024-01-31,84.73125,PL
2024-02-01,68.38375,PL
2024-02-02,73.34375,PL
2024-02-03,58.678333333333335,PL
2024-02-04,34.745416666666664,PL
2024-02-05,67.10708333333334,PL
2024-02-06,70.81083333333333,PL
2024-02-07,80.7325,PL
2024-02-08,103.17041666666668,PL
2024-02-09,91.38791666666668,PL
2024-02-10,83.09916666666666,PL
2024-02-11,68.29958333333333,PL
2024-02-12,87.19125000000001,PL
2024-02-13,92.33208333333332,PL
2024-02-14,94.13583333333334,PL
2024-02-15,85.1725,PL
2024-02-16,75.24458333333332,PL
2024-02-17,70.19791666666667,PL
2024-02-18,67.80791666666667,PL
2024-02-19,74.89625,PL
2024-02-20,74.33833333333332,PL
2024-02-21,78.56,PL
2024-02-22,73.50458333333333,PL
2024-02-23,61.342083333333335,PL
2024-02-24,67.68583333333333,PL
2024-02-25,64.45541666666666,PL
2024-02-26,87.6875,PL
2024-02-27,85.7525,PL
2024-02-28,84.50916666666667,PL
2024-02-29,78.00041666666667,PL
2024-03-01,71.86291666666666,PL
2024-03-02,77.34291666666667,PL
2024-03-03,63.605,PL
2024-03-04,78.36583333333333,PL
2024-03-05,79.27458333333334,PL
2024-03-06,85.25625000000001,PL
2024-03-07,85.11166666666666,PL
2024-03-08,86.47041666666667,PL
2024-03-09,67.77374999999999,PL
2024-03-10,39.28791666666667,PL
2024-03-11,69.52791666666667,PL
2024-03-12,87.43,PL
2024-03-13,86.66916666666667,PL
2024-03-14,82.86791666666666,PL
2024-03-15,69.79666666666667,PL
2024-03-16,70.47416666666666,PL
2024-03-17,61.16291666666667,PL
2024-03-18,93.645,PL
2024-03-19,89.85541666666667,PL
2024-03-20,95.05375,PL
2024-03-21,88.90541666666667,PL
2024-03-22,82.99583333333334,PL
2024-03-23,77.93833333333333,PL
2024-03-24,68.21416666666666,PL
2024-03-25,96.61916666666669,PL
2024-03-26,69.71333333333334,PL
2024-03-27,70.315,PL
2024-03-28,70.21166666666666,PL
2024-03-29,66.00791666666667,PL
2024-03-30,58.809583333333336,PL
2024-03-31,44.28913043478261,PL
2024-04-01,56.026250000000005,PL
2024-04-02,72.06166666666667,PL
2024-04-03,87.69916666666667,PL
2024-04-04,97.20583333333332,PL
2024-04-05,78.23333333333333,PL
2024-04-06,72.27499999999999,PL
2024-04-07,55.718333333333334,PL
2024-04-08,89.72666666666667,PL
2024-04-09,75.02666666666666,PL
2024-04-10,87.43083333333334,PL
2024-04-11,71.81625000000001,PL
2024-04-12,86.27958333333333,PL
2024-04-13,64.70125,PL
2024-04-14,24.429166666666664,PL
2024-04-15,101.05333333333334,PL
2024-04-16,77.12375,PL
2024-04-17,102.72125,PL
2024-04-18,99.50083333333332,PL
2024-04-19,99.6775,PL
2024-04-20,86.99333333333334,PL
2024-04-21,80.88166666666667,PL
2024-04-22,102.67,PL
2024-04-23,102.07416666666668,PL
2024-04-24,107.2975,PL
2024-04-25,95.82125,PL
2024-04-26,90.05125,PL
2024-04-27,71.6675,PL
2024-04-28,33.71083333333333,PL
2024-04-29,84.06375,PL
2024-04-30,72.20208333333333,PL
2024-05-01,36.450833333333335,PL
2024-05-02,49.59708333333333,PL
2024-05-03,74.46,PL
2024-05-04,81.94375000000001,PL
2024-05-05,66.46041666666666,PL
2024-05-06,94.51791666666666,PL
2024-05-07,96.46583333333332,PL
2024-05-08,93.54875,PL
2024-05-09,87.41041666666666,PL
2024-05-10,101.9025,PL
2024-05-11,98.32166666666666,PL
2024-05-12,60.6825,PL
2024-05-13,92.855,PL
2024-05-14,89.295,PL
2024-05-15,62.88958333333333,PL
2024-05-16,57.41875,PL
2024-05-17,57.88666666666666,PL
2024-05-18,76.47583333333334,PL
2024-05-19,82.75208333333333,PL
2024-05-20,106.40041666666669,PL
2024-05-21,95.31375,PL
2024-05-22,94.79958333333332,PL
2024-05-23,108.16708333333334,PL
2024-05-24,106.33583333333333,PL
2024-05-25,97.315,PL
2024-05-26,73.71583333333334,PL
2024-05-27,101.49458333333332,PL
2024-05-28,99.77916666666664,PL
2024-05-29,107.73666666666666,PL
2024-05-30,98.90666666666668,PL
2024-05-31,101.42666666666668,PL
2024-06-01,94.1,PL
2024-06-02,92.08375,PL
2024-06-03,110.71125,PL
2024-06-04,122.95375,PL
2024-06-05,115.75291666666668,PL
2024-06-06,121.0375,PL
2024-06-07,114.41708333333334,PL
2024-06-08,89.64625,PL
2024-06-09,60.39375,PL
2024-06-10,122.41375,PL
2024-06-11,84.53208333333333,PL
2024-06-12,106.23,PL
2024-06-13,120.46625,PL
2024-06-14,98.72375,PL
2024-06-15,82.23916666666666,PL
2024-06-16,95.73416666666668,PL
2024-06-17,110.70166666666668,PL
2024-06-18,127.93041666666666,PL
2024-06-19,112.73375,PL
2024-06-20,108.00583333333331,PL
2024-06-21,114.69958333333334,PL
2024-06-22,80.44041666666666,PL
2024-06-23,61.93125,PL
2024-06-24,137.29291666666666,PL
2024-06-25,140.40125,PL
2024-06-26,127.50375,PL
2024-06-27,132.07416666666668,PL
2024-06-28,131.76291666666663,PL
2024-06-29,96.83875,PL
2024-06-30,50.11833333333333,PL
2024-07-01,159.32791666666665,PL
2024-07-02,112.85166666666667,PL
2024-07-03,114.84875,PL
2024-07-04,109.33666666666666,PL
2024-07-05,85.19500000000001,PL
2024-07-06,63.75791666666667,PL
2024-07-07,72.9175,PL
2024-07-08,122.0775,PL
2024-07-09,111.10916666666668,PL
2024-07-10,108.32875,PL
2024-07-11,148.48291666666668,PL
2024-07-12,131.8275,PL
2024-07-13,88.40499999999999,PL
2024-07-14,98.845,PL
2024-07-15,140.84375,PL
2024-07-16,162.3575,PL
2024-07-17,149.83416666666668,PL
2024-07-18,138.09625,PL
2024-07-19,117.51083333333334,PL
2024-07-20,90.02708333333334,PL
2024-07-21,68.62666666666667,PL
2024-07-22,116.3175,PL
2024-07-23,122.31583333333332,PL
2024-07-24,111.85625,PL
2024-07-25,133.98916666666668,PL
2024-07-26,109.73125,PL
2024-07-27,103.99958333333332,PL
2024-07-28,51.513749999999995,PL
2024-07-29,69.46541666666667,PL
2024-07-30,83.39958333333333,PL
2024-07-31,83.94875,PL
2024-08-01,96.79708333333332,PL
2024-08-02,105.65,PL
2024-08-03,104.50208333333336,PL
2024-08-04,75.67583333333333,PL
2024-08-05,105.27916666666664,PL
2024-08-06,108.6,PL
2024-08-07,104.92166666666668,PL
2024-08-08,108.04916666666666,PL
2024-08-09,83.27499999999999,PL
2024-08-10,55.77916666666667,PL
2024-08-11,45.65291666666667,PL
2024-08-12,93.76541666666668,PL
2024-08-13,88.19916666666667,PL
2024-08-14,108.67083333333332,PL
2024-08-15,88.49916666666667,PL
2024-08-16,114.64958333333334,PL
2024-08-17,102.53583333333334,PL
2024-08-18,96.67958333333333,PL
2024-08-19,129.46333333333334,PL
2024-08-20,129.44666666666666,PL
2024-08-21,113.73291666666668,PL
2024-08-22,108.75166666666668,PL
2024-08-23,85.53166666666668,PL
2024-08-24,91.73625,PL
2024-08-25,44.73875,PL
2024-08-26,128.11375,PL
2024-08-27,113.74041666666666,PL
2024-08-28,103.75375,PL
2024-08-29,135.0975,PL
2024-08-30,138.68166666666667,PL
2024-08-31,93.73875,PL
2024-09-01,74.36166666666666,PL
2024-09-02,153.09833333333333,PL
2024-09-03,157.39208333333332,PL
2024-09-04,137.8325,PL
2024-09-05,93.92083333333332,PL
2024-09-06,87.5425,PL
2024-09-07,82.37583333333333,PL
2024-09-08,70.75,PL
2024-09-09,111.8325,PL
2024-09-10,132.23583333333332,PL
2024-09-11,107.41375,PL
2024-09-12,137.35,PL
2024-09-13,102.7975,PL
2024-09-14,69.58916666666667,PL
2024-09-15,63.74208333333333,PL
2024-09-16,111.38541666666669,PL
2024-09-17,111.77208333333334,PL
2024-09-18,96.46375,PL
2024-09-19,86.71875,PL
2024-09-20,89.75666666666666,PL
2024-09-21,86.57958333333333,PL
2024-09-22,80.48166666666667,PL
2024-09-23,120.83791666666669,PL
2024-09-24,89.71958333333333,PL
2024-09-25,76.145,PL
2024-09-26,69.79041666666667,PL
2024-09-27,45.010416666666664,PL
2024-09-28,36.00833333333333,PL
2024-09-29,62.73125,PL
2024-09-30,104.75875,PL
2024-10-01,113.85916666666668,PL
2024-10-02,128.02666666666667,PL
2024-10-03,132.68708333333333,PL
2024-10-04,114.17833333333334,PL
2024-10-05,116.05875,PL
2024-10-06,108.72833333333334,PL
2024-10-07,119.85875,PL
2024-10-08,96.53708333333331,PL
2024-10-09,98.84,PL
2024-10-10,65.77166666666666,PL
2024-10-11,97.07791666666668,PL
2024-10-12,88.82416666666667,PL
2024-10-13,14.021666666666668,PL
2024-10-14,100.50333333333332,PL
2024-10-15,133.13375,PL
2024-10-16,88.47416666666668,PL
2024-10-17,60.819583333333334,PL
2024-10-18,92.24375,PL
2024-10-19,79.75791666666667,PL
2024-10-20,50.694583333333334,PL
2024-10-21,100.21625,PL
2024-10-22,118.17166666666668,PL
2024-10-23,125.68291666666666,PL
2024-10-24,129.73166666666663,PL
2024-10-25,123.21375,PL
2024-10-26,115.31791666666668,PL
2024-10-27,91.7748,PL
2024-10-28,131.04708333333335,PL
2024-10-29,142.89333333333337,PL
2024-10-30,124.16125,PL
2024-10-31,98.77916666666664,PL
2024-11-01,38.302083333333336,PL
2024-11-02,104.86666666666667,PL
2024-11-03,91.5975,PL
2024-11-04,140.3925,PL
2024-11-05,156.4275,PL
2024-11-06,196.86333333333337,PL
2024-11-07,159.37,PL
2024-11-08,124.06958333333334,PL
2024-11-09,114.7775,PL
2024-11-10,114.22416666666668,PL
2024-11-11,124.32541666666668,PL
2024-11-12,169.49333333333334,PL
2024-11-13,183.1208333333333,PL
2024-11-14,128.55833333333334,PL
2024-11-15,114.00208333333336,PL
2024-11-16,83.38125000000001,PL
2024-11-17,52.5125,PL
2024-11-18,91.47791666666666,PL
2024-11-19,120.37833333333332,PL
2024-11-20,115.80291666666666,PL
2024-11-21,122.90416666666664,PL
2024-11-22,145.40541666666667,PL
2024-11-23,90.82333333333334,PL
2024-11-24,58.415,PL
2024-11-25,73.15833333333333,PL
2024-11-26,143.68,PL
2024-11-27,166.1425,PL
2024-11-28,117.40375,PL
2024-11-29,140.67833333333334,PL
2024-11-30,136.7175,PL
2024-12-01,107.95125,PL
2024-12-02,122.17625,PL
2024-12-03,157.27,PL
2024-12-04,193.07958333333332,PL
2024-12-05,167.60125,PL
2024-12-06,114.77708333333334,PL
2024-12-07,125.445,PL
2024-12-08,108.28291666666668,PL
2024-12-09,117.27083333333331,PL
2024-12-10,145.52208333333334,PL
2024-12-11,185.9104166666667,PL
2024-12-12,172.06375,PL
2024-12-13,145.39083333333335,PL
2024-12-14,95.30666666666669,PL
2024-12-15,46.790416666666665,PL
2024-12-16,61.17458333333334,PL
2024-12-17,69.82000000000001,PL
2024-12-18,109.18333333333334,PL
2024-12-19,64.10000000000001,PL
2024-12-20,69.80375,PL
2024-12-21,59.22,PL
2024-12-22,58.682500000000005,PL
2024-12-23,121.11208333333332,PL
2024-12-24,104.22208333333332,PL
2024-12-25,98.70291666666668,PL
2024-12-26,112.59166666666664,PL
2024-12-27,121.78083333333332,PL
2024-12-28,122.00625,PL
2024-12-29,102.12708333333336,PL
2024-12-30,62.04333333333333,PL
2024-12-31,54.619565217391305,PL
2025-01-01,1.534166666666667,PL
2025-01-02,81.46875,PL
2025-01-03,87.35374999999999,PL
2025-01-04,115.465,PL
2025-01-05,95.92208333333332,PL
2025-01-06,59.465833333333336,PL
2025-01-07,83.43541666666667,PL
2025-01-08,106.97291666666666,PL
2025-01-09,123.14875,PL
2025-01-10,109.40291666666668,PL
2025-01-11,98.80125,PL
2025-01-12,109.83791666666669,PL
2025-01-13,134.68666666666667,PL
2025-01-14,126.16333333333334,PL
2025-01-15,199.49958333333333,PL
2025-01-16,143.89041666666665,PL
2025-01-17,142.51333333333332,PL
2025-01-18,132.80375,PL
2025-01-19,126.65125,PL
2025-01-20,144.3525,PL
2025-01-21,153.31458333333333,PL
2025-01-22,135.7591666666667,PL
2025-01-23,111.97916666666669,PL
2025-01-24,105.87583333333332,PL
2025-01-25,104.19166666666666,PL
2025-01-26,111.30083333333332,PL
2025-01-27,92.77958333333332,PL
2025-01-28,118.13625,PL
2025-01-29,107.12291666666664,PL
2025-01-30,131.635,PL
2025-01-31,140.66666666666666,PL
2025-02-01,136.34916666666666,PL
2025-02-02,137.59,PL
2025-02-03,150.44416666666666,PL
2025-02-04,145.15,PL
2025-02-05,141.48791666666668,PL
2025-02-06,151.1675,PL
2025-02-07,133.37916666666666,PL
2025-02-08,107.38875,PL
2025-02-09,126.8075,PL
2025-02-10,123.86625,PL
2025-02-11,128.9175,PL
2025-02-12,133.01958333333332,PL
2025-02-13,177.75375,PL
2025-02-14,176.04666666666665,PL
2025-02-15,133.83458333333334,PL
2025-02-16,135.68125,PL
2025-02-17,151.57541666666663,PL
2025-02-18,136.7925,PL
2025-02-19,141.62416666666667,PL
2025-02-20,110.43541666666664,PL
2025-02-21,110.47458333333331,PL
2025-02-22,82.30541666666666,PL
2025-02-23,112.9025,PL
2025-02-24,124.79166666666669,PL
2025-02-25,133.97583333333333,PL
2025-02-26,135.88833333333335,PL
2025-02-27,137.73125000000002,PL
2025-02-28,129.51250000000002,PL
2025-03-01,126.80916666666668,PL
2025-03-02,91.18666666666668,PL
2025-03-03,101.105,PL
2025-03-04,89.47000000000001,PL
2025-03-05,57.23083333333333,PL
2025-03-06,84.82625,PL
2025-03-07,113.65666666666668,PL
2025-03-08,98.48958333333331,PL
2025-03-09,79.84208333333333,PL
2025-03-10,113.04875,PL
2025-03-11,123.6725,PL
2025-03-12,124.31416666666668,PL
2025-03-13,123.89541666666668,PL
2025-03-14,122.03083333333332,PL
2025-03-15,109.42583333333332,PL
2025-03-16,74.19041666666666,PL
2025-03-17,94.06333333333332,PL
2025-03-18,90.40208333333334,PL
2025-03-19,102.14083333333332,PL
2025-03-20,109.74875,PL
2025-03-21,102.74375,PL
2025-03-22,46.177083333333336,PL
2025-03-23,52.59125,PL
2025-03-24,131.02083333333334,PL
2025-03-25,108.67458333333332,PL
2025-03-26,118.22208333333332,PL
2025-03-27,112.79541666666668,PL
2025-03-28,89.63499999999999,PL
2025-03-29,89.68625000000002,PL
2025-03-30,78.66869565217392,PL
2025-03-31,117.8325,PL
2025-04-01,115.6875,PL
2025-04-02,80.54583333333333,PL
2025-04-03,98.22791666666666,PL
2025-04-04,94.07458333333334,PL
2025-04-05,57.149166666666666,PL
2025-04-06,45.193333333333335,PL
2025-04-07,108.09083333333332,PL
2025-04-08,98.58333333333331,PL
2025-04-09,96.61416666666666,PL
2025-04-10,94.87625,PL
2025-04-11,106.03625,PL
2025-04-12,82.20625,PL
2025-04-13,52.403333333333336,PL
2025-04-14,104.48208333333334,PL
2025-04-15,84.04,PL
2025-04-16,94.68291666666666,PL
2025-04-17,84.96124999999999,PL
2025-04-18,94.3225,PL
2025-04-19,91.06375,PL
2025-04-20,61.507083333333334,PL
2025-04-21,74.59583333333333,PL
2025-04-22,115.03041666666668,PL
2025-04-23,112.62958333333334,PL
2025-04-24,97.61458333333331,PL
2025-04-25,95.745,PL
2025-04-26,64.41250000000001,PL
2025-04-27,45.31,PL
2025-04-28,78.89041666666667,PL
2025-04-29,74.075,PL
2025-04-30,75.18166666666667,PL
2025-05-01,52.3425,PL
2025-05-02,64.86166666666666,PL
2025-05-03,68.3975,PL
2025-05-04,53.68875,PL
2025-05-05,94.41375,PL
2025-05-06,90.61791666666666,PL
2025-05-07,100.57083333333333,PL
2025-05-08,108.25833333333333,PL
2025-05-09,107.59375,PL
2025-05-10,110.06875,PL
2025-05-11,62.59708333333333,PL
2025-05-12,96.45541666666666,PL
2025-05-13,97.42166666666668,PL
2025-05-14,87.19583333333333,PL
2025-05-15,96.38208333333334,PL
2025-05-16,103.16625,PL
2025-05-17,106.81583333333332,PL
2025-05-18,101.36166666666666,PL
2025-05-19,113.64625,PL
2025-05-20,97.555,PL
2025-05-21,89.59958333333333,PL
2025-05-22,117.67333333333332,PL
2025-05-23,114.95541666666666,PL
2025-05-24,99.03583333333334,PL
2025-05-25,61.529583333333335,PL
2025-05-26,115.76583333333332,PL
2025-05-27,97.91375,PL
2025-05-28,113.89,PL
2025-05-29,87.40041666666667,PL
2025-05-30,116.38541666666669,PL
2025-05-31,88.79083333333334,PL
2025-06-01,71.50083333333333,PL
2025-06-02,118.92,PL
2025-06-03,115.11958333333332,PL
2025-06-04,87.46583333333332,PL
2025-06-05,108.055,PL
2025-06-06,80.49416666666666,PL
2025-06-07,88.97041666666667,PL
2025-06-08,45.173750000000005,PL
2025-06-09,41.975,PL
2025-06-10,103.93166666666669,PL
2025-06-11,91.89,PL
2025-06-12,79.23291666666667,PL
2025-06-13,90.92958333333333,PL
2025-06-14,77.86166666666666,PL
2025-06-15,70.705,PL
2025-06-16,94.80125,PL
2025-06-17,95.81875,PL
2025-06-18,90.87041666666666,PL
2025-06-19,39.26625,PL
2025-06-20,83.50750000000001,PL
2025-06-21,77.30291666666666,PL
2025-06-22,46.7875,PL
2025-06-23,70.66958333333334,PL
2025-06-24,61.154583333333335,PL
2025-06-25,78.32,PL
2025-06-26,125.005,PL
2025-06-27,87.19791666666667,PL
2025-06-28,73.07416666666667,PL
2025-06-29,54.73166666666666,PL
2025-06-30,94.20625,PL
2025-07-01,128.72916666666666,PL
2025-07-02,114.55625,PL
2025-07-03,98.22208333333332,PL
2025-07-04,100.29041666666666,PL
2025-07-05,81.26666666666667,PL
2025-07-06,81.69583333333334,PL
2025-07-07,133.41708333333332,PL
2025-07-08,110.25583333333331,PL
2025-07-09,113.67583333333334,PL
2025-07-10,92.105,PL
2025-07-11,103.87208333333332,PL
2025-07-12,108.20208333333332,PL
2025-07-13,79.33166666666666,PL
2025-07-14,119.16791666666668,PL
2025-07-15,108.12791666666668,PL
2025-07-16,102.60333333333334,PL
2025-07-17,118.93166666666669,PL
2025-07-18,106.74125,PL
2025-07-19,89.23708333333333,PL
2025-07-20,79.93333333333334,PL
2025-07-21,108.71750000000002,PL
2025-07-22,91.54041666666669,PL
2025-07-23,92.6225,PL
2025-07-24,111.05625,PL
2025-07-25,116.89875,PL
2025-07-26,104.26333333333334,PL
2025-07-27,102.35333333333334,PL
2025-07-28,102.68291666666666,PL
2025-07-29,86.40541666666667,PL
2025-07-30,89.40375,PL
2025-07-31,99.38125,PL
2025-08-01,101.04375,PL
2025-08-02,83.00541666666668,PL
2025-08-03,84.80291666666666,PL
2025-08-04,98.99125,PL
2025-08-05,95.53291666666668,PL
2025-08-06,76.76791666666666,PL
2025-08-07,81.095,PL
2025-08-08,97.20458333333332,PL
2025-08-09,74.65791666666667,PL
2025-08-10,47.555,PL
2025-08-11,88.3775,PL
2025-08-12,94.19625,PL
2025-08-13,99.16625,PL
2025-08-14,109.59666666666668,PL
2025-08-15,75.45916666666666,PL
2025-08-16,65.21124999999999,PL
2025-08-17,64.54958333333333,PL
2025-08-18,109.5125,PL
2025-08-19,101.8075,PL
2025-08-20,92.3425,PL
2025-08-21,104.15583333333332,PL
2025-08-22,78.57375,PL
2025-08-23,74.80624999999999,PL
2025-08-24,62.08041666666667,PL
2025-08-25,89.26958333333333,PL
2025-08-26,106.47125,PL
2025-08-27,106.81875,PL
2025-08-28,100.23916666666666,PL
2025-08-29,111.76583333333332,PL
2025-08-30,102.05166666666666,PL
2025-08-31,99.90583333333336,PL
2025-09-01,106.7625,PL
2025-09-02,126.14666666666666,PL
2025-09-03,121.47083333333336,PL
2025-09-04,114.57125,PL
2025-09-05,111.75416666666666,PL
2025-09-06,111.58958333333334,PL
2025-09-07,94.97208333333332,PL
2025-09-08,135.60875,PL
2025-09-09,137.89625,PL
2025-09-10,124.875,PL
2025-09-11,120.03041666666668,PL
2025-09-12,110.43958333333336,PL
2025-09-13,120.6625,PL
2025-09-14,102.0225,PL
2025-09-15,98.16791666666668,PL
2025-09-16,75.4025,PL
2025-09-17,97.39625,PL
2025-09-18,125.28041666666668,PL
2025-09-19,110.53166666666664,PL
2025-09-20,73.07333333333334,PL
2025-09-21,36.28916666666667,PL
2025-09-22,117.38666666666666,PL
2025-09-23,135.34125,PL
2025-09-24,98.35541666666668,PL
2025-09-25,81.93833333333333,PL
2025-09-26,83.81416666666667,PL
2025-09-27,93.36625,PL
2025-09-28,88.90249999999999,PL
2025-09-29,131.44166666666666,PL
2025-09-30,140.76833333333337,PL
2025-10-01,124.3659375,PL
2025-10-02,113.654375,PL
2025-10-03,113.57229166666669,PL
2025-10-04,60.459270833333335,PL
2025-10-05,29.65552083333333,PL
2025-10-06,92.46395833333334,PL
2025-10-07,140.30249999999998,PL
2025-10-08,124.32270833333332,PL
2025-10-09,112.6978125,PL
2025-10-10,93.84895833333331,PL
2025-10-11,103.37739583333332,PL
2025-10-12,94.70645833333332,PL
2025-10-13,136.66552083333332,PL
2025-10-14,164.86666666666667,PL
2025-10-15,145.94854166666667,PL
2025-10-16,115.215,PL
2025-10-17,122.44375,PL
2025-10-18,93.94864583333332,PL
2025-10-19,100.10177083333332,PL
2025-10-20,94.33020833333336,PL
2025-10-21,85.98312499999999,PL
2025-10-22,136.15291666666667,PL
2025-10-23,115.06489583333332,PL
2025-10-24,109.22635416666668,PL
2025-10-25,83.324375,PL
2025-10-26,53.319700000000005,PL
2025-10-27,96.510625,PL
2025-10-28,87.80343749999999,PL
2025-10-29,102.1509375,PL
2025-10-30,92.98208333333334,PL
2025-10-31,115.05989583333331,PL
2025-11-01,70.41250000000001,PL
2025-11-02,106.736875,PL
2025-11-03,127.3384375,PL
2025-11-04,110.650625,PL
2025-11-05,106.06489583333332,PL
2025-11-06,109.915,PL
2025-11-07,112.688125,PL
2025-11-08,110.9284375,PL
2025-11-09,109.97760416666668,PL
2025-11-10,135.44041666666666,PL
2025-11-11,111.11645833333334,PL
2025-11-12,118.12833333333332,PL
2025-11-13,68.8478125,PL
2025-11-14,126.13697916666666,PL
2025-11-15,113.3775,PL
2025-11-16,106.65208333333334,PL
2025-11-17,118.0371875,PL
2025-11-18,110.27510416666668,PL
2025-11-19,124.9121875,PL
2025-11-20,138.09052083333333,PL
2025-11-21,148.39395833333333,PL
2025-11-22,131.72583333333333,PL
2025-11-23,123.40447916666666,PL
2025-11-24,190.29937500000003,PL
2025-11-25,257.75083333333333,PL
2025-11-26,138.2884375,PL
2025-11-27,135.27427083333333,PL
2025-11-28,128.91885416666668,PL
2025-11-29,121.3809375,PL
2025-11-30,110.34427083333333,PL
2025-12-01,202.76875,PL
2025-12-02,166.91354166666667,PL
2025-12-03,168.8871875,PL
2025-12-04,141.58583333333334,PL
2025-12-05,136.32604166666667,PL
2025-12-06,117.13833333333334,PL
2025-12-07,107.25072916666666,PL
2025-12-08,110.4428125,PL
2025-12-09,111.57125,PL
2025-12-10,109.12166666666668,PL
2025-12-11,103.76760416666669,PL
2025-12-12,118.535625,PL
2025-12-13,107.81052083333331,PL
2025-12-14,97.90895833333332,PL
2025-12-15,116.66489583333332,PL
2025-12-16,129.58083333333337,PL
2025-12-17,123.79854166666668,PL
2025-12-18,117.43208333333332,PL
2025-12-19,101.490625,PL
2025-12-20,113.870625,PL
2025-12-21,114.55385416666668,PL
2025-12-22,124.72166666666668,PL
2025-12-23,111.2071875,PL
2025-12-24,90.56572916666666,PL
2025-12-25,96.7684375,PL
2025-12-26,101.37083333333334,PL
2025-12-27,94.46489583333332,PL
2025-12-28,88.419375,PL
2025-12-29,99.33114583333334,PL
2025-12-30,83.45697916666667,PL
2025-12-31,104.78526315789476,PL
2026-01-01,29.127604166666668,PL
2026-01-02,64.19208333333333,PL
2026-01-03,87.87020833333334,PL
2026-01-04,94.81020833333334,PL
2026-01-05,142.4025,PL
2026-01-06,131.58677083333333,PL
2026-01-07,192.30625,PL
2026-01-08,193.41947916666663,PL
2026-01-09,134.8665625,PL
2026-01-10,131.089375,PL
2026-01-11,97.39520833333334,PL
2026-01-12,258.76729166666667,PL
2026-01-13,263.9813541666667,PL
2026-01-14,127.67947916666668,PL
2026-01-15,173.28375000000003,PL
2026-01-16,129.86010416666667,PL
2026-01-17,120.5709375,PL
2026-01-18,113.663125,PL
2026-01-19,140.33541666666667,PL
2026-01-20,140.3515625,PL
2026-01-21,166.6884375,PL
2026-01-22,138.99458333333334,PL
2026-01-23,148.6878125,PL
2026-01-24,126.8746875,PL
2026-01-25,118.25708333333334,PL
2026-01-26,171.73291666666668,PL
2026-01-27,221.18,PL
2026-01-28,180.47739583333336,PL
2026-01-29,149.11010416666667,PL
2026-01-30,138.3834375,PL
2026-01-31,113.1696875,PL
2026-02-01,109.88166666666666,PL
2026-02-02,144.38135416666668,PL
2026-02-03,125.98427083333333,PL
2026-02-04,135.643125,PL
2026-02-05,122.82895833333332,PL
2026-02-06,142.44510416666665,PL
2026-02-07,115.02520833333334,PL
2026-02-08,108.74541666666666,PL
2026-02-09,137.97395833333334,PL
2026-02-10,142.35447916666666,PL
2026-02-11,123.69291666666668,PL
2026-02-12,125.28885416666668,PL
2026-02-13,111.39552083333332,PL
2026-02-14,115.80635416666668,PL
2026-02-15,114.12104166666668,PL
2026-02-16,113.07510416666668,PL
2026-02-17,131.435625,PL
2026-02-18,130.72677083333335,PL
2026-02-19,130.603125,PL
2026-02-20,117.548125,PL
2026-02-21,88.1790625,PL
2026-02-22,85.29666666666667,PL
2026-02-23,96.101875,PL
2026-02-24,115.76166666666668,PL
2026-02-25,113.4784375,PL
2026-02-26,87.12916666666666,PL
2026-02-27,85.95177083333334,PL
2026-02-28,69.45302083333333,PL
2026-03-01,64.6959375,PL
2026-03-02,117.1590625,PL
2026-03-03,107.46260416666668,PL
2026-03-04,132.16197916666667,PL
2026-03-05,116.58364583333334,PL
2026-03-06,106.5165625,PL
2026-03-07,105.87385416666666,PL
2026-03-08,88.55072916666667,PL
2026-03-09,111.4778125,PL
2026-03-10,103.68416666666668,PL
2026-03-11,85.21604166666667,PL
2026-03-12,111.74791666666664,PL
2026-03-13,81.96625,PL
2026-03-14,84.02927083333334,PL
2026-03-15,110.391875,PL
2026-03-16,121.80177083333332,PL
2026-03-17,131.2175,PL
2026-03-18,91.1784375,PL
2026-03-19,118.12677083333334,PL
2026-03-20,147.80552083333333,PL
2026-03-21,104.538125,PL
2026-03-22,81.82927083333333,PL
2026-03-23,131.599375,PL
2026-03-24,88.64614583333334,PL
2026-03-25,55.5896875,PL
2026-03-26,112.18854166666668,PL
2026-03-27,107.84020833333334,PL
2026-03-28,89.26708333333333,PL
2026-03-29,98.03945652173913,PL
2026-03-30,107.2484375,PL
2026-03-31,128.89302083333334,PL
2026-04-01,130.75552083333335,PL
2026-04-02,103.54979166666668,PL
2026-04-03,99.516875,PL
2026-04-04,56.483645833333334,PL
2026-04-05,-2.198958333333333,PL
2026-04-06,-3.014791666666666,PL
2026-04-07,84.79541666666667,PL
2026-04-08,100.59145833333334,PL
2026-04-09,90.33822916666666,PL
2026-04-10,122.53864583333332,PL
2026-04-11,87.471875,PL
2026-04-12,79.11302083333334,PL
2026-04-13,103.76489583333334,PL
2026-04-14,131.83135416666667,PL
2026-04-15,122.59520833333332,PL
2026-04-16,116.33760416666668,PL
2026-04-17,95.51677083333334,PL
2026-04-18,78.5184375,PL
2026-04-19,93.0359375,PL
2026-04-20,110.77916666666664,PL
2026-04-21,79.03541666666666,PL
2026-04-22,79.96864583333333,PL
2026-04-23,66.32989583333334,PL
2026-04-24,98.99083333333334,PL
2026-04-25,17.02541666666667,PL
2026-04-26,1.259375,PL
2026-04-27,96.59697916666666,PL
2026-04-28,80.9471875,PL
2026-04-29,82.10677083333333,PL
2026-04-30,86.288125,PL
2026-05-01,12.254375,PL
2026-05-02,61.42989583333334,PL
2026-05-03,68.67072916666667,PL
2026-05-04,117.35875,PL
2026-05-05,122.76635416666666,PL
2026-05-06,116.04364583333334,PL
2026-05-07,135.83791666666667,PL
2026-05-08,122.3203125,PL
2026-05-09,112.83760416666668,PL
2026-05-10,78.95802083333334,PL
2026-05-11,119.58322916666668,PL
2026-05-12,102.68104166666666,PL
2026-05-13,115.34739583333334,PL
2026-05-14,102.7121875,PL
2026-05-15,127.55416666666667,PL
2026-05-16,110.92208333333332,PL
2026-05-17,95.62447916666667,PL
2026-05-18,141.40364583333334,PL
2026-05-19,134.07989583333332,PL
2026-05-20,110.3146875,PL
2026-05-21,106.6784375,PL
2026-05-22,106.46739583333334,PL
2026-05-23,95.63197916666668,PL
2026-05-24,67.82677083333333,PL
2026-05-25,138.78,PL
2021-01-01,42.51,ES
2021-01-02,48.720416666666665,ES
2021-01-03,46.9275,ES
2021-01-04,59.84958333333333,ES
2021-01-05,67.54541666666667,ES
2021-01-06,70.59916666666668,ES
2021-01-07,88.92625,ES
2021-01-08,94.98875,ES
2021-01-09,80.66,ES
2021-01-10,66.27083333333333,ES
2021-01-11,82.45,ES
2021-01-12,84.24499999999999,ES
2021-01-13,89.93541666666665,ES
2021-01-14,87.25208333333335,ES
2021-01-15,78.42041666666667,ES
2021-01-16,67.72,ES
2021-01-17,64.51125,ES
2021-01-18,82.07625,ES
2021-01-19,76.46541666666667,ES
2021-01-20,51.6625,ES
2021-01-21,41.63875,ES
2021-01-22,41.974583333333335,ES
2021-01-23,27.495,ES
2021-01-24,28.725,ES
2021-01-25,59.41833333333333,ES
2021-01-26,65.97791666666667,ES
2021-01-27,59.774166666666666,ES
2021-01-28,55.39041666666666,ES
2021-01-29,47.38916666666666,ES
2021-01-30,4.185833333333333,ES
2021-01-31,1.4195833333333334,ES
2021-02-01,11.8975,ES
2021-02-02,26.3375,ES
2021-02-03,36.2625,ES
2021-02-04,52.19708333333333,ES
2021-02-05,50.99125,ES
2021-02-06,36.01583333333333,ES
2021-02-07,12.580833333333333,ES
2021-02-08,8.296666666666667,ES
2021-02-09,7.104166666666667,ES
2021-02-10,26.259583333333335,ES
2021-02-11,48.00458333333333,ES
2021-02-12,36.935833333333335,ES
2021-02-13,36.900416666666665,ES
2021-02-14,13.378749999999998,ES
2021-02-15,14.85125,ES
2021-02-16,23.982083333333335,ES
2021-02-17,41.930416666666666,ES
2021-02-18,36.17791666666667,ES
2021-02-19,22.269166666666667,ES
2021-02-20,2.185416666666667,ES
2021-02-21,5.6745833333333335,ES
2021-02-22,39.39083333333333,ES
2021-02-23,43.6475,ES
2021-02-24,24.8225,ES
2021-02-25,45.83291666666667,ES
2021-02-26,46.09291666666667,ES
2021-02-27,29.24375,ES
2021-02-28,18.533333333333335,ES
2021-03-01,42.24208333333333,ES
2021-03-02,52.66625,ES
2021-03-03,53.24375,ES
2021-03-04,55.42583333333334,ES
2021-03-05,52.45375000000001,ES
2021-03-06,45.07333333333333,ES
2021-03-07,47.053333333333335,ES
2021-03-08,54.425,ES
2021-03-09,56.87916666666666,ES
2021-03-10,55.8675,ES
2021-03-11,40.75958333333333,ES
2021-03-12,40.1625,ES
2021-03-13,27.752916666666664,ES
2021-03-14,24.544583333333332,ES
2021-03-15,47.585,ES
2021-03-16,34.514583333333334,ES
2021-03-17,17.34958333333333,ES
2021-03-18,32.772083333333335,ES
2021-03-19,29.66125,ES
2021-03-20,22.18875,ES
2021-03-21,30.275,ES
2021-03-22,55.79416666666666,ES
2021-03-23,64.47125,ES
2021-03-24,64.81541666666666,ES
2021-03-25,66.35375,ES
2021-03-26,60.31041666666667,ES
2021-03-27,41.10583333333333,ES
2021-03-28,38.60130434782609,ES
2021-03-29,45.69166666666666,ES
2021-03-30,53.532916666666665,ES
2021-03-31,55.15875,ES
2021-04-01,52.117916666666666,ES
2021-04-02,51.00416666666666,ES
2021-04-03,35.175000000000004,ES
2021-04-04,27.735,ES
2021-04-05,44.552083333333336,ES
2021-04-06,55.97,ES
2021-04-07,66.11166666666666,ES
2021-04-08,69.77541666666666,ES
2021-04-09,71.86749999999999,ES
2021-04-10,65.00541666666668,ES
2021-04-11,52.01291666666666,ES
2021-04-12,63.03541666666667,ES
2021-04-13,75.4975,ES
2021-04-14,73.95666666666666,ES
2021-04-15,68.185,ES
2021-04-16,68.9275,ES
2021-04-17,64.18833333333333,ES
2021-04-18,64.53916666666667,ES
2021-04-19,79.02499999999999,ES
2021-04-20,78.57625,ES
2021-04-21,79.59625,ES
2021-04-22,74.41416666666667,ES
2021-04-23,68.55541666666666,ES
2021-04-24,57.31166666666667,ES
2021-04-25,61.08833333333333,ES
2021-04-26,75.98833333333333,ES
2021-04-27,77.95333333333333,ES
2021-04-28,74.40416666666667,ES
2021-04-29,74.66833333333334,ES
2021-04-30,79.28583333333333,ES
2021-05-01,59.36166666666667,ES
2021-05-02,61.39166666666667,ES
2021-05-03,73.54041666666667,ES
2021-05-04,81.27,ES
2021-05-05,75.71458333333332,ES
2021-05-06,73.10833333333333,ES
2021-05-07,73.49916666666667,ES
2021-05-08,47.25208333333333,ES
2021-05-09,10.5275,ES
2021-05-10,59.26458333333333,ES
2021-05-11,54.05041666666667,ES
2021-05-12,53.04333333333333,ES
2021-05-13,59.79624999999999,ES
2021-05-14,71.52958333333333,ES
2021-05-15,43.15625,ES
2021-05-16,26.649583333333336,ES
2021-05-17,76.81958333333334,ES
2021-05-18,77.64999999999999,ES
2021-05-19,77.11041666666667,ES
2021-05-20,79.79208333333334,ES
2021-05-21,69.54083333333334,ES
2021-05-22,66.40708333333333,ES
2021-05-23,68.66791666666667,ES
2021-05-24,67.40416666666667,ES
2021-05-25,76.64375,ES
2021-05-26,80.71958333333333,ES
2021-05-27,86.22874999999999,ES
2021-05-28,88.95208333333333,ES
2021-05-29,81.76708333333333,ES
2021-05-30,71.92916666666666,ES
2021-05-31,88.08416666666666,ES
2021-06-01,86.56458333333335,ES
2021-06-02,84.84541666666667,ES
2021-06-03,79.80208333333333,ES
2021-06-04,80.58624999999999,ES
2021-06-05,76.16791666666667,ES
2021-06-06,68.86833333333333,ES
2021-06-07,79.69083333333333,ES
2021-06-08,82.33416666666666,ES
2021-06-09,81.60166666666667,ES
2021-06-10,83.33624999999999,ES
2021-06-11,82.53458333333333,ES
2021-06-12,77.59833333333333,ES
2021-06-13,79.19583333333334,ES
2021-06-14,88.47416666666668,ES
2021-06-15,90.95083333333334,ES
2021-06-16,94.63291666666667,ES
2021-06-17,92.99666666666668,ES
2021-06-18,92.67416666666666,ES
2021-06-19,87.22416666666668,ES
2021-06-20,52.63458333333333,ES
2021-06-21,82.55166666666666,ES
2021-06-22,89.52499999999999,ES
2021-06-23,89.88375,ES
2021-06-24,85.73458333333333,ES
2021-06-25,86.56958333333334,ES
2021-06-26,83.99208333333333,ES
2021-06-27,64.21166666666666,ES
2021-06-28,86.435,ES
2021-06-29,93.49125,ES
2021-06-30,93.88666666666668,ES
2021-07-01,92.44083333333332,ES
2021-07-02,99.79791666666668,ES
2021-07-03,94.2275,ES
2021-07-04,79.42666666666666,ES
2021-07-05,93.85041666666666,ES
2021-07-06,93.57125,ES
2021-07-07,98.72375,ES
2021-07-08,93.67458333333332,ES
2021-07-09,93.4975,ES
2021-07-10,90.47833333333334,ES
2021-07-11,90.76625,ES
2021-07-12,86.675,ES
2021-07-13,94.39,ES
2021-07-14,84.45875,ES
2021-07-15,87.18374999999999,ES
2021-07-16,87.31708333333334,ES
2021-07-17,90.95208333333332,ES
2021-07-18,74.19375000000001,ES
2021-07-19,98.80291666666666,ES
2021-07-20,101.8225,ES
2021-07-21,106.57333333333334,ES
2021-07-22,101.51666666666668,ES
2021-07-23,95.88708333333334,ES
2021-07-24,92.01875,ES
2021-07-25,93.20208333333332,ES
2021-07-26,99.52333333333333,ES
2021-07-27,99.04666666666668,ES
2021-07-28,95.57416666666668,ES
2021-07-29,98.83166666666666,ES
2021-07-30,95.36625,ES
2021-07-31,61.08625,ES
2021-08-01,76.88666666666667,ES
2021-08-02,103.07458333333334,ES
2021-08-03,106.26666666666668,ES
2021-08-04,105.23916666666666,ES
2021-08-05,101.60458333333332,ES
2021-08-06,97.21583333333332,ES
2021-08-07,65.63541666666667,ES
2021-08-08,85.29208333333334,ES
2021-08-09,106.74208333333333,ES
2021-08-10,111.87583333333332,ES
2021-08-11,113.99416666666669,ES
2021-08-12,115.82666666666668,ES
2021-08-13,117.29166666666669,ES
2021-08-14,114.63333333333333,ES
2021-08-15,110.02291666666667,ES
2021-08-16,88.92458333333333,ES
2021-08-17,89.49958333333332,ES
2021-08-18,105.40375,ES
2021-08-19,113.40416666666664,ES
2021-08-20,117.13916666666668,ES
2021-08-21,110.14041666666668,ES
2021-08-22,100.50916666666666,ES
2021-08-23,99.755,ES
2021-08-24,102.06333333333332,ES
2021-08-25,116.73375,ES
2021-08-26,122.75666666666666,ES
2021-08-27,118.99416666666669,ES
2021-08-28,110.22,ES
2021-08-29,102.03416666666668,ES
2021-08-30,124.45125,ES
2021-08-31,130.53041666666667,ES
2021-09-01,132.465,ES
2021-09-02,140.22708333333333,ES
2021-09-03,137.70000000000002,ES
2021-09-04,134.89458333333332,ES
2021-09-05,128.69625,ES
2021-09-06,132.645,ES
2021-09-07,127.35583333333334,ES
2021-09-08,135.65416666666667,ES
2021-09-09,141.7125,ES
2021-09-10,152.31958333333333,ES
2021-09-11,150.77916666666667,ES
2021-09-12,144.17791666666668,ES
2021-09-13,154.15666666666667,ES
2021-09-14,153.43,ES
2021-09-15,172.78333333333333,ES
2021-09-16,188.17666666666665,ES
2021-09-17,166.29,ES
2021-09-18,159.36833333333334,ES
2021-09-19,146.57416666666668,ES
2021-09-20,156.74791666666667,ES
2021-09-21,150.25666666666666,ES
2021-09-22,175.87208333333334,ES
2021-09-23,165.19,ES
2021-09-24,172.96624999999997,ES
2021-09-25,166.35916666666665,ES
2021-09-26,160.41583333333332,ES
2021-09-27,174.6833333333333,ES
2021-09-28,182.7125,ES
2021-09-29,189.8983333333333,ES
2021-09-30,189.82583333333332,ES
2021-10-01,216.00833333333333,ES
2021-10-02,173.64916666666667,ES
2021-10-03,111.60125,ES
2021-10-04,186.4575,ES
2021-10-05,203.68208333333337,ES
2021-10-06,228.5925,ES
2021-10-07,288.5254166666667,ES
2021-10-08,229.20375,ES
2021-10-09,226.21,ES
2021-10-10,175.64041666666665,ES
2021-10-11,184.47916666666663,ES
2021-10-12,184.29416666666663,ES
2021-10-13,185.73583333333332,ES
2021-10-14,215.63,ES
2021-10-15,231.81708333333333,ES
2021-10-16,226.92916666666667,ES
2021-10-17,209.62541666666667,ES
2021-10-18,227.45041666666668,ES
2021-10-19,207.13916666666668,ES
2021-10-20,201.39958333333337,ES
2021-10-21,207.92458333333332,ES
2021-10-22,203.54458333333332,ES
2021-10-23,211.2125,ES
2021-10-24,213.28916666666663,ES
2021-10-25,225.3625,ES
2021-10-26,215.83375,ES
2021-10-27,226.15291666666667,ES
2021-10-28,205.045,ES
2021-10-29,175.82708333333335,ES
2021-10-30,124.52625,ES
2021-10-31,78.9956,ES
2021-11-01,91.19625,ES
2021-11-02,145.94833333333335,ES
2021-11-03,154.29333333333332,ES
2021-11-04,171.9125,ES
2021-11-05,171.44958333333332,ES
2021-11-06,157.42916666666667,ES
2021-11-07,131.49791666666667,ES
2021-11-08,167.6725,ES
2021-11-09,178.45208333333335,ES
2021-11-10,199.28,ES
2021-11-11,183.20583333333332,ES
2021-11-12,185.01875,ES
2021-11-13,180.475,ES
2021-11-14,172.47208333333333,ES
2021-11-15,180.57291666666663,ES
2021-11-16,194.22583333333333,ES
2021-11-17,194.84124999999997,ES
2021-11-18,226.9425,ES
2021-11-19,228.8420833333333,ES
2021-11-20,218.46083333333337,ES
2021-11-21,229.61625,ES
2021-11-22,236.50708333333333,ES
2021-11-23,225.575,ES
2021-11-24,225.70375,ES
2021-11-25,228.41708333333335,ES
2021-11-26,227.59333333333333,ES
2021-11-27,204.3529166666667,ES
2021-11-28,201.4154166666667,ES
2021-11-29,214.99708333333336,ES
2021-11-30,274.5570833333333,ES
2021-12-01,247.2095833333333,ES
2021-12-02,220.6604166666667,ES
2021-12-03,226.1470833333333,ES
2021-12-04,220.89791666666667,ES
2021-12-05,101.9725,ES
2021-12-06,209.7829166666667,ES
2021-12-07,211.80583333333337,ES
2021-12-08,108.72666666666667,ES
2021-12-09,216.73708333333332,ES
2021-12-10,208.40708333333336,ES
2021-12-11,239.5325,ES
2021-12-12,256.97583333333336,ES
2021-12-13,268.20750000000004,ES
2021-12-14,287.77625,ES
2021-12-15,291.7275,ES
2021-12-16,302.4845833333333,ES
2021-12-17,309.19625,ES
2021-12-18,306.32958333333335,ES
2021-12-19,319.62833333333333,ES
2021-12-20,339.8391666666667,ES
2021-12-21,327.37958333333336,ES
2021-12-22,360.02416666666664,ES
2021-12-23,383.6725,ES
2021-12-24,311.01666666666665,ES
2021-12-25,226.41625,ES
2021-12-26,188.52625,ES
2021-12-27,96.07833333333332,ES
2021-12-28,104.36416666666666,ES
2021-12-29,181.08833333333337,ES
2021-12-30,200.68166666666664,ES
2021-12-31,140.42217391304348,ES
2022-01-01,122.62916666666666,ES
2022-01-02,136.96833333333333,ES
2022-01-03,150.4983333333333,ES
2022-01-04,152.14541666666665,ES
2022-01-05,180.2,ES
2022-01-06,212.97916666666663,ES
2022-01-07,215.85583333333332,ES
2022-01-08,203.44625,ES
2022-01-09,119.24375,ES
2022-01-10,217.26458333333335,ES
2022-01-11,223.16333333333333,ES
2022-01-12,206.06833333333336,ES
2022-01-13,215.105,ES
2022-01-14,202.94708333333335,ES
2022-01-15,218.81833333333336,ES
2022-01-16,213.09625000000003,ES
2022-01-17,244.66958333333332,ES
2022-01-18,222.73,ES
2022-01-19,213.16083333333333,ES
2022-01-20,190.63916666666668,ES
2022-01-21,179.0895833333333,ES
2022-01-22,190.41458333333333,ES
2022-01-23,201.34,ES
2022-01-24,226.99875,ES
2022-01-25,224.23666666666668,ES
2022-01-26,236.77125,ES
2022-01-27,232.50208333333333,ES
2022-01-28,224.58791666666664,ES
2022-01-29,223.355,ES
2022-01-30,230.50458333333333,ES
2022-01-31,221.81708333333333,ES
2022-02-01,206.54125,ES
2022-02-02,210.17625,ES
2022-02-03,207.89,ES
2022-02-04,197.02625,ES
2022-02-05,198.37249999999997,ES
2022-02-06,190.4675,ES
2022-02-07,206.46208333333337,ES
2022-02-08,203.69833333333335,ES
2022-02-09,210.52458333333337,ES
2022-02-10,205.7025,ES
2022-02-11,196.49291666666667,ES
2022-02-12,198.9383333333333,ES
2022-02-13,164.04416666666663,ES
2022-02-14,183.32375,ES
2022-02-15,199.94458333333333,ES
2022-02-16,178.09124999999997,ES
2022-02-17,163.40916666666666,ES
2022-02-18,184.25625,ES
2022-02-19,137.75791666666666,ES
2022-02-20,162.64208333333332,ES
2022-02-21,183.31791666666663,ES
2022-02-22,179.73916666666665,ES
2022-02-23,195.86208333333337,ES
2022-02-24,205.6025,ES
2022-02-25,240.13125,ES
2022-02-26,261.1120833333333,ES
2022-02-27,256.83750000000003,ES
2022-02-28,277.77500000000003,ES
2022-03-01,258.65875,ES
2022-03-02,254.03041666666664,ES
2022-03-03,341.5229166666666,ES
2022-03-04,340.69541666666663,ES
2022-03-05,366.5495833333334,ES
2022-03-06,379.03125,ES
2022-03-07,442.5375,ES
2022-03-08,544.98375,ES
2022-03-09,472.9704166666666,ES
2022-03-10,369.7475,ES
2022-03-11,284.57875,ES
2022-03-12,246.05125,ES
2022-03-13,247.88958333333335,ES
2022-03-14,251.70416666666665,ES
2022-03-15,249.66375,ES
2022-03-16,263.64708333333334,ES
2022-03-17,217.12541666666667,ES
2022-03-18,232.2820833333333,ES
2022-03-19,221.91125,ES
2022-03-20,207.1125,ES
2022-03-21,229.71125,ES
2022-03-22,226.1425,ES
2022-03-23,212.43666666666664,ES
2022-03-24,225.7125,ES
2022-03-25,263.85125,ES
2022-03-26,237.4454166666667,ES
2022-03-27,219.42260869565217,ES
2022-03-28,231.71875,ES
2022-03-29,248.09708333333333,ES
2022-03-30,255.80999999999997,ES
2022-03-31,239.36916666666664,ES
2022-04-01,224.75458333333333,ES
2022-04-02,225.08375,ES
2022-04-03,228.29583333333335,ES
2022-04-04,251.8675,ES
2022-04-05,265.01625,ES
2022-04-06,254.99458333333337,ES
2022-04-07,214.79291666666663,ES
2022-04-08,154.69625,ES
2022-04-09,241.58625,ES
2022-04-10,159.33124999999998,ES
2022-04-11,163.1275,ES
2022-04-12,237.29958333333337,ES
2022-04-13,229.43499999999997,ES
2022-04-14,220.76125,ES
2022-04-15,198.4729166666667,ES
2022-04-16,153.85,ES
2022-04-17,111.35083333333334,ES
2022-04-18,103.24333333333334,ES
2022-04-19,112.12166666666668,ES
2022-04-20,85.18916666666667,ES
2022-04-21,161.7175,ES
2022-04-22,207.76875,ES
2022-04-23,86.24874999999999,ES
2022-04-24,146.94666666666666,ES
2022-04-25,226.56583333333333,ES
2022-04-26,233.78,ES
2022-04-27,220.94625,ES
2022-04-28,224.965,ES
2022-04-29,214.83833333333337,ES
2022-04-30,186.44916666666663,ES
2022-05-01,177.85833333333335,ES
2022-05-02,191.80625,ES
2022-05-03,191.47125000000003,ES
2022-05-04,202.14916666666667,ES
2022-05-05,190.7725,ES
2022-05-06,197.63208333333333,ES
2022-05-07,184.86375,ES
2022-05-08,172.39208333333332,ES
2022-05-09,208.73666666666668,ES
2022-05-10,208.70625,ES
2022-05-11,186.83916666666667,ES
2022-05-12,187.26625,ES
2022-05-13,202.99041666666668,ES
2022-05-14,191.5525,ES
2022-05-15,127.22833333333334,ES
2022-05-16,195.23458333333335,ES
2022-05-17,199.35708333333332,ES
2022-05-18,194.86166666666668,ES
2022-05-19,191.07541666666668,ES
2022-05-20,203.73625,ES
2022-05-21,178.70749999999998,ES
2022-05-22,170.56125,ES
2022-05-23,194.16125,ES
2022-05-24,180.01083333333335,ES
2022-05-25,184.57333333333335,ES
2022-05-26,173.28833333333333,ES
2022-05-27,168.53916666666666,ES
2022-05-28,162.2516666666667,ES
2022-05-29,161.8425,ES
2022-05-30,206.61875,ES
2022-05-31,213.8216666666667,ES
2022-06-01,210.45333333333335,ES
2022-06-02,214.73791666666668,ES
2022-06-03,214.5041666666667,ES
2022-06-04,203.86125,ES
2022-06-05,193.65416666666667,ES
2022-06-06,194.9416666666667,ES
2022-06-07,193.3204166666667,ES
2022-06-08,185.44833333333335,ES
2022-06-09,182.66958333333332,ES
2022-06-10,194.35083333333333,ES
2022-06-11,190.4983333333333,ES
2022-06-12,167.06041666666667,ES
2022-06-13,200.6175,ES
2022-06-14,214.04541666666668,ES
2022-06-15,165.58958333333334,ES
2022-06-16,170.81291666666667,ES
2022-06-17,177.90333333333334,ES
2022-06-18,146.53583333333333,ES
2022-06-19,122.61166666666666,ES
2022-06-20,157.48041666666668,ES
2022-06-21,148.02791666666667,ES
2022-06-22,152.75,ES
2022-06-23,149.85541666666666,ES
2022-06-24,137.58791666666667,ES
2022-06-25,128.70333333333335,ES
2022-06-26,117.9425,ES
2022-06-27,143.27,ES
2022-06-28,144.66416666666666,ES
2022-06-29,132.73999999999998,ES
2022-06-30,132.1325,ES
2022-07-01,145.22083333333333,ES
2022-07-02,142.42375,ES
2022-07-03,133.495,ES
2022-07-04,159.92333333333332,ES
2022-07-05,139.16416666666666,ES
2022-07-06,145.29916666666665,ES
2022-07-07,124.20291666666668,ES
2022-07-08,146.73208333333335,ES
2022-07-09,148.62083333333334,ES
2022-07-10,138.62083333333334,ES
2022-07-11,157.53833333333333,ES
2022-07-12,155.705,ES
2022-07-13,159.45000000000002,ES
2022-07-14,162.2225,ES
2022-07-15,147.2516666666667,ES
2022-07-16,136.83291666666665,ES
2022-07-17,102.445,ES
2022-07-18,115.76791666666666,ES
2022-07-19,142.35375000000002,ES
2022-07-20,147.5375,ES
2022-07-21,138.84375,ES
2022-07-22,133.4525,ES
2022-07-23,155.98958333333334,ES
2022-07-24,136.98625,ES
2022-07-25,158.02,ES
2022-07-26,145.6475,ES
2022-07-27,148.25291666666666,ES
2022-07-28,169.86,ES
2022-07-29,141.50625,ES
2022-07-30,129.9779166666667,ES
2022-07-31,113.09166666666664,ES
2022-08-01,147.43458333333334,ES
2022-08-02,151.29416666666663,ES
2022-08-03,147.85,ES
2022-08-04,147.23375,ES
2022-08-05,135.24125,ES
2022-08-06,135.53416666666666,ES
2022-08-07,123.97541666666666,ES
2022-08-08,146.30791666666667,ES
2022-08-09,143.98749999999998,ES
2022-08-10,144.77791666666667,ES
2022-08-11,150.12708333333333,ES
2022-08-12,158.2475,ES
2022-08-13,152.32375,ES
2022-08-14,149.18166666666667,ES
2022-08-15,145.35125,ES
2022-08-16,143.20458333333332,ES
2022-08-17,139.29666666666665,ES
2022-08-18,134.67375,ES
2022-08-19,135.35,ES
2022-08-20,169.11416666666665,ES
2022-08-21,141.09916666666666,ES
2022-08-22,176.57666666666668,ES
2022-08-23,182.93,ES
2022-08-24,186.95208333333335,ES
2022-08-25,161.87875,ES
2022-08-26,175.32625,ES
2022-08-27,160.03875,ES
2022-08-28,138.74375,ES
2022-08-29,188.42125,ES
2022-08-30,201.96291666666664,ES
2022-08-31,187.29583333333335,ES
2022-09-01,193.36125,ES
2022-09-02,152.13583333333332,ES
2022-09-03,119.22375,ES
2022-09-04,146.61666666666667,ES
2022-09-05,188.53166666666667,ES
2022-09-06,169.56791666666666,ES
2022-09-07,106.56291666666668,ES
2022-09-08,155.93625,ES
2022-09-09,159.725,ES
2022-09-10,176.05291666666665,ES
2022-09-11,161.42125,ES
2022-09-12,175.63125,ES
2022-09-13,128.7525,ES
2022-09-14,133.61333333333332,ES
2022-09-15,176.46124999999998,ES
2022-09-16,171.46375,ES
2022-09-17,61.68291666666667,ES
2022-09-18,131.60791666666668,ES
2022-09-19,193.03083333333333,ES
2022-09-20,149.47125,ES
2022-09-21,137.40291666666667,ES
2022-09-22,175.41916666666663,ES
2022-09-23,127.90666666666668,ES
2022-09-24,106.74291666666666,ES
2022-09-25,71.96625,ES
2022-09-26,119.76666666666668,ES
2022-09-27,100.15875,ES
2022-09-28,108.80083333333332,ES
2022-09-29,114.68625,ES
2022-09-30,118.38958333333332,ES
2022-10-01,116.085,ES
2022-10-02,145.00458333333333,ES
2022-10-03,200.38041666666663,ES
2022-10-04,190.52541666666664,ES
2022-10-05,167.96124999999998,ES
2022-10-06,113.10583333333334,ES
2022-10-07,154.37041666666667,ES
2022-10-08,119.30625,ES
2022-10-09,114.23125,ES
2022-10-10,163.91666666666666,ES
2022-10-11,170.76999999999998,ES
2022-10-12,133.95708333333332,ES
2022-10-13,145.72,ES
2022-10-14,134.32666666666668,ES
2022-10-15,115.7275,ES
2022-10-16,103.96583333333332,ES
2022-10-17,140.22916666666666,ES
2022-10-18,107.46291666666669,ES
2022-10-19,81.71208333333334,ES
2022-10-20,86.65541666666667,ES
2022-10-21,107.80333333333334,ES
2022-10-22,105.905,ES
2022-10-23,72.83583333333333,ES
2022-10-24,109.78458333333332,ES
2022-10-25,106.65833333333336,ES
2022-10-26,108.62041666666666,ES
2022-10-27,114.46166666666666,ES
2022-10-28,110.95916666666666,ES
2022-10-29,101.3925,ES
2022-10-30,135.6244,ES
2022-10-31,164.07291666666666,ES
2022-11-01,110.32041666666667,ES
2022-11-02,125.98333333333332,ES
2022-11-03,121.89375,ES
2022-11-04,150.44208333333333,ES
2022-11-05,124.79208333333334,ES
2022-11-06,113.48125,ES
2022-11-07,120.91,ES
2022-11-08,113.395,ES
2022-11-09,132.51541666666665,ES
2022-11-10,134.78333333333333,ES
2022-11-11,121.18416666666668,ES
2022-11-12,106.22166666666668,ES
2022-11-13,131.68833333333333,ES
2022-11-14,139.80291666666668,ES
2022-11-15,109.65666666666668,ES
2022-11-16,103.97708333333333,ES
2022-11-17,78.93333333333332,ES
2022-11-18,115.67375,ES
2022-11-19,67.38166666666667,ES
2022-11-20,96.57833333333332,ES
2022-11-21,80.64375,ES
2022-11-22,73.35666666666667,ES
2022-11-23,90.53416666666668,ES
2022-11-24,137.735,ES
2022-11-25,141.39291666666665,ES
2022-11-26,130.21125,ES
2022-11-27,117.04291666666668,ES
2022-11-28,103.36416666666666,ES
2022-11-29,121.54125,ES
2022-11-30,151.24583333333334,ES
2022-12-01,150.075,ES
2022-12-02,127.62041666666666,ES
2022-12-03,120.02166666666666,ES
2022-12-04,189.80666666666664,ES
2022-12-05,209.29541666666668,ES
2022-12-06,153.44458333333333,ES
2022-12-07,142.30416666666665,ES
2022-12-08,122.38625,ES
2022-12-09,144.38833333333335,ES
2022-12-10,125.01875,ES
2022-12-11,146.44958333333332,ES
2022-12-12,114.50875,ES
2022-12-13,97.68583333333332,ES
2022-12-14,81.38333333333334,ES
2022-12-15,131.31291666666667,ES
2022-12-16,128.6158333333333,ES
2022-12-17,133.82250000000002,ES
2022-12-18,97.73416666666668,ES
2022-12-19,81.06833333333334,ES
2022-12-20,65.40666666666667,ES
2022-12-21,64.08833333333334,ES
2022-12-22,52.03041666666667,ES
2022-12-23,22.340833333333336,ES
2022-12-24,36.40625,ES
2022-12-25,15.242916666666666,ES
2022-12-26,77.32333333333334,ES
2022-12-27,109.4925,ES
2022-12-28,41.410833333333336,ES
2022-12-29,16.1875,ES
2022-12-30,6.0225,ES
2022-12-31,2.7230434782608692,ES
2023-01-01,6.697083333333334,ES
2023-01-02,112.55,ES
2023-01-03,138.78666666666666,ES
2023-01-04,115.25708333333334,ES
2023-01-05,109.185,ES
2023-01-06,104.14,ES
2023-01-07,23.773750000000003,ES
2023-01-08,10.281666666666666,ES
2023-01-09,85.78250000000001,ES
2023-01-10,109.39875,ES
2023-01-11,83.83541666666666,ES
2023-01-12,92.68875,ES
2023-01-13,88.48291666666667,ES
2023-01-14,52.9975,ES
2023-01-15,22.0525,ES
2023-01-16,13.221666666666666,ES
2023-01-17,5.09625,ES
2023-01-18,21.609583333333333,ES
2023-01-19,34.513333333333335,ES
2023-01-20,91.2025,ES
2023-01-21,58.89083333333334,ES
2023-01-22,37.69916666666666,ES
2023-01-23,71.92,ES
2023-01-24,87.44791666666667,ES
2023-01-25,93.2525,ES
2023-01-26,67.39791666666666,ES
2023-01-27,45.672083333333326,ES
2023-01-28,41.41833333333333,ES
2023-01-29,68.40791666666667,ES
2023-01-30,135.37083333333334,ES
2023-01-31,127.07333333333332,ES
2023-02-01,128.5525,ES
2023-02-02,138.46083333333334,ES
2023-02-03,138.58458333333334,ES
2023-02-04,125.59916666666668,ES
2023-02-05,79.38125000000001,ES
2023-02-06,134.98291666666668,ES
2023-02-07,137.36,ES
2023-02-08,138.0025,ES
2023-02-09,144.99625,ES
2023-02-10,142.05166666666665,ES
2023-02-11,131.76,ES
2023-02-12,137.76874999999998,ES
2023-02-13,146.76708333333332,ES
2023-02-14,142.90291666666667,ES
2023-02-15,145.07083333333333,ES
2023-02-16,145.805,ES
2023-02-17,133.55916666666667,ES
2023-02-18,128.5625,ES
2023-02-19,124.08666666666666,ES
2023-02-20,134.13291666666666,ES
2023-02-21,151.42708333333334,ES
2023-02-22,144.44958333333332,ES
2023-02-23,140.56833333333333,ES
2023-02-24,148.07875,ES
2023-02-25,143.0975,ES
2023-02-26,81.04625,ES
2023-02-27,117.50791666666667,ES
2023-02-28,132.68125,ES
2023-03-01,145.91125,ES
2023-03-02,142.09125,ES
2023-03-03,142.55541666666667,ES
2023-03-04,138.56916666666666,ES
2023-03-05,143.92416666666665,ES
2023-03-06,147.77083333333334,ES
2023-03-07,120.98666666666666,ES
2023-03-08,98.92958333333333,ES
2023-03-09,73.59291666666667,ES
2023-03-10,42.71041666666667,ES
2023-03-11,30.032083333333333,ES
2023-03-12,80.61833333333333,ES
2023-03-13,36.84125,ES
2023-03-14,61.509166666666665,ES
2023-03-15,132.67499999999998,ES
2023-03-16,87.83083333333333,ES
2023-03-17,70.2675,ES
2023-03-18,101.61375,ES
2023-03-19,95.87416666666668,ES
2023-03-20,121.56416666666668,ES
2023-03-21,119.33875,ES
2023-03-22,101.2175,ES
2023-03-23,83.83833333333332,ES
2023-03-24,59.154583333333335,ES
2023-03-25,39.038333333333334,ES
2023-03-26,28.477391304347822,ES
2023-03-27,102.62875,ES
2023-03-28,111.91083333333334,ES
2023-03-29,68.90541666666667,ES
2023-03-30,31.109583333333333,ES
2023-03-31,16.52625,ES
2023-04-01,33.994166666666665,ES
2023-04-02,15.74375,ES
2023-04-03,61.791666666666664,ES
2023-04-04,56.20541666666667,ES
2023-04-05,104.085,ES
2023-04-06,89.65333333333332,ES
2023-04-07,83.20666666666666,ES
2023-04-08,86.6175,ES
2023-04-09,75.56958333333334,ES
2023-04-10,52.536249999999995,ES
2023-04-11,91.40375,ES
2023-04-12,38.897083333333335,ES
2023-04-13,56.99541666666667,ES
2023-04-14,46.725,ES
2023-04-15,21.76875,ES
2023-04-16,25.410833333333333,ES
2023-04-17,66.66416666666667,ES
2023-04-18,96.19041666666668,ES
2023-04-19,113.47708333333334,ES
2023-04-20,108.28375,ES
2023-04-21,100.89791666666667,ES
2023-04-22,78.77708333333334,ES
2023-04-23,49.93958333333333,ES
2023-04-24,92.07583333333334,ES
2023-04-25,90.94916666666666,ES
2023-04-26,108.73416666666668,ES
2023-04-27,109.05,ES
2023-04-28,107.89333333333332,ES
2023-04-29,83.42583333333333,ES
2023-04-30,65.03875000000001,ES
2023-05-01,61.346666666666664,ES
2023-05-02,108.39666666666666,ES
2023-05-03,84.3025,ES
2023-05-04,90.39916666666666,ES
2023-05-05,100.82333333333334,ES
2023-05-06,91.42625,ES
2023-05-07,63.53916666666667,ES
2023-05-08,97.51333333333334,ES
2023-05-09,89.48291666666667,ES
2023-05-10,82.76833333333333,ES
2023-05-11,81.73125,ES
2023-05-12,74.13708333333334,ES
2023-05-13,51.123333333333335,ES
2023-05-14,39.575,ES
2023-05-15,55.602916666666665,ES
2023-05-16,42.47708333333333,ES
2023-05-17,49.57916666666667,ES
2023-05-18,51.75833333333333,ES
2023-05-19,60.2725,ES
2023-05-20,45.26958333333334,ES
2023-05-21,31.515,ES
2023-05-22,88.84541666666667,ES
2023-05-23,83.77666666666666,ES
2023-05-24,85.22666666666667,ES
2023-05-25,75.88375,ES
2023-05-26,65.54583333333333,ES
2023-05-27,86.41583333333334,ES
2023-05-28,84.9425,ES
2023-05-29,95.80208333333331,ES
2023-05-30,92.53166666666668,ES
2023-05-31,88.44708333333334,ES
2023-06-01,85.37124999999999,ES
2023-06-02,86.73541666666667,ES
2023-06-03,79.36333333333333,ES
2023-06-04,67.23291666666667,ES
2023-06-05,86.65416666666665,ES
2023-06-06,87.26208333333334,ES
2023-06-07,87.16000000000001,ES
2023-06-08,81.12583333333333,ES
2023-06-09,81.66666666666667,ES
2023-06-10,80.87666666666667,ES
2023-06-11,67.19958333333334,ES
2023-06-12,93.57875,ES
2023-06-13,89.72083333333335,ES
2023-06-14,84.53166666666667,ES
2023-06-15,104.87625,ES
2023-06-16,122.42416666666666,ES
2023-06-17,97.4875,ES
2023-06-18,86.39041666666667,ES
2023-06-19,106.71916666666668,ES
2023-06-20,111.73916666666666,ES
2023-06-21,117.05625,ES
2023-06-22,122.44541666666667,ES
2023-06-23,110.35666666666668,ES
2023-06-24,82.33624999999999,ES
2023-06-25,72.27458333333333,ES
2023-06-26,93.345,ES
2023-06-27,100.52,ES
2023-06-28,103.79791666666668,ES
2023-06-29,103.8325,ES
2023-06-30,96.57041666666667,ES
2023-07-01,60.34375,ES
2023-07-02,48.278333333333336,ES
2023-07-03,117.02375,ES
2023-07-04,113.02875,ES
2023-07-05,106.54083333333334,ES
2023-07-06,111.93791666666668,ES
2023-07-07,102.73583333333332,ES
2023-07-08,87.92541666666666,ES
2023-07-09,91.19916666666668,ES
2023-07-10,109.92333333333332,ES
2023-07-11,106.36958333333332,ES
2023-07-12,100.35416666666669,ES
2023-07-13,102.45166666666668,ES
2023-07-14,87.45208333333333,ES
2023-07-15,63.001666666666665,ES
2023-07-16,59.673750000000005,ES
2023-07-17,87.47500000000001,ES
2023-07-18,96.62,ES
2023-07-19,95.105,ES
2023-07-20,93.81,ES
2023-07-21,92.81041666666664,ES
2023-07-22,91.51666666666668,ES
2023-07-23,61.92625,ES
2023-07-24,90.27416666666666,ES
2023-07-25,90.63416666666666,ES
2023-07-26,101.3675,ES
2023-07-27,99.23083333333334,ES
2023-07-28,98.25083333333332,ES
2023-07-29,80.56083333333333,ES
2023-07-30,67.78666666666668,ES
2023-07-31,88.92333333333333,ES
2023-08-01,86.65333333333332,ES
2023-08-02,76.09041666666667,ES
2023-08-03,64.75875,ES
2023-08-04,66.84333333333333,ES
2023-08-05,68.9525,ES
2023-08-06,28.14916666666667,ES
2023-08-07,74.44625,ES
2023-08-08,96.43625,ES
2023-08-09,99.76666666666668,ES
2023-08-10,104.74541666666666,ES
2023-08-11,113.0925,ES
2023-08-12,98.19666666666669,ES
2023-08-13,72.81791666666668,ES
2023-08-14,97.6075,ES
2023-08-15,95.63416666666666,ES
2023-08-16,105.84166666666664,ES
2023-08-17,113.95666666666666,ES
2023-08-18,107.6375,ES
2023-08-19,109.84916666666668,ES
2023-08-20,113.16916666666668,ES
2023-08-21,117.24583333333334,ES
2023-08-22,120.6725,ES
2023-08-23,134.94,ES
2023-08-24,132.91,ES
2023-08-25,111.69291666666668,ES
2023-08-26,101.86916666666669,ES
2023-08-27,52.31166666666667,ES
2023-08-28,89.66083333333334,ES
2023-08-29,102.57458333333334,ES
2023-08-30,108.3225,ES
2023-08-31,110.57041666666667,ES
2023-09-01,105.7975,ES
2023-09-02,102.33291666666666,ES
2023-09-03,63.3475,ES
2023-09-04,86.85374999999999,ES
2023-09-05,103.7875,ES
2023-09-06,107.09541666666668,ES
2023-09-07,107.09666666666668,ES
2023-09-08,103.82708333333332,ES
2023-09-09,100.7,ES
2023-09-10,102.07041666666667,ES
2023-09-11,116.9375,ES
2023-09-12,116.65625,ES
2023-09-13,108.57083333333333,ES
2023-09-14,106.455,ES
2023-09-15,115.37708333333336,ES
2023-09-16,98.91,ES
2023-09-17,63.76958333333334,ES
2023-09-18,105.8075,ES
2023-09-19,109.90291666666668,ES
2023-09-20,93.65333333333332,ES
2023-09-21,92.105,ES
2023-09-22,101.46625,ES
2023-09-23,110.03541666666666,ES
2023-09-24,83.0125,ES
2023-09-25,119.04791666666668,ES
2023-09-26,123.05208333333331,ES
2023-09-27,114.83458333333331,ES
2023-09-28,113.85666666666668,ES
2023-09-29,118.96083333333333,ES
2023-09-30,104.89333333333332,ES
2023-10-01,95.99583333333334,ES
2023-10-02,114.86125,ES
2023-10-03,106.60416666666669,ES
2023-10-04,102.74,ES
2023-10-05,103.5,ES
2023-10-06,105.50958333333334,ES
2023-10-07,99.15791666666668,ES
2023-10-08,104.2325,ES
2023-10-09,120.96041666666667,ES
2023-10-10,125.38958333333332,ES
2023-10-11,123.58583333333333,ES
2023-10-12,121.94958333333334,ES
2023-10-13,118.63791666666668,ES
2023-10-14,135.1341666666667,ES
2023-10-15,132.18541666666667,ES
2023-10-16,141.045,ES
2023-10-17,108.22916666666669,ES
2023-10-18,60.740833333333335,ES
2023-10-19,67.80583333333333,ES
2023-10-20,23.122083333333332,ES
2023-10-21,61.240833333333335,ES
2023-10-22,86.97916666666667,ES
2023-10-23,124.12041666666666,ES
2023-10-24,104.17541666666666,ES
2023-10-25,68.70875,ES
2023-10-26,51.77041666666667,ES
2023-10-27,27.209166666666665,ES
2023-10-28,6.447916666666667,ES
2023-10-29,12.2472,ES
2023-10-30,34.99583333333333,ES
2023-10-31,104.92458333333332,ES
2023-11-01,4.525416666666667,ES
2023-11-02,4.4174999999999995,ES
2023-11-03,5.757916666666667,ES
2023-11-04,1.5125,ES
2023-11-05,5.0249999999999995,ES
2023-11-06,55.145833333333336,ES
2023-11-07,97.88791666666668,ES
2023-11-08,91.4625,ES
2023-11-09,71.20916666666666,ES
2023-11-10,54.35166666666667,ES
2023-11-11,8.7325,ES
2023-11-12,20.992916666666662,ES
2023-11-13,52.13708333333333,ES
2023-11-14,67.26875,ES
2023-11-15,94.71875,ES
2023-11-16,101.85333333333334,ES
2023-11-17,118.00041666666668,ES
2023-11-18,89.04833333333333,ES
2023-11-19,71.19458333333334,ES
2023-11-20,94.11458333333331,ES
2023-11-21,41.053333333333335,ES
2023-11-22,29.610416666666666,ES
2023-11-23,52.48916666666667,ES
2023-11-24,66.13375,ES
2023-11-25,87.80708333333332,ES
2023-11-26,117.58458333333334,ES
2023-11-27,107.84708333333332,ES
2023-11-28,108.36,ES
2023-11-29,85.00458333333333,ES
2023-11-30,98.1225,ES
2023-12-01,97.9675,ES
2023-12-02,81.02583333333332,ES
2023-12-03,79.92291666666667,ES
2023-12-04,77.24083333333333,ES
2023-12-05,113.13583333333332,ES
2023-12-06,105.965,ES
2023-12-07,85.07333333333334,ES
2023-12-08,21.780416666666667,ES
2023-12-09,35.3925,ES
2023-12-10,38.895,ES
2023-12-11,74.62875,ES
2023-12-12,69.56166666666667,ES
2023-12-13,57.288333333333334,ES
2023-12-14,67.25875,ES
2023-12-15,74.85541666666667,ES
2023-12-16,79.22791666666667,ES
2023-12-17,76.27791666666667,ES
2023-12-18,97.89958333333334,ES
2023-12-19,86.68374999999999,ES
2023-12-20,60.29791666666667,ES
2023-12-21,53.19958333333333,ES
2023-12-22,51.77125,ES
2023-12-23,46.62166666666667,ES
2023-12-24,69.17208333333333,ES
2023-12-25,63.09083333333333,ES
2023-12-26,93.45875,ES
2023-12-27,79.545,ES
2023-12-28,98.19333333333331,ES
2023-12-29,103.50041666666668,ES
2023-12-30,68.40541666666667,ES
2023-12-31,30.57130434782609,ES
2024-01-01,36.2425,ES
2024-01-02,40.907916666666665,ES
2024-01-03,55.08416666666667,ES
2024-01-04,91.35791666666668,ES
2024-01-05,68.61541666666666,ES
2024-01-06,43.97,ES
2024-01-07,75.99833333333333,ES
2024-01-08,105.50916666666666,ES
2024-01-09,113.82875,ES
2024-01-10,100.87916666666666,ES
2024-01-11,96.97083333333336,ES
2024-01-12,97.5575,ES
2024-01-13,87.35041666666666,ES
2024-01-14,75.12541666666667,ES
2024-01-15,87.55958333333332,ES
2024-01-16,90.11583333333334,ES
2024-01-17,26.955,ES
2024-01-18,46.842083333333335,ES
2024-01-19,70.86541666666666,ES
2024-01-20,80.52583333333332,ES
2024-01-21,64.40166666666667,ES
2024-01-22,67.91666666666667,ES
2024-01-23,78.01916666666666,ES
2024-01-24,83.42333333333333,ES
2024-01-25,76.79666666666667,ES
2024-01-26,72.56458333333333,ES
2024-01-27,66.065,ES
2024-01-28,52.14000000000001,ES
2024-01-29,77.9675,ES
2024-01-30,81.28458333333333,ES
2024-01-31,84.2625,ES
2024-02-01,70.94833333333334,ES
2024-02-02,65.3175,ES
2024-02-03,60.32416666666666,ES
2024-02-04,63.09916666666667,ES
2024-02-05,80.91666666666667,ES
2024-02-06,74.02791666666667,ES
2024-02-07,50.10791666666666,ES
2024-02-08,38.6675,ES
2024-02-09,40.17625,ES
2024-02-10,9.470416666666669,ES
2024-02-11,44.82916666666667,ES
2024-02-12,45.854166666666664,ES
2024-02-13,62.718333333333334,ES
2024-02-14,59.56916666666667,ES
2024-02-15,51.21958333333333,ES
2024-02-16,54.2425,ES
2024-02-17,48.693333333333335,ES
2024-02-18,47.03541666666666,ES
2024-02-19,45.54791666666667,ES
2024-02-20,52.86291666666667,ES
2024-02-21,45.29958333333334,ES
2024-02-22,10.70875,ES
2024-02-23,6.715833333333333,ES
2024-02-24,6.941666666666666,ES
2024-02-25,3.060416666666667,ES
2024-02-26,3.8175,ES
2024-02-27,3.655,ES
2024-02-28,9.34625,ES
2024-02-29,4.796666666666667,ES
2024-03-01,2.13875,ES
2024-03-02,4.164583333333334,ES
2024-03-03,3.7891666666666666,ES
2024-03-04,7.95375,ES
2024-03-05,33.45291666666667,ES
2024-03-06,45.96625,ES
2024-03-07,8.522916666666667,ES
2024-03-08,1.6654166666666663,ES
2024-03-09,0.5908333333333333,ES
2024-03-10,0.5370833333333334,ES
2024-03-11,14.6325,ES
2024-03-12,42.2825,ES
2024-03-13,42.35583333333333,ES
2024-03-14,35.99,ES
2024-03-15,37.7325,ES
2024-03-16,31.61375,ES
2024-03-17,28.050833333333333,ES
2024-03-18,61.33541666666667,ES
2024-03-19,65.00458333333334,ES
2024-03-20,56.94416666666667,ES
2024-03-21,35.90416666666667,ES
2024-03-22,22.40416666666667,ES
2024-03-23,2.005416666666666,ES
2024-03-24,6.691666666666666,ES
2024-03-25,23.745416666666667,ES
2024-03-26,2.3595833333333336,ES
2024-03-27,0.755,ES
2024-03-28,0.66,ES
2024-03-29,4.0525,ES
2024-03-30,4.515833333333333,ES
2024-03-31,0.8326086956521739,ES
2024-04-01,2.76375,ES
2024-04-02,9.85125,ES
2024-04-03,9.030833333333334,ES
2024-04-04,3.99875,ES
2024-04-05,0.4395833333333334,ES
2024-04-06,0.7441666666666666,ES
2024-04-07,4.0475,ES
2024-04-08,0.52125,ES
2024-04-09,1.2895833333333333,ES
2024-04-10,4.312083333333334,ES
2024-04-11,12.02875,ES
2024-04-12,19.9425,ES
2024-04-13,9.167083333333332,ES
2024-04-14,5.59875,ES
2024-04-15,3.48375,ES
2024-04-16,1.3670833333333334,ES
2024-04-17,3.2604166666666665,ES
2024-04-18,4.537916666666667,ES
2024-04-19,15.180833333333334,ES
2024-04-20,5.658333333333334,ES
2024-04-21,2.1725,ES
2024-04-22,1.90125,ES
2024-04-23,5.840416666666667,ES
2024-04-24,18.5725,ES
2024-04-25,41.444583333333334,ES
2024-04-26,57.49125,ES
2024-04-27,25.023750000000003,ES
2024-04-28,28.7225,ES
2024-04-29,58.2725,ES
2024-04-30,53.435833333333335,ES
2024-05-01,12.530833333333334,ES
2024-05-02,15.6025,ES
2024-05-03,26.110416666666666,ES
2024-05-04,14.795833333333334,ES
2024-05-05,17.529166666666665,ES
2024-05-06,47.805,ES
2024-05-07,42.04125,ES
2024-05-08,21.245,ES
2024-05-09,33.53875,ES
2024-05-10,28.947916666666668,ES
2024-05-11,20.59,ES
2024-05-12,21.530416666666667,ES
2024-05-13,23.33666666666667,ES
2024-05-14,8.140833333333333,ES
2024-05-15,14.212083333333332,ES
2024-05-16,32.35,ES
2024-05-17,53.42166666666666,ES
2024-05-18,32.989583333333336,ES
2024-05-19,26.602083333333336,ES
2024-05-20,32.71541666666666,ES
2024-05-21,46.090833333333336,ES
2024-05-22,44.759166666666665,ES
2024-05-23,60.446666666666665,ES
2024-05-24,71.66583333333334,ES
2024-05-25,43.71458333333334,ES
2024-05-26,25.422083333333333,ES
2024-05-27,30.84,ES
2024-05-28,27.467083333333335,ES
2024-05-29,38.858333333333334,ES
2024-05-30,24.367499999999996,ES
2024-05-31,2.6891666666666665,ES
2024-06-01,1.7595833333333335,ES
2024-06-02,4.2612499999999995,ES
2024-06-03,28.55541666666667,ES
2024-06-04,87.64,ES
2024-06-05,93.26041666666669,ES
2024-06-06,93.42333333333332,ES
2024-06-07,79.13291666666667,ES
2024-06-08,71.42041666666667,ES
2024-06-09,16.427916666666665,ES
2024-06-10,44.60583333333333,ES
2024-06-11,65.47708333333334,ES
2024-06-12,55.145833333333336,ES
2024-06-13,65.21666666666667,ES
2024-06-14,43.74333333333333,ES
2024-06-15,19.693333333333335,ES
2024-06-16,16.124166666666667,ES
2024-06-17,29.27416666666667,ES
2024-06-18,56.7125,ES
2024-06-19,76.33291666666666,ES
2024-06-20,90.6,ES
2024-06-21,85.92083333333333,ES
2024-06-22,42.906666666666666,ES
2024-06-23,26.760416666666668,ES
2024-06-24,41.15125,ES
2024-06-25,70.06833333333334,ES
2024-06-26,97.16875,ES
2024-06-27,89.09625,ES
2024-06-28,82.04166666666667,ES
2024-06-29,50.53666666666667,ES
2024-06-30,57.93541666666667,ES
2024-07-01,53.224583333333335,ES
2024-07-02,46.969166666666666,ES
2024-07-03,61.70625,ES
2024-07-04,51.848749999999995,ES
2024-07-05,59.875416666666666,ES
2024-07-06,33.97541666666667,ES
2024-07-07,34.70791666666667,ES
2024-07-08,73.18666666666667,ES
2024-07-09,69.55166666666666,ES
2024-07-10,87.60916666666667,ES
2024-07-11,85.53083333333332,ES
2024-07-12,58.7825,ES
2024-07-13,51.375,ES
2024-07-14,52.28208333333333,ES
2024-07-15,53.95333333333334,ES
2024-07-16,87.24416666666667,ES
2024-07-17,94.42208333333332,ES
2024-07-18,101.36541666666666,ES
2024-07-19,97.78208333333332,ES
2024-07-20,51.470416666666665,ES
2024-07-21,30.412916666666664,ES
2024-07-22,79.53041666666667,ES
2024-07-23,91.72708333333333,ES
2024-07-24,94.88,ES
2024-07-25,89.26416666666667,ES
2024-07-26,94.89666666666666,ES
2024-07-27,76.97125,ES
2024-07-28,63.32708333333333,ES
2024-07-29,108.7775,ES
2024-07-30,99.70666666666666,ES
2024-07-31,105.34125,ES
2024-08-01,107.31708333333334,ES
2024-08-02,93.49875,ES
2024-08-03,77.645,ES
2024-08-04,75.47666666666667,ES
2024-08-05,109.82416666666668,ES
2024-08-06,105.55791666666666,ES
2024-08-07,97.42625,ES
2024-08-08,101.18625,ES
2024-08-09,102.31916666666666,ES
2024-08-10,71.35791666666667,ES
2024-08-11,69.2225,ES
2024-08-12,105.80916666666668,ES
2024-08-13,106.37166666666668,ES
2024-08-14,89.0525,ES
2024-08-15,44.290416666666665,ES
2024-08-16,88.2275,ES
2024-08-17,83.21375,ES
2024-08-18,55.59583333333333,ES
2024-08-19,93.71625,ES
2024-08-20,95.6225,ES
2024-08-21,79.05833333333334,ES
2024-08-22,109.39708333333331,ES
2024-08-23,107.08708333333334,ES
2024-08-24,60.32416666666666,ES
2024-08-25,31.200833333333332,ES
2024-08-26,94.1925,ES
2024-08-27,107.7125,ES
2024-08-28,108.43166666666669,ES
2024-08-29,120.36625,ES
2024-08-30,115.56875,ES
2024-08-31,116.61375,ES
2024-09-01,99.64458333333334,ES
2024-09-02,116.66083333333334,ES
2024-09-03,108.44333333333331,ES
2024-09-04,95.4125,ES
2024-09-05,104.28291666666668,ES
2024-09-06,86.72375,ES
2024-09-07,79.0125,ES
2024-09-08,67.75750000000001,ES
2024-09-09,86.53583333333334,ES
2024-09-10,75.21375,ES
2024-09-11,76.73875,ES
2024-09-12,72.21083333333333,ES
2024-09-13,47.105,ES
2024-09-14,45.60999999999999,ES
2024-09-15,32.51625,ES
2024-09-16,27.18625,ES
2024-09-17,25.697083333333335,ES
2024-09-18,90.92041666666668,ES
2024-09-19,106.98041666666668,ES
2024-09-20,107.68916666666668,ES
2024-09-21,85.38625,ES
2024-09-22,69.90541666666667,ES
2024-09-23,90.03333333333335,ES
2024-09-24,95.81208333333336,ES
2024-09-25,57.225,ES
2024-09-26,24.177083333333332,ES
2024-09-27,25.60625,ES
2024-09-28,46.80916666666667,ES
2024-09-29,43.55791666666667,ES
2024-09-30,87.84541666666667,ES
2024-10-01,97.90125,ES
2024-10-02,93.59375,ES
2024-10-03,57.919999999999995,ES
2024-10-04,98.97583333333334,ES
2024-10-05,60.39541666666667,ES
2024-10-06,21.96166666666667,ES
2024-10-07,55.455000000000005,ES
2024-10-08,31.374583333333337,ES
2024-10-09,24.515416666666667,ES
2024-10-10,76.18166666666666,ES
2024-10-11,90.66375,ES
2024-10-12,69.85625,ES
2024-10-13,52.750416666666666,ES
2024-10-14,104.16708333333334,ES
2024-10-15,87.22541666666666,ES
2024-10-16,48.83708333333333,ES
2024-10-17,51.250416666666666,ES
2024-10-18,51.9875,ES
2024-10-19,48.70791666666667,ES
2024-10-20,44.66291666666667,ES
2024-10-21,93.62666666666668,ES
2024-10-22,80.17666666666666,ES
2024-10-23,87.22875,ES
2024-10-24,70.19375000000001,ES
2024-10-25,63.79583333333333,ES
2024-10-26,49.60583333333333,ES
2024-10-27,77.6732,ES
2024-10-28,76.04,ES
2024-10-29,73.40375,ES
2024-10-30,83.49125,ES
2024-10-31,101.16958333333334,ES
2024-11-01,81.61041666666667,ES
2024-11-02,91.94458333333334,ES
2024-11-03,72.57083333333334,ES
2024-11-04,108.87958333333334,ES
2024-11-05,117.04541666666668,ES
2024-11-06,116.83083333333332,ES
2024-11-07,111.82833333333332,ES
2024-11-08,117.48916666666668,ES
2024-11-09,110.4575,ES
2024-11-10,90.90458333333332,ES
2024-11-11,77.90875,ES
2024-11-12,63.70375000000001,ES
2024-11-13,105.62125,ES
2024-11-14,118.61625,ES
2024-11-15,124.55333333333334,ES
2024-11-16,112.16375,ES
2024-11-17,114.02125,ES
2024-11-18,136.37458333333333,ES
2024-11-19,133.49041666666668,ES
2024-11-20,95.78541666666666,ES
2024-11-21,77.915,ES
2024-11-22,119.51583333333332,ES
2024-11-23,78.18541666666667,ES
2024-11-24,10.710416666666667,ES
2024-11-25,81.72791666666667,ES
2024-11-26,143.24541666666667,ES
2024-11-27,136.45375,ES
2024-11-28,132.18875,ES
2024-11-29,127.15666666666668,ES
2024-11-30,124.00833333333333,ES
2024-12-01,126.51541666666668,ES
2024-12-02,143.21125,ES
2024-12-03,140.4275,ES
2024-12-04,133.36625,ES
2024-12-05,135.26166666666668,ES
2024-12-06,117.58708333333334,ES
2024-12-07,36.66833333333333,ES
2024-12-08,22.188333333333333,ES
2024-12-09,67.18875,ES
2024-12-10,134.22416666666666,ES
2024-12-11,139.0925,ES
2024-12-12,146.67291666666668,ES
2024-12-13,143.7275,ES
2024-12-14,128.845,ES
2024-12-15,102.99458333333332,ES
2024-12-16,120.86166666666666,ES
2024-12-17,121.85416666666669,ES
2024-12-18,113.445,ES
2024-12-19,75.91958333333334,ES
2024-12-20,114.67166666666668,ES
2024-12-21,94.72625,ES
2024-12-22,53.92875,ES
2024-12-23,46.57208333333333,ES
2024-12-24,73.85458333333334,ES
2024-12-25,100.94333333333331,ES
2024-12-26,133.94458333333333,ES
2024-12-27,133.60416666666666,ES
2024-12-28,133.13,ES
2024-12-29,136.14708333333334,ES
2024-12-30,140.9375,ES
2024-12-31,135.46217391304347,ES
2025-01-01,100.92875,ES
2025-01-02,134.02333333333334,ES
2025-01-03,122.33666666666666,ES
2025-01-04,111.57208333333334,ES
2025-01-05,51.44291666666667,ES
2025-01-06,45.42875,ES
2025-01-07,83.43083333333333,ES
2025-01-08,98.91875,ES
2025-01-09,87.40291666666667,ES
2025-01-10,111.51666666666668,ES
2025-01-11,95.87583333333332,ES
2025-01-12,73.72416666666668,ES
2025-01-13,125.81125,ES
2025-01-14,137.83291666666665,ES
2025-01-15,140.6783333333333,ES
2025-01-16,135.08916666666667,ES
2025-01-17,135.61875,ES
2025-01-18,133.16208333333333,ES
2025-01-19,125.11333333333334,ES
2025-01-20,144.92,ES
2025-01-21,140.60458333333335,ES
2025-01-22,134.95541666666665,ES
2025-01-23,140.55249999999998,ES
2025-01-24,91.74625,ES
2025-01-25,42.51958333333334,ES
2025-01-26,26.4225,ES
2025-01-27,21.790833333333335,ES
2025-01-28,16.44666666666667,ES
2025-01-29,48.7875,ES
2025-01-30,42.3975,ES
2025-01-31,96.33416666666666,ES
2025-02-01,95.25916666666666,ES
2025-02-02,124.73875,ES
2025-02-03,133.04999999999998,ES
2025-02-04,143.38625,ES
2025-02-05,117.50875,ES
2025-02-06,138.6029166666667,ES
2025-02-07,117.87,ES
2025-02-08,105.09708333333332,ES
2025-02-09,109.59541666666668,ES
2025-02-10,139.73958333333334,ES
2025-02-11,133.15541666666667,ES
2025-02-12,119.86,ES
2025-02-13,130.97916666666666,ES
2025-02-14,121.06875,ES
2025-02-15,90.43166666666669,ES
2025-02-16,88.21958333333333,ES
2025-02-17,138.16625000000002,ES
2025-02-18,79.73458333333333,ES
2025-02-19,123.555,ES
2025-02-20,87.56875000000001,ES
2025-02-21,47.992916666666666,ES
2025-02-22,70.84375,ES
2025-02-23,65.81,ES
2025-02-24,78.56625,ES
2025-02-25,94.8375,ES
2025-02-26,105.34458333333332,ES
2025-02-27,120.43208333333332,ES
2025-02-28,111.205,ES
2025-03-01,65.8325,ES
2025-03-02,65.56125,ES
2025-03-03,96.98958333333331,ES
2025-03-04,96.44458333333334,ES
2025-03-05,78.87833333333333,ES
2025-03-06,78.06291666666667,ES
2025-03-07,49.07125,ES
2025-03-08,15.220416666666669,ES
2025-03-09,46.507083333333334,ES
2025-03-10,92.99416666666669,ES
2025-03-11,96.94333333333331,ES
2025-03-12,93.06416666666668,ES
2025-03-13,111.72708333333333,ES
2025-03-14,57.68291666666667,ES
2025-03-15,48.88999999999999,ES
2025-03-16,60.575,ES
2025-03-17,88.65333333333332,ES
2025-03-18,57.68083333333333,ES
2025-03-19,29.107083333333332,ES
2025-03-20,22.692083333333333,ES
2025-03-21,10.75,ES
2025-03-22,11.225,ES
2025-03-23,29.131666666666664,ES
2025-03-24,44.455000000000005,ES
2025-03-25,42.40541666666667,ES
2025-03-26,36.205,ES
2025-03-27,54.59,ES
2025-03-28,25.706666666666667,ES
2025-03-29,4.322916666666667,ES
2025-03-30,3.0278260869565217,ES
2025-03-31,29.446250000000003,ES
2025-04-01,58.6025,ES
2025-04-02,27.98875,ES
2025-04-03,22.09625,ES
2025-04-04,11.23625,ES
2025-04-05,24.420416666666668,ES
2025-04-06,26.559166666666663,ES
2025-04-07,56.13916666666666,ES
2025-04-08,47.672083333333326,ES
2025-04-09,31.980416666666667,ES
2025-04-10,19.1975,ES
2025-04-11,18.34958333333333,ES
2025-04-12,27.0125,ES
2025-04-13,18.345,ES
2025-04-14,24.542916666666667,ES
2025-04-15,11.733333333333334,ES
2025-04-16,12.1375,ES
2025-04-17,21.940833333333337,ES
2025-04-18,12.347500000000002,ES
2025-04-19,1.7241666666666668,ES
2025-04-20,10.707916666666668,ES
2025-04-21,49.08875,ES
2025-04-22,64.39208333333333,ES
2025-04-23,44.232499999999995,ES
2025-04-24,43.53333333333333,ES
2025-04-25,45.656666666666666,ES
2025-04-26,5.539166666666667,ES
2025-04-27,10.977083333333333,ES
2025-04-28,18.499166666666667,ES
2025-04-29,5.793333333333333,ES
2025-04-30,31.828333333333333,ES
2025-05-01,13.29375,ES
2025-05-02,10.9375,ES
2025-05-03,16.17125,ES
2025-05-04,10.997916666666669,ES
2025-05-05,10.891666666666666,ES
2025-05-06,10.241666666666667,ES
2025-05-07,19.006666666666664,ES
2025-05-08,16.75625,ES
2025-05-09,18.236666666666668,ES
2025-05-10,9.078333333333331,ES
2025-05-11,2.205833333333333,ES
2025-05-12,21.6925,ES
2025-05-13,41.42375,ES
2025-05-14,30.545833333333334,ES
2025-05-15,11.62,ES
2025-05-16,4.6762500000000005,ES
2025-05-17,10.638333333333334,ES
2025-05-18,6.756666666666667,ES
2025-05-19,12.84875,ES
2025-05-20,13.40875,ES
2025-05-21,20.190416666666668,ES
2025-05-22,3.3475,ES
2025-05-23,5.114166666666667,ES
2025-05-24,7.195833333333333,ES
2025-05-25,6.4695833333333335,ES
2025-05-26,17.177083333333332,ES
2025-05-27,26.84166666666667,ES
2025-05-28,27.779583333333335,ES
2025-05-29,35.013333333333335,ES
2025-05-30,43.95791666666667,ES
2025-05-31,40.23791666666667,ES
2025-06-01,19.497916666666665,ES
2025-06-02,31.133750000000003,ES
2025-06-03,51.694583333333334,ES
2025-06-04,58.55708333333333,ES
2025-06-05,59.52041666666667,ES
2025-06-06,71.53875000000001,ES
2025-06-07,49.571666666666665,ES
2025-06-08,37.821666666666665,ES
2025-06-09,61.504999999999995,ES
2025-06-10,100.19291666666668,ES
2025-06-11,73.62916666666666,ES
2025-06-12,62.41916666666666,ES
2025-06-13,69.72875,ES
2025-06-14,56.680416666666666,ES
2025-06-15,22.330416666666668,ES
2025-06-16,52.35958333333334,ES
2025-06-17,94.14041666666668,ES
2025-06-18,106.32375,ES
2025-06-19,116.4575,ES
2025-06-20,113.24916666666668,ES
2025-06-21,76.98958333333333,ES
2025-06-22,67.25125,ES
2025-06-23,110.55958333333332,ES
2025-06-24,97.17583333333332,ES
2025-06-25,81.06,ES
2025-06-26,93.02958333333332,ES
2025-06-27,93.09583333333336,ES
2025-06-28,68.39041666666667,ES
2025-06-29,71.07458333333334,ES
2025-06-30,110.9375,ES
2025-07-01,111.20083333333334,ES
2025-07-02,100.35833333333332,ES
2025-07-03,91.33166666666666,ES
2025-07-04,99.62916666666666,ES
2025-07-05,72.34666666666666,ES
2025-07-06,56.10916666666666,ES
2025-07-07,60.36208333333334,ES
2025-07-08,45.15291666666667,ES
2025-07-09,89.7,ES
2025-07-10,106.96583333333332,ES
2025-07-11,98.25458333333334,ES
2025-07-12,75.91125000000001,ES
2025-07-13,64.58874999999999,ES
2025-07-14,84.20333333333333,ES
2025-07-15,83.1125,ES
2025-07-16,101.9775,ES
2025-07-17,102.84666666666668,ES
2025-07-18,95.07583333333334,ES
2025-07-19,50.16083333333333,ES
2025-07-20,27.218333333333337,ES
2025-07-21,57.60625,ES
2025-07-22,81.88291666666667,ES
2025-07-23,84.42875,ES
2025-07-24,46.20333333333334,ES
2025-07-25,41.845,ES
2025-07-26,38.53458333333333,ES
2025-07-27,32.393750000000004,ES
2025-07-28,34.22,ES
2025-07-29,32.14833333333333,ES
2025-07-30,40.46375,ES
2025-07-31,64.22125,ES
2025-08-01,64.79166666666667,ES
2025-08-02,37.24208333333333,ES
2025-08-03,29.875416666666663,ES
2025-08-04,65.54875,ES
2025-08-05,57.19291666666667,ES
2025-08-06,78.27083333333333,ES
2025-08-07,84.06208333333333,ES
2025-08-08,74.085,ES
2025-08-09,62.03125,ES
2025-08-10,55.451249999999995,ES
2025-08-11,80.105,ES
2025-08-12,89.70125,ES
2025-08-13,101.19875,ES
2025-08-14,96.69583333333334,ES
2025-08-15,69.26916666666666,ES
2025-08-16,74.10166666666667,ES
2025-08-17,68.70208333333333,ES
2025-08-18,96.67625,ES
2025-08-19,77.71708333333333,ES
2025-08-20,68.31041666666667,ES
2025-08-21,53.89125000000001,ES
2025-08-22,53.61166666666667,ES
2025-08-23,63.40375,ES
2025-08-24,62.276666666666664,ES
2025-08-25,92.29708333333332,ES
2025-08-26,87.75083333333333,ES
2025-08-27,88.02875,ES
2025-08-28,53.84166666666667,ES
2025-08-29,45.75083333333333,ES
2025-08-30,52.60583333333333,ES
2025-08-31,37.29833333333334,ES
2025-09-01,30.629166666666663,ES
2025-09-02,61.09708333333333,ES
2025-09-03,55.10041666666667,ES
2025-09-04,55.647083333333335,ES
2025-09-05,55.32083333333333,ES
2025-09-06,26.53916666666667,ES
2025-09-07,31.84375,ES
2025-09-08,76.36749999999999,ES
2025-09-09,63.562083333333334,ES
2025-09-10,51.564166666666665,ES
2025-09-11,54.415,ES
2025-09-12,73.12958333333333,ES
2025-09-13,60.844166666666666,ES
2025-09-14,48.872083333333336,ES
2025-09-15,66.88041666666668,ES
2025-09-16,72.54666666666667,ES
2025-09-17,86.00999999999999,ES
2025-09-18,97.0125,ES
2025-09-19,89.55333333333334,ES
2025-09-20,66.05666666666666,ES
2025-09-21,42.28625,ES
2025-09-22,34.53333333333333,ES
2025-09-23,51.56375,ES
2025-09-24,46.399166666666666,ES
2025-09-25,79.39916666666666,ES
2025-09-26,91.65375,ES
2025-09-27,71.78541666666666,ES
2025-09-28,48.79375,ES
2025-09-29,59.062083333333334,ES
2025-09-30,82.80166666666666,ES
2025-10-01,87.075,ES
2025-10-02,86.18510416666668,ES
2025-10-03,93.24552083333332,ES
2025-10-04,53.10489583333333,ES
2025-10-05,24.305104166666663,ES
2025-10-06,79.04625,ES
2025-10-07,98.65458333333332,ES
2025-10-08,99.18947916666669,ES
2025-10-09,64.63447916666667,ES
2025-10-10,79.21989583333333,ES
2025-10-11,73.70177083333333,ES
2025-10-12,64.62572916666666,ES
2025-10-13,102.36479166666668,ES
2025-10-14,108.23864583333334,ES
2025-10-15,109.39666666666666,ES
2025-10-16,109.87677083333334,ES
2025-10-17,107.48510416666666,ES
2025-10-18,80.8196875,ES
2025-10-19,32.77760416666667,ES
2025-10-20,40.999270833333334,ES
2025-10-21,38.3621875,ES
2025-10-22,27.507604166666667,ES
2025-10-23,23.594166666666663,ES
2025-10-24,91.8284375,ES
2025-10-25,80.90177083333333,ES
2025-10-26,51.279700000000005,ES
2025-10-27,89.72458333333333,ES
2025-10-28,101.51854166666668,ES
2025-10-29,104.48625,ES
2025-10-30,89.25916666666666,ES
2025-10-31,55.79239583333333,ES
2025-11-01,45.580104166666665,ES
2025-11-02,40.0153125,ES
2025-11-03,82.7790625,ES
2025-11-04,49.43927083333333,ES
2025-11-05,27.753125,ES
2025-11-06,40.25208333333333,ES
2025-11-07,68.21677083333334,ES
2025-11-08,41.171458333333334,ES
2025-11-09,57.8996875,ES
2025-11-10,81.68635416666667,ES
2025-11-11,66.8775,ES
2025-11-12,27.780833333333337,ES
2025-11-13,31.89979166666667,ES
2025-11-14,29.393333333333334,ES
2025-11-15,31.4628125,ES
2025-11-16,34.138958333333335,ES
2025-11-17,79.20677083333334,ES
2025-11-18,79.07770833333333,ES
2025-11-19,100.16385416666668,ES
2025-11-20,84.54489583333334,ES
2025-11-21,60.141041666666666,ES
2025-11-22,59.069583333333334,ES
2025-11-23,39.87583333333333,ES
2025-11-24,41.774166666666666,ES
2025-11-25,48.16635416666667,ES
2025-11-26,69.2121875,ES
2025-11-27,86.01583333333333,ES
2025-11-28,98.72885416666666,ES
2025-11-29,82.23447916666667,ES
2025-11-30,74.91572916666667,ES
2025-12-01,91.7784375,ES
2025-12-02,88.64958333333334,ES
2025-12-03,70.41666666666667,ES
2025-12-04,64.7665625,ES
2025-12-05,70.61416666666666,ES
2025-12-06,33.072604166666665,ES
2025-12-07,32.29739583333333,ES
2025-12-08,55.322187500000005,ES
2025-12-09,63.17197916666667,ES
2025-12-10,103.00604166666666,ES
2025-12-11,96.18864583333334,ES
2025-12-12,97.185,ES
2025-12-13,79.19677083333333,ES
2025-12-14,78.56614583333334,ES
2025-12-15,92.47010416666666,ES
2025-12-16,94.52697916666666,ES
2025-12-17,101.41052083333334,ES
2025-12-18,85.0490625,ES
2025-12-19,102.7603125,ES
2025-12-20,70.76802083333332,ES
2025-12-21,61.47958333333333,ES
2025-12-22,70.59979166666666,ES
2025-12-23,77.9146875,ES
2025-12-24,40.6403125,ES
2025-12-25,48.69875,ES
2025-12-26,89.19677083333333,ES
2025-12-27,80.11583333333333,ES
2025-12-28,78.93604166666667,ES
2025-12-29,107.19760416666666,ES
2025-12-30,91.2346875,ES
2025-12-31,97.74368421052633,ES
2026-01-01,81.86645833333334,ES
2026-01-02,82.935,ES
2026-01-03,88.42770833333333,ES
2026-01-04,66.783125,ES
2026-01-05,95.43760416666667,ES
2026-01-06,62.895520833333336,ES
2026-01-07,102.3259375,ES
2026-01-08,81.38416666666667,ES
2026-01-09,53.39625,ES
2026-01-10,73.2321875,ES
2026-01-11,80.62875,ES
2026-01-12,88.51458333333333,ES
2026-01-13,95.68666666666668,ES
2026-01-14,115.53604166666666,ES
2026-01-15,106.40541666666668,ES
2026-01-16,118.99052083333332,ES
2026-01-17,127.23635416666669,ES
2026-01-18,118.38916666666668,ES
2026-01-19,129.8628125,ES
2026-01-20,102.13270833333333,ES
2026-01-21,82.57104166666666,ES
2026-01-22,59.8359375,ES
2026-01-23,38.396770833333335,ES
2026-01-24,21.04072916666667,ES
2026-01-25,11.253541666666663,ES
2026-01-26,35.52104166666667,ES
2026-01-27,28.8175,ES
2026-01-28,28.05875,ES
2026-01-29,26.090625,ES
2026-01-30,12.607708333333331,ES
2026-01-31,5.5676041666666665,ES
2026-02-01,24.575625,ES
2026-02-02,13.8340625,ES
2026-02-03,32.741770833333334,ES
2026-02-04,17.219479166666666,ES
2026-02-05,6.3038541666666665,ES
2026-02-06,9.391875,ES
2026-02-07,6.854791666666667,ES
2026-02-08,5.924270833333334,ES
2026-02-09,20.951041666666665,ES
2026-02-10,4.6946875,ES
2026-02-11,4.227916666666666,ES
2026-02-12,5.701250000000001,ES
2026-02-13,4.416354166666667,ES
2026-02-14,2.13,ES
2026-02-15,1.5535416666666666,ES
2026-02-16,4.40125,ES
2026-02-17,26.781875,ES
2026-02-18,18.24375,ES
2026-02-19,14.870208333333332,ES
2026-02-20,28.38208333333333,ES
2026-02-21,29.105416666666667,ES
2026-02-22,22.21020833333333,ES
2026-02-23,34.8246875,ES
2026-02-24,28.246458333333333,ES
2026-02-25,29.90427083333333,ES
2026-02-26,27.38083333333333,ES
2026-02-27,20.100729166666667,ES
2026-02-28,14.501458333333334,ES
2026-03-01,14.999583333333334,ES
2026-03-02,18.361979166666668,ES
2026-03-03,28.43041666666667,ES
2026-03-04,56.508541666666666,ES
2026-03-05,90.13572916666668,ES
2026-03-06,63.240208333333335,ES
2026-03-07,62.56979166666667,ES
2026-03-08,78.68645833333333,ES
2026-03-09,119.42260416666666,ES
2026-03-10,136.8609375,ES
2026-03-11,104.02833333333332,ES
2026-03-12,71.19875,ES
2026-03-13,37.88572916666667,ES
2026-03-14,14.391875,ES
2026-03-15,6.443645833333334,ES
2026-03-16,37.18177083333333,ES
2026-03-17,49.049791666666664,ES
2026-03-18,28.878125,ES
2026-03-19,24.953125,ES
2026-03-20,37.56635416666666,ES
2026-03-21,41.466875,ES
2026-03-22,28.150625,ES
2026-03-23,33.813854166666665,ES
2026-03-24,54.337291666666665,ES
2026-03-25,19.053229166666668,ES
2026-03-26,5.021458333333333,ES
2026-03-27,9.044166666666667,ES
2026-03-28,3.0283333333333338,ES
2026-03-29,0.1778260869565217,ES
2026-03-30,10.5846875,ES
2026-03-31,7.5553125,ES
2026-04-01,5.151770833333333,ES
2026-04-02,5.004479166666667,ES
2026-04-03,14.438645833333332,ES
2026-04-04,21.213854166666668,ES
2026-04-05,23.146145833333332,ES
2026-04-06,19.404166666666665,ES
2026-04-07,33.47479166666667,ES
2026-04-08,63.205937500000005,ES
2026-04-09,53.201145833333335,ES
2026-04-10,44.4840625,ES
2026-04-11,28.9090625,ES
2026-04-12,13.328541666666666,ES
2026-04-13,23.804583333333337,ES
2026-04-14,45.968020833333334,ES
2026-04-15,59.90385416666667,ES
2026-04-16,69.33218749999999,ES
2026-04-17,70.86999999999999,ES
2026-04-18,46.56187500000001,ES
2026-04-19,36.21927083333333,ES
2026-04-20,50.84645833333334,ES
2026-04-21,45.27822916666667,ES
2026-04-22,48.997083333333336,ES
2026-04-23,49.08354166666667,ES
2026-04-24,72.64083333333333,ES
2026-04-25,50.78843749999999,ES
2026-04-26,35.300104166666664,ES
2026-04-27,46.98520833333333,ES
2026-04-28,55.67124999999999,ES
2026-04-29,75.72083333333333,ES
2026-04-30,64.38645833333334,ES
2026-05-01,57.874583333333334,ES
2026-05-02,43.635,ES
2026-05-03,48.12958333333333,ES
2026-05-04,69.7084375,ES
2026-05-05,64.34135416666666,ES
2026-05-06,78.02427083333333,ES
2026-05-07,86.89687500000001,ES
2026-05-08,64.68416666666667,ES
2026-05-09,33.7971875,ES
2026-05-10,20.844791666666666,ES
2026-05-11,52.65947916666667,ES
2026-05-12,69.23333333333333,ES
2026-05-13,48.2615625,ES
2026-05-14,53.33947916666667,ES
2026-05-15,37.728541666666665,ES
2026-05-16,41.7775,ES
2026-05-17,45.81489583333333,ES
2026-05-18,60.71541666666667,ES
2026-05-19,45.85375,ES
2026-05-20,56.0315625,ES
2026-05-21,57.75447916666667,ES
2026-05-22,56.13510416666667,ES
2026-05-23,36.52166666666667,ES
2026-05-24,26.31625,ES
2026-05-25,50.0,ES
2021-01-01,48.39833333333333,AT
2021-01-02,50.5625,AT
2021-01-03,40.925,AT
2021-01-04,50.57,AT
2021-01-05,57.29458333333333,AT
2021-01-06,56.95791666666667,AT
2021-01-07,73.24958333333333,AT
2021-01-08,79.53291666666667,AT
2021-01-09,59.5825,AT
2021-01-10,53.3775,AT
2021-01-11,52.9,AT
2021-01-12,58.24041666666667,AT
2021-01-13,61.07958333333334,AT
2021-01-14,71.46791666666667,AT
2021-01-15,72.80458333333333,AT
2021-01-16,56.26166666666666,AT
2021-01-17,54.54708333333334,AT
2021-01-18,67.56166666666667,AT
2021-01-19,68.61375,AT
2021-01-20,56.833333333333336,AT
2021-01-21,59.43666666666667,AT
2021-01-22,51.43083333333333,AT
2021-01-23,51.739583333333336,AT
2021-01-24,49.15041666666667,AT
2021-01-25,61.0825,AT
2021-01-26,62.005,AT
2021-01-27,58.2825,AT
2021-01-28,56.03875,AT
2021-01-29,51.959583333333335,AT
2021-01-30,48.43208333333333,AT
2021-01-31,48.190416666666664,AT
2021-02-01,57.370416666666664,AT
2021-02-02,54.94916666666666,AT
2021-02-03,44.22625,AT
2021-02-04,52.1475,AT
2021-02-05,51.42458333333334,AT
2021-02-06,38.127500000000005,AT
2021-02-07,23.272916666666664,AT
2021-02-08,45.13291666666667,AT
2021-02-09,64.54291666666667,AT
2021-02-10,72.27,AT
2021-02-11,79.26041666666667,AT
2021-02-12,62.379999999999995,AT
2021-02-13,53.525416666666665,AT
2021-02-14,46.25541666666667,AT
2021-02-15,54.2,AT
2021-02-16,57.58416666666667,AT
2021-02-17,52.64791666666667,AT
2021-02-18,51.62875,AT
2021-02-19,50.52166666666667,AT
2021-02-20,38.65375,AT
2021-02-21,32.815,AT
2021-02-22,52.0225,AT
2021-02-23,46.30916666666667,AT
2021-02-24,48.413333333333334,AT
2021-02-25,46.16375,AT
2021-02-26,48.20791666666667,AT
2021-02-27,44.81666666666666,AT
2021-02-28,41.95375,AT
2021-03-01,50.72333333333333,AT
2021-03-02,55.540416666666665,AT
2021-03-03,53.62583333333333,AT
2021-03-04,54.11708333333333,AT
2021-03-05,53.435833333333335,AT
2021-03-06,44.76958333333334,AT
2021-03-07,45.67916666666667,AT
2021-03-08,61.632083333333334,AT
2021-03-09,61.04208333333333,AT
2021-03-10,56.468333333333334,AT
2021-03-11,54.193333333333335,AT
2021-03-12,47.80625,AT
2021-03-13,41.336666666666666,AT
2021-03-14,39.2575,AT
2021-03-15,51.62708333333333,AT
2021-03-16,56.062916666666666,AT
2021-03-17,58.16458333333333,AT
2021-03-18,65.545,AT
2021-03-19,62.43666666666667,AT
2021-03-20,51.36875,AT
2021-03-21,37.965,AT
2021-03-22,60.5625,AT
2021-03-23,63.31875,AT
2021-03-24,59.548750000000005,AT
2021-03-25,63.522083333333335,AT
2021-03-26,59.26416666666666,AT
2021-03-27,45.01791666666667,AT
2021-03-28,41.84173913043478,AT
2021-03-29,50.687916666666666,AT
2021-03-30,57.58625,AT
2021-03-31,58.36958333333334,AT
2021-04-01,54.91833333333333,AT
2021-04-02,44.532916666666665,AT
2021-04-03,39.040416666666665,AT
2021-04-04,28.095,AT
2021-04-05,7.394166666666667,AT
2021-04-06,49.461666666666666,AT
2021-04-07,58.111250000000005,AT
2021-04-08,61.38125,AT
2021-04-09,60.56041666666667,AT
2021-04-10,59.02166666666667,AT
2021-04-11,50.96125,AT
2021-04-12,67.53125,AT
2021-04-13,70.94541666666667,AT
2021-04-14,76.50750000000001,AT
2021-04-15,74.93625,AT
2021-04-16,69.35208333333334,AT
2021-04-17,63.2275,AT
2021-04-18,65.35916666666667,AT
2021-04-19,83.37583333333333,AT
2021-04-20,81.95458333333333,AT
2021-04-21,79.46791666666667,AT
2021-04-22,58.2775,AT
2021-04-23,65.38791666666667,AT
2021-04-24,53.225833333333334,AT
2021-04-25,37.47125,AT
2021-04-26,64.43541666666667,AT
2021-04-27,69.78,AT
2021-04-28,67.77875,AT
2021-04-29,68.84333333333333,AT
2021-04-30,69.87708333333333,AT
2021-05-01,56.69291666666667,AT
2021-05-02,43.70041666666666,AT
2021-05-03,62.90208333333334,AT
2021-05-04,32.26375,AT
2021-05-05,44.76916666666667,AT
2021-05-06,65.59375,AT
2021-05-07,71.58166666666666,AT
2021-05-08,49.77,AT
2021-05-09,7.341666666666666,AT
2021-05-10,57.757083333333334,AT
2021-05-11,72.17166666666667,AT
2021-05-12,68.75458333333334,AT
2021-05-13,62.73541666666667,AT
2021-05-14,71.75,AT
2021-05-15,60.109166666666674,AT
2021-05-16,38.31458333333333,AT
2021-05-17,73.12166666666667,AT
2021-05-18,74.17875,AT
2021-05-19,77.46208333333333,AT
2021-05-20,69.8325,AT
2021-05-21,36.221250000000005,AT
2021-05-22,16.189583333333335,AT
2021-05-23,21.517083333333332,AT
2021-05-24,32.43958333333333,AT
2021-05-25,59.79291666666666,AT
2021-05-26,66.28375,AT
2021-05-27,71.95833333333333,AT
2021-05-28,73.59833333333334,AT
2021-05-29,56.48791666666667,AT
2021-05-30,37.04416666666666,AT
2021-05-31,67.31958333333334,AT
2021-06-01,68.24916666666667,AT
2021-06-02,66.53875000000001,AT
2021-06-03,63.12625,AT
2021-06-04,71.79666666666667,AT
2021-06-05,62.71083333333333,AT
2021-06-06,59.09458333333333,AT
2021-06-07,77.33791666666666,AT
2021-06-08,76.81583333333333,AT
2021-06-09,76.54875,AT
2021-06-10,78.74083333333333,AT
2021-06-11,78.00208333333333,AT
2021-06-12,40.123333333333335,AT
2021-06-13,19.5925,AT
2021-06-14,75.40666666666667,AT
2021-06-15,82.67208333333333,AT
2021-06-16,85.105,AT
2021-06-17,80.07916666666667,AT
2021-06-18,80.33416666666666,AT
2021-06-19,71.02791666666667,AT
2021-06-20,58.39291666666667,AT
2021-06-21,77.63250000000001,AT
2021-06-22,84.46708333333333,AT
2021-06-23,92.36458333333331,AT
2021-06-24,94.69375,AT
2021-06-25,89.5425,AT
2021-06-26,79.50666666666667,AT
2021-06-27,66.00583333333333,AT
2021-06-28,88.78666666666668,AT
2021-06-29,91.63958333333332,AT
2021-06-30,92.26666666666668,AT
2021-07-01,89.355,AT
2021-07-02,97.04083333333334,AT
2021-07-03,84.84625,AT
2021-07-04,82.63958333333333,AT
2021-07-05,93.67666666666666,AT
2021-07-06,87.02166666666666,AT
2021-07-07,100.75666666666666,AT
2021-07-08,109.4575,AT
2021-07-09,91.29791666666668,AT
2021-07-10,81.29541666666667,AT
2021-07-11,77.74,AT
2021-07-12,93.49416666666669,AT
2021-07-13,95.00916666666666,AT
2021-07-14,88.61083333333333,AT
2021-07-15,88.93666666666667,AT
2021-07-16,85.08291666666666,AT
2021-07-17,65.79125,AT
2021-07-18,45.844166666666666,AT
2021-07-19,89.48,AT
2021-07-20,91.78125,AT
2021-07-21,92.35,AT
2021-07-22,88.35541666666667,AT
2021-07-23,88.90791666666667,AT
2021-07-24,75.91375000000001,AT
2021-07-25,61.020833333333336,AT
2021-07-26,88.33166666666666,AT
2021-07-27,87.07416666666666,AT
2021-07-28,85.08874999999999,AT
2021-07-29,69.59,AT
2021-07-30,70.64916666666666,AT
2021-07-31,47.68875,AT
2021-08-01,57.78875,AT
2021-08-02,80.15625,AT
2021-08-03,96.07458333333334,AT
2021-08-04,97.7525,AT
2021-08-05,93.92333333333332,AT
2021-08-06,67.41125,AT
2021-08-07,59.165416666666665,AT
2021-08-08,4.902916666666666,AT
2021-08-09,67.50375,AT
2021-08-10,90.39333333333332,AT
2021-08-11,100.63083333333331,AT
2021-08-12,106.47875,AT
2021-08-13,94.84416666666668,AT
2021-08-14,70.53291666666667,AT
2021-08-15,61.91458333333333,AT
2021-08-16,71.85583333333334,AT
2021-08-17,58.45666666666667,AT
2021-08-18,78.52374999999999,AT
2021-08-19,91.66291666666666,AT
2021-08-20,102.08333333333331,AT
2021-08-21,91.46291666666669,AT
2021-08-22,78.07666666666667,AT
2021-08-23,93.79541666666668,AT
2021-08-24,93.96416666666666,AT
2021-08-25,86.17125,AT
2021-08-26,92.63291666666667,AT
2021-08-27,95.9075,AT
2021-08-28,86.2075,AT
2021-08-29,81.05875,AT
2021-08-30,106.56125,AT
2021-08-31,109.75625,AT
2021-09-01,111.28375,AT
2021-09-02,117.47916666666669,AT
2021-09-03,110.75166666666668,AT
2021-09-04,106.63041666666668,AT
2021-09-05,97.34083333333332,AT
2021-09-06,128.33208333333332,AT
2021-09-07,128.13416666666666,AT
2021-09-08,125.26,AT
2021-09-09,132.69583333333333,AT
2021-09-10,138.2516666666667,AT
2021-09-11,129.27791666666667,AT
2021-09-12,107.26,AT
2021-09-13,143.25958333333332,AT
2021-09-14,146.72541666666666,AT
2021-09-15,168.22333333333333,AT
2021-09-16,166.51874999999998,AT
2021-09-17,157.33333333333334,AT
2021-09-18,137.68541666666667,AT
2021-09-19,96.32916666666668,AT
2021-09-20,151.34791666666666,AT
2021-09-21,149.84375,AT
2021-09-22,147.70791666666668,AT
2021-09-23,132.6266666666667,AT
2021-09-24,127.3775,AT
2021-09-25,135.74125,AT
2021-09-26,125.71750000000002,AT
2021-09-27,152.94791666666666,AT
2021-09-28,159.07708333333332,AT
2021-09-29,149.42083333333332,AT
2021-09-30,159.02625,AT
2021-10-01,140.75291666666666,AT
2021-10-02,109.88875,AT
2021-10-03,44.44083333333333,AT
2021-10-04,169.2795833333333,AT
2021-10-05,160.55583333333334,AT
2021-10-06,185.15374999999997,AT
2021-10-07,301.695,AT
2021-10-08,203.89291666666668,AT
2021-10-09,165.34875,AT
2021-10-10,157.85416666666666,AT
2021-10-11,181.49749999999997,AT
2021-10-12,185.98958333333337,AT
2021-10-13,190.72416666666663,AT
2021-10-14,190.42916666666667,AT
2021-10-15,182.415,AT
2021-10-16,182.14375,AT
2021-10-17,161.86583333333334,AT
2021-10-18,201.1916666666667,AT
2021-10-19,176.84,AT
2021-10-20,151.35208333333333,AT
2021-10-21,159.305,AT
2021-10-22,191.3375,AT
2021-10-23,160.69208333333333,AT
2021-10-24,144.04958333333337,AT
2021-10-25,198.42166666666665,AT
2021-10-26,202.34833333333333,AT
2021-10-27,213.55541666666667,AT
2021-10-28,197.01791666666668,AT
2021-10-29,159.77291666666665,AT
2021-10-30,112.72125,AT
2021-10-31,83.1768,AT
2021-11-01,111.37083333333334,AT
2021-11-02,204.08375,AT
2021-11-03,192.7591666666667,AT
2021-11-04,176.64374999999998,AT
2021-11-05,178.07708333333335,AT
2021-11-06,151.22333333333333,AT
2021-11-07,152.54375000000002,AT
2021-11-08,196.3970833333333,AT
2021-11-09,193.09625000000003,AT
2021-11-10,176.41916666666668,AT
2021-11-11,196.40833333333333,AT
2021-11-12,197.105,AT
2021-11-13,170.56875,AT
2021-11-14,174.34083333333334,AT
2021-11-15,227.98291666666668,AT
2021-11-16,237.885,AT
2021-11-17,215.16666666666663,AT
2021-11-18,211.0425,AT
2021-11-19,217.95583333333332,AT
2021-11-20,188.40416666666667,AT
2021-11-21,206.44625,AT
2021-11-22,254.83833333333337,AT
2021-11-23,266.3879166666666,AT
2021-11-24,282.68874999999997,AT
2021-11-25,268.22499999999997,AT
2021-11-26,236.51625,AT
2021-11-27,210.39291666666668,AT
2021-11-28,201.95916666666668,AT
2021-11-29,273.92291666666665,AT
2021-11-30,215.09,AT
2021-12-01,243.9391666666667,AT
2021-12-02,257.3233333333333,AT
2021-12-03,232.53875,AT
2021-12-04,205.36041666666665,AT
2021-12-05,200.87833333333333,AT
2021-12-06,272.43916666666667,AT
2021-12-07,243.36791666666667,AT
2021-12-08,221.44000000000003,AT
2021-12-09,281.8325,AT
2021-12-10,244.24791666666667,AT
2021-12-11,240.795,AT
2021-12-12,203.98958333333337,AT
2021-12-13,282.14416666666665,AT
2021-12-14,311.3229166666667,AT
2021-12-15,311.91,AT
2021-12-16,347.68625,AT
2021-12-17,339.29875,AT
2021-12-18,278.55083333333334,AT
2021-12-19,225.82,AT
2021-12-20,344.8520833333334,AT
2021-12-21,434.3358333333333,AT
2021-12-22,427.08625,AT
2021-12-23,351.48375000000004,AT
2021-12-24,230.00958333333335,AT
2021-12-25,202.08791666666664,AT
2021-12-26,175.66875000000002,AT
2021-12-27,153.1875,AT
2021-12-28,130.76291666666663,AT
2021-12-29,155.60333333333332,AT
2021-12-30,117.50916666666666,AT
2021-12-31,87.88521739130434,AT
2022-01-01,84.08125,AT
2022-01-02,55.82916666666667,AT
2022-01-03,84.12833333333333,AT
2022-01-04,154.54791666666668,AT
2022-01-05,132.29541666666668,AT
2022-01-06,201.6175,AT
2022-01-07,180.94125,AT
2022-01-08,177.53708333333336,AT
2022-01-09,172.63916666666668,AT
2022-01-10,261.47291666666666,AT
2022-01-11,254.75249999999997,AT
2022-01-12,234.34375,AT
2022-01-13,196.67041666666668,AT
2022-01-14,199.6158333333333,AT
2022-01-15,216.9775,AT
2022-01-16,188.0616666666667,AT
2022-01-17,184.38833333333332,AT
2022-01-18,237.56208333333333,AT
2022-01-19,203.93375,AT
2022-01-20,179.89666666666668,AT
2022-01-21,177.03833333333333,AT
2022-01-22,190.75958333333332,AT
2022-01-23,194.40958333333333,AT
2022-01-24,246.1866666666667,AT
2022-01-25,296.85166666666663,AT
2022-01-26,246.75249999999997,AT
2022-01-27,193.02,AT
2022-01-28,205.0675,AT
2022-01-29,161.18666666666667,AT
2022-01-30,141.41708333333335,AT
2022-01-31,205.35375,AT
2022-02-01,207.43833333333336,AT
2022-02-02,193.20833333333337,AT
2022-02-03,197.93458333333336,AT
2022-02-04,193.70125,AT
2022-02-05,153.73291666666668,AT
2022-02-06,135.1225,AT
2022-02-07,183.25958333333332,AT
2022-02-08,157.98999999999998,AT
2022-02-09,186.76541666666665,AT
2022-02-10,195.9958333333333,AT
2022-02-11,192.8275,AT
2022-02-12,160.44208333333333,AT
2022-02-13,134.64458333333332,AT
2022-02-14,178.0041666666667,AT
2022-02-15,195.75541666666663,AT
2022-02-16,183.09166666666667,AT
2022-02-17,140.54125,AT
2022-02-18,134.34708333333333,AT
2022-02-19,100.10625,AT
2022-02-20,96.9625,AT
2022-02-21,115.73833333333332,AT
2022-02-22,137.62833333333333,AT
2022-02-23,147.90958333333333,AT
2022-02-24,140.92041666666668,AT
2022-02-25,166.40083333333334,AT
2022-02-26,229.23916666666665,AT
2022-02-27,191.58375,AT
2022-02-28,246.53208333333336,AT
2022-03-01,251.93958333333333,AT
2022-03-02,278.64208333333335,AT
2022-03-03,339.99625,AT
2022-03-04,367.45375,AT
2022-03-05,350.29833333333335,AT
2022-03-06,366.74,AT
2022-03-07,426.3625,AT
2022-03-08,555.4516666666667,AT
2022-03-09,474.0333333333333,AT
2022-03-10,365.0470833333333,AT
2022-03-11,299.02333333333337,AT
2022-03-12,230.535,AT
2022-03-13,221.01833333333332,AT
2022-03-14,289.1141666666667,AT
2022-03-15,301.84208333333333,AT
2022-03-16,270.56416666666667,AT
2022-03-17,246.85,AT
2022-03-18,235.47541666666663,AT
2022-03-19,189.73708333333332,AT
2022-03-20,108.9225,AT
2022-03-21,223.0775,AT
2022-03-22,238.00291666666664,AT
2022-03-23,238.3841666666667,AT
2022-03-24,240.54291666666663,AT
2022-03-25,252.17458333333332,AT
2022-03-26,217.76291666666668,AT
2022-03-27,202.04304347826087,AT
2022-03-28,229.90833333333333,AT
2022-03-29,252.31583333333333,AT
2022-03-30,275.6870833333333,AT
2022-03-31,227.5716666666667,AT
2022-04-01,190.465,AT
2022-04-02,196.0979166666667,AT
2022-04-03,197.26375,AT
2022-04-04,209.58333333333337,AT
2022-04-05,217.325,AT
2022-04-06,168.38458333333332,AT
2022-04-07,140.17916666666667,AT
2022-04-08,152.49416666666667,AT
2022-04-09,116.53708333333331,AT
2022-04-10,92.02583333333332,AT
2022-04-11,225.18875,AT
2022-04-12,203.39416666666668,AT
2022-04-13,226.71666666666667,AT
2022-04-14,227.75833333333333,AT
2022-04-15,194.01875,AT
2022-04-16,149.81958333333333,AT
2022-04-17,109.49166666666667,AT
2022-04-18,120.62333333333332,AT
2022-04-19,221.76,AT
2022-04-20,207.57541666666668,AT
2022-04-21,201.57666666666668,AT
2022-04-22,203.59875,AT
2022-04-23,142.4175,AT
2022-04-24,125.42083333333332,AT
2022-04-25,223.38458333333332,AT
2022-04-26,241.34166666666667,AT
2022-04-27,222.21291666666664,AT
2022-04-28,230.16375,AT
2022-04-29,228.05541666666667,AT
2022-04-30,201.83291666666665,AT
2022-05-01,194.74125,AT
2022-05-02,219.05291666666668,AT
2022-05-03,218.25083333333336,AT
2022-05-04,232.18041666666667,AT
2022-05-05,235.18166666666664,AT
2022-05-06,225.35916666666665,AT
2022-05-07,201.4283333333333,AT
2022-05-08,172.93166666666664,AT
2022-05-09,217.67875,AT
2022-05-10,201.1579166666667,AT
2022-05-11,189.68541666666667,AT
2022-05-12,177.32291666666666,AT
2022-05-13,194.82125,AT
2022-05-14,166.89166666666668,AT
2022-05-15,148.90625,AT
2022-05-16,214.86708333333337,AT
2022-05-17,226.30958333333336,AT
2022-05-18,207.40583333333333,AT
2022-05-19,210.85208333333333,AT
2022-05-20,208.70291666666665,AT
2022-05-21,119.22833333333334,AT
2022-05-22,166.05958333333334,AT
2022-05-23,188.43458333333336,AT
2022-05-24,172.86416666666665,AT
2022-05-25,179.8925,AT
2022-05-26,92.06208333333332,AT
2022-05-27,72.23541666666667,AT
2022-05-28,71.55208333333333,AT
2022-05-29,156.78541666666666,AT
2022-05-30,225.99291666666667,AT
2022-05-31,210.34625000000003,AT
2022-06-01,218.1125,AT
2022-06-02,194.26333333333332,AT
2022-06-03,186.2229166666667,AT
2022-06-04,171.36833333333334,AT
2022-06-05,143.59291666666667,AT
2022-06-06,112.6175,AT
2022-06-07,184.60791666666668,AT
2022-06-08,191.12749999999997,AT
2022-06-09,188.88,AT
2022-06-10,185.58041666666668,AT
2022-06-11,138.73875,AT
2022-06-12,119.015,AT
2022-06-13,174.88541666666666,AT
2022-06-14,200.47583333333333,AT
2022-06-15,214.54583333333335,AT
2022-06-16,204.80291666666665,AT
2022-06-17,256.45750000000004,AT
2022-06-18,213.43083333333337,AT
2022-06-19,154.88666666666668,AT
2022-06-20,287.05291666666665,AT
2022-06-21,314.6254166666667,AT
2022-06-22,343.94416666666666,AT
2022-06-23,312.9554166666667,AT
2022-06-24,282.16875,AT
2022-06-25,250.25666666666663,AT
2022-06-26,226.4525,AT
2022-06-27,333.34708333333333,AT
2022-06-28,362.16083333333336,AT
2022-06-29,334.58958333333334,AT
2022-06-30,347.6345833333333,AT
2022-07-01,334.1775,AT
2022-07-02,255.67916666666667,AT
2022-07-03,225.01916666666668,AT
2022-07-04,344.1020833333334,AT
2022-07-05,353.74125,AT
2022-07-06,347.32666666666665,AT
2022-07-07,310.7075,AT
2022-07-08,303.8308333333333,AT
2022-07-09,174.23541666666665,AT
2022-07-10,124.92916666666667,AT
2022-07-11,376.94,AT
2022-07-12,396.7658333333333,AT
2022-07-13,377.98625,AT
2022-07-14,391.15083333333337,AT
2022-07-15,384.2845833333334,AT
2022-07-16,294.5154166666667,AT
2022-07-17,242.26375,AT
2022-07-18,449.0645833333333,AT
2022-07-19,444.49125,AT
2022-07-20,419.4041666666667,AT
2022-07-21,451.61625,AT
2022-07-22,436.8141666666666,AT
2022-07-23,364.8591666666667,AT
2022-07-24,333.3620833333333,AT
2022-07-25,385.5466666666666,AT
2022-07-26,443.0370833333333,AT
2022-07-27,465.7816666666667,AT
2022-07-28,497.5254166666667,AT
2022-07-29,477.1433333333334,AT
2022-07-30,407.7616666666667,AT
2022-07-31,316.95166666666665,AT
2022-08-01,431.64625,AT
2022-08-02,452.8325,AT
2022-08-03,427.55041666666665,AT
2022-08-04,427.77375,AT
2022-08-05,413.31375,AT
2022-08-06,306.61333333333334,AT
2022-08-07,216.84333333333333,AT
2022-08-08,376.96625,AT
2022-08-09,355.92541666666665,AT
2022-08-10,342.3458333333333,AT
2022-08-11,380.9925,AT
2022-08-12,444.4675,AT
2022-08-13,412.89125,AT
2022-08-14,381.88875,AT
2022-08-15,426.9291666666666,AT
2022-08-16,490.7929166666666,AT
2022-08-17,555.1266666666667,AT
2022-08-18,562.535,AT
2022-08-19,516.9016666666666,AT
2022-08-20,470.445,AT
2022-08-21,405.3808333333333,AT
2022-08-22,564.6591666666667,AT
2022-08-23,615.7529166666667,AT
2022-08-24,635.5183333333333,AT
2022-08-25,628.5558333333333,AT
2022-08-26,707.2312499999999,AT
2022-08-27,647.8595833333334,AT
2022-08-28,545.9383333333334,AT
2022-08-29,764.1658333333334,AT
2022-08-30,725.9779166666667,AT
2022-08-31,673.2833333333333,AT
2022-09-01,620.1854166666667,AT
2022-09-02,498.0475,AT
2022-09-03,383.14875,AT
2022-09-04,303.21958333333333,AT
2022-09-05,446.3570833333333,AT
2022-09-06,516.4504166666667,AT
2022-09-07,476.99333333333334,AT
2022-09-08,461.0225,AT
2022-09-09,362.60125,AT
2022-09-10,404.31791666666663,AT
2022-09-11,391.4891666666667,AT
2022-09-12,419.8183333333333,AT
2022-09-13,421.1770833333333,AT
2022-09-14,455.46791666666667,AT
2022-09-15,397.70125,AT
2022-09-16,365.4775,AT
2022-09-17,294.04125,AT
2022-09-18,175.9225,AT
2022-09-19,284.16333333333336,AT
2022-09-20,364.97541666666666,AT
2022-09-21,380.96374999999995,AT
2022-09-22,399.16541666666666,AT
2022-09-23,362.03666666666663,AT
2022-09-24,344.43458333333336,AT
2022-09-25,277.4795833333333,AT
2022-09-26,315.965,AT
2022-09-27,312.9108333333333,AT
2022-09-28,385.7125,AT
2022-09-29,421.77208333333334,AT
2022-09-30,349.2183333333333,AT
2022-10-01,189.09875,AT
2022-10-02,131.23208333333335,AT
2022-10-03,219.40583333333333,AT
2022-10-04,277.3666666666667,AT
2022-10-05,189.9175,AT
2022-10-06,202.34291666666664,AT
2022-10-07,186.93,AT
2022-10-08,187.89958333333337,AT
2022-10-09,160.03708333333333,AT
2022-10-10,194.30875,AT
2022-10-11,265.485,AT
2022-10-12,282.34999999999997,AT
2022-10-13,259.55333333333334,AT
2022-10-14,261.02708333333334,AT
2022-10-15,175.54416666666668,AT
2022-10-16,132.5275,AT
2022-10-17,170.52583333333334,AT
2022-10-18,195.4608333333333,AT
2022-10-19,168.07666666666668,AT
2022-10-20,161.96625,AT
2022-10-21,169.07791666666665,AT
2022-10-22,145.82625,AT
2022-10-23,103.21083333333333,AT
2022-10-24,135.80875,AT
2022-10-25,123.96875,AT
2022-10-26,128.33083333333337,AT
2022-10-27,129.47625,AT
2022-10-28,117.30708333333332,AT
2022-10-29,103.24625,AT
2022-10-30,116.644,AT
2022-10-31,146.57916666666668,AT
2022-11-01,118.35625,AT
2022-11-02,145.0641666666667,AT
2022-11-03,140.70000000000002,AT
2022-11-04,178.04125,AT
2022-11-05,138.38041666666666,AT
2022-11-06,129.05583333333334,AT
2022-11-07,116.86375,AT
2022-11-08,156.78,AT
2022-11-09,185.99958333333333,AT
2022-11-10,205.1604166666667,AT
2022-11-11,207.35916666666665,AT
2022-11-12,179.7825,AT
2022-11-13,168.90708333333333,AT
2022-11-14,204.0925,AT
2022-11-15,237.9825,AT
2022-11-16,248.31541666666664,AT
2022-11-17,254.63458333333332,AT
2022-11-18,243.07333333333335,AT
2022-11-19,208.0775,AT
2022-11-20,209.575,AT
2022-11-21,252.70833333333337,AT
2022-11-22,216.74166666666667,AT
2022-11-23,222.1233333333333,AT
2022-11-24,257.4191666666666,AT
2022-11-25,269.48333333333335,AT
2022-11-26,239.42708333333337,AT
2022-11-27,171.22583333333333,AT
2022-11-28,302.05541666666664,AT
2022-11-29,371.7320833333333,AT
2022-11-30,395.62583333333333,AT
2022-12-01,393.1266666666667,AT
2022-12-02,379.77208333333334,AT
2022-12-03,295.39375,AT
2022-12-04,276.1516666666667,AT
2022-12-05,343.79375,AT
2022-12-06,390.24541666666664,AT
2022-12-07,365.81625,AT
2022-12-08,389.67875,AT
2022-12-09,415.3754166666667,AT
2022-12-10,352.30541666666664,AT
2022-12-11,314.96875,AT
2022-12-12,423.59125,AT
2022-12-13,447.32958333333335,AT
2022-12-14,445.5829166666667,AT
2022-12-15,399.84375,AT
2022-12-16,410.4316666666667,AT
2022-12-17,271.505,AT
2022-12-18,205.7425,AT
2022-12-19,211.12958333333333,AT
2022-12-20,221.16583333333335,AT
2022-12-21,228.94375,AT
2022-12-22,209.22333333333333,AT
2022-12-23,183.97708333333333,AT
2022-12-24,112.68916666666668,AT
2022-12-25,106.45666666666666,AT
2022-12-26,50.68666666666667,AT
2022-12-27,98.46333333333332,AT
2022-12-28,81.48375,AT
2022-12-29,38.15833333333334,AT
2022-12-30,30.61375,AT
2022-12-31,4.068695652173913,AT
2023-01-01,16.6875,AT
2023-01-02,126.36458333333331,AT
2023-01-03,147.28333333333333,AT
2023-01-04,142.74666666666667,AT
2023-01-05,132.32583333333335,AT
2023-01-06,128.03333333333333,AT
2023-01-07,148.33416666666668,AT
2023-01-08,112.32833333333332,AT
2023-01-09,142.16958333333335,AT
2023-01-10,134.91125,AT
2023-01-11,138.41,AT
2023-01-12,168.11958333333334,AT
2023-01-13,162.91583333333332,AT
2023-01-14,119.36291666666666,AT
2023-01-15,83.13125000000001,AT
2023-01-16,134.66875000000002,AT
2023-01-17,143.81041666666667,AT
2023-01-18,149.48583333333332,AT
2023-01-19,155.95083333333332,AT
2023-01-20,179.20125,AT
2023-01-21,143.49541666666667,AT
2023-01-22,156.40125,AT
2023-01-23,202.825,AT
2023-01-24,202.8375,AT
2023-01-25,182.465,AT
2023-01-26,169.44083333333333,AT
2023-01-27,168.91291666666666,AT
2023-01-28,145.83375,AT
2023-01-29,139.59333333333333,AT
2023-01-30,157.38708333333332,AT
2023-01-31,146.07583333333335,AT
2023-02-01,141.6654166666667,AT
2023-02-02,150.69208333333333,AT
2023-02-03,141.78416666666666,AT
2023-02-04,147.00583333333333,AT
2023-02-05,130.62416666666667,AT
2023-02-06,172.45083333333332,AT
2023-02-07,174.7195833333333,AT
2023-02-08,161.97541666666666,AT
2023-02-09,154.10625000000002,AT
2023-02-10,154.58208333333334,AT
2023-02-11,149.205,AT
2023-02-12,140.17,AT
2023-02-13,164.83916666666667,AT
2023-02-14,157.61208333333337,AT
2023-02-15,157.60583333333332,AT
2023-02-16,153.82416666666668,AT
2023-02-17,148.10958333333335,AT
2023-02-18,117.62708333333336,AT
2023-02-19,117.07291666666669,AT
2023-02-20,117.8525,AT
2023-02-21,135.79208333333335,AT
2023-02-22,149.58333333333334,AT
2023-02-23,148.37083333333334,AT
2023-02-24,134.61083333333332,AT
2023-02-25,107.83416666666666,AT
2023-02-26,114.39791666666667,AT
2023-02-27,152.14958333333334,AT
2023-02-28,152.58416666666668,AT
2023-03-01,151.9045833333333,AT
2023-03-02,152.73625,AT
2023-03-03,148.61833333333334,AT
2023-03-04,123.145,AT
2023-03-05,125.99041666666666,AT
2023-03-06,152.88583333333332,AT
2023-03-07,137.24458333333334,AT
2023-03-08,139.39458333333334,AT
2023-03-09,128.48833333333332,AT
2023-03-10,117.75833333333333,AT
2023-03-11,104.56916666666666,AT
2023-03-12,98.1225,AT
2023-03-13,100.96458333333334,AT
2023-03-14,92.42,AT
2023-03-15,129.97375,AT
2023-03-16,109.61,AT
2023-03-17,95.00875,AT
2023-03-18,109.39208333333332,AT
2023-03-19,111.85625,AT
2023-03-20,125.65208333333334,AT
2023-03-21,120.28416666666668,AT
2023-03-22,107.05666666666669,AT
2023-03-23,103.72208333333332,AT
2023-03-24,88.26791666666666,AT
2023-03-25,29.909583333333337,AT
2023-03-26,74.19434782608695,AT
2023-03-27,99.11458333333331,AT
2023-03-28,112.99791666666664,AT
2023-03-29,116.84333333333332,AT
2023-03-30,104.3125,AT
2023-03-31,100.49166666666666,AT
2023-04-01,56.784166666666664,AT
2023-04-02,68.18166666666666,AT
2023-04-03,110.32625,AT
2023-04-04,128.73749999999998,AT
2023-04-05,139.93791666666667,AT
2023-04-06,125.5275,AT
2023-04-07,117.84291666666668,AT
2023-04-08,117.01375,AT
2023-04-09,105.0475,AT
2023-04-10,65.17208333333333,AT
2023-04-11,107.20375,AT
2023-04-12,110.965,AT
2023-04-13,120.22625,AT
2023-04-14,127.55916666666668,AT
2023-04-15,107.56625,AT
2023-04-16,110.11375,AT
2023-04-17,122.13958333333332,AT
2023-04-18,111.73541666666668,AT
2023-04-19,102.86583333333334,AT
2023-04-20,111.02083333333331,AT
2023-04-21,99.98958333333331,AT
2023-04-22,86.42375,AT
2023-04-23,85.48875,AT
2023-04-24,105.66083333333334,AT
2023-04-25,104.0,AT
2023-04-26,110.65916666666668,AT
2023-04-27,110.36,AT
2023-04-28,105.9975,AT
2023-04-29,100.59833333333334,AT
2023-04-30,68.925,AT
2023-05-01,83.03708333333334,AT
2023-05-02,106.26333333333334,AT
2023-05-03,104.79166666666669,AT
2023-05-04,96.77541666666669,AT
2023-05-05,96.25083333333332,AT
2023-05-06,89.50708333333334,AT
2023-05-07,69.92416666666666,AT
2023-05-08,95.57791666666668,AT
2023-05-09,96.12541666666664,AT
2023-05-10,105.04791666666668,AT
2023-05-11,112.62375,AT
2023-05-12,102.92625,AT
2023-05-13,78.81583333333333,AT
2023-05-14,70.24166666666666,AT
2023-05-15,113.06083333333332,AT
2023-05-16,87.945,AT
2023-05-17,80.26041666666667,AT
2023-05-18,83.235,AT
2023-05-19,86.32083333333333,AT
2023-05-20,46.95708333333334,AT
2023-05-21,29.7,AT
2023-05-22,95.64625,AT
2023-05-23,81.13166666666667,AT
2023-05-24,98.08625,AT
2023-05-25,83.99708333333334,AT
2023-05-26,70.4225,AT
2023-05-27,60.09125,AT
2023-05-28,34.24166666666667,AT
2023-05-29,27.88125,AT
2023-05-30,85.45541666666666,AT
2023-05-31,79.435,AT
2023-06-01,73.45625,AT
2023-06-02,79.2925,AT
2023-06-03,55.895833333333336,AT
2023-06-04,50.850833333333334,AT
2023-06-05,88.4425,AT
2023-06-06,92.64833333333333,AT
2023-06-07,98.01916666666666,AT
2023-06-08,83.93875,AT
2023-06-09,86.46875,AT
2023-06-10,59.18875,AT
2023-06-11,43.595,AT
2023-06-12,97.4825,AT
2023-06-13,94.51416666666668,AT
2023-06-14,104.15541666666668,AT
2023-06-15,117.58541666666667,AT
2023-06-16,126.79791666666668,AT
2023-06-17,104.43874999999998,AT
2023-06-18,92.47083333333336,AT
2023-06-19,115.99875,AT
2023-06-20,120.82916666666668,AT
2023-06-21,123.62,AT
2023-06-22,125.21541666666668,AT
2023-06-23,110.03958333333333,AT
2023-06-24,80.61625,AT
2023-06-25,73.66083333333333,AT
2023-06-26,100.82416666666668,AT
2023-06-27,104.10875,AT
2023-06-28,111.60416666666669,AT
2023-06-29,117.58125,AT
2023-06-30,111.05291666666666,AT
2023-07-01,70.71333333333332,AT
2023-07-02,-17.32041666666667,AT
2023-07-03,81.13333333333334,AT
2023-07-04,107.02333333333333,AT
2023-07-05,98.35625,AT
2023-07-06,106.80416666666667,AT
2023-07-07,101.05416666666667,AT
2023-07-08,82.22708333333334,AT
2023-07-09,89.35666666666667,AT
2023-07-10,118.29791666666668,AT
2023-07-11,114.23791666666666,AT
2023-07-12,109.42666666666666,AT
2023-07-13,106.17458333333332,AT
2023-07-14,95.0925,AT
2023-07-15,34.11833333333333,AT
2023-07-16,40.35333333333333,AT
2023-07-17,101.5725,AT
2023-07-18,108.75791666666667,AT
2023-07-19,98.93041666666666,AT
2023-07-20,99.64291666666666,AT
2023-07-21,106.30041666666666,AT
2023-07-22,77.17666666666666,AT
2023-07-23,33.129583333333336,AT
2023-07-24,91.60208333333333,AT
2023-07-25,102.71708333333332,AT
2023-07-26,95.82833333333332,AT
2023-07-27,94.02666666666666,AT
2023-07-28,93.71041666666667,AT
2023-07-29,78.175,AT
2023-07-30,39.305416666666666,AT
2023-07-31,72.205,AT
2023-08-01,81.26708333333333,AT
2023-08-02,67.12375,AT
2023-08-03,51.315,AT
2023-08-04,93.26791666666666,AT
2023-08-05,87.70041666666667,AT
2023-08-06,43.31125,AT
2023-08-07,21.64916666666667,AT
2023-08-08,17.729166666666668,AT
2023-08-09,89.11666666666667,AT
2023-08-10,89.34291666666667,AT
2023-08-11,88.42291666666667,AT
2023-08-12,73.95083333333334,AT
2023-08-13,60.88166666666666,AT
2023-08-14,96.06833333333331,AT
2023-08-15,86.27666666666666,AT
2023-08-16,109.68874999999998,AT
2023-08-17,109.15666666666664,AT
2023-08-18,108.11708333333333,AT
2023-08-19,83.26666666666667,AT
2023-08-20,90.14791666666667,AT
2023-08-21,120.89791666666667,AT
2023-08-22,123.55708333333332,AT
2023-08-23,150.33958333333334,AT
2023-08-24,145.33374999999998,AT
2023-08-25,123.33125,AT
2023-08-26,103.52125,AT
2023-08-27,100.10958333333332,AT
2023-08-28,117.40125,AT
2023-08-29,119.6525,AT
2023-08-30,115.46375,AT
2023-08-31,106.25291666666668,AT
2023-09-01,105.30833333333334,AT
2023-09-02,94.85125,AT
2023-09-03,81.16375000000001,AT
2023-09-04,104.83333333333331,AT
2023-09-05,102.92416666666666,AT
2023-09-06,105.20791666666666,AT
2023-09-07,101.09458333333332,AT
2023-09-08,106.58708333333334,AT
2023-09-09,92.73833333333332,AT
2023-09-10,84.11083333333333,AT
2023-09-11,145.51375,AT
2023-09-12,129.16041666666666,AT
2023-09-13,111.60208333333333,AT
2023-09-14,118.45,AT
2023-09-15,107.90166666666666,AT
2023-09-16,93.085,AT
2023-09-17,85.10166666666667,AT
2023-09-18,94.91541666666669,AT
2023-09-19,64.88916666666667,AT
2023-09-20,78.83041666666666,AT
2023-09-21,103.73333333333332,AT
2023-09-22,103.395,AT
2023-09-23,100.55916666666668,AT
2023-09-24,68.22791666666667,AT
2023-09-25,103.4825,AT
2023-09-26,124.1325,AT
2023-09-27,121.81958333333334,AT
2023-09-28,111.295,AT
2023-09-29,104.96916666666668,AT
2023-09-30,91.3825,AT
2023-10-01,73.58291666666666,AT
2023-10-02,117.88083333333331,AT
2023-10-03,82.875,AT
2023-10-04,78.17708333333333,AT
2023-10-05,105.78958333333333,AT
2023-10-06,94.94458333333334,AT
2023-10-07,60.78666666666666,AT
2023-10-08,88.5575,AT
2023-10-09,118.13875,AT
2023-10-10,124.73916666666666,AT
2023-10-11,101.03583333333334,AT
2023-10-12,123.23041666666668,AT
2023-10-13,114.56458333333336,AT
2023-10-14,87.36166666666666,AT
2023-10-15,62.40083333333333,AT
2023-10-16,133.26708333333332,AT
2023-10-17,137.3733333333333,AT
2023-10-18,108.91708333333334,AT
2023-10-19,111.10625,AT
2023-10-20,100.425,AT
2023-10-21,59.63625,AT
2023-10-22,66.12333333333333,AT
2023-10-23,126.26125,AT
2023-10-24,121.83333333333331,AT
2023-10-25,123.15375,AT
2023-10-26,121.55041666666666,AT
2023-10-27,117.93916666666668,AT
2023-10-28,80.78583333333334,AT
2023-10-29,33.517199999999995,AT
2023-10-30,96.59583333333336,AT
2023-10-31,106.79041666666666,AT
2023-11-01,61.346666666666664,AT
2023-11-02,67.89083333333333,AT
2023-11-03,58.82916666666667,AT
2023-11-04,25.579583333333332,AT
2023-11-05,30.688333333333333,AT
2023-11-06,76.06375,AT
2023-11-07,103.8175,AT
2023-11-08,92.19166666666666,AT
2023-11-09,97.87291666666664,AT
2023-11-10,98.9875,AT
2023-11-11,96.80041666666666,AT
2023-11-12,95.99666666666668,AT
2023-11-13,106.14416666666666,AT
2023-11-14,73.28375,AT
2023-11-15,101.82958333333332,AT
2023-11-16,115.95291666666668,AT
2023-11-17,121.19708333333334,AT
2023-11-18,93.27958333333332,AT
2023-11-19,41.00416666666667,AT
2023-11-20,106.03708333333331,AT
2023-11-21,122.82541666666668,AT
2023-11-22,108.79625,AT
2023-11-23,85.29291666666667,AT
2023-11-24,78.32291666666667,AT
2023-11-25,93.75166666666668,AT
2023-11-26,106.30083333333332,AT
2023-11-27,117.72916666666669,AT
2023-11-28,122.02166666666666,AT
2023-11-29,140.48125000000002,AT
2023-11-30,167.25,AT
2023-12-01,155.15,AT
2023-12-02,113.8025,AT
2023-12-03,103.9825,AT
2023-12-04,117.47791666666666,AT
2023-12-05,122.74375,AT
2023-12-06,129.40375,AT
2023-12-07,116.96833333333336,AT
2023-12-08,105.83125,AT
2023-12-09,89.18875000000001,AT
2023-12-10,62.69833333333333,AT
2023-12-11,91.68708333333332,AT
2023-12-12,109.20833333333331,AT
2023-12-13,98.9425,AT
2023-12-14,105.89416666666666,AT
2023-12-15,94.7,AT
2023-12-16,72.285,AT
2023-12-17,56.99041666666667,AT
2023-12-18,82.23125,AT
2023-12-19,81.45125,AT
2023-12-20,69.88,AT
2023-12-21,53.84,AT
2023-12-22,29.81375,AT
2023-12-23,29.479166666666668,AT
2023-12-24,4.040416666666666,AT
2023-12-25,1.4783333333333335,AT
2023-12-26,20.23625,AT
2023-12-27,58.93083333333333,AT
2023-12-28,27.263333333333335,AT
2023-12-29,12.3025,AT
2023-12-30,35.147083333333335,AT
2023-12-31,14.42695652173913,AT
2024-01-01,17.62125,AT
2024-01-02,55.19083333333333,AT
2024-01-03,50.26458333333333,AT
2024-01-04,80.97583333333334,AT
2024-01-05,94.14875,AT
2024-01-06,88.59791666666666,AT
2024-01-07,86.32541666666667,AT
2024-01-08,101.24541666666666,AT
2024-01-09,108.74,AT
2024-01-10,111.70583333333332,AT
2024-01-11,109.22625,AT
2024-01-12,106.88958333333332,AT
2024-01-13,81.71041666666666,AT
2024-01-14,77.715,AT
2024-01-15,88.67958333333333,AT
2024-01-16,106.16166666666668,AT
2024-01-17,99.83375,AT
2024-01-18,95.36208333333332,AT
2024-01-19,80.98625,AT
2024-01-20,75.18541666666667,AT
2024-01-21,62.06625,AT
2024-01-22,74.73625,AT
2024-01-23,73.09916666666666,AT
2024-01-24,66.64041666666667,AT
2024-01-25,78.59166666666667,AT
2024-01-26,73.58541666666666,AT
2024-01-27,68.68583333333333,AT
2024-01-28,63.90708333333333,AT
2024-01-29,81.04,AT
2024-01-30,79.50791666666667,AT
2024-01-31,82.8475,AT
2024-02-01,84.08416666666666,AT
2024-02-02,74.84958333333333,AT
2024-02-03,56.60625,AT
2024-02-04,38.844166666666666,AT
2024-02-05,53.25833333333333,AT
2024-02-06,59.30416666666667,AT
2024-02-07,77.41250000000001,AT
2024-02-08,87.39208333333333,AT
2024-02-09,72.72666666666667,AT
2024-02-10,72.05291666666666,AT
2024-02-11,61.444583333333334,AT
2024-02-12,75.44500000000001,AT
2024-02-13,74.20833333333333,AT
2024-02-14,70.05624999999999,AT
2024-02-15,71.45875,AT
2024-02-16,61.97,AT
2024-02-17,66.4025,AT
2024-02-18,52.60666666666666,AT
2024-02-19,66.74249999999999,AT
2024-02-20,65.48,AT
2024-02-21,60.89458333333334,AT
2024-02-22,53.8125,AT
2024-02-23,53.196666666666665,AT
2024-02-24,57.11291666666667,AT
2024-02-25,60.62583333333333,AT
2024-02-26,66.58791666666666,AT
2024-02-27,73.37875,AT
2024-02-28,73.39541666666666,AT
2024-02-29,66.33083333333333,AT
2024-03-01,71.15666666666667,AT
2024-03-02,64.7225,AT
2024-03-03,61.43333333333334,AT
2024-03-04,76.26875,AT
2024-03-05,75.62291666666667,AT
2024-03-06,82.92166666666667,AT
2024-03-07,77.29125,AT
2024-03-08,71.61,AT
2024-03-09,49.29083333333333,AT
2024-03-10,38.985,AT
2024-03-11,71.68041666666666,AT
2024-03-12,83.70958333333333,AT
2024-03-13,73.38666666666667,AT
2024-03-14,70.23125,AT
2024-03-15,59.73708333333334,AT
2024-03-16,54.45583333333334,AT
2024-03-17,59.03375,AT
2024-03-18,81.4975,AT
2024-03-19,81.63833333333334,AT
2024-03-20,85.49125,AT
2024-03-21,79.57708333333333,AT
2024-03-22,66.06208333333333,AT
2024-03-23,38.86666666666667,AT
2024-03-24,27.517083333333332,AT
2024-03-25,83.15208333333334,AT
2024-03-26,65.00166666666667,AT
2024-03-27,66.21416666666667,AT
2024-03-28,46.85708333333333,AT
2024-03-29,36.85625,AT
2024-03-30,47.953333333333326,AT
2024-03-31,22.89913043478261,AT
2024-04-01,25.890416666666667,AT
2024-04-02,32.800000000000004,AT
2024-04-03,76.18333333333334,AT
2024-04-04,61.104166666666664,AT
2024-04-05,50.74375,AT
2024-04-06,31.702916666666667,AT
2024-04-07,19.4525,AT
2024-04-08,59.58125,AT
2024-04-09,54.14083333333334,AT
2024-04-10,63.92958333333333,AT
2024-04-11,54.71791666666667,AT
2024-04-12,55.78541666666666,AT
2024-04-13,14.79125,AT
2024-04-14,13.956666666666669,AT
2024-04-15,71.655,AT
2024-04-16,57.13125,AT
2024-04-17,83.145,AT
2024-04-18,92.64125,AT
2024-04-19,64.71458333333334,AT
2024-04-20,55.965833333333336,AT
2024-04-21,50.555416666666666,AT
2024-04-22,95.19708333333334,AT
2024-04-23,98.61416666666666,AT
2024-04-24,94.22375,AT
2024-04-25,90.50375,AT
2024-04-26,84.92375,AT
2024-04-27,57.937916666666666,AT
2024-04-28,10.29125,AT
2024-04-29,75.57625,AT
2024-04-30,63.715,AT
2024-05-01,7.357916666666667,AT
2024-05-02,32.44875,AT
2024-05-03,74.24541666666667,AT
2024-05-04,65.79416666666667,AT
2024-05-05,49.60958333333334,AT
2024-05-06,83.08458333333333,AT
2024-05-07,91.01125,AT
2024-05-08,82.59375,AT
2024-05-09,55.53041666666667,AT
2024-05-10,69.66875,AT
2024-05-11,49.095,AT
2024-05-12,2.87375,AT
2024-05-13,44.30916666666667,AT
2024-05-14,23.574166666666667,AT
2024-05-15,44.930416666666666,AT
2024-05-16,50.64833333333333,AT
2024-05-17,69.99666666666667,AT
2024-05-18,53.413333333333334,AT
2024-05-19,49.19083333333333,AT
2024-05-20,61.465833333333336,AT
2024-05-21,80.17541666666666,AT
2024-05-22,82.08916666666667,AT
2024-05-23,88.58791666666667,AT
2024-05-24,95.91958333333334,AT
2024-05-25,69.84333333333333,AT
2024-05-26,54.36958333333333,AT
2024-05-27,101.63208333333334,AT
2024-05-28,92.21,AT
2024-05-29,81.83416666666666,AT
2024-05-30,88.63458333333334,AT
2024-05-31,92.23333333333332,AT
2024-06-01,60.54125,AT
2024-06-02,26.3425,AT
2024-06-03,116.95625,AT
2024-06-04,104.44583333333333,AT
2024-06-05,88.7075,AT
2024-06-06,85.68124999999999,AT
2024-06-07,82.08,AT
2024-06-08,41.42541666666667,AT
2024-06-09,23.450416666666666,AT
2024-06-10,88.98875,AT
2024-06-11,67.79291666666667,AT
2024-06-12,85.60708333333334,AT
2024-06-13,82.84291666666667,AT
2024-06-14,72.43916666666667,AT
2024-06-15,9.074583333333331,AT
2024-06-16,17.431250000000002,AT
2024-06-17,75.53041666666667,AT
2024-06-18,81.18166666666666,AT
2024-06-19,77.50791666666667,AT
2024-06-20,77.09791666666666,AT
2024-06-21,87.53875,AT
2024-06-22,36.12,AT
2024-06-23,43.6475,AT
2024-06-24,76.6575,AT
2024-06-25,75.59833333333333,AT
2024-06-26,95.39083333333332,AT
2024-06-27,85.63416666666666,AT
2024-06-28,64.30458333333333,AT
2024-06-29,61.940416666666664,AT
2024-06-30,39.635,AT
2024-07-01,86.64458333333333,AT
2024-07-02,80.52374999999999,AT
2024-07-03,80.65625,AT
2024-07-04,52.41291666666667,AT
2024-07-05,33.61208333333334,AT
2024-07-06,3.68625,AT
2024-07-07,22.282083333333333,AT
2024-07-08,77.56208333333333,AT
2024-07-09,61.99,AT
2024-07-10,64.44208333333333,AT
2024-07-11,71.11541666666666,AT
2024-07-12,69.4325,AT
2024-07-13,25.907083333333333,AT
2024-07-14,18.317916666666665,AT
2024-07-15,72.49791666666667,AT
2024-07-16,62.8725,AT
2024-07-17,69.80583333333333,AT
2024-07-18,80.26,AT
2024-07-19,78.24541666666666,AT
2024-07-20,68.08041666666666,AT
2024-07-21,45.56666666666666,AT
2024-07-22,89.72125,AT
2024-07-23,77.96583333333334,AT
2024-07-24,71.125,AT
2024-07-25,79.2775,AT
2024-07-26,86.66958333333334,AT
2024-07-27,72.73666666666666,AT
2024-07-28,46.312916666666666,AT
2024-07-29,64.67083333333333,AT
2024-07-30,71.70791666666666,AT
2024-07-31,79.15958333333333,AT
2024-08-01,90.68708333333332,AT
2024-08-02,88.46041666666667,AT
2024-08-03,66.97833333333334,AT
2024-08-04,57.767500000000005,AT
2024-08-05,97.74541666666666,AT
2024-08-06,84.86749999999999,AT
2024-08-07,83.36958333333332,AT
2024-08-08,90.22333333333334,AT
2024-08-09,67.38291666666667,AT
2024-08-10,56.04416666666666,AT
2024-08-11,52.27333333333333,AT
2024-08-12,93.1175,AT
2024-08-13,98.1125,AT
2024-08-14,101.25916666666666,AT
2024-08-15,80.67375,AT
2024-08-16,99.64875,AT
2024-08-17,95.01916666666666,AT
2024-08-18,82.17666666666666,AT
2024-08-19,95.89041666666668,AT
2024-08-20,99.01333333333334,AT
2024-08-21,81.17625,AT
2024-08-22,94.67416666666666,AT
2024-08-23,73.5175,AT
2024-08-24,58.27625,AT
2024-08-25,29.004166666666663,AT
2024-08-26,101.04708333333332,AT
2024-08-27,99.55666666666669,AT
2024-08-28,106.40666666666668,AT
2024-08-29,111.15583333333332,AT
2024-08-30,113.28625,AT
2024-08-31,89.63708333333334,AT
2024-09-01,75.58416666666666,AT
2024-09-02,114.48791666666666,AT
2024-09-03,154.73916666666665,AT
2024-09-04,122.73833333333334,AT
2024-09-05,112.76,AT
2024-09-06,108.37416666666668,AT
2024-09-07,77.98166666666667,AT
2024-09-08,68.66,AT
2024-09-09,106.04083333333334,AT
2024-09-10,82.27875,AT
2024-09-11,81.64458333333333,AT
2024-09-12,107.705,AT
2024-09-13,85.0575,AT
2024-09-14,56.0675,AT
2024-09-15,56.36416666666667,AT
2024-09-16,101.82916666666668,AT
2024-09-17,100.30833333333334,AT
2024-09-18,82.02833333333334,AT
2024-09-19,79.83958333333334,AT
2024-09-20,73.03791666666666,AT
2024-09-21,65.72375,AT
2024-09-22,67.07833333333333,AT
2024-09-23,107.57958333333332,AT
2024-09-24,86.00333333333333,AT
2024-09-25,73.75916666666667,AT
2024-09-26,58.17124999999999,AT
2024-09-27,36.3525,AT
2024-09-28,28.865,AT
2024-09-29,44.71875,AT
2024-09-30,42.46875,AT
2024-10-01,71.22041666666667,AT
2024-10-02,96.92416666666666,AT
2024-10-03,83.04791666666667,AT
2024-10-04,97.30583333333334,AT
2024-10-05,84.58,AT
2024-10-06,56.729166666666664,AT
2024-10-07,87.48791666666666,AT
2024-10-08,71.9775,AT
2024-10-09,81.41083333333333,AT
2024-10-10,58.45916666666667,AT
2024-10-11,93.82416666666668,AT
2024-10-12,59.348749999999995,AT
2024-10-13,14.427916666666668,AT
2024-10-14,100.6175,AT
2024-10-15,102.21541666666668,AT
2024-10-16,42.21125,AT
2024-10-17,60.8725,AT
2024-10-18,84.35208333333334,AT
2024-10-19,71.42916666666666,AT
2024-10-20,36.19875,AT
2024-10-21,84.12625,AT
2024-10-22,103.33125,AT
2024-10-23,112.52583333333332,AT
2024-10-24,107.91166666666668,AT
2024-10-25,105.90125,AT
2024-10-26,100.10125,AT
2024-10-27,90.7956,AT
2024-10-28,115.51375,AT
2024-10-29,139.64166666666668,AT
2024-10-30,125.50333333333332,AT
2024-10-31,112.6175,AT
2024-11-01,92.63,AT
2024-11-02,104.96041666666667,AT
2024-11-03,95.08375,AT
2024-11-04,127.45541666666666,AT
2024-11-05,156.8125,AT
2024-11-06,213.26833333333332,AT
2024-11-07,152.67083333333332,AT
2024-11-08,115.99208333333333,AT
2024-11-09,114.42916666666667,AT
2024-11-10,114.18458333333332,AT
2024-11-11,124.91833333333334,AT
2024-11-12,160.6825,AT
2024-11-13,228.7516666666667,AT
2024-11-14,141.64125,AT
2024-11-15,135.04208333333335,AT
2024-11-16,124.88541666666669,AT
2024-11-17,111.7575,AT
2024-11-18,128.78125,AT
2024-11-19,135.0954166666667,AT
2024-11-20,125.37666666666668,AT
2024-11-21,126.33333333333331,AT
2024-11-22,121.01291666666668,AT
2024-11-23,102.075,AT
2024-11-24,93.01583333333332,AT
2024-11-25,112.925,AT
2024-11-26,137.94583333333333,AT
2024-11-27,149.90833333333333,AT
2024-11-28,131.10708333333335,AT
2024-11-29,131.76083333333335,AT
2024-11-30,114.08833333333332,AT
2024-12-01,100.30333333333331,AT
2024-12-02,126.80708333333332,AT
2024-12-03,158.68083333333334,AT
2024-12-04,181.68708333333333,AT
2024-12-05,131.79583333333332,AT
2024-12-06,131.04333333333332,AT
2024-12-07,112.31333333333332,AT
2024-12-08,110.885,AT
2024-12-09,117.04208333333334,AT
2024-12-10,157.25333333333333,AT
2024-12-11,257.0683333333333,AT
2024-12-12,358.87166666666667,AT
2024-12-13,178.24041666666668,AT
2024-12-14,118.34291666666668,AT
2024-12-15,96.95791666666666,AT
2024-12-16,105.97833333333334,AT
2024-12-17,111.96625,AT
2024-12-18,118.95083333333334,AT
2024-12-19,107.44375,AT
2024-12-20,91.30708333333332,AT
2024-12-21,64.45875,AT
2024-12-22,75.42208333333333,AT
2024-12-23,88.05250000000001,AT
2024-12-24,102.48625,AT
2024-12-25,98.71916666666664,AT
2024-12-26,113.0125,AT
2024-12-27,121.85583333333334,AT
2024-12-28,123.38583333333334,AT
2024-12-29,116.75375,AT
2024-12-30,120.59291666666668,AT
2024-12-31,121.95565217391304,AT
2025-01-01,96.20125,AT
2025-01-02,117.70666666666666,AT
2025-01-03,115.07666666666668,AT
2025-01-04,124.04791666666668,AT
2025-01-05,125.97666666666667,AT
2025-01-06,105.2025,AT
2025-01-07,109.575,AT
2025-01-08,120.13875,AT
2025-01-09,122.59875,AT
2025-01-10,114.35833333333332,AT
2025-01-11,106.0975,AT
2025-01-12,111.41583333333334,AT
2025-01-13,132.6025,AT
2025-01-14,138.8925,AT
2025-01-15,216.75583333333336,AT
2025-01-16,151.06875,AT
2025-01-17,147.58875,AT
2025-01-18,134.99791666666667,AT
2025-01-19,130.79,AT
2025-01-20,229.57791666666665,AT
2025-01-21,182.13041666666663,AT
2025-01-22,169.18416666666667,AT
2025-01-23,142.67166666666665,AT
2025-01-24,134.18666666666667,AT
2025-01-25,119.39541666666668,AT
2025-01-26,121.54416666666668,AT
2025-01-27,111.93583333333332,AT
2025-01-28,122.8675,AT
2025-01-29,119.175,AT
2025-01-30,133.5329166666667,AT
2025-01-31,141.94708333333332,AT
2025-02-01,135.65958333333333,AT
2025-02-02,137.45125,AT
2025-02-03,154.45375,AT
2025-02-04,144.96833333333333,AT
2025-02-05,143.265,AT
2025-02-06,151.2725,AT
2025-02-07,131.48375,AT
2025-02-08,113.32291666666669,AT
2025-02-09,130.17291666666668,AT
2025-02-10,144.10041666666666,AT
2025-02-11,141.80791666666667,AT
2025-02-12,161.35416666666666,AT
2025-02-13,180.05125,AT
2025-02-14,177.57708333333335,AT
2025-02-15,135.75791666666666,AT
2025-02-16,138.67416666666665,AT
2025-02-17,158.02333333333334,AT
2025-02-18,158.57333333333335,AT
2025-02-19,139.59375,AT
2025-02-20,136.35875,AT
2025-02-21,118.29416666666668,AT
2025-02-22,101.36833333333334,AT
2025-02-23,119.58708333333334,AT
2025-02-24,138.59625,AT
2025-02-25,146.78666666666666,AT
2025-02-26,142.00208333333333,AT
2025-02-27,131.14,AT
2025-02-28,130.9375,AT
2025-03-01,127.305,AT
2025-03-02,98.00166666666668,AT
2025-03-03,123.77416666666666,AT
2025-03-04,122.56625,AT
2025-03-05,96.77333333333333,AT
2025-03-06,97.95625,AT
2025-03-07,108.66041666666666,AT
2025-03-08,97.24666666666668,AT
2025-03-09,81.00583333333334,AT
2025-03-10,114.17458333333332,AT
2025-03-11,124.55083333333332,AT
2025-03-12,123.85875,AT
2025-03-13,124.33166666666666,AT
2025-03-14,120.9175,AT
2025-03-15,94.17833333333334,AT
2025-03-16,74.49458333333334,AT
2025-03-17,105.285,AT
2025-03-18,93.26083333333334,AT
2025-03-19,106.3725,AT
2025-03-20,110.18291666666666,AT
2025-03-21,101.48208333333334,AT
2025-03-22,89.74541666666666,AT
2025-03-23,62.46666666666667,AT
2025-03-24,131.98833333333334,AT
2025-03-25,124.76208333333334,AT
2025-03-26,117.36125,AT
2025-03-27,104.79291666666666,AT
2025-03-28,107.27,AT
2025-03-29,105.9625,AT
2025-03-30,18.332173913043476,AT
2025-03-31,108.52875,AT
2025-04-01,106.63333333333333,AT
2025-04-02,95.87208333333332,AT
2025-04-03,83.93541666666667,AT
2025-04-04,93.07625,AT
2025-04-05,58.173333333333325,AT
2025-04-06,36.47625,AT
2025-04-07,104.46041666666667,AT
2025-04-08,108.375,AT
2025-04-09,103.38333333333333,AT
2025-04-10,92.65166666666666,AT
2025-04-11,69.5775,AT
2025-04-12,74.39541666666666,AT
2025-04-13,48.57791666666666,AT
2025-04-14,103.93125,AT
2025-04-15,99.47916666666669,AT
2025-04-16,80.62958333333333,AT
2025-04-17,79.63583333333334,AT
2025-04-18,89.96125,AT
2025-04-19,68.96124999999999,AT
2025-04-20,49.37291666666667,AT
2025-04-21,66.53666666666668,AT
2025-04-22,110.90291666666668,AT
2025-04-23,108.37166666666668,AT
2025-04-24,95.41791666666668,AT
2025-04-25,88.34166666666665,AT
2025-04-26,57.67291666666667,AT
2025-04-27,33.13333333333333,AT
2025-04-28,75.65416666666667,AT
2025-04-29,72.5625,AT
2025-04-30,75.10208333333334,AT
2025-05-01,44.98666666666667,AT
2025-05-02,59.69083333333333,AT
2025-05-03,54.12083333333334,AT
2025-05-04,33.76291666666666,AT
2025-05-05,90.00708333333334,AT
2025-05-06,91.70166666666668,AT
2025-05-07,97.40125,AT
2025-05-08,103.6375,AT
2025-05-09,78.86208333333333,AT
2025-05-10,51.37958333333333,AT
2025-05-11,17.034166666666668,AT
2025-05-12,71.76,AT
2025-05-13,76.815,AT
2025-05-14,68.08458333333333,AT
2025-05-15,75.70166666666667,AT
2025-05-16,75.73625,AT
2025-05-17,56.58166666666667,AT
2025-05-18,64.015,AT
2025-05-19,95.23708333333332,AT
2025-05-20,91.40500000000002,AT
2025-05-21,71.3475,AT
2025-05-22,103.49041666666666,AT
2025-05-23,95.51166666666668,AT
2025-05-24,63.155833333333334,AT
2025-05-25,30.398750000000003,AT
2025-05-26,86.2475,AT
2025-05-27,71.09125,AT
2025-05-28,89.2475,AT
2025-05-29,58.84458333333333,AT
2025-05-30,52.51875,AT
2025-05-31,67.40958333333333,AT
2025-06-01,39.446666666666665,AT
2025-06-02,83.43666666666667,AT
2025-06-03,81.98416666666667,AT
2025-06-04,64.58708333333333,AT
2025-06-05,73.26541666666667,AT
2025-06-06,50.464166666666664,AT
2025-06-07,53.04541666666666,AT
2025-06-08,39.432916666666664,AT
2025-06-09,36.89458333333334,AT
2025-06-10,60.83416666666667,AT
2025-06-11,70.64958333333333,AT
2025-06-12,64.115,AT
2025-06-13,60.32125,AT
2025-06-14,46.88166666666667,AT
2025-06-15,59.66916666666666,AT
2025-06-16,85.88916666666667,AT
2025-06-17,83.68291666666666,AT
2025-06-18,77.36583333333333,AT
2025-06-19,59.55125,AT
2025-06-20,84.25041666666667,AT
2025-06-21,69.45083333333334,AT
2025-06-22,44.482499999999995,AT
2025-06-23,57.07416666666666,AT
2025-06-24,60.04666666666666,AT
2025-06-25,85.78625,AT
2025-06-26,101.20166666666668,AT
2025-06-27,89.46333333333332,AT
2025-06-28,56.12416666666667,AT
2025-06-29,57.280833333333334,AT
2025-06-30,97.06208333333336,AT
2025-07-01,131.07958333333332,AT
2025-07-02,99.30708333333332,AT
2025-07-03,93.19416666666666,AT
2025-07-04,97.26958333333332,AT
2025-07-05,59.28375,AT
2025-07-06,74.27833333333334,AT
2025-07-07,109.44625,AT
2025-07-08,93.23,AT
2025-07-09,87.24458333333332,AT
2025-07-10,88.80125,AT
2025-07-11,85.64666666666666,AT
2025-07-12,70.93333333333334,AT
2025-07-13,68.61125,AT
2025-07-14,98.77208333333334,AT
2025-07-15,94.4425,AT
2025-07-16,96.73333333333332,AT
2025-07-17,94.58166666666666,AT
2025-07-18,98.67833333333334,AT
2025-07-19,66.63208333333334,AT
2025-07-20,66.73666666666666,AT
2025-07-21,88.73583333333333,AT
2025-07-22,79.13958333333333,AT
2025-07-23,90.12458333333332,AT
2025-07-24,100.07916666666668,AT
2025-07-25,95.81458333333336,AT
2025-07-26,91.60083333333334,AT
2025-07-27,70.55,AT
2025-07-28,93.295,AT
2025-07-29,80.81750000000001,AT
2025-07-30,75.41833333333334,AT
2025-07-31,84.79125,AT
2025-08-01,88.12625000000001,AT
2025-08-02,65.23625,AT
2025-08-03,40.8125,AT
2025-08-04,64.01958333333333,AT
2025-08-05,43.87625,AT
2025-08-06,60.98541666666667,AT
2025-08-07,65.65375,AT
2025-08-08,68.61958333333334,AT
2025-08-09,61.175,AT
2025-08-10,45.215,AT
2025-08-11,80.91916666666667,AT
2025-08-12,79.71958333333333,AT
2025-08-13,91.98666666666666,AT
2025-08-14,102.40958333333332,AT
2025-08-15,71.55458333333333,AT
2025-08-16,63.28333333333333,AT
2025-08-17,61.43875,AT
2025-08-18,90.07125,AT
2025-08-19,86.65541666666667,AT
2025-08-20,89.42958333333333,AT
2025-08-21,96.53541666666666,AT
2025-08-22,72.15958333333333,AT
2025-08-23,68.55041666666666,AT
2025-08-24,62.85125,AT
2025-08-25,87.39208333333333,AT
2025-08-26,97.955,AT
2025-08-27,102.55916666666668,AT
2025-08-28,69.6725,AT
2025-08-29,96.02166666666666,AT
2025-08-30,72.0625,AT
2025-08-31,56.05,AT
2025-09-01,98.03333333333336,AT
2025-09-02,114.29375,AT
2025-09-03,79.35125000000001,AT
2025-09-04,96.56541666666668,AT
2025-09-05,100.62875,AT
2025-09-06,75.56666666666666,AT
2025-09-07,45.08083333333334,AT
2025-09-08,123.97583333333334,AT
2025-09-09,139.13125,AT
2025-09-10,121.41791666666666,AT
2025-09-11,92.24666666666668,AT
2025-09-12,91.03291666666668,AT
2025-09-13,66.23916666666666,AT
2025-09-14,66.435,AT
2025-09-15,67.985,AT
2025-09-16,90.63291666666667,AT
2025-09-17,77.81291666666667,AT
2025-09-18,73.34041666666667,AT
2025-09-19,96.27708333333334,AT
2025-09-20,58.97625,AT
2025-09-21,29.611666666666665,AT
2025-09-22,100.54875,AT
2025-09-23,107.565,AT
2025-09-24,103.635,AT
2025-09-25,98.88625,AT
2025-09-26,102.09416666666668,AT
2025-09-27,93.81625,AT
2025-09-28,85.08166666666666,AT
2025-09-29,131.5329166666667,AT
2025-09-30,140.74166666666665,AT
2025-10-01,120.74791666666664,AT
2025-10-02,111.14010416666667,AT
2025-10-03,92.77958333333332,AT
2025-10-04,83.67677083333334,AT
2025-10-05,61.155520833333334,AT
2025-10-06,107.03020833333332,AT
2025-10-07,137.17947916666665,AT
2025-10-08,117.92020833333332,AT
2025-10-09,110.99760416666668,AT
2025-10-10,102.32729166666668,AT
2025-10-11,92.1321875,AT
2025-10-12,92.51145833333334,AT
2025-10-13,140.9078125,AT
2025-10-14,162.23114583333333,AT
2025-10-15,157.54354166666667,AT
2025-10-16,114.26979166666666,AT
2025-10-17,114.82916666666668,AT
2025-10-18,105.81989583333332,AT
2025-10-19,90.53083333333332,AT
2025-10-20,109.40666666666664,AT
2025-10-21,124.95885416666664,AT
2025-10-22,134.60875,AT
2025-10-23,111.8484375,AT
2025-10-24,98.38947916666666,AT
2025-10-25,89.8721875,AT
2025-10-26,77.1163,AT
2025-10-27,105.41666666666669,AT
2025-10-28,100.20447916666666,AT
2025-10-29,99.90885416666669,AT
2025-10-30,103.73958333333331,AT
2025-10-31,106.68739583333333,AT
2025-11-01,75.09854166666666,AT
2025-11-02,94.80520833333333,AT
2025-11-03,90.72822916666668,AT
2025-11-04,89.92895833333334,AT
2025-11-05,101.2634375,AT
2025-11-06,107.81177083333334,AT
2025-11-07,110.2675,AT
2025-11-08,110.83229166666666,AT
2025-11-09,105.46760416666666,AT
2025-11-10,121.84572916666669,AT
2025-11-11,116.22260416666668,AT
2025-11-12,118.74739583333331,AT
2025-11-13,123.37885416666668,AT
2025-11-14,121.58947916666666,AT
2025-11-15,109.98927083333332,AT
2025-11-16,109.20083333333334,AT
2025-11-17,104.72197916666666,AT
2025-11-18,108.83802083333336,AT
2025-11-19,122.7515625,AT
2025-11-20,132.15072916666665,AT
2025-11-21,146.60416666666666,AT
2025-11-22,103.41552083333332,AT
2025-11-23,99.40447916666666,AT
2025-11-24,148.2126041666667,AT
2025-11-25,206.6470833333333,AT
2025-11-26,159.13364583333333,AT
2025-11-27,109.630625,AT
2025-11-28,117.286875,AT
2025-11-29,108.20927083333332,AT
2025-11-30,106.39927083333332,AT
2025-12-01,135.07541666666663,AT
2025-12-02,139.6528125,AT
2025-12-03,164.72,AT
2025-12-04,131.51645833333333,AT
2025-12-05,131.54322916666666,AT
2025-12-06,103.6809375,AT
2025-12-07,101.17270833333332,AT
2025-12-08,109.41916666666668,AT
2025-12-09,116.4359375,AT
2025-12-10,120.3271875,AT
2025-12-11,118.48010416666666,AT
2025-12-12,120.00364583333334,AT
2025-12-13,108.0753125,AT
2025-12-14,103.45979166666666,AT
2025-12-15,118.37802083333334,AT
2025-12-16,127.34583333333336,AT
2025-12-17,132.60104166666667,AT
2025-12-18,136.1709375,AT
2025-12-19,123.84052083333334,AT
2025-12-20,111.1590625,AT
2025-12-21,106.41875,AT
2025-12-22,110.48875,AT
2025-12-23,107.78375,AT
2025-12-24,96.83458333333334,AT
2025-12-25,90.33375,AT
2025-12-26,98.4590625,AT
2025-12-27,95.763125,AT
2025-12-28,94.09510416666666,AT
2025-12-29,98.94552083333332,AT
2025-12-30,89.88270833333333,AT
2025-12-31,93.19968421052631,AT
2026-01-01,63.55739583333334,AT
2026-01-02,81.9884375,AT
2026-01-03,93.57541666666668,AT
2026-01-04,95.75958333333334,AT
2026-01-05,137.3865625,AT
2026-01-06,128.85375,AT
2026-01-07,130.78229166666668,AT
2026-01-08,166.03333333333333,AT
2026-01-09,139.1501041666667,AT
2026-01-10,128.02760416666666,AT
2026-01-11,100.9178125,AT
2026-01-12,170.6178125,AT
2026-01-13,211.4984375,AT
2026-01-14,165.02833333333334,AT
2026-01-15,170.94187499999998,AT
2026-01-16,153.16093750000002,AT
2026-01-17,123.1978125,AT
2026-01-18,114.67427083333332,AT
2026-01-19,142.46083333333334,AT
2026-01-20,157.23520833333333,AT
2026-01-21,159.05447916666665,AT
2026-01-22,218.6496875,AT
2026-01-23,201.39916666666667,AT
2026-01-24,140.241875,AT
2026-01-25,120.871875,AT
2026-01-26,154.868125,AT
2026-01-27,159.32104166666667,AT
2026-01-28,154.32875,AT
2026-01-29,144.08166666666668,AT
2026-01-30,135.19510416666665,AT
2026-01-31,121.75572916666664,AT
2026-02-01,111.23979166666668,AT
2026-02-02,136.20239583333333,AT
2026-02-03,131.72614583333333,AT
2026-02-04,133.68854166666668,AT
2026-02-05,131.4371875,AT
2026-02-06,134.35135416666665,AT
2026-02-07,113.8309375,AT
2026-02-08,107.96614583333331,AT
2026-02-09,143.64479166666666,AT
2026-02-10,129.43645833333332,AT
2026-02-11,123.95770833333334,AT
2026-02-12,118.00104166666668,AT
2026-02-13,112.30645833333334,AT
2026-02-14,109.23572916666666,AT
2026-02-15,97.07072916666668,AT
2026-02-16,113.18291666666666,AT
2026-02-17,109.48260416666666,AT
2026-02-18,122.00458333333334,AT
2026-02-19,111.14020833333332,AT
2026-02-20,100.4215625,AT
2026-02-21,84.81979166666666,AT
2026-02-22,71.05677083333333,AT
2026-02-23,83.15468750000001,AT
2026-02-24,111.09645833333332,AT
2026-02-25,100.9946875,AT
2026-02-26,83.438125,AT
2026-02-27,73.061875,AT
2026-02-28,59.27114583333333,AT
2026-03-01,60.03968750000001,AT
2026-03-02,104.216875,AT
2026-03-03,108.61916666666669,AT
2026-03-04,141.2201041666667,AT
2026-03-05,114.45302083333333,AT
2026-03-06,113.4828125,AT
2026-03-07,104.10614583333334,AT
2026-03-08,100.053125,AT
2026-03-09,127.01385416666666,AT
2026-03-10,126.6528125,AT
2026-03-11,93.64083333333332,AT
2026-03-12,106.19052083333334,AT
2026-03-13,93.158125,AT
2026-03-14,91.33427083333332,AT
2026-03-15,110.194375,AT
2026-03-16,102.029375,AT
2026-03-17,131.14739583333332,AT
2026-03-18,100.91645833333332,AT
2026-03-19,117.92125,AT
2026-03-20,151.04552083333334,AT
2026-03-21,125.70947916666668,AT
2026-03-22,94.73729166666668,AT
2026-03-23,156.02760416666666,AT
2026-03-24,118.700625,AT
2026-03-25,110.81895833333334,AT
2026-03-26,122.70635416666666,AT
2026-03-27,124.985625,AT
2026-03-28,83.145625,AT
2026-03-29,82.84315217391304,AT
2026-03-30,130.31510416666666,AT
2026-03-31,135.24677083333333,AT
2026-04-01,149.85104166666667,AT
2026-04-02,134.14114583333333,AT
2026-04-03,103.63625,AT
2026-04-04,66.70510416666666,AT
2026-04-05,17.737604166666667,AT
2026-04-06,19.690833333333337,AT
2026-04-07,89.17385416666667,AT
2026-04-08,87.58041666666666,AT
2026-04-09,88.32208333333334,AT
2026-04-10,124.68083333333334,AT
2026-04-11,68.86562500000001,AT
2026-04-12,80.86416666666666,AT
2026-04-13,114.325,AT
2026-04-14,141.49270833333333,AT
2026-04-15,126.930625,AT
2026-04-16,112.50364583333334,AT
2026-04-17,100.06854166666666,AT
2026-04-18,79.75572916666667,AT
2026-04-19,80.8025,AT
2026-04-20,102.60489583333332,AT
2026-04-21,101.90875,AT
2026-04-22,89.66729166666666,AT
2026-04-23,72.14302083333332,AT
2026-04-24,77.658125,AT
2026-04-25,23.524479166666666,AT
2026-04-26,-6.569270833333333,AT
2026-04-27,96.9321875,AT
2026-04-28,94.21145833333333,AT
2026-04-29,81.58354166666668,AT
2026-04-30,78.6296875,AT
2026-05-01,-0.024270833333333,AT
2026-05-02,59.286875,AT
2026-05-03,71.46041666666666,AT
2026-05-04,107.598125,AT
2026-05-05,111.96958333333332,AT
2026-05-06,124.44260416666668,AT
2026-05-07,137.289375,AT
2026-05-08,120.294375,AT
2026-05-09,94.84791666666666,AT
2026-05-10,83.43427083333333,AT
2026-05-11,126.6521875,AT
2026-05-12,103.0040625,AT
2026-05-13,121.74947916666667,AT
2026-05-14,108.3425,AT
2026-05-15,120.49604166666668,AT
2026-05-16,83.52354166666667,AT
2026-05-17,84.719375,AT
2026-05-18,142.0455208333333,AT
2026-05-19,136.6959375,AT
2026-05-20,120.45822916666668,AT
2026-05-21,108.25135416666666,AT
2026-05-22,108.45333333333332,AT
2026-05-23,82.90385416666666,AT
2026-05-24,68.05385416666667,AT
2026-05-25,142.52,AT
2021-01-01,48.39833333333333,BE
2021-01-02,50.5625,BE
2021-01-03,43.025416666666665,BE
2021-01-04,46.736250000000005,BE
2021-01-05,63.385,BE
2021-01-06,81.44791666666667,BE
2021-01-07,67.23125,BE
2021-01-08,82.16583333333334,BE
2021-01-09,61.00125,BE
2021-01-10,60.64000000000001,BE
2021-01-11,59.09291666666667,BE
2021-01-12,61.51208333333333,BE
2021-01-13,68.56416666666667,BE
2021-01-14,73.80708333333332,BE
2021-01-15,72.73125,BE
2021-01-16,57.53875,BE
2021-01-17,54.92291666666667,BE
2021-01-18,56.43416666666667,BE
2021-01-19,51.400416666666665,BE
2021-01-20,45.37291666666667,BE
2021-01-21,39.5775,BE
2021-01-22,51.96416666666667,BE
2021-01-23,51.85833333333333,BE
2021-01-24,49.373333333333335,BE
2021-01-25,62.37166666666667,BE
2021-01-26,62.56,BE
2021-01-27,57.65083333333334,BE
2021-01-28,54.88958333333333,BE
2021-01-29,48.505833333333335,BE
2021-01-30,48.25958333333333,BE
2021-01-31,48.17875,BE
2021-02-01,57.19083333333333,BE
2021-02-02,50.004999999999995,BE
2021-02-03,43.405833333333334,BE
2021-02-04,52.56333333333333,BE
2021-02-05,51.594166666666666,BE
2021-02-06,38.80125,BE
2021-02-07,25.649583333333336,BE
2021-02-08,46.36291666666667,BE
2021-02-09,64.18208333333332,BE
2021-02-10,72.5325,BE
2021-02-11,79.15916666666666,BE
2021-02-12,60.32416666666666,BE
2021-02-13,51.91291666666667,BE
2021-02-14,44.5,BE
2021-02-15,50.115,BE
2021-02-16,51.897083333333335,BE
2021-02-17,49.72,BE
2021-02-18,48.34375,BE
2021-02-19,47.56041666666667,BE
2021-02-20,33.15291666666666,BE
2021-02-21,32.510416666666664,BE
2021-02-22,48.81375,BE
2021-02-23,44.82125,BE
2021-02-24,33.83416666666667,BE
2021-02-25,46.22541666666667,BE
2021-02-26,47.69875,BE
2021-02-27,45.23791666666667,BE
2021-02-28,41.72708333333333,BE
2021-03-01,49.48374999999999,BE
2021-03-02,52.63625,BE
2021-03-03,51.07208333333333,BE
2021-03-04,54.35583333333333,BE
2021-03-05,51.1625,BE
2021-03-06,44.86416666666667,BE
2021-03-07,46.45208333333333,BE
2021-03-08,61.536249999999995,BE
2021-03-09,61.04416666666666,BE
2021-03-10,48.260416666666664,BE
2021-03-11,0.2449999999999998,BE
2021-03-12,37.14666666666667,BE
2021-03-13,13.033333333333331,BE
2021-03-14,20.79,BE
2021-03-15,49.928333333333335,BE
2021-03-16,56.33041666666667,BE
2021-03-17,56.47416666666667,BE
2021-03-18,63.999583333333334,BE
2021-03-19,53.98208333333333,BE
2021-03-20,51.57666666666666,BE
2021-03-21,40.307916666666664,BE
2021-03-22,60.76708333333334,BE
2021-03-23,60.7125,BE
2021-03-24,57.21,BE
2021-03-25,57.615833333333335,BE
2021-03-26,49.117916666666666,BE
2021-03-27,24.62375,BE
2021-03-28,19.35695652173913,BE
2021-03-29,37.702083333333334,BE
2021-03-30,55.09458333333333,BE
2021-03-31,56.89208333333334,BE
2021-04-01,51.55291666666667,BE
2021-04-02,41.798750000000005,BE
2021-04-03,36.4475,BE
2021-04-04,28.25583333333333,BE
2021-04-05,-15.350833333333332,BE
2021-04-06,49.26833333333334,BE
2021-04-07,61.04541666666666,BE
2021-04-08,64.96833333333333,BE
2021-04-09,64.02458333333334,BE
2021-04-10,59.8625,BE
2021-04-11,55.666666666666664,BE
2021-04-12,68.43375,BE
2021-04-13,70.63458333333334,BE
2021-04-14,71.67291666666667,BE
2021-04-15,69.40833333333333,BE
2021-04-16,63.52125,BE
2021-04-17,61.14541666666667,BE
2021-04-18,62.403333333333336,BE
2021-04-19,76.11416666666666,BE
2021-04-20,75.5,BE
2021-04-21,60.151250000000005,BE
2021-04-22,59.42958333333333,BE
2021-04-23,63.20166666666666,BE
2021-04-24,52.94541666666667,BE
2021-04-25,37.42625,BE
2021-04-26,58.744166666666665,BE
2021-04-27,61.85874999999999,BE
2021-04-28,64.57291666666667,BE
2021-04-29,63.55791666666667,BE
2021-04-30,71.51333333333334,BE
2021-05-01,57.03958333333333,BE
2021-05-02,46.624583333333334,BE
2021-05-03,64.57958333333333,BE
2021-05-04,33.157916666666665,BE
2021-05-05,55.1575,BE
2021-05-06,71.6875,BE
2021-05-07,72.31666666666666,BE
2021-05-08,42.89875,BE
2021-05-09,2.7045833333333333,BE
2021-05-10,57.54208333333333,BE
2021-05-11,72.17166666666667,BE
2021-05-12,68.78125,BE
2021-05-13,62.73541666666667,BE
2021-05-14,72.02083333333333,BE
2021-05-15,61.35875000000001,BE
2021-05-16,38.65625,BE
2021-05-17,70.85833333333333,BE
2021-05-18,74.17875,BE
2021-05-19,76.98208333333334,BE
2021-05-20,69.06041666666667,BE
2021-05-21,27.514583333333334,BE
2021-05-22,27.1675,BE
2021-05-23,27.54375,BE
2021-05-24,35.96041666666667,BE
2021-05-25,59.88583333333333,BE
2021-05-26,71.71666666666667,BE
2021-05-27,73.27458333333333,BE
2021-05-28,73.34,BE
2021-05-29,56.67041666666666,BE
2021-05-30,34.33541666666667,BE
2021-05-31,66.63333333333334,BE
2021-06-01,68.23,BE
2021-06-02,66.27791666666667,BE
2021-06-03,67.49291666666666,BE
2021-06-04,71.79666666666667,BE
2021-06-05,64.52708333333334,BE
2021-06-06,60.575,BE
2021-06-07,77.3425,BE
2021-06-08,76.46291666666666,BE
2021-06-09,76.05333333333333,BE
2021-06-10,78.43916666666667,BE
2021-06-11,77.7325,BE
2021-06-12,51.364583333333336,BE
2021-06-13,29.125833333333333,BE
2021-06-14,76.09708333333333,BE
2021-06-15,82.47291666666666,BE
2021-06-16,87.83958333333334,BE
2021-06-17,80.01291666666667,BE
2021-06-18,79.95125,BE
2021-06-19,72.87,BE
2021-06-20,59.31708333333333,BE
2021-06-21,77.63250000000001,BE
2021-06-22,83.6475,BE
2021-06-23,86.96625,BE
2021-06-24,90.64125,BE
2021-06-25,87.39583333333333,BE
2021-06-26,78.21208333333333,BE
2021-06-27,54.9125,BE
2021-06-28,88.33875,BE
2021-06-29,90.58333333333331,BE
2021-06-30,91.01458333333332,BE
2021-07-01,88.64125,BE
2021-07-02,96.31375,BE
2021-07-03,83.7225,BE
2021-07-04,82.52708333333334,BE
2021-07-05,93.54708333333332,BE
2021-07-06,68.6225,BE
2021-07-07,98.16375,BE
2021-07-08,94.15166666666666,BE
2021-07-09,90.41333333333334,BE
2021-07-10,81.27208333333333,BE
2021-07-11,77.74,BE
2021-07-12,93.47083333333336,BE
2021-07-13,94.47041666666668,BE
2021-07-14,75.22500000000001,BE
2021-07-15,77.63291666666667,BE
2021-07-16,83.83125,BE
2021-07-17,62.78,BE
2021-07-18,46.41166666666667,BE
2021-07-19,90.61791666666666,BE
2021-07-20,91.2625,BE
2021-07-21,88.38291666666667,BE
2021-07-22,87.52583333333332,BE
2021-07-23,87.93541666666665,BE
2021-07-24,76.87416666666667,BE
2021-07-25,61.72625,BE
2021-07-26,89.25625000000001,BE
2021-07-27,85.10916666666667,BE
2021-07-28,62.937083333333334,BE
2021-07-29,30.256666666666664,BE
2021-07-30,35.55375,BE
2021-07-31,23.5725,BE
2021-08-01,54.28,BE
2021-08-02,84.53291666666667,BE
2021-08-03,94.575,BE
2021-08-04,96.87125,BE
2021-08-05,91.13625,BE
2021-08-06,23.434583333333336,BE
2021-08-07,45.17250000000001,BE
2021-08-08,-3.18625,BE
2021-08-09,66.61666666666666,BE
2021-08-10,87.62041666666666,BE
2021-08-11,100.21875,BE
2021-08-12,106.00291666666668,BE
2021-08-13,94.28166666666668,BE
2021-08-14,65.19916666666667,BE
2021-08-15,53.932500000000005,BE
2021-08-16,54.18,BE
2021-08-17,67.72125,BE
2021-08-18,84.77791666666667,BE
2021-08-19,98.52625,BE
2021-08-20,101.72791666666669,BE
2021-08-21,91.46291666666669,BE
2021-08-22,76.39125,BE
2021-08-23,92.12625,BE
2021-08-24,84.44791666666667,BE
2021-08-25,90.58708333333334,BE
2021-08-26,93.48208333333334,BE
2021-08-27,96.10666666666668,BE
2021-08-28,77.82333333333334,BE
2021-08-29,74.30416666666666,BE
2021-08-30,107.90541666666668,BE
2021-08-31,111.19541666666667,BE
2021-09-01,117.42458333333332,BE
2021-09-02,126.065,BE
2021-09-03,116.26,BE
2021-09-04,107.21833333333332,BE
2021-09-05,99.05,BE
2021-09-06,131.385,BE
2021-09-07,130.22208333333333,BE
2021-09-08,126.26833333333332,BE
2021-09-09,136.85458333333335,BE
2021-09-10,138.6025,BE
2021-09-11,129.24583333333334,BE
2021-09-12,111.96791666666668,BE
2021-09-13,143.94541666666666,BE
2021-09-14,149.61249999999998,BE
2021-09-15,168.05875,BE
2021-09-16,169.13666666666668,BE
2021-09-17,159.98916666666668,BE
2021-09-18,139.31958333333333,BE
2021-09-19,102.1425,BE
2021-09-20,156.91333333333333,BE
2021-09-21,150.38833333333335,BE
2021-09-22,156.11125,BE
2021-09-23,136.99708333333334,BE
2021-09-24,153.97916666666666,BE
2021-09-25,148.45458333333332,BE
2021-09-26,125.71750000000002,BE
2021-09-27,136.9466666666667,BE
2021-09-28,155.64125,BE
2021-09-29,132.15208333333334,BE
2021-09-30,130.14291666666665,BE
2021-10-01,100.35416666666669,BE
2021-10-02,97.35666666666668,BE
2021-10-03,64.28791666666667,BE
2021-10-04,149.19875,BE
2021-10-05,159.69208333333333,BE
2021-10-06,179.78041666666664,BE
2021-10-07,302.53541666666666,BE
2021-10-08,203.94583333333333,BE
2021-10-09,164.71458333333334,BE
2021-10-10,147.19083333333333,BE
2021-10-11,185.48125,BE
2021-10-12,192.77583333333337,BE
2021-10-13,196.98333333333335,BE
2021-10-14,200.04,BE
2021-10-15,208.69375,BE
2021-10-16,196.11291666666668,BE
2021-10-17,170.16583333333332,BE
2021-10-18,194.5954166666667,BE
2021-10-19,162.81916666666666,BE
2021-10-20,83.085,BE
2021-10-21,128.67791666666668,BE
2021-10-22,161.08291666666665,BE
2021-10-23,210.11375,BE
2021-10-24,138.26333333333335,BE
2021-10-25,198.61458333333337,BE
2021-10-26,214.5775,BE
2021-10-27,174.37041666666667,BE
2021-10-28,185.64166666666665,BE
2021-10-29,145.57500000000002,BE
2021-10-30,135.54583333333332,BE
2021-10-31,73.98,BE
2021-11-01,90.51166666666668,BE
2021-11-02,204.015,BE
2021-11-03,184.7408333333333,BE
2021-11-04,178.52374999999998,BE
2021-11-05,191.08166666666668,BE
2021-11-06,154.845,BE
2021-11-07,113.25875,BE
2021-11-08,209.58666666666667,BE
2021-11-09,180.3425,BE
2021-11-10,215.4670833333333,BE
2021-11-11,184.07791666666665,BE
2021-11-12,167.89041666666665,BE
2021-11-13,166.44625,BE
2021-11-14,172.345,BE
2021-11-15,227.99791666666667,BE
2021-11-16,233.77291666666667,BE
2021-11-17,216.16958333333332,BE
2021-11-18,229.33,BE
2021-11-19,206.99625,BE
2021-11-20,199.47083333333333,BE
2021-11-21,180.225,BE
2021-11-22,235.92041666666668,BE
2021-11-23,267.22583333333336,BE
2021-11-24,281.02791666666667,BE
2021-11-25,248.83916666666667,BE
2021-11-26,221.95875,BE
2021-11-27,220.18541666666667,BE
2021-11-28,204.1725,BE
2021-11-29,264.44375,BE
2021-11-30,213.7025,BE
2021-12-01,194.98416666666665,BE
2021-12-02,236.1625,BE
2021-12-03,236.0725,BE
2021-12-04,207.35166666666663,BE
2021-12-05,192.2541666666667,BE
2021-12-06,259.5420833333333,BE
2021-12-07,208.52874999999997,BE
2021-12-08,209.42208333333335,BE
2021-12-09,280.12666666666667,BE
2021-12-10,238.85333333333332,BE
2021-12-11,240.91166666666663,BE
2021-12-12,218.29875,BE
2021-12-13,265.3575,BE
2021-12-14,303.78916666666663,BE
2021-12-15,293.0625,BE
2021-12-16,344.4604166666666,BE
2021-12-17,339.21750000000003,BE
2021-12-18,304.3283333333333,BE
2021-12-19,300.3695833333333,BE
2021-12-20,363.14958333333334,BE
2021-12-21,432.9866666666667,BE
2021-12-22,397.0904166666666,BE
2021-12-23,378.31708333333336,BE
2021-12-24,280.0833333333333,BE
2021-12-25,200.00875,BE
2021-12-26,184.06375,BE
2021-12-27,162.71583333333334,BE
2021-12-28,101.35583333333334,BE
2021-12-29,155.60333333333332,BE
2021-12-30,70.58166666666666,BE
2021-12-31,9.533478260869565,BE
2022-01-01,85.675,BE
2022-01-02,50.61958333333333,BE
2022-01-03,79.40416666666667,BE
2022-01-04,156.28,BE
2022-01-05,155.74791666666667,BE
2022-01-06,216.73041666666663,BE
2022-01-07,185.135,BE
2022-01-08,175.36166666666668,BE
2022-01-09,147.505,BE
2022-01-10,261.16541666666666,BE
2022-01-11,251.96041666666667,BE
2022-01-12,236.66458333333333,BE
2022-01-13,216.60375,BE
2022-01-14,215.89083333333335,BE
2022-01-15,217.5975,BE
2022-01-16,202.32083333333333,BE
2022-01-17,204.70541666666668,BE
2022-01-18,240.35375,BE
2022-01-19,195.53583333333333,BE
2022-01-20,178.3083333333333,BE
2022-01-21,191.79,BE
2022-01-22,192.5041666666667,BE
2022-01-23,195.2225,BE
2022-01-24,244.05708333333337,BE
2022-01-25,291.15749999999997,BE
2022-01-26,225.84041666666667,BE
2022-01-27,200.24708333333336,BE
2022-01-28,217.74708333333336,BE
2022-01-29,112.46375,BE
2022-01-30,186.48291666666668,BE
2022-01-31,202.44208333333333,BE
2022-02-01,201.32666666666668,BE
2022-02-02,181.46375,BE
2022-02-03,192.6825,BE
2022-02-04,179.85958333333335,BE
2022-02-05,104.59958333333331,BE
2022-02-06,62.35583333333333,BE
2022-02-07,188.30999999999997,BE
2022-02-08,176.88833333333332,BE
2022-02-09,191.7575,BE
2022-02-10,202.90958333333333,BE
2022-02-11,193.27,BE
2022-02-12,152.28083333333333,BE
2022-02-13,85.61500000000001,BE
2022-02-14,155.51083333333335,BE
2022-02-15,181.64375,BE
2022-02-16,125.66833333333334,BE
2022-02-17,105.86833333333334,BE
2022-02-18,156.855,BE
2022-02-19,82.83583333333333,BE
2022-02-20,97.18083333333334,BE
2022-02-21,145.79791666666668,BE
2022-02-22,159.88291666666666,BE
2022-02-23,173.93666666666664,BE
2022-02-24,162.15375,BE
2022-02-25,242.66083333333333,BE
2022-02-26,242.9875,BE
2022-02-27,187.7795833333333,BE
2022-02-28,219.77916666666667,BE
2022-03-01,258.0395833333333,BE
2022-03-02,269.96791666666667,BE
2022-03-03,341.4883333333333,BE
2022-03-04,364.87041666666664,BE
2022-03-05,359.57166666666666,BE
2022-03-06,332.00666666666666,BE
2022-03-07,410.9654166666666,BE
2022-03-08,461.9529166666666,BE
2022-03-09,457.5499999999999,BE
2022-03-10,347.81625,BE
2022-03-11,175.75458333333333,BE
2022-03-12,186.90333333333336,BE
2022-03-13,144.68,BE
2022-03-14,279.5395833333333,BE
2022-03-15,290.64875,BE
2022-03-16,278.98875000000004,BE
2022-03-17,246.31458333333333,BE
2022-03-18,229.0716666666667,BE
2022-03-19,113.175,BE
2022-03-20,159.46041666666667,BE
2022-03-21,218.68166666666664,BE
2022-03-22,232.21833333333333,BE
2022-03-23,232.81125,BE
2022-03-24,239.00458333333333,BE
2022-03-25,242.07375,BE
2022-03-26,170.47958333333332,BE
2022-03-27,200.5517391304348,BE
2022-03-28,225.20041666666668,BE
2022-03-29,244.93625,BE
2022-03-30,264.03541666666666,BE
2022-03-31,255.6470833333333,BE
2022-04-01,208.6233333333333,BE
2022-04-02,222.8108333333333,BE
2022-04-03,280.30375,BE
2022-04-04,225.79583333333335,BE
2022-04-05,184.58291666666665,BE
2022-04-06,127.68791666666668,BE
2022-04-07,81.99416666666666,BE
2022-04-08,212.92583333333337,BE
2022-04-09,133.52875,BE
2022-04-10,182.70125,BE
2022-04-11,233.17416666666668,BE
2022-04-12,210.79833333333332,BE
2022-04-13,234.42541666666668,BE
2022-04-14,227.49458333333337,BE
2022-04-15,202.63875,BE
2022-04-16,144.9175,BE
2022-04-17,105.15666666666668,BE
2022-04-18,120.75416666666666,BE
2022-04-19,208.83625,BE
2022-04-20,199.06541666666664,BE
2022-04-21,196.54875,BE
2022-04-22,171.36208333333332,BE
2022-04-23,73.96166666666666,BE
2022-04-24,77.34625,BE
2022-04-25,222.33291666666665,BE
2022-04-26,228.71083333333337,BE
2022-04-27,220.42625,BE
2022-04-28,230.10333333333332,BE
2022-04-29,227.85583333333332,BE
2022-04-30,200.93291666666667,BE
2022-05-01,194.74125,BE
2022-05-02,218.16916666666668,BE
2022-05-03,218.13041666666663,BE
2022-05-04,227.63916666666668,BE
2022-05-05,233.78,BE
2022-05-06,225.35916666666665,BE
2022-05-07,201.4283333333333,BE
2022-05-08,168.14916666666667,BE
2022-05-09,215.23541666666665,BE
2022-05-10,165.25416666666666,BE
2022-05-11,150.78458333333333,BE
2022-05-12,175.68458333333334,BE
2022-05-13,165.7325,BE
2022-05-14,154.59,BE
2022-05-15,148.2408333333333,BE
2022-05-16,190.44541666666663,BE
2022-05-17,219.5329166666667,BE
2022-05-18,202.77333333333337,BE
2022-05-19,209.40291666666667,BE
2022-05-20,204.60958333333335,BE
2022-05-21,135.76291666666663,BE
2022-05-22,165.9175,BE
2022-05-23,190.58083333333332,BE
2022-05-24,171.13291666666666,BE
2022-05-25,159.2775,BE
2022-05-26,51.094166666666666,BE
2022-05-27,39.60541666666666,BE
2022-05-28,79.34583333333333,BE
2022-05-29,159.00666666666666,BE
2022-05-30,225.99291666666667,BE
2022-05-31,208.33125,BE
2022-06-01,215.195,BE
2022-06-02,185.17791666666668,BE
2022-06-03,166.10625000000002,BE
2022-06-04,144.29583333333332,BE
2022-06-05,140.16125,BE
2022-06-06,67.35000000000001,BE
2022-06-07,183.42333333333332,BE
2022-06-08,181.43833333333336,BE
2022-06-09,175.39208333333332,BE
2022-06-10,181.33291666666665,BE
2022-06-11,107.31333333333332,BE
2022-06-12,115.15208333333334,BE
2022-06-13,169.00791666666666,BE
2022-06-14,195.9695833333333,BE
2022-06-15,210.58708333333337,BE
2022-06-16,239.31583333333333,BE
2022-06-17,268.20916666666665,BE
2022-06-18,232.4391666666667,BE
2022-06-19,161.05041666666668,BE
2022-06-20,264.505,BE
2022-06-21,306.3254166666667,BE
2022-06-22,289.8625,BE
2022-06-23,314.83708333333334,BE
2022-06-24,294.80333333333334,BE
2022-06-25,251.45541666666668,BE
2022-06-26,225.3025,BE
2022-06-27,314.1879166666667,BE
2022-06-28,327.36083333333335,BE
2022-06-29,297.3070833333333,BE
2022-06-30,348.1133333333333,BE
2022-07-01,305.53541666666666,BE
2022-07-02,238.1825,BE
2022-07-03,206.035,BE
2022-07-04,313.30125000000004,BE
2022-07-05,324.315,BE
2022-07-06,337.72541666666666,BE
2022-07-07,287.9483333333333,BE
2022-07-08,351.4379166666667,BE
2022-07-09,245.02666666666667,BE
2022-07-10,201.72666666666663,BE
2022-07-11,364.95666666666665,BE
2022-07-12,378.37875,BE
2022-07-13,379.21,BE
2022-07-14,374.7816666666667,BE
2022-07-15,356.39958333333334,BE
2022-07-16,237.69708333333332,BE
2022-07-17,214.64291666666668,BE
2022-07-18,408.2075,BE
2022-07-19,354.50916666666666,BE
2022-07-20,339.0025,BE
2022-07-21,349.1891666666667,BE
2022-07-22,339.56416666666667,BE
2022-07-23,322.37666666666667,BE
2022-07-24,238.58583333333337,BE
2022-07-25,294.86041666666665,BE
2022-07-26,327.69041666666664,BE
2022-07-27,381.2716666666667,BE
2022-07-28,412.3766666666667,BE
2022-07-29,385.8283333333334,BE
2022-07-30,374.61833333333334,BE
2022-07-31,315.8495833333333,BE
2022-08-01,399.8595833333334,BE
2022-08-02,304.80041666666665,BE
2022-08-03,324.59708333333333,BE
2022-08-04,395.02875,BE
2022-08-05,372.6308333333333,BE
2022-08-06,282.3583333333333,BE
2022-08-07,214.9925,BE
2022-08-08,351.4975,BE
2022-08-09,344.06166666666667,BE
2022-08-10,329.84499999999997,BE
2022-08-11,370.9870833333334,BE
2022-08-12,432.59791666666666,BE
2022-08-13,361.9579166666667,BE
2022-08-14,329.38208333333336,BE
2022-08-15,422.5733333333333,BE
2022-08-16,421.09458333333333,BE
2022-08-17,540.79875,BE
2022-08-18,538.4908333333334,BE
2022-08-19,504.295,BE
2022-08-20,437.0104166666667,BE
2022-08-21,369.3425,BE
2022-08-22,561.9375,BE
2022-08-23,603.3779166666667,BE
2022-08-24,611.9679166666666,BE
2022-08-25,588.1945833333333,BE
2022-08-26,700.4129166666667,BE
2022-08-27,600.2495833333334,BE
2022-08-28,408.0879166666667,BE
2022-08-29,630.9020833333333,BE
2022-08-30,622.6274999999999,BE
2022-08-31,516.1750000000001,BE
2022-09-01,494.4254166666667,BE
2022-09-02,439.485,BE
2022-09-03,330.1816666666667,BE
2022-09-04,268.1958333333333,BE
2022-09-05,359.7833333333333,BE
2022-09-06,439.7658333333333,BE
2022-09-07,445.73125,BE
2022-09-08,434.9170833333333,BE
2022-09-09,345.87583333333333,BE
2022-09-10,404.31791666666663,BE
2022-09-11,390.61125,BE
2022-09-12,407.90208333333334,BE
2022-09-13,414.89958333333334,BE
2022-09-14,441.01125,BE
2022-09-15,395.96375000000006,BE
2022-09-16,245.0920833333333,BE
2022-09-17,97.65333333333332,BE
2022-09-18,138.24041666666668,BE
2022-09-19,274.01,BE
2022-09-20,342.06583333333333,BE
2022-09-21,357.07625,BE
2022-09-22,377.63875,BE
2022-09-23,368.7754166666667,BE
2022-09-24,351.78749999999997,BE
2022-09-25,266.57708333333335,BE
2022-09-26,240.95416666666665,BE
2022-09-27,269.735,BE
2022-09-28,377.0629166666667,BE
2022-09-29,397.07375,BE
2022-09-30,278.3516666666667,BE
2022-10-01,102.35833333333332,BE
2022-10-02,182.73791666666668,BE
2022-10-03,276.44,BE
2022-10-04,219.37166666666667,BE
2022-10-05,143.11791666666667,BE
2022-10-06,185.63666666666663,BE
2022-10-07,167.41625000000002,BE
2022-10-08,140.66458333333333,BE
2022-10-09,156.42875,BE
2022-10-10,180.41083333333333,BE
2022-10-11,259.18416666666667,BE
2022-10-12,278.85166666666663,BE
2022-10-13,258.4279166666667,BE
2022-10-14,255.455,BE
2022-10-15,156.04875,BE
2022-10-16,113.06916666666666,BE
2022-10-17,159.98916666666665,BE
2022-10-18,171.54958333333332,BE
2022-10-19,146.25666666666666,BE
2022-10-20,120.08125,BE
2022-10-21,149.67,BE
2022-10-22,123.59333333333332,BE
2022-10-23,91.09916666666668,BE
2022-10-24,69.09375,BE
2022-10-25,99.485,BE
2022-10-26,96.24833333333332,BE
2022-10-27,119.78083333333332,BE
2022-10-28,101.03458333333332,BE
2022-10-29,96.91208333333331,BE
2022-10-30,116.556,BE
2022-10-31,143.88625,BE
2022-11-01,70.47083333333333,BE
2022-11-02,72.84375,BE
2022-11-03,102.37958333333334,BE
2022-11-04,181.22833333333332,BE
2022-11-05,137.4983333333333,BE
2022-11-06,88.62958333333334,BE
2022-11-07,82.68833333333333,BE
2022-11-08,96.35625,BE
2022-11-09,119.31416666666668,BE
2022-11-10,134.67708333333334,BE
2022-11-11,107.47375,BE
2022-11-12,153.165,BE
2022-11-13,147.26291666666663,BE
2022-11-14,186.15625,BE
2022-11-15,179.92041666666668,BE
2022-11-16,157.46083333333334,BE
2022-11-17,143.92166666666665,BE
2022-11-18,212.07416666666663,BE
2022-11-19,206.52625,BE
2022-11-20,210.7145833333333,BE
2022-11-21,239.1858333333333,BE
2022-11-22,208.205,BE
2022-11-23,181.7125,BE
2022-11-24,232.85208333333333,BE
2022-11-25,258.2970833333333,BE
2022-11-26,239.80625,BE
2022-11-27,178.20791666666665,BE
2022-11-28,316.47583333333336,BE
2022-11-29,372.21,BE
2022-11-30,394.6254166666667,BE
2022-12-01,387.92875,BE
2022-12-02,370.43958333333336,BE
2022-12-03,303.15916666666664,BE
2022-12-04,317.46791666666667,BE
2022-12-05,376.2441666666667,BE
2022-12-06,403.645,BE
2022-12-07,406.6483333333333,BE
2022-12-08,414.1979166666667,BE
2022-12-09,438.0933333333333,BE
2022-12-10,364.38166666666666,BE
2022-12-11,331.7404166666667,BE
2022-12-12,461.1141666666667,BE
2022-12-13,467.14708333333334,BE
2022-12-14,447.9720833333334,BE
2022-12-15,409.1345833333333,BE
2022-12-16,410.0333333333333,BE
2022-12-17,283.0725,BE
2022-12-18,234.4575,BE
2022-12-19,197.36291666666668,BE
2022-12-20,204.48208333333332,BE
2022-12-21,218.66125,BE
2022-12-22,197.11708333333337,BE
2022-12-23,177.46833333333333,BE
2022-12-24,113.80541666666666,BE
2022-12-25,109.2325,BE
2022-12-26,76.28541666666666,BE
2022-12-27,119.485,BE
2022-12-28,51.04625000000001,BE
2022-12-29,33.22166666666667,BE
2022-12-30,16.765416666666667,BE
2022-12-31,5.94086956521739,BE
2023-01-01,13.705416666666666,BE
2023-01-02,125.64875,BE
2023-01-03,145.94541666666666,BE
2023-01-04,88.59541666666667,BE
2023-01-05,120.08541666666667,BE
2023-01-06,124.1425,BE
2023-01-07,85.20416666666667,BE
2023-01-08,67.66375000000001,BE
2023-01-09,126.095,BE
2023-01-10,128.01416666666668,BE
2023-01-11,86.24833333333333,BE
2023-01-12,79.2775,BE
2023-01-13,77.99208333333333,BE
2023-01-14,56.875,BE
2023-01-15,37.71666666666667,BE
2023-01-16,136.2925,BE
2023-01-17,184.54541666666668,BE
2023-01-18,149.98375,BE
2023-01-19,187.14916666666667,BE
2023-01-20,184.25833333333333,BE
2023-01-21,154.605,BE
2023-01-22,171.04666666666665,BE
2023-01-23,204.87,BE
2023-01-24,205.25291666666664,BE
2023-01-25,185.56333333333336,BE
2023-01-26,172.54875,BE
2023-01-27,172.68166666666664,BE
2023-01-28,148.08041666666668,BE
2023-01-29,145.10083333333333,BE
2023-01-30,136.82166666666666,BE
2023-01-31,149.55083333333334,BE
2023-02-01,146.9704166666667,BE
2023-02-02,148.97458333333333,BE
2023-02-03,143.44458333333333,BE
2023-02-04,152.11416666666665,BE
2023-02-05,133.76541666666665,BE
2023-02-06,170.62916666666666,BE
2023-02-07,174.23708333333332,BE
2023-02-08,161.945,BE
2023-02-09,152.8225,BE
2023-02-10,149.30875,BE
2023-02-11,152.1625,BE
2023-02-12,143.89583333333334,BE
2023-02-13,161.55458333333334,BE
2023-02-14,154.15416666666667,BE
2023-02-15,146.15625,BE
2023-02-16,143.27875,BE
2023-02-17,121.80041666666666,BE
2023-02-18,106.71416666666666,BE
2023-02-19,119.46625,BE
2023-02-20,111.97791666666666,BE
2023-02-21,144.67458333333337,BE
2023-02-22,147.74375,BE
2023-02-23,147.9825,BE
2023-02-24,142.40416666666667,BE
2023-02-25,124.36708333333333,BE
2023-02-26,114.39875,BE
2023-02-27,150.66875000000002,BE
2023-02-28,150.73166666666663,BE
2023-03-01,144.49958333333333,BE
2023-03-02,142.05625,BE
2023-03-03,146.87708333333333,BE
2023-03-04,134.6525,BE
2023-03-05,139.05458333333334,BE
2023-03-06,152.06,BE
2023-03-07,134.2075,BE
2023-03-08,139.67041666666668,BE
2023-03-09,127.13,BE
2023-03-10,119.37041666666666,BE
2023-03-11,122.30041666666666,BE
2023-03-12,95.58291666666666,BE
2023-03-13,40.40791666666667,BE
2023-03-14,81.9175,BE
2023-03-15,143.57541666666663,BE
2023-03-16,107.69041666666668,BE
2023-03-17,105.0775,BE
2023-03-18,110.38666666666666,BE
2023-03-19,112.03625,BE
2023-03-20,125.19041666666668,BE
2023-03-21,116.50375,BE
2023-03-22,90.07833333333332,BE
2023-03-23,79.48708333333333,BE
2023-03-24,56.022083333333335,BE
2023-03-25,19.473333333333333,BE
2023-03-26,79.79826086956521,BE
2023-03-27,124.0375,BE
2023-03-28,126.05708333333332,BE
2023-03-29,115.74416666666669,BE
2023-03-30,81.70583333333333,BE
2023-03-31,83.51375,BE
2023-04-01,61.80166666666667,BE
2023-04-02,72.06291666666667,BE
2023-04-03,123.675,BE
2023-04-04,135.22083333333333,BE
2023-04-05,141.77458333333334,BE
2023-04-06,130.01958333333332,BE
2023-04-07,128.41416666666666,BE
2023-04-08,116.39291666666666,BE
2023-04-09,105.0475,BE
2023-04-10,53.16291666666667,BE
2023-04-11,78.81958333333334,BE
2023-04-12,101.77791666666668,BE
2023-04-13,111.175,BE
2023-04-14,130.39374999999998,BE
2023-04-15,105.74166666666666,BE
2023-04-16,110.10833333333332,BE
2023-04-17,124.15041666666669,BE
2023-04-18,110.7,BE
2023-04-19,82.82916666666667,BE
2023-04-20,112.96958333333332,BE
2023-04-21,115.01458333333332,BE
2023-04-22,96.21041666666667,BE
2023-04-23,84.5325,BE
2023-04-24,106.88791666666668,BE
2023-04-25,116.73458333333332,BE
2023-04-26,121.63625,BE
2023-04-27,107.63875,BE
2023-04-28,105.24416666666669,BE
2023-04-29,100.67958333333333,BE
2023-04-30,75.21791666666667,BE
2023-05-01,83.88583333333334,BE
2023-05-02,106.1125,BE
2023-05-03,97.21916666666664,BE
2023-05-04,92.095,BE
2023-05-05,99.00666666666666,BE
2023-05-06,89.43833333333333,BE
2023-05-07,87.12541666666668,BE
2023-05-08,98.04458333333334,BE
2023-05-09,104.24041666666666,BE
2023-05-10,103.52166666666666,BE
2023-05-11,112.03833333333334,BE
2023-05-12,99.86208333333332,BE
2023-05-13,79.265,BE
2023-05-14,65.84333333333333,BE
2023-05-15,97.615,BE
2023-05-16,80.90625,BE
2023-05-17,84.25583333333334,BE
2023-05-18,82.97291666666666,BE
2023-05-19,82.40666666666667,BE
2023-05-20,48.007083333333334,BE
2023-05-21,30.679166666666664,BE
2023-05-22,89.45541666666666,BE
2023-05-23,77.15458333333333,BE
2023-05-24,89.08333333333333,BE
2023-05-25,75.22708333333334,BE
2023-05-26,66.57916666666667,BE
2023-05-27,60.54541666666666,BE
2023-05-28,39.95291666666667,BE
2023-05-29,19.66875,BE
2023-05-30,79.08458333333333,BE
2023-05-31,64.29666666666667,BE
2023-06-01,72.12125,BE
2023-06-02,75.17708333333333,BE
2023-06-03,53.57041666666667,BE
2023-06-04,48.70916666666667,BE
2023-06-05,83.60416666666667,BE
2023-06-06,85.04291666666667,BE
2023-06-07,89.31625000000001,BE
2023-06-08,82.51083333333334,BE
2023-06-09,86.17041666666667,BE
2023-06-10,67.89708333333333,BE
2023-06-11,55.017500000000005,BE
2023-06-12,101.3925,BE
2023-06-13,92.10916666666668,BE
2023-06-14,100.2275,BE
2023-06-15,114.73833333333332,BE
2023-06-16,127.64791666666667,BE
2023-06-17,104.15083333333332,BE
2023-06-18,90.77458333333334,BE
2023-06-19,115.01541666666668,BE
2023-06-20,120.84833333333334,BE
2023-06-21,124.61958333333332,BE
2023-06-22,125.34458333333332,BE
2023-06-23,106.50791666666667,BE
2023-06-24,79.20416666666667,BE
2023-06-25,68.19500000000001,BE
2023-06-26,94.90291666666668,BE
2023-06-27,105.00541666666668,BE
2023-06-28,108.96375,BE
2023-06-29,113.15041666666669,BE
2023-06-30,102.39125,BE
2023-07-01,47.36625,BE
2023-07-02,-2.345833333333333,BE
2023-07-03,58.384166666666665,BE
2023-07-04,100.95791666666666,BE
2023-07-05,76.76583333333333,BE
2023-07-06,104.29083333333334,BE
2023-07-07,96.45666666666666,BE
2023-07-08,81.76333333333334,BE
2023-07-09,88.6075,BE
2023-07-10,112.60166666666667,BE
2023-07-11,96.12291666666664,BE
2023-07-12,78.51875,BE
2023-07-13,93.30958333333332,BE
2023-07-14,83.51916666666666,BE
2023-07-15,30.427916666666665,BE
2023-07-16,11.96625,BE
2023-07-17,68.96083333333333,BE
2023-07-18,98.23416666666668,BE
2023-07-19,90.40875,BE
2023-07-20,94.63875,BE
2023-07-21,91.60708333333334,BE
2023-07-22,74.86749999999999,BE
2023-07-23,29.853333333333335,BE
2023-07-24,87.10125,BE
2023-07-25,93.68541666666664,BE
2023-07-26,95.42041666666668,BE
2023-07-27,90.01583333333333,BE
2023-07-28,93.5325,BE
2023-07-29,73.77666666666667,BE
2023-07-30,25.2625,BE
2023-07-31,69.82625,BE
2023-08-01,74.76208333333334,BE
2023-08-02,59.73583333333334,BE
2023-08-03,46.105,BE
2023-08-04,92.57166666666666,BE
2023-08-05,79.75041666666667,BE
2023-08-06,27.38,BE
2023-08-07,62.0575,BE
2023-08-08,83.56958333333334,BE
2023-08-09,86.73041666666667,BE
2023-08-10,86.7925,BE
2023-08-11,92.59291666666668,BE
2023-08-12,79.96833333333333,BE
2023-08-13,64.03541666666666,BE
2023-08-14,91.78791666666666,BE
2023-08-15,87.78041666666667,BE
2023-08-16,104.84458333333332,BE
2023-08-17,102.92041666666668,BE
2023-08-18,99.23375,BE
2023-08-19,74.54208333333334,BE
2023-08-20,90.36958333333332,BE
2023-08-21,119.53833333333334,BE
2023-08-22,120.75541666666668,BE
2023-08-23,147.09291666666667,BE
2023-08-24,144.73041666666668,BE
2023-08-25,112.41666666666669,BE
2023-08-26,97.48875,BE
2023-08-27,91.69208333333334,BE
2023-08-28,106.81458333333336,BE
2023-08-29,111.40875,BE
2023-08-30,108.10083333333334,BE
2023-08-31,103.2675,BE
2023-09-01,104.83833333333332,BE
2023-09-02,93.89625,BE
2023-09-03,81.48791666666666,BE
2023-09-04,103.35375,BE
2023-09-05,99.8,BE
2023-09-06,102.37125,BE
2023-09-07,101.73458333333332,BE
2023-09-08,105.70791666666668,BE
2023-09-09,91.82,BE
2023-09-10,83.43208333333334,BE
2023-09-11,133.39625,BE
2023-09-12,119.46083333333333,BE
2023-09-13,104.33916666666666,BE
2023-09-14,108.10041666666666,BE
2023-09-15,100.78166666666664,BE
2023-09-16,89.07041666666667,BE
2023-09-17,83.39416666666666,BE
2023-09-18,81.95208333333333,BE
2023-09-19,39.00375,BE
2023-09-20,41.9425,BE
2023-09-21,91.96166666666666,BE
2023-09-22,96.48666666666666,BE
2023-09-23,98.8475,BE
2023-09-24,58.27333333333333,BE
2023-09-25,98.45166666666668,BE
2023-09-26,119.28833333333334,BE
2023-09-27,112.15166666666666,BE
2023-09-28,99.07,BE
2023-09-29,96.30625,BE
2023-09-30,89.73875,BE
2023-10-01,69.99083333333333,BE
2023-10-02,115.27208333333334,BE
2023-10-03,41.11083333333333,BE
2023-10-04,70.84875,BE
2023-10-05,96.01333333333334,BE
2023-10-06,78.46541666666667,BE
2023-10-07,50.41958333333333,BE
2023-10-08,90.46708333333332,BE
2023-10-09,114.1425,BE
2023-10-10,105.91541666666666,BE
2023-10-11,74.94708333333334,BE
2023-10-12,126.01625,BE
2023-10-13,68.405,BE
2023-10-14,38.75083333333333,BE
2023-10-15,57.28875,BE
2023-10-16,136.76874999999998,BE
2023-10-17,117.0975,BE
2023-10-18,65.70166666666667,BE
2023-10-19,87.17666666666666,BE
2023-10-20,87.40499999999999,BE
2023-10-21,48.17666666666667,BE
2023-10-22,64.57625,BE
2023-10-23,121.4625,BE
2023-10-24,116.11416666666666,BE
2023-10-25,119.735,BE
2023-10-26,121.07541666666668,BE
2023-10-27,116.14458333333332,BE
2023-10-28,59.244166666666665,BE
2023-10-29,18.788,BE
2023-10-30,92.82416666666668,BE
2023-10-31,110.75958333333334,BE
2023-11-01,49.47125,BE
2023-11-02,59.215833333333336,BE
2023-11-03,57.41166666666667,BE
2023-11-04,25.72083333333333,BE
2023-11-05,25.245,BE
2023-11-06,74.40041666666667,BE
2023-11-07,101.4525,BE
2023-11-08,92.62708333333336,BE
2023-11-09,99.70708333333332,BE
2023-11-10,94.21541666666668,BE
2023-11-11,96.79458333333334,BE
2023-11-12,96.07041666666667,BE
2023-11-13,84.47041666666667,BE
2023-11-14,66.35,BE
2023-11-15,96.52833333333332,BE
2023-11-16,115.94375,BE
2023-11-17,121.32416666666666,BE
2023-11-18,87.89166666666667,BE
2023-11-19,37.2925,BE
2023-11-20,103.78541666666666,BE
2023-11-21,120.56041666666664,BE
2023-11-22,111.59458333333332,BE
2023-11-23,88.15416666666665,BE
2023-11-24,75.54458333333334,BE
2023-11-25,95.89375,BE
2023-11-26,117.35625,BE
2023-11-27,117.15916666666668,BE
2023-11-28,122.84666666666664,BE
2023-11-29,140.28666666666666,BE
2023-11-30,168.81833333333333,BE
2023-12-01,155.99666666666667,BE
2023-12-02,116.94125,BE
2023-12-03,105.03833333333334,BE
2023-12-04,111.67041666666668,BE
2023-12-05,113.84583333333336,BE
2023-12-06,128.17875,BE
2023-12-07,106.47166666666668,BE
2023-12-08,102.8125,BE
2023-12-09,76.88458333333334,BE
2023-12-10,49.5825,BE
2023-12-11,79.14958333333333,BE
2023-12-12,94.13333333333333,BE
2023-12-13,91.50791666666667,BE
2023-12-14,98.42958333333333,BE
2023-12-15,93.25791666666667,BE
2023-12-16,74.05708333333334,BE
2023-12-17,55.54083333333333,BE
2023-12-18,80.93833333333333,BE
2023-12-19,79.07375,BE
2023-12-20,67.91708333333334,BE
2023-12-21,37.53208333333333,BE
2023-12-22,28.843333333333337,BE
2023-12-23,24.083333333333332,BE
2023-12-24,0.0166666666666667,BE
2023-12-25,1.6354166666666667,BE
2023-12-26,30.503333333333337,BE
2023-12-27,59.40083333333333,BE
2023-12-28,21.634583333333335,BE
2023-12-29,17.852916666666665,BE
2023-12-30,37.858333333333334,BE
2023-12-31,9.98695652173913,BE
2024-01-01,15.095,BE
2024-01-02,46.81166666666667,BE
2024-01-03,47.078333333333326,BE
2024-01-04,82.30875,BE
2024-01-05,90.80916666666668,BE
2024-01-06,88.03625,BE
2024-01-07,86.32583333333334,BE
2024-01-08,102.25833333333333,BE
2024-01-09,104.9825,BE
2024-01-10,108.36541666666666,BE
2024-01-11,107.56,BE
2024-01-12,106.36791666666666,BE
2024-01-13,93.9225,BE
2024-01-14,85.20083333333334,BE
2024-01-15,90.14333333333332,BE
2024-01-16,103.395,BE
2024-01-17,93.34499999999998,BE
2024-01-18,88.55041666666666,BE
2024-01-19,83.75875,BE
2024-01-20,80.43875,BE
2024-01-21,60.52458333333333,BE
2024-01-22,57.32416666666666,BE
2024-01-23,57.17791666666667,BE
2024-01-24,50.973333333333336,BE
2024-01-25,78.88458333333334,BE
2024-01-26,67.64708333333333,BE
2024-01-27,69.65208333333334,BE
2024-01-28,55.63666666666666,BE
2024-01-29,78.43916666666667,BE
2024-01-30,78.52374999999999,BE
2024-01-31,75.82583333333334,BE
2024-02-01,74.69375000000001,BE
2024-02-02,68.53083333333333,BE
2024-02-03,47.90208333333334,BE
2024-02-04,29.4125,BE
2024-02-05,60.37625,BE
2024-02-06,54.69541666666667,BE
2024-02-07,72.40291666666667,BE
2024-02-08,71.51125,BE
2024-02-09,57.370000000000005,BE
2024-02-10,72.62166666666667,BE
2024-02-11,63.14291666666667,BE
2024-02-12,73.95583333333333,BE
2024-02-13,71.50166666666667,BE
2024-02-14,66.2975,BE
2024-02-15,62.510416666666664,BE
2024-02-16,61.598749999999995,BE
2024-02-17,64.92083333333333,BE
2024-02-18,50.257083333333334,BE
2024-02-19,63.60458333333333,BE
2024-02-20,63.21333333333333,BE
2024-02-21,56.111250000000005,BE
2024-02-22,45.59041666666667,BE
2024-02-23,44.63833333333333,BE
2024-02-24,57.577916666666674,BE
2024-02-25,61.05041666666667,BE
2024-02-26,65.95416666666667,BE
2024-02-27,70.18791666666667,BE
2024-02-28,68.5425,BE
2024-02-29,63.77333333333333,BE
2024-03-01,70.91875,BE
2024-03-02,66.56375,BE
2024-03-03,66.96416666666667,BE
2024-03-04,76.40833333333333,BE
2024-03-05,76.50625000000001,BE
2024-03-06,82.07166666666667,BE
2024-03-07,76.17041666666667,BE
2024-03-08,65.30208333333333,BE
2024-03-09,50.80166666666667,BE
2024-03-10,65.79958333333333,BE
2024-03-11,73.89916666666666,BE
2024-03-12,78.00083333333333,BE
2024-03-13,66.315,BE
2024-03-14,59.42083333333333,BE
2024-03-15,47.13666666666666,BE
2024-03-16,51.675,BE
2024-03-17,56.55583333333333,BE
2024-03-18,71.88125000000001,BE
2024-03-19,73.04166666666667,BE
2024-03-20,81.915,BE
2024-03-21,68.97583333333334,BE
2024-03-22,55.655,BE
2024-03-23,20.5825,BE
2024-03-24,20.1125,BE
2024-03-25,70.92208333333333,BE
2024-03-26,61.91041666666666,BE
2024-03-27,65.43583333333333,BE
2024-03-28,30.7625,BE
2024-03-29,37.79208333333333,BE
2024-03-30,56.35,BE
2024-03-31,49.931739130434785,BE
2024-04-01,28.1,BE
2024-04-02,28.36,BE
2024-04-03,53.31916666666667,BE
2024-04-04,27.500416666666663,BE
2024-04-05,24.007499999999997,BE
2024-04-06,9.92125,BE
2024-04-07,13.209166666666668,BE
2024-04-08,74.41541666666667,BE
2024-04-09,38.4475,BE
2024-04-10,54.57458333333333,BE
2024-04-11,54.73166666666666,BE
2024-04-12,41.08208333333334,BE
2024-04-13,5.932916666666667,BE
2024-04-14,17.390416666666667,BE
2024-04-15,37.279583333333335,BE
2024-04-16,36.86833333333333,BE
2024-04-17,88.68958333333335,BE
2024-04-18,88.48,BE
2024-04-19,42.541666666666664,BE
2024-04-20,31.655,BE
2024-04-21,32.8825,BE
2024-04-22,76.96208333333333,BE
2024-04-23,90.97541666666666,BE
2024-04-24,75.10791666666667,BE
2024-04-25,84.3575,BE
2024-04-26,83.38625,BE
2024-04-27,51.468333333333334,BE
2024-04-28,11.244166666666668,BE
2024-04-29,71.17291666666667,BE
2024-04-30,66.31166666666667,BE
2024-05-01,8.97125,BE
2024-05-02,33.139583333333334,BE
2024-05-03,54.06625,BE
2024-05-04,55.70666666666667,BE
2024-05-05,57.48166666666666,BE
2024-05-06,89.62833333333333,BE
2024-05-07,79.70583333333333,BE
2024-05-08,76.535,BE
2024-05-09,42.70291666666666,BE
2024-05-10,51.05833333333334,BE
2024-05-11,25.719166666666663,BE
2024-05-12,-5.912916666666665,BE
2024-05-13,47.818333333333335,BE
2024-05-14,36.27833333333333,BE
2024-05-15,50.16958333333333,BE
2024-05-16,55.04708333333334,BE
2024-05-17,71.53458333333333,BE
2024-05-18,43.58416666666667,BE
2024-05-19,30.235,BE
2024-05-20,38.66833333333333,BE
2024-05-21,72.72125,BE
2024-05-22,53.855,BE
2024-05-23,67.21541666666667,BE
2024-05-24,95.50583333333331,BE
2024-05-25,64.20916666666666,BE
2024-05-26,44.16291666666667,BE
2024-05-27,82.26875,BE
2024-05-28,71.08083333333333,BE
2024-05-29,62.65166666666667,BE
2024-05-30,71.67833333333333,BE
2024-05-31,60.34916666666667,BE
2024-06-01,36.428333333333335,BE
2024-06-02,11.617916666666666,BE
2024-06-03,90.55125,BE
2024-06-04,85.91541666666666,BE
2024-06-05,68.84583333333333,BE
2024-06-06,76.24916666666667,BE
2024-06-07,75.28916666666667,BE
2024-06-08,41.43083333333333,BE
2024-06-09,22.995,BE
2024-06-10,69.86291666666666,BE
2024-06-11,56.285833333333336,BE
2024-06-12,74.99125,BE
2024-06-13,68.93208333333332,BE
2024-06-14,62.9575,BE
2024-06-15,6.1137500000000005,BE
2024-06-16,10.028333333333334,BE
2024-06-17,72.58958333333334,BE
2024-06-18,94.55458333333333,BE
2024-06-19,74.67916666666666,BE
2024-06-20,89.35208333333333,BE
2024-06-21,92.07958333333332,BE
2024-06-22,49.030833333333334,BE
2024-06-23,52.29916666666667,BE
2024-06-24,74.63625,BE
2024-06-25,68.60125000000001,BE
2024-06-26,104.61208333333332,BE
2024-06-27,71.64999999999999,BE
2024-06-28,41.65958333333334,BE
2024-06-29,47.982499999999995,BE
2024-06-30,33.41458333333333,BE
2024-07-01,68.81791666666668,BE
2024-07-02,72.11375,BE
2024-07-03,66.85375,BE
2024-07-04,8.695,BE
2024-07-05,27.951666666666668,BE
2024-07-06,-11.854166666666666,BE
2024-07-07,14.844166666666666,BE
2024-07-08,78.355,BE
2024-07-09,60.647083333333335,BE
2024-07-10,63.57958333333334,BE
2024-07-11,82.81625,BE
2024-07-12,68.95125,BE
2024-07-13,30.467083333333335,BE
2024-07-14,21.05125,BE
2024-07-15,58.9275,BE
2024-07-16,41.535833333333336,BE
2024-07-17,74.385,BE
2024-07-18,84.09708333333333,BE
2024-07-19,80.58791666666666,BE
2024-07-20,58.89291666666667,BE
2024-07-21,37.84875,BE
2024-07-22,62.00833333333333,BE
2024-07-23,64.03791666666667,BE
2024-07-24,62.91166666666666,BE
2024-07-25,71.03666666666668,BE
2024-07-26,73.5925,BE
2024-07-27,58.87833333333333,BE
2024-07-28,27.44125,BE
2024-07-29,46.64666666666667,BE
2024-07-30,62.88666666666666,BE
2024-07-31,72.23208333333334,BE
2024-08-01,86.57041666666667,BE
2024-08-02,83.58916666666667,BE
2024-08-03,50.306666666666665,BE
2024-08-04,44.33416666666667,BE
2024-08-05,65.17541666666666,BE
2024-08-06,66.02083333333333,BE
2024-08-07,60.50458333333333,BE
2024-08-08,66.38541666666667,BE
2024-08-09,38.1925,BE
2024-08-10,38.37083333333333,BE
2024-08-11,42.507083333333334,BE
2024-08-12,66.93583333333333,BE
2024-08-13,91.53458333333332,BE
2024-08-14,96.67791666666666,BE
2024-08-15,55.51,BE
2024-08-16,86.99291666666666,BE
2024-08-17,80.40583333333333,BE
2024-08-18,59.35916666666666,BE
2024-08-19,96.4975,BE
2024-08-20,71.0525,BE
2024-08-21,43.98125,BE
2024-08-22,33.565,BE
2024-08-23,33.249583333333334,BE
2024-08-24,38.58625,BE
2024-08-25,20.465416666666663,BE
2024-08-26,73.70375,BE
2024-08-27,77.85625,BE
2024-08-28,91.22583333333334,BE
2024-08-29,104.24125,BE
2024-08-30,99.86333333333332,BE
2024-08-31,67.87833333333333,BE
2024-09-01,56.24,BE
2024-09-02,109.17666666666668,BE
2024-09-03,119.84458333333332,BE
2024-09-04,113.26125,BE
2024-09-05,84.76375,BE
2024-09-06,83.75500000000001,BE
2024-09-07,68.86958333333332,BE
2024-09-08,49.91625,BE
2024-09-09,77.59458333333333,BE
2024-09-10,51.9275,BE
2024-09-11,63.06166666666667,BE
2024-09-12,86.09375,BE
2024-09-13,71.64083333333333,BE
2024-09-14,58.8975,BE
2024-09-15,52.5225,BE
2024-09-16,72.01333333333334,BE
2024-09-17,64.72083333333333,BE
2024-09-18,68.98375,BE
2024-09-19,68.39458333333333,BE
2024-09-20,66.55125,BE
2024-09-21,55.0375,BE
2024-09-22,63.03125,BE
2024-09-23,85.49791666666665,BE
2024-09-24,70.92083333333333,BE
2024-09-25,75.135,BE
2024-09-26,48.36000000000001,BE
2024-09-27,16.595416666666665,BE
2024-09-28,31.453333333333333,BE
2024-09-29,43.03583333333333,BE
2024-09-30,22.217083333333335,BE
2024-10-01,64.80541666666666,BE
2024-10-02,93.69333333333331,BE
2024-10-03,70.63041666666668,BE
2024-10-04,91.7425,BE
2024-10-05,72.48,BE
2024-10-06,38.486666666666665,BE
2024-10-07,73.60708333333334,BE
2024-10-08,70.49833333333333,BE
2024-10-09,65.74458333333332,BE
2024-10-10,56.78541666666666,BE
2024-10-11,91.895,BE
2024-10-12,61.88166666666667,BE
2024-10-13,20.582083333333333,BE
2024-10-14,103.49541666666666,BE
2024-10-15,83.3625,BE
2024-10-16,33.367916666666666,BE
2024-10-17,72.73583333333333,BE
2024-10-18,101.66166666666668,BE
2024-10-19,72.30666666666666,BE
2024-10-20,25.5275,BE
2024-10-21,74.36916666666667,BE
2024-10-22,93.66583333333334,BE
2024-10-23,97.87125,BE
2024-10-24,88.96458333333334,BE
2024-10-25,84.91208333333334,BE
2024-10-26,81.24333333333333,BE
2024-10-27,86.3828,BE
2024-10-28,101.665,BE
2024-10-29,120.68291666666666,BE
2024-10-30,111.81375,BE
2024-10-31,107.7425,BE
2024-11-01,90.29833333333332,BE
2024-11-02,98.92208333333332,BE
2024-11-03,90.59333333333332,BE
2024-11-04,115.78708333333331,BE
2024-11-05,137.10041666666666,BE
2024-11-06,151.99666666666667,BE
2024-11-07,129.1975,BE
2024-11-08,113.03875,BE
2024-11-09,113.22541666666666,BE
2024-11-10,110.39583333333331,BE
2024-11-11,110.57041666666667,BE
2024-11-12,125.98875,BE
2024-11-13,136.87791666666666,BE
2024-11-14,123.49583333333334,BE
2024-11-15,125.01166666666666,BE
2024-11-16,106.37166666666668,BE
2024-11-17,94.51,BE
2024-11-18,114.22875,BE
2024-11-19,111.2025,BE
2024-11-20,114.36291666666666,BE
2024-11-21,121.03458333333332,BE
2024-11-22,114.48541666666668,BE
2024-11-23,80.30791666666667,BE
2024-11-24,11.184583333333334,BE
2024-11-25,69.08041666666666,BE
2024-11-26,113.85708333333334,BE
2024-11-27,104.09,BE
2024-11-28,115.24625,BE
2024-11-29,120.16375,BE
2024-11-30,105.63291666666667,BE
2024-12-01,94.145,BE
2024-12-02,108.88708333333334,BE
2024-12-03,143.64875,BE
2024-12-04,160.51583333333335,BE
2024-12-05,107.58333333333331,BE
2024-12-06,88.0075,BE
2024-12-07,63.38125,BE
2024-12-08,83.77041666666666,BE
2024-12-09,98.55916666666668,BE
2024-12-10,128.82333333333335,BE
2024-12-11,199.51958333333337,BE
2024-12-12,276.65416666666664,BE
2024-12-13,177.30958333333334,BE
2024-12-14,110.77708333333334,BE
2024-12-15,80.98375,BE
2024-12-16,85.27624999999999,BE
2024-12-17,94.70291666666668,BE
2024-12-18,59.635416666666664,BE
2024-12-19,59.61875,BE
2024-12-20,79.97708333333334,BE
2024-12-21,30.475416666666664,BE
2024-12-22,26.9125,BE
2024-12-23,65.88583333333334,BE
2024-12-24,102.48625,BE
2024-12-25,98.2,BE
2024-12-26,112.83625,BE
2024-12-27,121.185,BE
2024-12-28,121.94291666666668,BE
2024-12-29,113.85333333333334,BE
2024-12-30,99.50125,BE
2024-12-31,67.07304347826087,BE
2025-01-01,22.135416666666668,BE
2025-01-02,113.18291666666666,BE
2025-01-03,120.1125,BE
2025-01-04,122.43416666666668,BE
2025-01-05,56.8875,BE
2025-01-06,39.65833333333333,BE
2025-01-07,78.03916666666667,BE
2025-01-08,110.14041666666668,BE
2025-01-09,106.3875,BE
2025-01-10,112.80458333333333,BE
2025-01-11,108.88958333333332,BE
2025-01-12,112.48625,BE
2025-01-13,128.27458333333334,BE
2025-01-14,136.09708333333333,BE
2025-01-15,185.48916666666665,BE
2025-01-16,141.84666666666666,BE
2025-01-17,142.4125,BE
2025-01-18,132.685,BE
2025-01-19,128.45041666666663,BE
2025-01-20,209.64666666666668,BE
2025-01-21,163.06041666666667,BE
2025-01-22,152.52833333333334,BE
2025-01-23,108.41666666666669,BE
2025-01-24,79.09958333333334,BE
2025-01-25,91.74041666666666,BE
2025-01-26,83.84916666666668,BE
2025-01-27,52.51125,BE
2025-01-28,68.63625,BE
2025-01-29,98.39041666666668,BE
2025-01-30,128.30125,BE
2025-01-31,137.32625,BE
2025-02-01,133.41791666666668,BE
2025-02-02,135.6675,BE
2025-02-03,151.7075,BE
2025-02-04,141.02083333333334,BE
2025-02-05,146.225,BE
2025-02-06,143.21875,BE
2025-02-07,132.60875,BE
2025-02-08,130.8141666666667,BE
2025-02-09,135.67,BE
2025-02-10,156.7875,BE
2025-02-11,153.10166666666666,BE
2025-02-12,154.72166666666666,BE
2025-02-13,162.44125,BE
2025-02-14,161.92208333333335,BE
2025-02-15,129.41625,BE
2025-02-16,129.6175,BE
2025-02-17,148.88958333333332,BE
2025-02-18,130.47583333333333,BE
2025-02-19,118.74083333333334,BE
2025-02-20,98.10416666666669,BE
2025-02-21,79.48791666666666,BE
2025-02-22,79.15833333333333,BE
2025-02-23,82.05375,BE
2025-02-24,84.97666666666667,BE
2025-02-25,123.27083333333331,BE
2025-02-26,120.52916666666664,BE
2025-02-27,119.40875,BE
2025-02-28,121.51916666666666,BE
2025-03-01,116.01791666666666,BE
2025-03-02,90.08041666666666,BE
2025-03-03,111.82041666666667,BE
2025-03-04,108.85916666666668,BE
2025-03-05,86.41666666666667,BE
2025-03-06,84.49374999999999,BE
2025-03-07,90.54708333333332,BE
2025-03-08,74.50833333333334,BE
2025-03-09,67.97375000000001,BE
2025-03-10,105.08625,BE
2025-03-11,113.16708333333332,BE
2025-03-12,117.22416666666668,BE
2025-03-13,123.285,BE
2025-03-14,119.325,BE
2025-03-15,91.72416666666668,BE
2025-03-16,72.24875,BE
2025-03-17,108.35958333333332,BE
2025-03-18,83.95958333333333,BE
2025-03-19,94.0,BE
2025-03-20,88.20708333333333,BE
2025-03-21,63.000416666666666,BE
2025-03-22,41.855,BE
2025-03-23,70.54125,BE
2025-03-24,121.43708333333336,BE
2025-03-25,107.87083333333334,BE
2025-03-26,111.29583333333332,BE
2025-03-27,95.625,BE
2025-03-28,84.86458333333333,BE
2025-03-29,75.29208333333334,BE
2025-03-30,13.230434782608697,BE
2025-03-31,91.80458333333333,BE
2025-04-01,80.28458333333334,BE
2025-04-02,49.4375,BE
2025-04-03,69.77333333333333,BE
2025-04-04,79.97458333333333,BE
2025-04-05,49.7125,BE
2025-04-06,34.53333333333333,BE
2025-04-07,88.81416666666667,BE
2025-04-08,86.48875,BE
2025-04-09,76.80083333333333,BE
2025-04-10,77.67791666666666,BE
2025-04-11,74.78916666666667,BE
2025-04-12,53.53708333333333,BE
2025-04-13,36.26833333333334,BE
2025-04-14,87.58375000000001,BE
2025-04-15,70.8225,BE
2025-04-16,82.57083333333334,BE
2025-04-17,95.90208333333334,BE
2025-04-18,89.43416666666667,BE
2025-04-19,60.25333333333333,BE
2025-04-20,74.05375,BE
2025-04-21,84.87875,BE
2025-04-22,106.71916666666668,BE
2025-04-23,104.86208333333332,BE
2025-04-24,94.36416666666668,BE
2025-04-25,87.79666666666667,BE
2025-04-26,60.11166666666667,BE
2025-04-27,29.137083333333333,BE
2025-04-28,71.62541666666667,BE
2025-04-29,68.37541666666667,BE
2025-04-30,74.985,BE
2025-05-01,43.711666666666666,BE
2025-05-02,68.1225,BE
2025-05-03,54.99041666666667,BE
2025-05-04,31.669166666666666,BE
2025-05-05,68.99249999999999,BE
2025-05-06,77.2,BE
2025-05-07,89.20416666666667,BE
2025-05-08,88.85333333333334,BE
2025-05-09,70.78291666666667,BE
2025-05-10,43.69416666666667,BE
2025-05-11,-9.972916666666668,BE
2025-05-12,63.11416666666667,BE
2025-05-13,70.48791666666666,BE
2025-05-14,58.57958333333334,BE
2025-05-15,67.33333333333333,BE
2025-05-16,67.45416666666667,BE
2025-05-17,60.1525,BE
2025-05-18,64.12166666666667,BE
2025-05-19,83.40208333333334,BE
2025-05-20,80.63375,BE
2025-05-21,99.75333333333332,BE
2025-05-22,62.092083333333335,BE
2025-05-23,67.46208333333333,BE
2025-05-24,49.3,BE
2025-05-25,15.907083333333333,BE
2025-05-26,58.80041666666667,BE
2025-05-27,53.37125,BE
2025-05-28,74.80375,BE
2025-05-29,59.36958333333333,BE
2025-05-30,47.61708333333333,BE
2025-05-31,62.149166666666666,BE
2025-06-01,37.759166666666665,BE
2025-06-02,75.43875,BE
2025-06-03,54.54833333333334,BE
2025-06-04,72.87666666666667,BE
2025-06-05,76.53833333333334,BE
2025-06-06,44.8425,BE
2025-06-07,65.45375,BE
2025-06-08,25.57875,BE
2025-06-09,40.87833333333333,BE
2025-06-10,64.85041666666666,BE
2025-06-11,76.43291666666667,BE
2025-06-12,52.85375,BE
2025-06-13,69.73291666666667,BE
2025-06-14,55.30166666666667,BE
2025-06-15,62.427083333333336,BE
2025-06-16,87.37208333333335,BE
2025-06-17,82.55499999999999,BE
2025-06-18,81.17083333333333,BE
2025-06-19,70.56583333333333,BE
2025-06-20,84.24875,BE
2025-06-21,71.94833333333334,BE
2025-06-22,41.9875,BE
2025-06-23,38.45875,BE
2025-06-24,56.9875,BE
2025-06-25,86.40500000000002,BE
2025-06-26,89.54916666666666,BE
2025-06-27,83.35708333333334,BE
2025-06-28,50.42250000000001,BE
2025-06-29,53.88083333333333,BE
2025-06-30,105.3425,BE
2025-07-01,151.71166666666667,BE
2025-07-02,120.68791666666668,BE
2025-07-03,89.59625,BE
2025-07-04,75.64416666666666,BE
2025-07-05,40.62833333333333,BE
2025-07-06,74.58958333333334,BE
2025-07-07,77.83375,BE
2025-07-08,84.545,BE
2025-07-09,93.13375,BE
2025-07-10,90.63541666666669,BE
2025-07-11,92.01333333333334,BE
2025-07-12,70.63666666666667,BE
2025-07-13,72.65083333333332,BE
2025-07-14,86.14041666666667,BE
2025-07-15,68.30624999999999,BE
2025-07-16,79.96375,BE
2025-07-17,92.72958333333334,BE
2025-07-18,98.63375,BE
2025-07-19,67.52499999999999,BE
2025-07-20,73.74208333333333,BE
2025-07-21,70.36041666666667,BE
2025-07-22,73.11625,BE
2025-07-23,83.89125,BE
2025-07-24,91.07041666666667,BE
2025-07-25,90.68375,BE
2025-07-26,81.59458333333333,BE
2025-07-27,71.92375,BE
2025-07-28,80.64416666666666,BE
2025-07-29,74.26541666666667,BE
2025-07-30,72.28416666666666,BE
2025-07-31,84.01041666666667,BE
2025-08-01,84.24583333333334,BE
2025-08-02,59.26291666666666,BE
2025-08-03,40.305416666666666,BE
2025-08-04,57.624583333333334,BE
2025-08-05,22.276666666666667,BE
2025-08-06,58.962916666666665,BE
2025-08-07,61.54208333333333,BE
2025-08-08,67.52041666666666,BE
2025-08-09,48.31375,BE
2025-08-10,44.60375,BE
2025-08-11,71.45291666666667,BE
2025-08-12,82.94541666666667,BE
2025-08-13,99.57916666666668,BE
2025-08-14,97.49458333333332,BE
2025-08-15,68.94208333333334,BE
2025-08-16,58.399166666666666,BE
2025-08-17,60.575,BE
2025-08-18,85.40583333333332,BE
2025-08-19,76.08083333333333,BE
2025-08-20,81.74291666666666,BE
2025-08-21,75.35875,BE
2025-08-22,84.7675,BE
2025-08-23,68.97291666666666,BE
2025-08-24,62.997083333333336,BE
2025-08-25,85.00125,BE
2025-08-26,86.91625,BE
2025-08-27,96.57458333333334,BE
2025-08-28,88.75833333333333,BE
2025-08-29,69.52583333333332,BE
2025-08-30,54.45041666666666,BE
2025-08-31,37.78,BE
2025-09-01,68.19583333333334,BE
2025-09-02,71.77875,BE
2025-09-03,39.805416666666666,BE
2025-09-04,54.5075,BE
2025-09-05,84.37291666666667,BE
2025-09-06,53.17458333333334,BE
2025-09-07,24.338333333333335,BE
2025-09-08,99.73125,BE
2025-09-09,104.10291666666669,BE
2025-09-10,84.16333333333334,BE
2025-09-11,38.54666666666667,BE
2025-09-12,32.8675,BE
2025-09-13,35.48875,BE
2025-09-14,41.020833333333336,BE
2025-09-15,4.2437499999999995,BE
2025-09-16,24.3475,BE
2025-09-17,76.15375,BE
2025-09-18,59.497083333333336,BE
2025-09-19,84.14958333333333,BE
2025-09-20,49.029583333333335,BE
2025-09-21,28.67625,BE
2025-09-22,66.71416666666666,BE
2025-09-23,94.35333333333334,BE
2025-09-24,67.7175,BE
2025-09-25,77.29166666666667,BE
2025-09-26,92.78416666666668,BE
2025-09-27,79.36333333333333,BE
2025-09-28,73.8175,BE
2025-09-29,99.34375,BE
2025-09-30,98.56374999999998,BE
2025-10-01,100.16791666666668,BE
2025-10-02,84.8534375,BE
2025-10-03,59.52229166666667,BE
2025-10-04,0.1605208333333333,BE
2025-10-05,7.477916666666666,BE
2025-10-06,82.50385416666667,BE
2025-10-07,117.72083333333336,BE
2025-10-08,109.835625,BE
2025-10-09,99.2690625,BE
2025-10-10,93.9746875,BE
2025-10-11,91.52447916666668,BE
2025-10-12,83.95333333333333,BE
2025-10-13,109.55,BE
2025-10-14,120.8590625,BE
2025-10-15,117.20114583333331,BE
2025-10-16,95.55458333333333,BE
2025-10-17,100.38895833333332,BE
2025-10-18,88.89864583333333,BE
2025-10-19,63.343333333333334,BE
2025-10-20,63.647083333333335,BE
2025-10-21,59.906666666666666,BE
2025-10-22,106.82041666666667,BE
2025-10-23,62.779270833333335,BE
2025-10-24,35.236979166666664,BE
2025-10-25,14.571041666666666,BE
2025-10-26,14.5493,BE
2025-10-27,60.10885416666667,BE
2025-10-28,62.91416666666667,BE
2025-10-29,86.66458333333333,BE
2025-10-30,68.905,BE
2025-10-31,66.94270833333333,BE
2025-11-01,38.42947916666667,BE
2025-11-02,66.66145833333333,BE
2025-11-03,64.62604166666667,BE
2025-11-04,53.416979166666664,BE
2025-11-05,69.71395833333334,BE
2025-11-06,97.349375,BE
2025-11-07,92.24104166666666,BE
2025-11-08,92.21947916666666,BE
2025-11-09,89.13322916666668,BE
2025-11-10,82.77947916666666,BE
2025-11-11,71.19364583333333,BE
2025-11-12,67.28010416666667,BE
2025-11-13,64.2753125,BE
2025-11-14,80.3075,BE
2025-11-15,77.1909375,BE
2025-11-16,85.00010416666667,BE
2025-11-17,89.513125,BE
2025-11-18,99.11489583333334,BE
2025-11-19,98.74239583333332,BE
2025-11-20,116.62854166666666,BE
2025-11-21,133.6184375,BE
2025-11-22,91.37958333333334,BE
2025-11-23,71.76958333333333,BE
2025-11-24,111.32854166666668,BE
2025-11-25,108.04802083333334,BE
2025-11-26,132.84479166666668,BE
2025-11-27,89.28677083333334,BE
2025-11-28,81.89520833333333,BE
2025-11-29,86.97458333333333,BE
2025-11-30,82.711875,BE
2025-12-01,89.74541666666666,BE
2025-12-02,91.93208333333332,BE
2025-12-03,119.00354166666666,BE
2025-12-04,101.82427083333334,BE
2025-12-05,107.88229166666667,BE
2025-12-06,67.074375,BE
2025-12-07,62.12854166666667,BE
2025-12-08,63.85885416666667,BE
2025-12-09,77.31125,BE
2025-12-10,74.29552083333333,BE
2025-12-11,90.49083333333334,BE
2025-12-12,104.23458333333332,BE
2025-12-13,90.496875,BE
2025-12-14,82.01135416666666,BE
2025-12-15,83.76427083333333,BE
2025-12-16,102.20020833333332,BE
2025-12-17,99.6103125,BE
2025-12-18,64.40958333333333,BE
2025-12-19,69.0703125,BE
2025-12-20,93.5134375,BE
2025-12-21,83.1825,BE
2025-12-22,82.7421875,BE
2025-12-23,76.11614583333333,BE
2025-12-24,60.8296875,BE
2025-12-25,63.31677083333333,BE
2025-12-26,94.68614583333334,BE
2025-12-27,88.63770833333332,BE
2025-12-28,90.5734375,BE
2025-12-29,95.17833333333334,BE
2025-12-30,86.89770833333334,BE
2025-12-31,88.78978947368422,BE
2026-01-01,51.75239583333333,BE
2026-01-02,72.15177083333333,BE
2026-01-03,88.72479166666666,BE
2026-01-04,94.29260416666666,BE
2026-01-05,132.85291666666666,BE
2026-01-06,127.870625,BE
2026-01-07,103.84916666666668,BE
2026-01-08,133.134375,BE
2026-01-09,77.76895833333333,BE
2026-01-10,93.26729166666668,BE
2026-01-11,93.28604166666666,BE
2026-01-12,94.07416666666668,BE
2026-01-13,100.33375,BE
2026-01-14,115.83864583333332,BE
2026-01-15,100.13729166666668,BE
2026-01-16,114.66895833333332,BE
2026-01-17,113.9934375,BE
2026-01-18,111.32208333333334,BE
2026-01-19,137.01739583333332,BE
2026-01-20,119.88479166666669,BE
2026-01-21,106.62833333333332,BE
2026-01-22,103.16197916666664,BE
2026-01-23,109.86770833333333,BE
2026-01-24,110.66458333333333,BE
2026-01-25,109.670625,BE
2026-01-26,136.93447916666665,BE
2026-01-27,117.46572916666666,BE
2026-01-28,135.83041666666665,BE
2026-01-29,131.0009375,BE
2026-01-30,113.905,BE
2026-01-31,112.76197916666666,BE
2026-02-01,111.26572916666667,BE
2026-02-02,110.3196875,BE
2026-02-03,98.39927083333332,BE
2026-02-04,100.97958333333334,BE
2026-02-05,101.2946875,BE
2026-02-06,109.8846875,BE
2026-02-07,95.149375,BE
2026-02-08,96.741875,BE
2026-02-09,123.1125,BE
2026-02-10,102.7796875,BE
2026-02-11,89.75416666666666,BE
2026-02-12,87.81906249999999,BE
2026-02-13,95.81791666666668,BE
2026-02-14,85.30499999999999,BE
2026-02-15,70.78625000000001,BE
2026-02-16,77.85572916666666,BE
2026-02-17,85.52552083333335,BE
2026-02-18,86.89020833333332,BE
2026-02-19,81.70458333333333,BE
2026-02-20,78.8575,BE
2026-02-21,54.96427083333333,BE
2026-02-22,43.9175,BE
2026-02-23,58.38364583333333,BE
2026-02-24,89.95020833333332,BE
2026-02-25,79.4134375,BE
2026-02-26,65.74875,BE
2026-02-27,55.334062499999995,BE
2026-02-28,45.8034375,BE
2026-03-01,47.525,BE
2026-03-02,77.05083333333333,BE
2026-03-03,94.36375,BE
2026-03-04,131.5928125,BE
2026-03-05,104.76989583333334,BE
2026-03-06,113.20364583333333,BE
2026-03-07,98.9578125,BE
2026-03-08,101.78239583333334,BE
2026-03-09,135.5959375,BE
2026-03-10,146.22135416666666,BE
2026-03-11,74.63010416666667,BE
2026-03-12,66.58822916666666,BE
2026-03-13,57.556041666666665,BE
2026-03-14,120.03708333333331,BE
2026-03-15,89.87270833333334,BE
2026-03-16,72.52385416666667,BE
2026-03-17,113.76739583333334,BE
2026-03-18,80.92343749999999,BE
2026-03-19,100.29447916666668,BE
2026-03-20,118.73885416666668,BE
2026-03-21,96.0578125,BE
2026-03-22,72.118125,BE
2026-03-23,125.42864583333332,BE
2026-03-24,72.04322916666666,BE
2026-03-25,35.0321875,BE
2026-03-26,87.4809375,BE
2026-03-27,117.77875,BE
2026-03-28,75.575,BE
2026-03-29,64.83619565217391,BE
2026-03-30,59.263749999999995,BE
2026-03-31,118.1478125,BE
2026-04-01,141.65447916666668,BE
2026-04-02,120.02916666666664,BE
2026-04-03,84.71447916666666,BE
2026-04-04,45.07958333333334,BE
2026-04-05,0.0540625000000001,BE
2026-04-06,36.84947916666667,BE
2026-04-07,88.535625,BE
2026-04-08,86.12270833333334,BE
2026-04-09,78.70020833333334,BE
2026-04-10,113.92895833333334,BE
2026-04-11,48.757604166666674,BE
2026-04-12,67.13760416666666,BE
2026-04-13,128.42677083333334,BE
2026-04-14,124.28697916666664,BE
2026-04-15,103.696875,BE
2026-04-16,100.13875,BE
2026-04-17,107.40979166666666,BE
2026-04-18,99.5325,BE
2026-04-19,79.76625,BE
2026-04-20,116.91708333333334,BE
2026-04-21,75.034375,BE
2026-04-22,69.7746875,BE
2026-04-23,60.985729166666665,BE
2026-04-24,79.14270833333333,BE
2026-04-25,29.165729166666665,BE
2026-04-26,16.15791666666667,BE
2026-04-27,95.4728125,BE
2026-04-28,61.4271875,BE
2026-04-29,51.67666666666667,BE
2026-04-30,57.455625,BE
2026-05-01,-5.465520833333333,BE
2026-05-02,68.47604166666666,BE
2026-05-03,85.46333333333332,BE
2026-05-04,123.73552083333334,BE
2026-05-05,119.98239583333331,BE
2026-05-06,122.06125,BE
2026-05-07,124.81114583333334,BE
2026-05-08,104.0734375,BE
2026-05-09,77.72833333333334,BE
2026-05-10,66.86302083333334,BE
2026-05-11,107.5884375,BE
2026-05-12,91.07520833333332,BE
2026-05-13,98.29208333333334,BE
2026-05-14,84.365,BE
2026-05-15,95.1040625,BE
2026-05-16,74.694375,BE
2026-05-17,80.93885416666667,BE
2026-05-18,133.63416666666666,BE
2026-05-19,110.90572916666667,BE
2026-05-20,92.79760416666666,BE
2026-05-21,106.58958333333334,BE
2026-05-22,96.61020833333332,BE
2026-05-23,74.34583333333333,BE
2026-05-24,67.40645833333333,BE
2026-05-25,130.0,BE
2021-01-01,48.39833333333333,NL
2021-01-02,50.5625,NL
2021-01-03,49.77458333333333,NL
2021-01-04,49.7175,NL
2021-01-05,50.385,NL
2021-01-06,50.59,NL
2021-01-07,63.843333333333334,NL
2021-01-08,72.77041666666666,NL
2021-01-09,57.992916666666666,NL
2021-01-10,49.95875,NL
2021-01-11,45.58208333333334,NL
2021-01-12,51.07333333333333,NL
2021-01-13,57.624583333333334,NL
2021-01-14,74.48833333333333,NL
2021-01-15,72.78041666666667,NL
2021-01-16,53.659166666666664,NL
2021-01-17,51.10041666666667,NL
2021-01-18,52.20416666666667,NL
2021-01-19,46.062916666666666,NL
2021-01-20,44.96125,NL
2021-01-21,44.3,NL
2021-01-22,52.57375,NL
2021-01-23,51.892500000000005,NL
2021-01-24,49.615833333333335,NL
2021-01-25,58.09916666666667,NL
2021-01-26,58.395833333333336,NL
2021-01-27,54.05375,NL
2021-01-28,53.763749999999995,NL
2021-01-29,49.4475,NL
2021-01-30,48.72666666666667,NL
2021-01-31,48.26083333333333,NL
2021-02-01,57.45374999999999,NL
2021-02-02,51.27791666666667,NL
2021-02-03,45.48791666666667,NL
2021-02-04,52.286249999999995,NL
2021-02-05,51.58291666666667,NL
2021-02-06,44.2575,NL
2021-02-07,37.869166666666665,NL
2021-02-08,44.32125,NL
2021-02-09,63.4675,NL
2021-02-10,71.83624999999999,NL
2021-02-11,79.13333333333334,NL
2021-02-12,57.34041666666667,NL
2021-02-13,50.63125,NL
2021-02-14,44.57125,NL
2021-02-15,50.18541666666667,NL
2021-02-16,50.82458333333333,NL
2021-02-17,49.66708333333333,NL
2021-02-18,46.415416666666665,NL
2021-02-19,47.74375,NL
2021-02-20,34.81458333333333,NL
2021-02-21,32.9225,NL
2021-02-22,49.11291666666667,NL
2021-02-23,45.384166666666665,NL
2021-02-24,38.290416666666665,NL
2021-02-25,46.1275,NL
2021-02-26,47.47291666666666,NL
2021-02-27,45.51416666666666,NL
2021-02-28,42.52583333333333,NL
2021-03-01,49.09833333333333,NL
2021-03-02,52.923750000000005,NL
2021-03-03,51.05583333333333,NL
2021-03-04,53.81583333333333,NL
2021-03-05,47.9,NL
2021-03-06,45.19541666666667,NL
2021-03-07,46.61833333333333,NL
2021-03-08,61.51875,NL
2021-03-09,60.471666666666664,NL
2021-03-10,49.11958333333333,NL
2021-03-11,34.75875,NL
2021-03-12,48.75083333333333,NL
2021-03-13,23.014166666666668,NL
2021-03-14,35.70291666666667,NL
2021-03-15,52.102916666666665,NL
2021-03-16,55.928333333333335,NL
2021-03-17,56.525,NL
2021-03-18,64.21958333333333,NL
2021-03-19,53.693333333333335,NL
2021-03-20,51.19541666666667,NL
2021-03-21,44.400416666666665,NL
2021-03-22,60.04541666666666,NL
2021-03-23,57.80916666666667,NL
2021-03-24,54.16875,NL
2021-03-25,56.08958333333334,NL
2021-03-26,49.725,NL
2021-03-27,24.408333333333335,NL
2021-03-28,24.66304347826087,NL
2021-03-29,39.42541666666667,NL
2021-03-30,53.903333333333336,NL
2021-03-31,55.89875,NL
2021-04-01,51.04333333333333,NL
2021-04-02,45.36375,NL
2021-04-03,38.877916666666664,NL
2021-04-04,29.767083333333332,NL
2021-04-05,10.1875,NL
2021-04-06,41.361666666666665,NL
2021-04-07,51.5825,NL
2021-04-08,55.807500000000005,NL
2021-04-09,55.552083333333336,NL
2021-04-10,57.88166666666667,NL
2021-04-11,48.97125,NL
2021-04-12,58.155833333333334,NL
2021-04-13,54.145833333333336,NL
2021-04-14,66.565,NL
2021-04-15,61.17541666666667,NL
2021-04-16,59.194583333333334,NL
2021-04-17,60.06333333333333,NL
2021-04-18,61.37875,NL
2021-04-19,70.72375000000001,NL
2021-04-20,72.79541666666667,NL
2021-04-21,56.202916666666674,NL
2021-04-22,55.88375,NL
2021-04-23,61.62958333333333,NL
2021-04-24,52.6325,NL
2021-04-25,37.48875,NL
2021-04-26,59.6325,NL
2021-04-27,56.73666666666667,NL
2021-04-28,58.461666666666666,NL
2021-04-29,58.270833333333336,NL
2021-04-30,67.21791666666667,NL
2021-05-01,57.19916666666666,NL
2021-05-02,47.30791666666667,NL
2021-05-03,63.135,NL
2021-05-04,32.92458333333334,NL
2021-05-05,43.76708333333334,NL
2021-05-06,69.54708333333333,NL
2021-05-07,70.19500000000001,NL
2021-05-08,54.85958333333334,NL
2021-05-09,7.239583333333333,NL
2021-05-10,58.290416666666665,NL
2021-05-11,72.17166666666667,NL
2021-05-12,68.66708333333334,NL
2021-05-13,62.73541666666667,NL
2021-05-14,71.88791666666667,NL
2021-05-15,61.98166666666666,NL
2021-05-16,40.66291666666667,NL
2021-05-17,73.48666666666666,NL
2021-05-18,74.17875,NL
2021-05-19,76.00625000000001,NL
2021-05-20,67.67666666666666,NL
2021-05-21,30.48625,NL
2021-05-22,28.942083333333333,NL
2021-05-23,32.5075,NL
2021-05-24,41.59291666666667,NL
2021-05-25,59.76791666666667,NL
2021-05-26,67.04208333333334,NL
2021-05-27,71.7675,NL
2021-05-28,71.59708333333333,NL
2021-05-29,57.07333333333333,NL
2021-05-30,37.869166666666665,NL
2021-05-31,67.58749999999999,NL
2021-06-01,68.24916666666667,NL
2021-06-02,67.32833333333333,NL
2021-06-03,70.00833333333334,NL
2021-06-04,71.79666666666667,NL
2021-06-05,66.31083333333333,NL
2021-06-06,62.657916666666665,NL
2021-06-07,77.36208333333333,NL
2021-06-08,76.89708333333333,NL
2021-06-09,76.69458333333334,NL
2021-06-10,78.76625,NL
2021-06-11,78.09541666666667,NL
2021-06-12,60.125,NL
2021-06-13,48.92625,NL
2021-06-14,75.35416666666667,NL
2021-06-15,82.56833333333333,NL
2021-06-16,87.62208333333332,NL
2021-06-17,77.81833333333333,NL
2021-06-18,80.45583333333333,NL
2021-06-19,74.16208333333334,NL
2021-06-20,60.307500000000005,NL
2021-06-21,77.63250000000001,NL
2021-06-22,84.44125,NL
2021-06-23,91.68125,NL
2021-06-24,92.99041666666666,NL
2021-06-25,89.1175,NL
2021-06-26,80.42041666666667,NL
2021-06-27,63.82791666666666,NL
2021-06-28,88.66791666666667,NL
2021-06-29,91.4325,NL
2021-06-30,92.04125,NL
2021-07-01,88.92791666666666,NL
2021-07-02,96.02,NL
2021-07-03,83.89833333333333,NL
2021-07-04,83.21,NL
2021-07-05,93.82833333333332,NL
2021-07-06,77.66333333333334,NL
2021-07-07,95.79833333333332,NL
2021-07-08,96.03833333333334,NL
2021-07-09,88.43166666666667,NL
2021-07-10,81.16875,NL
2021-07-11,77.74,NL
2021-07-12,93.46041666666667,NL
2021-07-13,94.91708333333334,NL
2021-07-14,84.92999999999999,NL
2021-07-15,86.045,NL
2021-07-16,84.66541666666667,NL
2021-07-17,65.8575,NL
2021-07-18,47.90208333333334,NL
2021-07-19,92.26791666666666,NL
2021-07-20,91.6375,NL
2021-07-21,89.13375,NL
2021-07-22,87.52583333333332,NL
2021-07-23,88.68624999999999,NL
2021-07-24,79.47291666666666,NL
2021-07-25,63.53875,NL
2021-07-26,91.155,NL
2021-07-27,87.08875,NL
2021-07-28,79.73375,NL
2021-07-29,45.482499999999995,NL
2021-07-30,95.49041666666666,NL
2021-07-31,48.39875,NL
2021-08-01,81.77,NL
2021-08-02,87.41833333333334,NL
2021-08-03,96.34833333333334,NL
2021-08-04,98.6725,NL
2021-08-05,94.42083333333332,NL
2021-08-06,69.0625,NL
2021-08-07,60.73583333333334,NL
2021-08-08,8.540833333333333,NL
2021-08-09,68.59041666666667,NL
2021-08-10,90.72833333333334,NL
2021-08-11,100.72375,NL
2021-08-12,106.55833333333334,NL
2021-08-13,94.90458333333332,NL
2021-08-14,74.40791666666667,NL
2021-08-15,62.15875,NL
2021-08-16,73.14874999999999,NL
2021-08-17,90.40333333333332,NL
2021-08-18,86.48041666666667,NL
2021-08-19,105.38875,NL
2021-08-20,102.18,NL
2021-08-21,91.46291666666669,NL
2021-08-22,79.34708333333333,NL
2021-08-23,93.87916666666666,NL
2021-08-24,95.335,NL
2021-08-25,97.62916666666666,NL
2021-08-26,93.84166666666664,NL
2021-08-27,96.17041666666668,NL
2021-08-28,83.80583333333333,NL
2021-08-29,80.64999999999999,NL
2021-08-30,109.54375,NL
2021-08-31,110.8875,NL
2021-09-01,115.47083333333336,NL
2021-09-02,124.06625,NL
2021-09-03,112.31416666666668,NL
2021-09-04,107.18541666666664,NL
2021-09-05,100.63125,NL
2021-09-06,129.3033333333333,NL
2021-09-07,128.84333333333333,NL
2021-09-08,125.45166666666668,NL
2021-09-09,131.06666666666666,NL
2021-09-10,138.55875,NL
2021-09-11,129.24583333333334,NL
2021-09-12,125.85375,NL
2021-09-13,142.22125,NL
2021-09-14,145.22583333333333,NL
2021-09-15,168.28333333333333,NL
2021-09-16,160.4358333333333,NL
2021-09-17,161.84083333333334,NL
2021-09-18,140.36791666666667,NL
2021-09-19,106.03458333333332,NL
2021-09-20,159.8733333333333,NL
2021-09-21,150.38333333333333,NL
2021-09-22,158.18666666666667,NL
2021-09-23,131.16666666666666,NL
2021-09-24,157.07916666666668,NL
2021-09-25,154.13666666666668,NL
2021-09-26,125.71750000000002,NL
2021-09-27,141.3766666666667,NL
2021-09-28,153.43833333333333,NL
2021-09-29,135.36375,NL
2021-09-30,133.80416666666667,NL
2021-10-01,116.52625,NL
2021-10-02,109.33,NL
2021-10-03,111.59458333333332,NL
2021-10-04,145.31916666666666,NL
2021-10-05,159.7170833333333,NL
2021-10-06,184.11,NL
2021-10-07,302.53541666666666,NL
2021-10-08,203.94583333333333,NL
2021-10-09,165.86708333333334,NL
2021-10-10,147.02416666666667,NL
2021-10-11,179.47916666666666,NL
2021-10-12,183.6875,NL
2021-10-13,191.19583333333333,NL
2021-10-14,188.995,NL
2021-10-15,190.91583333333332,NL
2021-10-16,197.9925,NL
2021-10-17,168.08666666666667,NL
2021-10-18,191.63541666666663,NL
2021-10-19,161.34333333333333,NL
2021-10-20,93.02541666666669,NL
2021-10-21,151.94958333333332,NL
2021-10-22,150.98791666666668,NL
2021-10-23,200.8075,NL
2021-10-24,128.87708333333333,NL
2021-10-25,175.11625,NL
2021-10-26,188.93625,NL
2021-10-27,156.69083333333333,NL
2021-10-28,172.26833333333337,NL
2021-10-29,142.3454166666667,NL
2021-10-30,143.18291666666667,NL
2021-10-31,74.1104,NL
2021-11-01,97.53541666666666,NL
2021-11-02,204.0875,NL
2021-11-03,179.88666666666666,NL
2021-11-04,173.12458333333333,NL
2021-11-05,169.28625,NL
2021-11-06,150.0975,NL
2021-11-07,102.44416666666666,NL
2021-11-08,204.3875,NL
2021-11-09,166.64833333333334,NL
2021-11-10,176.46583333333334,NL
2021-11-11,182.38291666666663,NL
2021-11-12,161.91791666666668,NL
2021-11-13,153.87833333333333,NL
2021-11-14,173.53333333333333,NL
2021-11-15,227.82041666666663,NL
2021-11-16,224.54166666666663,NL
2021-11-17,197.45583333333332,NL
2021-11-18,209.22916666666663,NL
2021-11-19,199.85375,NL
2021-11-20,185.97208333333333,NL
2021-11-21,146.75833333333333,NL
2021-11-22,194.08125,NL
2021-11-23,219.92916666666667,NL
2021-11-24,254.00833333333333,NL
2021-11-25,196.34666666666664,NL
2021-11-26,197.845,NL
2021-11-27,207.17416666666668,NL
2021-11-28,198.26625,NL
2021-11-29,256.27375,NL
2021-11-30,176.13166666666666,NL
2021-12-01,190.58375,NL
2021-12-02,206.43,NL
2021-12-03,195.29625,NL
2021-12-04,200.15625,NL
2021-12-05,180.83375,NL
2021-12-06,247.25958333333332,NL
2021-12-07,183.00583333333336,NL
2021-12-08,185.21291666666664,NL
2021-12-09,275.42333333333335,NL
2021-12-10,237.15875000000003,NL
2021-12-11,224.73791666666668,NL
2021-12-12,190.94541666666663,NL
2021-12-13,241.8708333333333,NL
2021-12-14,280.34541666666667,NL
2021-12-15,275.7325,NL
2021-12-16,333.21750000000003,NL
2021-12-17,337.26875,NL
2021-12-18,292.5204166666667,NL
2021-12-19,289.66249999999997,NL
2021-12-20,360.78125,NL
2021-12-21,429.8425,NL
2021-12-22,396.38041666666663,NL
2021-12-23,333.06458333333336,NL
2021-12-24,285.71625,NL
2021-12-25,195.45166666666668,NL
2021-12-26,185.50708333333333,NL
2021-12-27,170.95916666666668,NL
2021-12-28,111.26333333333334,NL
2021-12-29,155.60333333333332,NL
2021-12-30,101.31583333333332,NL
2021-12-31,81.79826086956521,NL
2022-01-01,93.51208333333334,NL
2022-01-02,58.81125,NL
2022-01-03,98.37625,NL
2022-01-04,162.665,NL
2022-01-05,185.31833333333336,NL
2022-01-06,222.1,NL
2022-01-07,204.27833333333336,NL
2022-01-08,184.6825,NL
2022-01-09,153.735,NL
2022-01-10,259.11291666666665,NL
2022-01-11,240.89458333333337,NL
2022-01-12,229.04416666666668,NL
2022-01-13,189.65,NL
2022-01-14,186.00208333333333,NL
2022-01-15,209.99625,NL
2022-01-16,199.89166666666665,NL
2022-01-17,204.28791666666663,NL
2022-01-18,223.31375,NL
2022-01-19,180.52874999999997,NL
2022-01-20,160.51583333333335,NL
2022-01-21,168.275,NL
2022-01-22,176.82375000000002,NL
2022-01-23,192.48083333333332,NL
2022-01-24,242.92958333333337,NL
2022-01-25,276.9508333333333,NL
2022-01-26,222.955,NL
2022-01-27,200.08,NL
2022-01-28,212.14958333333337,NL
2022-01-29,159.77166666666668,NL
2022-01-30,168.39083333333335,NL
2022-01-31,194.59583333333333,NL
2022-02-01,191.70291666666665,NL
2022-02-02,177.11875,NL
2022-02-03,183.75041666666667,NL
2022-02-04,174.77874999999997,NL
2022-02-05,130.43416666666667,NL
2022-02-06,121.105,NL
2022-02-07,155.25958333333332,NL
2022-02-08,167.79333333333332,NL
2022-02-09,175.82416666666666,NL
2022-02-10,188.55708333333337,NL
2022-02-11,181.6825,NL
2022-02-12,164.0920833333333,NL
2022-02-13,137.04,NL
2022-02-14,175.7591666666667,NL
2022-02-15,202.09625000000003,NL
2022-02-16,163.78958333333333,NL
2022-02-17,112.38458333333334,NL
2022-02-18,180.54958333333332,NL
2022-02-19,95.72166666666668,NL
2022-02-20,117.58833333333332,NL
2022-02-21,152.38458333333332,NL
2022-02-22,166.24958333333333,NL
2022-02-23,163.78666666666666,NL
2022-02-24,174.48125000000002,NL
2022-02-25,213.35125,NL
2022-02-26,245.325,NL
2022-02-27,183.95,NL
2022-02-28,217.74541666666667,NL
2022-03-01,252.33208333333337,NL
2022-03-02,244.05375,NL
2022-03-03,330.90125,NL
2022-03-04,352.7695833333333,NL
2022-03-05,332.1141666666667,NL
2022-03-06,329.92291666666665,NL
2022-03-07,392.55749999999995,NL
2022-03-08,443.3204166666667,NL
2022-03-09,432.2183333333333,NL
2022-03-10,311.3983333333333,NL
2022-03-11,184.04583333333335,NL
2022-03-12,222.9425,NL
2022-03-13,201.17791666666668,NL
2022-03-14,275.94958333333335,NL
2022-03-15,271.1125,NL
2022-03-16,266.24375000000003,NL
2022-03-17,231.225,NL
2022-03-18,227.1125,NL
2022-03-19,147.87791666666666,NL
2022-03-20,150.45291666666665,NL
2022-03-21,217.02375,NL
2022-03-22,232.33833333333337,NL
2022-03-23,232.23583333333332,NL
2022-03-24,233.39583333333337,NL
2022-03-25,242.02791666666667,NL
2022-03-26,182.67416666666668,NL
2022-03-27,197.7826086956522,NL
2022-03-28,215.85166666666663,NL
2022-03-29,234.34333333333333,NL
2022-03-30,248.26166666666663,NL
2022-03-31,258.2320833333333,NL
2022-04-01,201.0425,NL
2022-04-02,224.63833333333332,NL
2022-04-03,240.7675,NL
2022-04-04,212.34416666666667,NL
2022-04-05,239.18125,NL
2022-04-06,185.72666666666663,NL
2022-04-07,200.55583333333337,NL
2022-04-08,228.69333333333336,NL
2022-04-09,180.89583333333337,NL
2022-04-10,189.23,NL
2022-04-11,233.13625,NL
2022-04-12,205.27375,NL
2022-04-13,239.05416666666667,NL
2022-04-14,227.54,NL
2022-04-15,206.24708333333336,NL
2022-04-16,147.79208333333335,NL
2022-04-17,108.055,NL
2022-04-18,126.62666666666668,NL
2022-04-19,209.30916666666667,NL
2022-04-20,201.2725,NL
2022-04-21,198.58625,NL
2022-04-22,179.60166666666666,NL
2022-04-23,62.54291666666666,NL
2022-04-24,83.81583333333333,NL
2022-04-25,221.2229166666667,NL
2022-04-26,224.62708333333333,NL
2022-04-27,219.05625,NL
2022-04-28,230.11708333333337,NL
2022-04-29,227.92166666666665,NL
2022-04-30,201.15958333333333,NL
2022-05-01,194.74125,NL
2022-05-02,217.44000000000003,NL
2022-05-03,218.15625,NL
2022-05-04,228.41708333333335,NL
2022-05-05,233.7175,NL
2022-05-06,225.35916666666665,NL
2022-05-07,201.4283333333333,NL
2022-05-08,169.19458333333333,NL
2022-05-09,214.77791666666667,NL
2022-05-10,167.94083333333333,NL
2022-05-11,157.46833333333333,NL
2022-05-12,168.39875,NL
2022-05-13,160.78333333333333,NL
2022-05-14,160.88583333333335,NL
2022-05-15,148.9225,NL
2022-05-16,208.1029166666667,NL
2022-05-17,221.36875,NL
2022-05-18,205.50375,NL
2022-05-19,210.80916666666667,NL
2022-05-20,213.0220833333333,NL
2022-05-21,138.91916666666663,NL
2022-05-22,165.89541666666668,NL
2022-05-23,196.33208333333337,NL
2022-05-24,177.89291666666668,NL
2022-05-25,163.41833333333332,NL
2022-05-26,90.59625,NL
2022-05-27,97.21125,NL
2022-05-28,66.80166666666666,NL
2022-05-29,165.41125,NL
2022-05-30,225.99291666666667,NL
2022-05-31,207.51291666666668,NL
2022-06-01,215.25708333333333,NL
2022-06-02,183.80916666666667,NL
2022-06-03,167.36291666666668,NL
2022-06-04,146.94,NL
2022-06-05,146.58583333333334,NL
2022-06-06,95.80583333333334,NL
2022-06-07,183.39875,NL
2022-06-08,181.26291666666668,NL
2022-06-09,172.82583333333332,NL
2022-06-10,182.89,NL
2022-06-11,111.5975,NL
2022-06-12,109.96458333333334,NL
2022-06-13,166.28541666666666,NL
2022-06-14,187.36708333333337,NL
2022-06-15,203.18208333333337,NL
2022-06-16,216.9375,NL
2022-06-17,261.23,NL
2022-06-18,204.31166666666664,NL
2022-06-19,159.5220833333333,NL
2022-06-20,241.3166666666667,NL
2022-06-21,271.54625,NL
2022-06-22,260.22291666666666,NL
2022-06-23,284.2679166666667,NL
2022-06-24,284.4995833333333,NL
2022-06-25,247.42458333333332,NL
2022-06-26,218.09041666666667,NL
2022-06-27,298.9925,NL
2022-06-28,303.71,NL
2022-06-29,287.57375,NL
2022-06-30,322.39958333333334,NL
2022-07-01,306.51708333333335,NL
2022-07-02,225.805,NL
2022-07-03,202.42416666666668,NL
2022-07-04,286.11041666666665,NL
2022-07-05,308.18375,NL
2022-07-06,301.86,NL
2022-07-07,235.46208333333337,NL
2022-07-08,312.06083333333333,NL
2022-07-09,182.1545833333333,NL
2022-07-10,200.5920833333333,NL
2022-07-11,363.96166666666664,NL
2022-07-12,367.43375,NL
2022-07-13,344.9279166666667,NL
2022-07-14,363.8829166666667,NL
2022-07-15,327.9525,NL
2022-07-16,175.66,NL
2022-07-17,215.07375,NL
2022-07-18,377.37083333333334,NL
2022-07-19,359.75916666666666,NL
2022-07-20,325.20958333333334,NL
2022-07-21,354.08708333333334,NL
2022-07-22,333.035,NL
2022-07-23,308.84083333333336,NL
2022-07-24,239.44541666666663,NL
2022-07-25,289.6066666666666,NL
2022-07-26,315.115,NL
2022-07-27,374.085,NL
2022-07-28,425.46208333333334,NL
2022-07-29,396.9866666666667,NL
2022-07-30,368.78833333333336,NL
2022-07-31,316.87416666666667,NL
2022-08-01,404.3283333333333,NL
2022-08-02,333.2133333333333,NL
2022-08-03,317.54791666666665,NL
2022-08-04,375.6958333333334,NL
2022-08-05,371.0566666666667,NL
2022-08-06,269.40958333333333,NL
2022-08-07,214.14416666666668,NL
2022-08-08,358.45208333333335,NL
2022-08-09,342.07708333333335,NL
2022-08-10,332.9995833333333,NL
2022-08-11,368.14625,NL
2022-08-12,430.19375,NL
2022-08-13,364.62208333333336,NL
2022-08-14,318.19083333333333,NL
2022-08-15,428.67833333333334,NL
2022-08-16,454.78625000000005,NL
2022-08-17,539.3658333333334,NL
2022-08-18,512.9108333333334,NL
2022-08-19,492.2395833333333,NL
2022-08-20,456.06541666666664,NL
2022-08-21,361.76125,NL
2022-08-22,558.2254166666667,NL
2022-08-23,603.5495833333333,NL
2022-08-24,611.3429166666666,NL
2022-08-25,585.85375,NL
2022-08-26,693.8279166666666,NL
2022-08-27,603.5749999999999,NL
2022-08-28,384.53666666666663,NL
2022-08-29,630.0604166666666,NL
2022-08-30,607.4466666666666,NL
2022-08-31,534.4666666666667,NL
2022-09-01,534.67625,NL
2022-09-02,425.2816666666667,NL
2022-09-03,286.3533333333333,NL
2022-09-04,250.6925,NL
2022-09-05,359.1566666666667,NL
2022-09-06,426.8525,NL
2022-09-07,443.9320833333333,NL
2022-09-08,438.7658333333333,NL
2022-09-09,345.07625,NL
2022-09-10,404.31791666666663,NL
2022-09-11,389.34916666666663,NL
2022-09-12,399.68125,NL
2022-09-13,401.16083333333336,NL
2022-09-14,417.3045833333333,NL
2022-09-15,372.36083333333335,NL
2022-09-16,205.8166666666667,NL
2022-09-17,100.77708333333334,NL
2022-09-18,124.825,NL
2022-09-19,266.67875,NL
2022-09-20,350.43291666666664,NL
2022-09-21,348.82874999999996,NL
2022-09-22,383.92875,NL
2022-09-23,371.5854166666666,NL
2022-09-24,350.4429166666667,NL
2022-09-25,248.06708333333333,NL
2022-09-26,246.50666666666663,NL
2022-09-27,282.8858333333333,NL
2022-09-28,379.51458333333335,NL
2022-09-29,405.64,NL
2022-09-30,295.4816666666667,NL
2022-10-01,123.55416666666667,NL
2022-10-02,189.59458333333336,NL
2022-10-03,325.53749999999997,NL
2022-10-04,232.5875,NL
2022-10-05,139.89958333333334,NL
2022-10-06,103.23708333333332,NL
2022-10-07,147.51791666666665,NL
2022-10-08,151.35,NL
2022-10-09,151.77833333333334,NL
2022-10-10,175.07041666666666,NL
2022-10-11,256.0625,NL
2022-10-12,254.63458333333332,NL
2022-10-13,252.20458333333332,NL
2022-10-14,251.59458333333336,NL
2022-10-15,155.86333333333334,NL
2022-10-16,106.09083333333332,NL
2022-10-17,151.61333333333334,NL
2022-10-18,166.11666666666667,NL
2022-10-19,129.45666666666668,NL
2022-10-20,125.59458333333332,NL
2022-10-21,148.36791666666667,NL
2022-10-22,132.89416666666668,NL
2022-10-23,95.06291666666668,NL
2022-10-24,77.90666666666667,NL
2022-10-25,98.78708333333331,NL
2022-10-26,93.92291666666668,NL
2022-10-27,122.44791666666669,NL
2022-10-28,101.68,NL
2022-10-29,97.935,NL
2022-10-30,116.5372,NL
2022-10-31,144.31708333333333,NL
2022-11-01,70.42083333333333,NL
2022-11-02,73.41083333333333,NL
2022-11-03,99.19,NL
2022-11-04,178.78791666666666,NL
2022-11-05,135.80666666666667,NL
2022-11-06,83.60666666666667,NL
2022-11-07,93.8325,NL
2022-11-08,89.95666666666666,NL
2022-11-09,118.72583333333334,NL
2022-11-10,130.12958333333333,NL
2022-11-11,112.47375,NL
2022-11-12,161.96083333333334,NL
2022-11-13,146.83791666666667,NL
2022-11-14,173.33291666666665,NL
2022-11-15,177.13166666666666,NL
2022-11-16,165.83875,NL
2022-11-17,149.57500000000002,NL
2022-11-18,189.68958333333333,NL
2022-11-19,200.19458333333333,NL
2022-11-20,210.44875,NL
2022-11-21,220.45583333333337,NL
2022-11-22,206.3479166666667,NL
2022-11-23,178.98041666666666,NL
2022-11-24,228.93541666666667,NL
2022-11-25,248.30416666666667,NL
2022-11-26,239.2125,NL
2022-11-27,206.25833333333333,NL
2022-11-28,324.05375,NL
2022-11-29,368.5408333333333,NL
2022-11-30,393.3879166666666,NL
2022-12-01,360.39,NL
2022-12-02,341.1295833333333,NL
2022-12-03,300.0675,NL
2022-12-04,306.3908333333333,NL
2022-12-05,351.26208333333335,NL
2022-12-06,348.74,NL
2022-12-07,339.84625,NL
2022-12-08,368.73125,NL
2022-12-09,413.9745833333333,NL
2022-12-10,355.65916666666664,NL
2022-12-11,328.26708333333335,NL
2022-12-12,427.6045833333333,NL
2022-12-13,434.4891666666667,NL
2022-12-14,437.93666666666667,NL
2022-12-15,386.26125,NL
2022-12-16,401.6191666666667,NL
2022-12-17,268.32958333333335,NL
2022-12-18,234.61,NL
2022-12-19,194.62541666666667,NL
2022-12-20,199.62750000000003,NL
2022-12-21,222.72875,NL
2022-12-22,204.78875,NL
2022-12-23,184.34375,NL
2022-12-24,115.36083333333332,NL
2022-12-25,121.61041666666668,NL
2022-12-26,77.84,NL
2022-12-27,126.25458333333334,NL
2022-12-28,71.09041666666667,NL
2022-12-29,65.43916666666667,NL
2022-12-30,16.37666666666667,NL
2022-12-31,20.78304347826087,NL
2023-01-01,18.144166666666667,NL
2023-01-02,131.0825,NL
2023-01-03,145.86083333333332,NL
2023-01-04,99.89083333333332,NL
2023-01-05,118.96041666666666,NL
2023-01-06,129.62083333333334,NL
2023-01-07,86.34958333333333,NL
2023-01-08,68.70791666666666,NL
2023-01-09,129.05583333333334,NL
2023-01-10,130.26874999999998,NL
2023-01-11,87.20708333333334,NL
2023-01-12,85.5175,NL
2023-01-13,80.70583333333333,NL
2023-01-14,94.45458333333332,NL
2023-01-15,78.18208333333332,NL
2023-01-16,133.26125,NL
2023-01-17,136.39125,NL
2023-01-18,131.79916666666665,NL
2023-01-19,145.99291666666667,NL
2023-01-20,177.81041666666667,NL
2023-01-21,149.03625,NL
2023-01-22,151.275,NL
2023-01-23,201.89666666666668,NL
2023-01-24,199.72666666666663,NL
2023-01-25,175.41125,NL
2023-01-26,147.98625,NL
2023-01-27,165.63,NL
2023-01-28,139.76291666666663,NL
2023-01-29,127.53666666666668,NL
2023-01-30,103.27875,NL
2023-01-31,135.46916666666667,NL
2023-02-01,109.2225,NL
2023-02-02,139.25208333333333,NL
2023-02-03,138.40875,NL
2023-02-04,151.38833333333335,NL
2023-02-05,130.84,NL
2023-02-06,166.98041666666666,NL
2023-02-07,170.52666666666667,NL
2023-02-08,154.25583333333333,NL
2023-02-09,142.74291666666667,NL
2023-02-10,133.12541666666667,NL
2023-02-11,137.67166666666665,NL
2023-02-12,142.24375,NL
2023-02-13,158.16291666666666,NL
2023-02-14,152.14374999999998,NL
2023-02-15,137.65708333333333,NL
2023-02-16,133.76250000000002,NL
2023-02-17,105.11916666666669,NL
2023-02-18,101.36625,NL
2023-02-19,117.01875,NL
2023-02-20,97.33541666666667,NL
2023-02-21,137.83916666666667,NL
2023-02-22,144.80166666666665,NL
2023-02-23,141.62208333333334,NL
2023-02-24,127.20833333333331,NL
2023-02-25,106.78541666666666,NL
2023-02-26,113.24791666666664,NL
2023-02-27,140.61249999999998,NL
2023-02-28,144.47125,NL
2023-03-01,137.30375,NL
2023-03-02,134.76541666666665,NL
2023-03-03,134.69666666666666,NL
2023-03-04,123.51416666666668,NL
2023-03-05,122.45375,NL
2023-03-06,141.24541666666667,NL
2023-03-07,123.17333333333332,NL
2023-03-08,139.14583333333334,NL
2023-03-09,127.07833333333332,NL
2023-03-10,116.0975,NL
2023-03-11,113.3175,NL
2023-03-12,95.44083333333332,NL
2023-03-13,42.3675,NL
2023-03-14,81.495,NL
2023-03-15,131.76166666666668,NL
2023-03-16,104.705,NL
2023-03-17,108.67916666666667,NL
2023-03-18,110.91541666666666,NL
2023-03-19,112.06625,NL
2023-03-20,125.16791666666668,NL
2023-03-21,113.805,NL
2023-03-22,88.70083333333334,NL
2023-03-23,74.61583333333333,NL
2023-03-24,49.50333333333333,NL
2023-03-25,23.49375,NL
2023-03-26,81.46913043478261,NL
2023-03-27,81.0925,NL
2023-03-28,114.14083333333332,NL
2023-03-29,116.17875,NL
2023-03-30,81.19125,NL
2023-03-31,90.73125,NL
2023-04-01,75.68958333333333,NL
2023-04-02,61.541666666666664,NL
2023-04-03,114.79333333333334,NL
2023-04-04,132.42916666666667,NL
2023-04-05,140.2225,NL
2023-04-06,128.53333333333333,NL
2023-04-07,126.44125,NL
2023-04-08,112.48,NL
2023-04-09,105.0475,NL
2023-04-10,49.259166666666665,NL
2023-04-11,58.718333333333334,NL
2023-04-12,99.92625,NL
2023-04-13,76.84583333333333,NL
2023-04-14,126.25916666666666,NL
2023-04-15,98.0825,NL
2023-04-16,110.10333333333334,NL
2023-04-17,123.85958333333332,NL
2023-04-18,108.07541666666668,NL
2023-04-19,52.41458333333333,NL
2023-04-20,111.9275,NL
2023-04-21,101.18,NL
2023-04-22,92.45958333333334,NL
2023-04-23,86.22916666666667,NL
2023-04-24,104.08833333333332,NL
2023-04-25,90.9725,NL
2023-04-26,111.03875,NL
2023-04-27,94.98583333333332,NL
2023-04-28,105.84916666666668,NL
2023-04-29,100.47208333333332,NL
2023-04-30,58.75666666666667,NL
2023-05-01,89.94208333333334,NL
2023-05-02,106.1,NL
2023-05-03,98.84625,NL
2023-05-04,95.54875,NL
2023-05-05,95.67833333333334,NL
2023-05-06,89.6425,NL
2023-05-07,86.20208333333333,NL
2023-05-08,99.70333333333332,NL
2023-05-09,104.10166666666667,NL
2023-05-10,106.6925,NL
2023-05-11,109.99041666666666,NL
2023-05-12,98.04333333333334,NL
2023-05-13,65.58333333333333,NL
2023-05-14,71.09541666666667,NL
2023-05-15,106.37625,NL
2023-05-16,77.84291666666667,NL
2023-05-17,75.0425,NL
2023-05-18,86.39458333333333,NL
2023-05-19,86.29083333333334,NL
2023-05-20,45.64041666666666,NL
2023-05-21,23.485,NL
2023-05-22,88.47666666666667,NL
2023-05-23,62.92083333333333,NL
2023-05-24,95.03958333333333,NL
2023-05-25,72.78916666666667,NL
2023-05-26,60.615833333333335,NL
2023-05-27,51.625416666666666,NL
2023-05-28,5.327083333333333,NL
2023-05-29,11.315833333333336,NL
2023-05-30,84.42208333333333,NL
2023-05-31,65.55666666666667,NL
2023-06-01,70.68124999999999,NL
2023-06-02,78.91375000000001,NL
2023-06-03,55.29791666666667,NL
2023-06-04,44.54125,NL
2023-06-05,81.08416666666666,NL
2023-06-06,81.24125,NL
2023-06-07,88.42583333333333,NL
2023-06-08,82.56625,NL
2023-06-09,86.33833333333332,NL
2023-06-10,52.58208333333334,NL
2023-06-11,47.20416666666667,NL
2023-06-12,93.43375,NL
2023-06-13,86.665,NL
2023-06-14,100.55458333333333,NL
2023-06-15,116.28125,NL
2023-06-16,127.02833333333332,NL
2023-06-17,104.49083333333331,NL
2023-06-18,92.85583333333334,NL
2023-06-19,116.73208333333334,NL
2023-06-20,119.91166666666668,NL
2023-06-21,121.53041666666668,NL
2023-06-22,125.26083333333334,NL
2023-06-23,106.23458333333332,NL
2023-06-24,81.33416666666666,NL
2023-06-25,74.76208333333334,NL
2023-06-26,91.43208333333332,NL
2023-06-27,101.97791666666669,NL
2023-06-28,112.21166666666666,NL
2023-06-29,115.51416666666668,NL
2023-06-30,102.365,NL
2023-07-01,57.76875,NL
2023-07-02,-89.0175,NL
2023-07-03,51.91083333333333,NL
2023-07-04,86.92625,NL
2023-07-05,71.19958333333334,NL
2023-07-06,102.96166666666666,NL
2023-07-07,97.92958333333333,NL
2023-07-08,80.35166666666667,NL
2023-07-09,89.31,NL
2023-07-10,111.61208333333332,NL
2023-07-11,96.8125,NL
2023-07-12,74.99291666666666,NL
2023-07-13,91.35458333333334,NL
2023-07-14,84.93791666666667,NL
2023-07-15,32.317083333333336,NL
2023-07-16,10.6625,NL
2023-07-17,59.06625,NL
2023-07-18,97.59916666666668,NL
2023-07-19,95.10375,NL
2023-07-20,94.35625,NL
2023-07-21,94.72458333333331,NL
2023-07-22,77.8725,NL
2023-07-23,30.438333333333333,NL
2023-07-24,89.55833333333334,NL
2023-07-25,83.08541666666666,NL
2023-07-26,93.82083333333333,NL
2023-07-27,92.6025,NL
2023-07-28,94.48583333333332,NL
2023-07-29,74.18916666666667,NL
2023-07-30,25.815416666666668,NL
2023-07-31,70.80708333333332,NL
2023-08-01,76.56583333333333,NL
2023-08-02,67.76833333333333,NL
2023-08-03,48.057916666666664,NL
2023-08-04,94.64208333333332,NL
2023-08-05,88.53125,NL
2023-08-06,54.53375,NL
2023-08-07,34.628750000000004,NL
2023-08-08,37.180416666666666,NL
2023-08-09,71.7975,NL
2023-08-10,83.64625,NL
2023-08-11,93.91875,NL
2023-08-12,79.80916666666667,NL
2023-08-13,63.90833333333333,NL
2023-08-14,97.14375,NL
2023-08-15,91.8475,NL
2023-08-16,107.32541666666668,NL
2023-08-17,106.93125,NL
2023-08-18,105.47583333333334,NL
2023-08-19,81.00791666666667,NL
2023-08-20,89.71,NL
2023-08-21,117.78166666666668,NL
2023-08-22,120.165,NL
2023-08-23,144.32583333333335,NL
2023-08-24,138.07375,NL
2023-08-25,115.34208333333332,NL
2023-08-26,93.11583333333331,NL
2023-08-27,93.71833333333332,NL
2023-08-28,109.13458333333334,NL
2023-08-29,109.23083333333334,NL
2023-08-30,112.09625,NL
2023-08-31,103.73875,NL
2023-09-01,108.11208333333332,NL
2023-09-02,94.97833333333334,NL
2023-09-03,83.18916666666667,NL
2023-09-04,107.27833333333332,NL
2023-09-05,102.66458333333333,NL
2023-09-06,103.49375,NL
2023-09-07,99.95958333333334,NL
2023-09-08,107.71791666666668,NL
2023-09-09,89.51125,NL
2023-09-10,85.43416666666667,NL
2023-09-11,148.19083333333333,NL
2023-09-12,127.89416666666666,NL
2023-09-13,104.78,NL
2023-09-14,116.53,NL
2023-09-15,106.61625,NL
2023-09-16,94.88208333333334,NL
2023-09-17,88.195,NL
2023-09-18,87.59708333333333,NL
2023-09-19,37.23708333333334,NL
2023-09-20,45.80916666666667,NL
2023-09-21,102.13208333333334,NL
2023-09-22,103.44875,NL
2023-09-23,99.8475,NL
2023-09-24,66.00833333333334,NL
2023-09-25,103.87666666666668,NL
2023-09-26,125.70458333333332,NL
2023-09-27,120.02375,NL
2023-09-28,108.11291666666666,NL
2023-09-29,99.71833333333336,NL
2023-09-30,91.82958333333332,NL
2023-10-01,73.17125,NL
2023-10-02,117.77041666666666,NL
2023-10-03,67.84708333333333,NL
2023-10-04,73.88583333333334,NL
2023-10-05,100.46,NL
2023-10-06,75.52,NL
2023-10-07,49.538333333333334,NL
2023-10-08,93.22625,NL
2023-10-09,113.97916666666669,NL
2023-10-10,106.89958333333334,NL
2023-10-11,64.56083333333333,NL
2023-10-12,131.20083333333335,NL
2023-10-13,70.75041666666667,NL
2023-10-14,39.495416666666664,NL
2023-10-15,61.190416666666664,NL
2023-10-16,141.68625,NL
2023-10-17,123.78083333333332,NL
2023-10-18,79.89999999999999,NL
2023-10-19,91.14,NL
2023-10-20,92.17,NL
2023-10-21,51.75833333333333,NL
2023-10-22,65.96083333333333,NL
2023-10-23,124.11541666666666,NL
2023-10-24,115.2975,NL
2023-10-25,123.77083333333331,NL
2023-10-26,124.035,NL
2023-10-27,118.77,NL
2023-10-28,71.88416666666667,NL
2023-10-29,24.5196,NL
2023-10-30,94.04541666666668,NL
2023-10-31,117.97875,NL
2023-11-01,60.47625,NL
2023-11-02,67.72833333333334,NL
2023-11-03,59.18,NL
2023-11-04,29.50791666666667,NL
2023-11-05,38.48,NL
2023-11-06,77.62208333333334,NL
2023-11-07,102.42083333333332,NL
2023-11-08,94.28208333333332,NL
2023-11-09,103.49958333333332,NL
2023-11-10,95.66041666666666,NL
2023-11-11,96.79416666666668,NL
2023-11-12,98.50333333333332,NL
2023-11-13,93.39083333333332,NL
2023-11-14,69.1725,NL
2023-11-15,100.03916666666667,NL
2023-11-16,120.84958333333331,NL
2023-11-17,121.58083333333332,NL
2023-11-18,90.58375,NL
2023-11-19,38.192083333333336,NL
2023-11-20,105.62041666666666,NL
2023-11-21,122.41541666666669,NL
2023-11-22,112.02125,NL
2023-11-23,89.22958333333334,NL
2023-11-24,84.71958333333333,NL
2023-11-25,96.59291666666668,NL
2023-11-26,117.18583333333332,NL
2023-11-27,115.17291666666668,NL
2023-11-28,122.27916666666664,NL
2023-11-29,140.1775,NL
2023-11-30,168.82916666666668,NL
2023-12-01,156.20458333333332,NL
2023-12-02,116.26125,NL
2023-12-03,104.83125,NL
2023-12-04,111.5475,NL
2023-12-05,114.29833333333332,NL
2023-12-06,126.60166666666667,NL
2023-12-07,103.82291666666669,NL
2023-12-08,103.5175,NL
2023-12-09,78.815,NL
2023-12-10,55.45375000000001,NL
2023-12-11,79.04083333333334,NL
2023-12-12,102.79916666666666,NL
2023-12-13,92.12291666666664,NL
2023-12-14,100.48708333333332,NL
2023-12-15,93.27291666666667,NL
2023-12-16,75.55291666666666,NL
2023-12-17,54.06041666666667,NL
2023-12-18,79.00333333333333,NL
2023-12-19,77.75041666666667,NL
2023-12-20,72.47166666666666,NL
2023-12-21,56.31916666666667,NL
2023-12-22,39.125,NL
2023-12-23,30.1525,NL
2023-12-24,3.3358333333333334,NL
2023-12-25,8.113333333333333,NL
2023-12-26,46.98916666666667,NL
2023-12-27,63.95666666666667,NL
2023-12-28,28.082083333333333,NL
2023-12-29,33.56666666666667,NL
2023-12-30,46.60208333333333,NL
2023-12-31,13.80391304347826,NL
2024-01-01,18.94625,NL
2024-01-02,63.05916666666667,NL
2024-01-03,51.43,NL
2024-01-04,84.68416666666667,NL
2024-01-05,91.21875,NL
2024-01-06,88.64458333333333,NL
2024-01-07,86.32583333333334,NL
2024-01-08,99.58791666666669,NL
2024-01-09,96.88208333333334,NL
2024-01-10,102.07333333333334,NL
2024-01-11,107.68166666666669,NL
2024-01-12,103.17583333333334,NL
2024-01-13,84.43791666666667,NL
2024-01-14,80.00083333333333,NL
2024-01-15,84.53333333333333,NL
2024-01-16,97.21625,NL
2024-01-17,97.71,NL
2024-01-18,88.49166666666667,NL
2024-01-19,76.76333333333334,NL
2024-01-20,73.33125,NL
2024-01-21,56.459583333333335,NL
2024-01-22,62.747083333333336,NL
2024-01-23,58.70708333333334,NL
2024-01-24,53.07208333333333,NL
2024-01-25,83.78041666666667,NL
2024-01-26,71.32958333333333,NL
2024-01-27,72.60958333333333,NL
2024-01-28,58.872083333333336,NL
2024-01-29,80.28791666666667,NL
2024-01-30,79.47541666666667,NL
2024-01-31,75.74125,NL
2024-02-01,75.37666666666667,NL
2024-02-02,70.5,NL
2024-02-03,49.51833333333334,NL
2024-02-04,29.914583333333336,NL
2024-02-05,48.65291666666666,NL
2024-02-06,58.15166666666667,NL
2024-02-07,81.18083333333333,NL
2024-02-08,82.74458333333332,NL
2024-02-09,66.95583333333333,NL
2024-02-10,74.21958333333333,NL
2024-02-11,67.14958333333333,NL
2024-02-12,74.59458333333333,NL
2024-02-13,72.08958333333334,NL
2024-02-14,67.81333333333333,NL
2024-02-15,68.80833333333334,NL
2024-02-16,64.04166666666667,NL
2024-02-17,71.05416666666666,NL
2024-02-18,55.86875,NL
2024-02-19,65.41875,NL
2024-02-20,62.28791666666667,NL
2024-02-21,57.08583333333333,NL
2024-02-22,53.31166666666667,NL
2024-02-23,43.97833333333333,NL
2024-02-24,58.129999999999995,NL
2024-02-25,62.36625,NL
2024-02-26,66.18041666666666,NL
2024-02-27,71.51333333333334,NL
2024-02-28,69.8275,NL
2024-02-29,64.09708333333333,NL
2024-03-01,69.68083333333333,NL
2024-03-02,64.82583333333334,NL
2024-03-03,65.42625,NL
2024-03-04,75.91083333333333,NL
2024-03-05,72.39166666666667,NL
2024-03-06,82.58,NL
2024-03-07,76.44375,NL
2024-03-08,54.76958333333334,NL
2024-03-09,39.8675,NL
2024-03-10,36.45875,NL
2024-03-11,76.44208333333334,NL
2024-03-12,76.67416666666666,NL
2024-03-13,68.07041666666667,NL
2024-03-14,62.3225,NL
2024-03-15,52.935,NL
2024-03-16,53.90416666666667,NL
2024-03-17,61.145833333333336,NL
2024-03-18,77.60666666666667,NL
2024-03-19,77.68375,NL
2024-03-20,89.53708333333333,NL
2024-03-21,78.11708333333333,NL
2024-03-22,66.50416666666666,NL
2024-03-23,32.76916666666667,NL
2024-03-24,23.973333333333333,NL
2024-03-25,80.39958333333333,NL
2024-03-26,66.92791666666666,NL
2024-03-27,73.82625,NL
2024-03-28,45.30583333333333,NL
2024-03-29,44.04541666666666,NL
2024-03-30,62.59458333333333,NL
2024-03-31,56.296956521739126,NL
2024-04-01,42.79750000000001,NL
2024-04-02,41.87125,NL
2024-04-03,77.57208333333334,NL
2024-04-04,58.35583333333333,NL
2024-04-05,41.66125,NL
2024-04-06,15.670833333333334,NL
2024-04-07,11.7025,NL
2024-04-08,82.91541666666667,NL
2024-04-09,53.685833333333335,NL
2024-04-10,54.064166666666665,NL
2024-04-11,67.15833333333333,NL
2024-04-12,55.211666666666666,NL
2024-04-13,11.155,NL
2024-04-14,18.363333333333333,NL
2024-04-15,61.50375,NL
2024-04-16,51.892500000000005,NL
2024-04-17,98.72166666666668,NL
2024-04-18,93.23041666666668,NL
2024-04-19,48.32041666666667,NL
2024-04-20,51.713750000000005,NL
2024-04-21,48.615,NL
2024-04-22,92.44916666666668,NL
2024-04-23,96.225,NL
2024-04-24,79.84958333333334,NL
2024-04-25,88.71666666666665,NL
2024-04-26,85.99166666666667,NL
2024-04-27,62.54291666666666,NL
2024-04-28,12.660833333333334,NL
2024-04-29,75.95458333333333,NL
2024-04-30,69.76541666666667,NL
2024-05-01,26.01,NL
2024-05-02,46.82208333333333,NL
2024-05-03,79.21041666666666,NL
2024-05-04,72.78625,NL
2024-05-05,60.13583333333333,NL
2024-05-06,93.79083333333334,NL
2024-05-07,87.08958333333334,NL
2024-05-08,91.855,NL
2024-05-09,58.45208333333333,NL
2024-05-10,73.16791666666667,NL
2024-05-11,43.12083333333334,NL
2024-05-12,-7.794583333333333,NL
2024-05-13,49.9075,NL
2024-05-14,34.04833333333333,NL
2024-05-15,63.55041666666667,NL
2024-05-16,68.0925,NL
2024-05-17,83.11291666666666,NL
2024-05-18,53.02458333333333,NL
2024-05-19,38.83833333333333,NL
2024-05-20,59.586666666666666,NL
2024-05-21,81.25458333333333,NL
2024-05-22,68.76791666666666,NL
2024-05-23,86.73458333333333,NL
2024-05-24,99.12875,NL
2024-05-25,70.8025,NL
2024-05-26,56.59916666666666,NL
2024-05-27,90.05250000000001,NL
2024-05-28,82.28666666666668,NL
2024-05-29,67.85125000000001,NL
2024-05-30,86.07333333333334,NL
2024-05-31,73.20583333333333,NL
2024-06-01,47.82375,NL
2024-06-02,8.170833333333333,NL
2024-06-03,102.29125,NL
2024-06-04,88.26541666666667,NL
2024-06-05,73.25166666666667,NL
2024-06-06,80.115,NL
2024-06-07,77.39874999999999,NL
2024-06-08,43.22666666666667,NL
2024-06-09,24.93375,NL
2024-06-10,90.72833333333334,NL
2024-06-11,61.193333333333335,NL
2024-06-12,85.5625,NL
2024-06-13,85.48916666666666,NL
2024-06-14,73.82083333333334,NL
2024-06-15,17.688333333333333,NL
2024-06-16,20.133333333333333,NL
2024-06-17,87.65750000000001,NL
2024-06-18,95.54083333333334,NL
2024-06-19,77.83,NL
2024-06-20,91.36416666666666,NL
2024-06-21,94.7475,NL
2024-06-22,51.623333333333335,NL
2024-06-23,52.971666666666664,NL
2024-06-24,89.83791666666667,NL
2024-06-25,69.72,NL
2024-06-26,104.0575,NL
2024-06-27,74.54458333333334,NL
2024-06-28,54.36166666666667,NL
2024-06-29,69.89,NL
2024-06-30,45.751666666666665,NL
2024-07-01,88.825,NL
2024-07-02,82.43791666666667,NL
2024-07-03,94.45666666666666,NL
2024-07-04,2.5229166666666663,NL
2024-07-05,32.352916666666665,NL
2024-07-06,-4.08875,NL
2024-07-07,20.65875,NL
2024-07-08,87.63,NL
2024-07-09,76.27208333333333,NL
2024-07-10,73.85666666666667,NL
2024-07-11,90.28541666666666,NL
2024-07-12,86.59416666666668,NL
2024-07-13,33.175000000000004,NL
2024-07-14,23.92,NL
2024-07-15,77.67166666666667,NL
2024-07-16,45.100833333333334,NL
2024-07-17,76.75375000000001,NL
2024-07-18,89.87041666666666,NL
2024-07-19,85.19916666666667,NL
2024-07-20,64.08,NL
2024-07-21,59.60666666666666,NL
2024-07-22,77.67,NL
2024-07-23,76.00583333333334,NL
2024-07-24,64.47125,NL
2024-07-25,78.28083333333333,NL
2024-07-26,88.46833333333332,NL
2024-07-27,79.42541666666666,NL
2024-07-28,42.89416666666667,NL
2024-07-29,69.14916666666666,NL
2024-07-30,75.32291666666667,NL
2024-07-31,77.25375,NL
2024-08-01,92.55916666666668,NL
2024-08-02,90.54625,NL
2024-08-03,72.815,NL
2024-08-04,60.34458333333333,NL
2024-08-05,93.78,NL
2024-08-06,85.06041666666667,NL
2024-08-07,77.55333333333333,NL
2024-08-08,88.85000000000001,NL
2024-08-09,49.82083333333333,NL
2024-08-10,50.79125,NL
2024-08-11,57.11166666666667,NL
2024-08-12,83.39583333333333,NL
2024-08-13,99.19541666666667,NL
2024-08-14,107.6475,NL
2024-08-15,73.22666666666667,NL
2024-08-16,105.42666666666666,NL
2024-08-17,87.50041666666668,NL
2024-08-18,72.77583333333332,NL
2024-08-19,105.15125,NL
2024-08-20,84.24541666666667,NL
2024-08-21,48.843333333333334,NL
2024-08-22,45.17666666666667,NL
2024-08-23,33.61541666666667,NL
2024-08-24,47.95083333333333,NL
2024-08-25,20.779166666666665,NL
2024-08-26,83.01166666666667,NL
2024-08-27,88.51375,NL
2024-08-28,95.22625,NL
2024-08-29,111.04583333333332,NL
2024-08-30,105.135,NL
2024-08-31,73.14541666666666,NL
2024-09-01,58.85,NL
2024-09-02,115.26083333333332,NL
2024-09-03,130.92166666666665,NL
2024-09-04,123.56458333333336,NL
2024-09-05,72.49374999999999,NL
2024-09-06,76.39583333333333,NL
2024-09-07,78.40083333333334,NL
2024-09-08,66.7275,NL
2024-09-09,97.0175,NL
2024-09-10,61.94125,NL
2024-09-11,73.785,NL
2024-09-12,101.94083333333332,NL
2024-09-13,85.06125,NL
2024-09-14,73.51416666666667,NL
2024-09-15,65.6875,NL
2024-09-16,91.2125,NL
2024-09-17,80.78666666666668,NL
2024-09-18,74.00125,NL
2024-09-19,77.78833333333334,NL
2024-09-20,73.04,NL
2024-09-21,69.49541666666666,NL
2024-09-22,76.42958333333333,NL
2024-09-23,113.38375,NL
2024-09-24,86.8775,NL
2024-09-25,96.17416666666666,NL
2024-09-26,51.942083333333336,NL
2024-09-27,20.007083333333338,NL
2024-09-28,38.711666666666666,NL
2024-09-29,68.91625,NL
2024-09-30,35.73791666666667,NL
2024-10-01,67.40041666666666,NL
2024-10-02,96.04208333333334,NL
2024-10-03,86.04875,NL
2024-10-04,95.80708333333332,NL
2024-10-05,82.62166666666667,NL
2024-10-06,54.51833333333334,NL
2024-10-07,81.44916666666667,NL
2024-10-08,85.13458333333334,NL
2024-10-09,80.06875000000001,NL
2024-10-10,63.399166666666666,NL
2024-10-11,96.08416666666666,NL
2024-10-12,74.50666666666667,NL
2024-10-13,32.935833333333335,NL
2024-10-14,117.05458333333333,NL
2024-10-15,93.22791666666669,NL
2024-10-16,38.70916666666667,NL
2024-10-17,83.91875,NL
2024-10-18,105.62,NL
2024-10-19,87.145,NL
2024-10-20,34.513333333333335,NL
2024-10-21,82.41875,NL
2024-10-22,101.42583333333332,NL
2024-10-23,107.6075,NL
2024-10-24,98.79916666666666,NL
2024-10-25,108.72541666666666,NL
2024-10-26,101.11583333333334,NL
2024-10-27,89.60879999999999,NL
2024-10-28,105.54583333333332,NL
2024-10-29,134.19916666666666,NL
2024-10-30,118.53125,NL
2024-10-31,108.8375,NL
2024-11-01,107.27666666666666,NL
2024-11-02,104.99333333333334,NL
2024-11-03,92.42083333333332,NL
2024-11-04,121.13958333333332,NL
2024-11-05,156.42791666666668,NL
2024-11-06,181.36666666666667,NL
2024-11-07,146.69791666666666,NL
2024-11-08,112.91416666666667,NL
2024-11-09,114.05083333333332,NL
2024-11-10,113.15875,NL
2024-11-11,108.34,NL
2024-11-12,144.13041666666666,NL
2024-11-13,146.33083333333337,NL
2024-11-14,122.69083333333332,NL
2024-11-15,123.72791666666666,NL
2024-11-16,105.34125,NL
2024-11-17,78.16,NL
2024-11-18,114.81541666666668,NL
2024-11-19,120.52791666666668,NL
2024-11-20,114.36833333333334,NL
2024-11-21,121.96291666666669,NL
2024-11-22,115.47791666666669,NL
2024-11-23,83.64833333333333,NL
2024-11-24,13.744166666666668,NL
2024-11-25,76.98958333333333,NL
2024-11-26,112.0475,NL
2024-11-27,113.12791666666668,NL
2024-11-28,107.07958333333332,NL
2024-11-29,124.77583333333332,NL
2024-11-30,107.45833333333331,NL
2024-12-01,94.34958333333331,NL
2024-12-02,109.08666666666666,NL
2024-12-03,141.26625,NL
2024-12-04,176.12,NL
2024-12-05,103.99625,NL
2024-12-06,86.92708333333333,NL
2024-12-07,66.26666666666667,NL
2024-12-08,89.85833333333333,NL
2024-12-09,96.77166666666666,NL
2024-12-10,132.29999999999998,NL
2024-12-11,226.82291666666663,NL
2024-12-12,355.5808333333334,NL
2024-12-13,177.86166666666668,NL
2024-12-14,102.52083333333331,NL
2024-12-15,65.98333333333333,NL
2024-12-16,59.544999999999995,NL
2024-12-17,89.94875,NL
2024-12-18,62.55875,NL
2024-12-19,68.51208333333334,NL
2024-12-20,82.94666666666667,NL
2024-12-21,33.56875,NL
2024-12-22,27.445833333333336,NL
2024-12-23,67.91458333333334,NL
2024-12-24,102.48625,NL
2024-12-25,98.45708333333332,NL
2024-12-26,112.855,NL
2024-12-27,121.42958333333333,NL
2024-12-28,122.30583333333334,NL
2024-12-29,111.95083333333334,NL
2024-12-30,87.57125,NL
2024-12-31,74.53739130434784,NL
2025-01-01,35.695,NL
2025-01-02,132.28208333333333,NL
2025-01-03,114.81458333333336,NL
2025-01-04,125.36916666666669,NL
2025-01-05,65.68416666666667,NL
2025-01-06,54.850833333333334,NL
2025-01-07,82.18625,NL
2025-01-08,107.635,NL
2025-01-09,115.21125,NL
2025-01-10,112.73208333333334,NL
2025-01-11,112.64875,NL
2025-01-12,114.66708333333334,NL
2025-01-13,125.86833333333334,NL
2025-01-14,117.64625,NL
2025-01-15,206.89458333333337,NL
2025-01-16,145.08375,NL
2025-01-17,143.02333333333334,NL
2025-01-18,133.75458333333333,NL
2025-01-19,128.55708333333334,NL
2025-01-20,224.78666666666663,NL
2025-01-21,163.67499999999998,NL
2025-01-22,158.14166666666668,NL
2025-01-23,104.39291666666666,NL
2025-01-24,79.39208333333333,NL
2025-01-25,98.09208333333332,NL
2025-01-26,90.78208333333332,NL
2025-01-27,54.61875,NL
2025-01-28,89.17541666666666,NL
2025-01-29,104.72375,NL
2025-01-30,134.18,NL
2025-01-31,139.64,NL
2025-02-01,134.61083333333332,NL
2025-02-02,136.37083333333334,NL
2025-02-03,152.38041666666666,NL
2025-02-04,133.9525,NL
2025-02-05,137.065,NL
2025-02-06,139.3975,NL
2025-02-07,114.64833333333333,NL
2025-02-08,121.76208333333334,NL
2025-02-09,127.22916666666669,NL
2025-02-10,119.1575,NL
2025-02-11,128.91958333333335,NL
2025-02-12,153.87875,NL
2025-02-13,168.1891666666667,NL
2025-02-14,174.14125,NL
2025-02-15,131.50458333333333,NL
2025-02-16,130.38125,NL
2025-02-17,152.02541666666667,NL
2025-02-18,131.43041666666667,NL
2025-02-19,109.955,NL
2025-02-20,97.05458333333333,NL
2025-02-21,84.85791666666667,NL
2025-02-22,85.74916666666667,NL
2025-02-23,83.16583333333334,NL
2025-02-24,78.61083333333333,NL
2025-02-25,133.76874999999998,NL
2025-02-26,122.95333333333332,NL
2025-02-27,117.86291666666666,NL
2025-02-28,122.07916666666668,NL
2025-03-01,119.26416666666668,NL
2025-03-02,90.42541666666666,NL
2025-03-03,105.46166666666666,NL
2025-03-04,105.67833333333334,NL
2025-03-05,79.42541666666666,NL
2025-03-06,84.70791666666666,NL
2025-03-07,94.48458333333332,NL
2025-03-08,80.37125,NL
2025-03-09,72.81833333333333,NL
2025-03-10,107.30666666666669,NL
2025-03-11,115.8075,NL
2025-03-12,118.72541666666666,NL
2025-03-13,121.3675,NL
2025-03-14,118.34958333333331,NL
2025-03-15,92.07583333333334,NL
2025-03-16,69.87458333333333,NL
2025-03-17,95.02833333333332,NL
2025-03-18,84.85416666666667,NL
2025-03-19,97.70291666666668,NL
2025-03-20,98.8175,NL
2025-03-21,64.55916666666667,NL
2025-03-22,39.94083333333334,NL
2025-03-23,80.31791666666668,NL
2025-03-24,124.675,NL
2025-03-25,108.53666666666668,NL
2025-03-26,112.62833333333332,NL
2025-03-27,95.44375,NL
2025-03-28,84.21208333333333,NL
2025-03-29,78.16708333333334,NL
2025-03-30,9.459130434782608,NL
2025-03-31,89.44083333333333,NL
2025-04-01,82.19333333333334,NL
2025-04-02,51.272083333333335,NL
2025-04-03,72.07958333333333,NL
2025-04-04,82.60416666666667,NL
2025-04-05,49.58958333333334,NL
2025-04-06,35.58083333333333,NL
2025-04-07,91.15708333333332,NL
2025-04-08,89.98833333333334,NL
2025-04-09,80.46583333333334,NL
2025-04-10,79.785,NL
2025-04-11,72.23916666666666,NL
2025-04-12,58.290416666666665,NL
2025-04-13,38.82041666666667,NL
2025-04-14,93.3675,NL
2025-04-15,70.03166666666667,NL
2025-04-16,85.3325,NL
2025-04-17,97.39208333333332,NL
2025-04-18,87.32458333333334,NL
2025-04-19,63.20875,NL
2025-04-20,69.30375,NL
2025-04-21,84.13416666666667,NL
2025-04-22,110.7625,NL
2025-04-23,106.36541666666666,NL
2025-04-24,94.82791666666668,NL
2025-04-25,87.33291666666666,NL
2025-04-26,58.3475,NL
2025-04-27,34.06625,NL
2025-04-28,74.37083333333334,NL
2025-04-29,70.6125,NL
2025-04-30,74.4825,NL
2025-05-01,44.68208333333334,NL
2025-05-02,64.74416666666667,NL
2025-05-03,56.66041666666666,NL
2025-05-04,33.15375,NL
2025-05-05,71.59541666666667,NL
2025-05-06,88.22791666666666,NL
2025-05-07,95.64125,NL
2025-05-08,97.74708333333332,NL
2025-05-09,80.04791666666667,NL
2025-05-10,49.19291666666667,NL
2025-05-11,5.4629166666666675,NL
2025-05-12,62.53541666666666,NL
2025-05-13,75.39958333333334,NL
2025-05-14,65.0825,NL
2025-05-15,64.20583333333333,NL
2025-05-16,70.8525,NL
2025-05-17,58.66208333333333,NL
2025-05-18,62.57,NL
2025-05-19,90.04208333333332,NL
2025-05-20,85.25750000000001,NL
2025-05-21,72.70375,NL
2025-05-22,63.817499999999995,NL
2025-05-23,76.23583333333333,NL
2025-05-24,57.23458333333334,NL
2025-05-25,18.58125,NL
2025-05-26,64.78750000000001,NL
2025-05-27,55.06625,NL
2025-05-28,82.78416666666666,NL
2025-05-29,59.99375,NL
2025-05-30,48.11041666666667,NL
2025-05-31,69.3425,NL
2025-06-01,40.31875,NL
2025-06-02,83.85416666666667,NL
2025-06-03,60.01708333333334,NL
2025-06-04,76.91458333333334,NL
2025-06-05,78.035,NL
2025-06-06,46.98291666666666,NL
2025-06-07,66.15416666666667,NL
2025-06-08,28.72666666666667,NL
2025-06-09,50.67875,NL
2025-06-10,60.19,NL
2025-06-11,79.4575,NL
2025-06-12,57.665,NL
2025-06-13,72.22125,NL
2025-06-14,55.78541666666666,NL
2025-06-15,63.47708333333333,NL
2025-06-16,84.5975,NL
2025-06-17,86.19875,NL
2025-06-18,81.03708333333333,NL
2025-06-19,68.7675,NL
2025-06-20,86.84250000000002,NL
2025-06-21,72.93666666666667,NL
2025-06-22,51.46333333333333,NL
2025-06-23,41.75541666666667,NL
2025-06-24,57.63333333333333,NL
2025-06-25,97.465,NL
2025-06-26,90.70708333333334,NL
2025-06-27,83.145,NL
2025-06-28,51.53958333333333,NL
2025-06-29,54.357499999999995,NL
2025-06-30,100.975,NL
2025-07-01,144.85916666666665,NL
2025-07-02,111.76666666666668,NL
2025-07-03,86.98375,NL
2025-07-04,76.70333333333333,NL
2025-07-05,51.76583333333334,NL
2025-07-06,80.32375,NL
2025-07-07,91.68125,NL
2025-07-08,89.49208333333333,NL
2025-07-09,94.985,NL
2025-07-10,91.71791666666668,NL
2025-07-11,92.54208333333334,NL
2025-07-12,73.61666666666666,NL
2025-07-13,75.98083333333334,NL
2025-07-14,96.7025,NL
2025-07-15,81.44291666666668,NL
2025-07-16,92.69708333333334,NL
2025-07-17,92.96750000000002,NL
2025-07-18,100.83458333333334,NL
2025-07-19,71.54,NL
2025-07-20,74.15791666666667,NL
2025-07-21,93.78708333333331,NL
2025-07-22,77.78750000000001,NL
2025-07-23,85.28833333333334,NL
2025-07-24,96.7625,NL
2025-07-25,95.27458333333334,NL
2025-07-26,87.045,NL
2025-07-27,79.87875,NL
2025-07-28,88.21125,NL
2025-07-29,76.47875,NL
2025-07-30,74.67958333333333,NL
2025-07-31,85.49291666666666,NL
2025-08-01,90.77291666666667,NL
2025-08-02,65.705,NL
2025-08-03,42.48791666666667,NL
2025-08-04,61.72833333333333,NL
2025-08-05,31.83375,NL
2025-08-06,63.33291666666667,NL
2025-08-07,68.095,NL
2025-08-08,75.52499999999999,NL
2025-08-09,59.21625,NL
2025-08-10,47.318333333333335,NL
2025-08-11,83.01541666666667,NL
2025-08-12,83.82208333333334,NL
2025-08-13,99.24958333333332,NL
2025-08-14,103.67791666666666,NL
2025-08-15,73.19875,NL
2025-08-16,62.1125,NL
2025-08-17,66.19083333333333,NL
2025-08-18,87.22833333333334,NL
2025-08-19,77.88375,NL
2025-08-20,86.04666666666667,NL
2025-08-21,86.32791666666667,NL
2025-08-22,85.23166666666667,NL
2025-08-23,69.17166666666667,NL
2025-08-24,63.50541666666666,NL
2025-08-25,86.43791666666668,NL
2025-08-26,91.84791666666666,NL
2025-08-27,99.34791666666666,NL
2025-08-28,99.72916666666669,NL
2025-08-29,84.02083333333333,NL
2025-08-30,64.625,NL
2025-08-31,53.376666666666665,NL
2025-09-01,84.37083333333334,NL
2025-09-02,90.98458333333332,NL
2025-09-03,61.348749999999995,NL
2025-09-04,69.60125000000001,NL
2025-09-05,93.1425,NL
2025-09-06,69.28875000000001,NL
2025-09-07,38.65625,NL
2025-09-08,118.99208333333333,NL
2025-09-09,134.90125,NL
2025-09-10,115.44791666666669,NL
2025-09-11,65.70666666666666,NL
2025-09-12,47.397083333333335,NL
2025-09-13,54.568333333333335,NL
2025-09-14,64.4425,NL
2025-09-15,8.9925,NL
2025-09-16,26.98125,NL
2025-09-17,82.65583333333333,NL
2025-09-18,63.17625,NL
2025-09-19,94.92875,NL
2025-09-20,58.35625,NL
2025-09-21,31.99291666666667,NL
2025-09-22,91.82,NL
2025-09-23,102.77083333333331,NL
2025-09-24,74.9825,NL
2025-09-25,75.89874999999999,NL
2025-09-26,94.10416666666669,NL
2025-09-27,88.03708333333333,NL
2025-09-28,83.20458333333333,NL
2025-09-29,119.47625,NL
2025-09-30,123.26291666666668,NL
2025-10-01,111.34270833333332,NL
2025-10-02,95.35,NL
2025-10-03,72.35260416666667,NL
2025-10-04,-1.1055208333333333,NL
2025-10-05,7.5053125,NL
2025-10-06,83.81302083333334,NL
2025-10-07,129.9938541666667,NL
2025-10-08,115.0003125,NL
2025-10-09,102.1925,NL
2025-10-10,95.16666666666669,NL
2025-10-11,96.3184375,NL
2025-10-12,89.7296875,NL
2025-10-13,126.46458333333334,NL
2025-10-14,144.57833333333335,NL
2025-10-15,131.261875,NL
2025-10-16,96.26083333333334,NL
2025-10-17,101.9371875,NL
2025-10-18,92.25583333333331,NL
2025-10-19,69.84520833333333,NL
2025-10-20,78.03406249999999,NL
2025-10-21,64.9953125,NL
2025-10-22,115.8140625,NL
2025-10-23,83.38697916666666,NL
2025-10-24,35.85572916666667,NL
2025-10-25,15.330729166666666,NL
2025-10-26,16.078899999999997,NL
2025-10-27,66.76802083333332,NL
2025-10-28,66.95875,NL
2025-10-29,89.42302083333334,NL
2025-10-30,78.5740625,NL
2025-10-31,83.91125000000001,NL
2025-11-01,43.475208333333335,NL
2025-11-02,75.53677083333334,NL
2025-11-03,75.2478125,NL
2025-11-04,70.09666666666666,NL
2025-11-05,84.60614583333333,NL
2025-11-06,101.04010416666668,NL
2025-11-07,103.53427083333332,NL
2025-11-08,99.55197916666668,NL
2025-11-09,93.5203125,NL
2025-11-10,97.5665625,NL
2025-11-11,85.92770833333333,NL
2025-11-12,73.09552083333334,NL
2025-11-13,75.79052083333333,NL
2025-11-14,93.33625,NL
2025-11-15,82.99916666666667,NL
2025-11-16,91.4915625,NL
2025-11-17,84.48645833333333,NL
2025-11-18,99.61895833333334,NL
2025-11-19,99.640625,NL
2025-11-20,122.61395833333334,NL
2025-11-21,141.46208333333334,NL
2025-11-22,88.11885416666667,NL
2025-11-23,72.7146875,NL
2025-11-24,122.12104166666668,NL
2025-11-25,147.57250000000002,NL
2025-11-26,151.691875,NL
2025-11-27,83.4753125,NL
2025-11-28,81.24260416666667,NL
2025-11-29,87.58947916666666,NL
2025-11-30,82.8196875,NL
2025-12-01,82.97354166666666,NL
2025-12-02,85.99666666666667,NL
2025-12-03,132.38364583333333,NL
2025-12-04,97.59447916666666,NL
2025-12-05,115.45958333333334,NL
2025-12-06,73.05135416666667,NL
2025-12-07,74.8671875,NL
2025-12-08,65.64989583333333,NL
2025-12-09,82.6740625,NL
2025-12-10,75.27208333333333,NL
2025-12-11,91.13520833333332,NL
2025-12-12,106.1940625,NL
2025-12-13,92.0875,NL
2025-12-14,83.35791666666667,NL
2025-12-15,84.55270833333334,NL
2025-12-16,104.85489583333332,NL
2025-12-17,101.37833333333332,NL
2025-12-18,72.029375,NL
2025-12-19,68.47697916666667,NL
2025-12-20,97.595625,NL
2025-12-21,86.96468750000001,NL
2025-12-22,84.77885416666668,NL
2025-12-23,76.99916666666667,NL
2025-12-24,66.04572916666667,NL
2025-12-25,66.45395833333333,NL
2025-12-26,96.1265625,NL
2025-12-27,90.288125,NL
2025-12-28,92.456875,NL
2025-12-29,96.22385416666668,NL
2025-12-30,87.28625,NL
2025-12-31,87.38168421052632,NL
2026-01-01,47.34802083333333,NL
2026-01-02,63.1975,NL
2026-01-03,88.59052083333334,NL
2026-01-04,94.3265625,NL
2026-01-05,133.59260416666666,NL
2026-01-06,124.67458333333332,NL
2026-01-07,95.00020833333332,NL
2026-01-08,149.816875,NL
2026-01-09,82.8046875,NL
2026-01-10,95.34229166666668,NL
2026-01-11,92.70322916666667,NL
2026-01-12,88.79364583333334,NL
2026-01-13,98.17989583333332,NL
2026-01-14,114.08979166666668,NL
2026-01-15,97.5996875,NL
2026-01-16,107.62760416666669,NL
2026-01-17,110.05604166666669,NL
2026-01-18,107.98177083333331,NL
2026-01-19,138.98229166666667,NL
2026-01-20,122.75947916666668,NL
2026-01-21,107.0128125,NL
2026-01-22,102.42177083333333,NL
2026-01-23,109.28833333333334,NL
2026-01-24,111.30427083333336,NL
2026-01-25,110.52395833333333,NL
2026-01-26,138.25447916666667,NL
2026-01-27,117.160625,NL
2026-01-28,135.82885416666667,NL
2026-01-29,126.05541666666666,NL
2026-01-30,110.91697916666668,NL
2026-01-31,113.11010416666666,NL
2026-02-01,112.44958333333334,NL
2026-02-02,108.75010416666667,NL
2026-02-03,97.23572916666666,NL
2026-02-04,101.17072916666666,NL
2026-02-05,102.64416666666666,NL
2026-02-06,115.23197916666668,NL
2026-02-07,101.49270833333333,NL
2026-02-08,100.43427083333334,NL
2026-02-09,131.59770833333332,NL
2026-02-10,107.763125,NL
2026-02-11,100.61864583333332,NL
2026-02-12,97.99052083333332,NL
2026-02-13,102.49572916666666,NL
2026-02-14,94.95875,NL
2026-02-15,85.06406249999999,NL
2026-02-16,93.36,NL
2026-02-17,91.1640625,NL
2026-02-18,96.8659375,NL
2026-02-19,84.37989583333334,NL
2026-02-20,88.0596875,NL
2026-02-21,70.76291666666667,NL
2026-02-22,54.36708333333333,NL
2026-02-23,64.39552083333334,NL
2026-02-24,105.66041666666666,NL
2026-02-25,87.3653125,NL
2026-02-26,76.95552083333332,NL
2026-02-27,71.25447916666667,NL
2026-02-28,58.03479166666667,NL
2026-03-01,60.804375,NL
2026-03-02,86.68833333333333,NL
2026-03-03,105.21822916666667,NL
2026-03-04,142.28791666666666,NL
2026-03-05,109.92666666666668,NL
2026-03-06,121.71229166666666,NL
2026-03-07,105.93,NL
2026-03-08,105.385625,NL
2026-03-09,137.62979166666668,NL
2026-03-10,143.86864583333332,NL
2026-03-11,81.80145833333333,NL
2026-03-12,68.46729166666667,NL
2026-03-13,73.6796875,NL
2026-03-14,124.6753125,NL
2026-03-15,96.19989583333334,NL
2026-03-16,73.33760416666667,NL
2026-03-17,121.25947916666668,NL
2026-03-18,90.88260416666668,NL
2026-03-19,108.01072916666668,NL
2026-03-20,131.36833333333334,NL
2026-03-21,106.77958333333332,NL
2026-03-22,77.80677083333333,NL
2026-03-23,134.5565625,NL
2026-03-24,78.39333333333333,NL
2026-03-25,42.244166666666665,NL
2026-03-26,90.83791666666669,NL
2026-03-27,118.20145833333332,NL
2026-03-28,78.25031249999999,NL
2026-03-29,67.78434782608696,NL
2026-03-30,59.3865625,NL
2026-03-31,121.23510416666666,NL
2026-04-01,143.3284375,NL
2026-04-02,123.6625,NL
2026-04-03,89.58625,NL
2026-04-04,70.17052083333333,NL
2026-04-05,14.459166666666668,NL
2026-04-06,78.73593749999999,NL
2026-04-07,89.22927083333333,NL
2026-04-08,86.40552083333334,NL
2026-04-09,79.94270833333333,NL
2026-04-10,117.3396875,NL
2026-04-11,59.104479166666664,NL
2026-04-12,73.11395833333333,NL
2026-04-13,128.86208333333337,NL
2026-04-14,132.4534375,NL
2026-04-15,111.03052083333334,NL
2026-04-16,106.1771875,NL
2026-04-17,106.2371875,NL
2026-04-18,92.3609375,NL
2026-04-19,78.59677083333334,NL
2026-04-20,101.78947916666668,NL
2026-04-21,76.64333333333333,NL
2026-04-22,73.63479166666666,NL
2026-04-23,74.88104166666666,NL
2026-04-24,79.65875,NL
2026-04-25,51.99395833333333,NL
2026-04-26,12.946145833333333,NL
2026-04-27,96.10302083333332,NL
2026-04-28,62.45614583333333,NL
2026-04-29,60.11947916666667,NL
2026-04-30,66.67135416666666,NL
2026-05-01,1.2420833333333337,NL
2026-05-02,76.82020833333333,NL
2026-05-03,89.8153125,NL
2026-05-04,127.62291666666664,NL
2026-05-05,123.0109375,NL
2026-05-06,121.77927083333331,NL
2026-05-07,130.51489583333333,NL
2026-05-08,108.7878125,NL
2026-05-09,82.2871875,NL
2026-05-10,70.93906249999999,NL
2026-05-11,111.4240625,NL
2026-05-12,92.86489583333334,NL
2026-05-13,105.07875,NL
2026-05-14,89.54479166666665,NL
2026-05-15,101.8365625,NL
2026-05-16,77.18635416666667,NL
2026-05-17,81.75822916666667,NL
2026-05-18,136.09072916666665,NL
2026-05-19,118.034375,NL
2026-05-20,100.00333333333332,NL
2026-05-21,106.26625,NL
2026-05-22,101.68708333333332,NL
2026-05-23,76.06333333333333,NL
2026-05-24,66.39833333333333,NL
2026-05-25,129.55,NL
2021-01-01,36.23625,LV
2021-01-02,43.17250000000001,LV
2021-01-03,31.639166666666668,LV
2021-01-04,43.568333333333335,LV
2021-01-05,47.28666666666667,LV
2021-01-06,41.06041666666667,LV
2021-01-07,67.63458333333334,LV
2021-01-08,76.71625,LV
2021-01-09,55.37916666666666,LV
2021-01-10,42.02333333333333,LV
2021-01-11,49.634166666666665,LV
2021-01-12,45.04791666666667,LV
2021-01-13,52.84458333333333,LV
2021-01-14,77.04541666666667,LV
2021-01-15,78.14333333333333,LV
2021-01-16,62.47375,LV
2021-01-17,54.05625,LV
2021-01-18,61.937916666666666,LV
2021-01-19,59.72416666666667,LV
2021-01-20,55.89541666666667,LV
2021-01-21,50.69625,LV
2021-01-22,45.785,LV
2021-01-23,43.58083333333334,LV
2021-01-24,47.82666666666666,LV
2021-01-25,60.254999999999995,LV
2021-01-26,60.42124999999999,LV
2021-01-27,57.92083333333333,LV
2021-01-28,58.87125,LV
2021-01-29,55.55083333333334,LV
2021-01-30,48.872083333333336,LV
2021-01-31,48.31125,LV
2021-02-01,86.93458333333332,LV
2021-02-02,68.16250000000001,LV
2021-02-03,54.968333333333334,LV
2021-02-04,60.193333333333335,LV
2021-02-05,79.38083333333334,LV
2021-02-06,45.59708333333333,LV
2021-02-07,40.65625,LV
2021-02-08,59.13291666666667,LV
2021-02-09,71.74208333333333,LV
2021-02-10,73.59083333333334,LV
2021-02-11,99.715,LV
2021-02-12,82.48166666666667,LV
2021-02-13,53.49666666666667,LV
2021-02-14,46.50083333333333,LV
2021-02-15,69.115,LV
2021-02-16,65.52624999999999,LV
2021-02-17,79.55541666666666,LV
2021-02-18,68.68583333333333,LV
2021-02-19,62.921666666666674,LV
2021-02-20,54.79125,LV
2021-02-21,38.96625,LV
2021-02-22,55.98875,LV
2021-02-23,49.90875,LV
2021-02-24,41.3375,LV
2021-02-25,40.73791666666667,LV
2021-02-26,36.81041666666667,LV
2021-02-27,38.29958333333333,LV
2021-02-28,31.089583333333337,LV
2021-03-01,43.84291666666667,LV
2021-03-02,52.96791666666667,LV
2021-03-03,57.85208333333333,LV
2021-03-04,52.656666666666666,LV
2021-03-05,55.865,LV
2021-03-06,31.33875,LV
2021-03-07,32.509166666666665,LV
2021-03-08,56.132083333333334,LV
2021-03-09,54.84625,LV
2021-03-10,63.73583333333334,LV
2021-03-11,35.095,LV
2021-03-12,35.92541666666667,LV
2021-03-13,29.7875,LV
2021-03-14,31.950416666666666,LV
2021-03-15,53.694583333333334,LV
2021-03-16,55.185,LV
2021-03-17,50.9075,LV
2021-03-18,55.10375,LV
2021-03-19,51.270833333333336,LV
2021-03-20,22.902083333333337,LV
2021-03-21,18.442916666666665,LV
2021-03-22,48.37833333333333,LV
2021-03-23,45.739583333333336,LV
2021-03-24,39.07791666666667,LV
2021-03-25,46.00583333333333,LV
2021-03-26,47.640416666666674,LV
2021-03-27,18.495416666666667,LV
2021-03-28,19.493913043478265,LV
2021-03-29,44.73583333333334,LV
2021-03-30,45.60041666666667,LV
2021-03-31,51.73166666666666,LV
2021-04-01,44.13625,LV
2021-04-02,36.80708333333333,LV
2021-04-03,27.13791666666667,LV
2021-04-04,11.685833333333331,LV
2021-04-05,7.102916666666666,LV
2021-04-06,34.619166666666665,LV
2021-04-07,46.75333333333333,LV
2021-04-08,50.81,LV
2021-04-09,20.0225,LV
2021-04-10,37.60958333333333,LV
2021-04-11,39.779583333333335,LV
2021-04-12,41.565,LV
2021-04-13,50.78541666666666,LV
2021-04-14,56.65375,LV
2021-04-15,53.95083333333333,LV
2021-04-16,47.89125000000001,LV
2021-04-17,45.036249999999995,LV
2021-04-18,47.98208333333333,LV
2021-04-19,53.58833333333334,LV
2021-04-20,63.20416666666667,LV
2021-04-21,55.19583333333333,LV
2021-04-22,36.840833333333336,LV
2021-04-23,38.31666666666667,LV
2021-04-24,36.455416666666665,LV
2021-04-25,22.042083333333338,LV
2021-04-26,58.024166666666666,LV
2021-04-27,65.01666666666667,LV
2021-04-28,64.61833333333333,LV
2021-04-29,58.720416666666665,LV
2021-04-30,55.572916666666664,LV
2021-05-01,50.28916666666667,LV
2021-05-02,45.65541666666667,LV
2021-05-03,60.723749999999995,LV
2021-05-04,62.305416666666666,LV
2021-05-05,48.586666666666666,LV
2021-05-06,61.04,LV
2021-05-07,65.53750000000001,LV
2021-05-08,47.41583333333333,LV
2021-05-09,25.942083333333333,LV
2021-05-10,43.12583333333333,LV
2021-05-11,41.748333333333335,LV
2021-05-12,48.66375,LV
2021-05-13,38.53458333333334,LV
2021-05-14,54.013749999999995,LV
2021-05-15,22.485,LV
2021-05-16,30.65875,LV
2021-05-17,62.09833333333333,LV
2021-05-18,62.06375,LV
2021-05-19,63.75,LV
2021-05-20,46.81041666666667,LV
2021-05-21,35.05083333333334,LV
2021-05-22,35.49791666666667,LV
2021-05-23,22.973333333333333,LV
2021-05-24,54.63666666666666,LV
2021-05-25,61.265416666666674,LV
2021-05-26,52.32375,LV
2021-05-27,65.66625,LV
2021-05-28,64.52374999999999,LV
2021-05-29,42.26,LV
2021-05-30,28.46083333333333,LV
2021-05-31,57.005,LV
2021-06-01,64.83624999999999,LV
2021-06-02,67.85000000000001,LV
2021-06-03,60.83833333333333,LV
2021-06-04,66.49,LV
2021-06-05,61.55833333333334,LV
2021-06-06,58.40208333333334,LV
2021-06-07,79.52083333333333,LV
2021-06-08,82.22666666666667,LV
2021-06-09,98.02875,LV
2021-06-10,82.41875,LV
2021-06-11,81.075,LV
2021-06-12,57.79583333333333,LV
2021-06-13,21.396666666666665,LV
2021-06-14,76.40666666666667,LV
2021-06-15,67.9975,LV
2021-06-16,88.31041666666665,LV
2021-06-17,81.18541666666667,LV
2021-06-18,77.30083333333333,LV
2021-06-19,75.50958333333334,LV
2021-06-20,64.27875,LV
2021-06-21,78.20708333333333,LV
2021-06-22,87.07041666666667,LV
2021-06-23,93.96833333333332,LV
2021-06-24,96.09166666666664,LV
2021-06-25,92.25083333333332,LV
2021-06-26,80.37083333333334,LV
2021-06-27,70.87458333333333,LV
2021-06-28,89.37833333333333,LV
2021-06-29,92.88541666666669,LV
2021-06-30,92.29166666666669,LV
2021-07-01,91.31083333333332,LV
2021-07-02,100.2775,LV
2021-07-03,86.29666666666667,LV
2021-07-04,81.46333333333332,LV
2021-07-05,91.6325,LV
2021-07-06,89.14291666666666,LV
2021-07-07,97.175,LV
2021-07-08,103.66666666666669,LV
2021-07-09,90.71416666666666,LV
2021-07-10,81.89999999999999,LV
2021-07-11,77.50666666666667,LV
2021-07-12,97.27125,LV
2021-07-13,98.28833333333334,LV
2021-07-14,108.47,LV
2021-07-15,102.78166666666668,LV
2021-07-16,92.14625,LV
2021-07-17,87.09625,LV
2021-07-18,87.50666666666666,LV
2021-07-19,91.06208333333336,LV
2021-07-20,87.14833333333333,LV
2021-07-21,84.77291666666666,LV
2021-07-22,91.67708333333331,LV
2021-07-23,86.36166666666666,LV
2021-07-24,71.98791666666666,LV
2021-07-25,77.00375,LV
2021-07-26,83.59333333333333,LV
2021-07-27,87.49458333333332,LV
2021-07-28,84.04333333333334,LV
2021-07-29,86.18083333333334,LV
2021-07-30,78.16625,LV
2021-07-31,63.89833333333333,LV
2021-08-01,58.54708333333334,LV
2021-08-02,86.49583333333334,LV
2021-08-03,96.43166666666669,LV
2021-08-04,104.97916666666669,LV
2021-08-05,96.41916666666668,LV
2021-08-06,77.08083333333333,LV
2021-08-07,63.73541666666667,LV
2021-08-08,26.616249999999997,LV
2021-08-09,86.67541666666666,LV
2021-08-10,91.12666666666668,LV
2021-08-11,98.24375,LV
2021-08-12,106.26416666666668,LV
2021-08-13,100.11958333333332,LV
2021-08-14,66.35000000000001,LV
2021-08-15,61.17458333333334,LV
2021-08-16,83.25500000000001,LV
2021-08-17,73.66083333333333,LV
2021-08-18,75.82833333333333,LV
2021-08-19,86.02416666666666,LV
2021-08-20,100.71291666666669,LV
2021-08-21,103.92625,LV
2021-08-22,78.19375000000001,LV
2021-08-23,102.78708333333331,LV
2021-08-24,102.35875,LV
2021-08-25,97.90083333333332,LV
2021-08-26,103.42041666666668,LV
2021-08-27,93.995,LV
2021-08-28,88.50916666666666,LV
2021-08-29,80.74249999999999,LV
2021-08-30,106.575,LV
2021-08-31,108.89083333333332,LV
2021-09-01,110.46708333333332,LV
2021-09-02,112.63125,LV
2021-09-03,107.42958333333333,LV
2021-09-04,106.11291666666666,LV
2021-09-05,99.04541666666668,LV
2021-09-06,120.61458333333331,LV
2021-09-07,123.81375,LV
2021-09-08,127.1675,LV
2021-09-09,131.22458333333333,LV
2021-09-10,135.58916666666667,LV
2021-09-11,121.53625,LV
2021-09-12,108.87125,LV
2021-09-13,134.9925,LV
2021-09-14,141.60083333333333,LV
2021-09-15,160.36,LV
2021-09-16,145.19291666666666,LV
2021-09-17,141.08583333333334,LV
2021-09-18,121.19,LV
2021-09-19,93.46666666666664,LV
2021-09-20,144.80375,LV
2021-09-21,136.10333333333332,LV
2021-09-22,142.04,LV
2021-09-23,103.27208333333334,LV
2021-09-24,91.66583333333334,LV
2021-09-25,112.68916666666668,LV
2021-09-26,110.66958333333334,LV
2021-09-27,134.4375,LV
2021-09-28,149.5725,LV
2021-09-29,127.00583333333331,LV
2021-09-30,110.3175,LV
2021-10-01,103.88458333333334,LV
2021-10-02,83.02208333333333,LV
2021-10-03,19.09625,LV
2021-10-04,130.735,LV
2021-10-05,123.13666666666668,LV
2021-10-06,106.63541666666669,LV
2021-10-07,187.575,LV
2021-10-08,167.015,LV
2021-10-09,117.65166666666666,LV
2021-10-10,89.34166666666665,LV
2021-10-11,115.63333333333333,LV
2021-10-12,136.83124999999998,LV
2021-10-13,169.66416666666666,LV
2021-10-14,158.62375,LV
2021-10-15,95.82041666666667,LV
2021-10-16,46.26625000000001,LV
2021-10-17,69.31583333333333,LV
2021-10-18,141.44833333333335,LV
2021-10-19,140.6775,LV
2021-10-20,68.76166666666667,LV
2021-10-21,67.12208333333334,LV
2021-10-22,66.21333333333334,LV
2021-10-23,95.01,LV
2021-10-24,79.77666666666667,LV
2021-10-25,106.45458333333332,LV
2021-10-26,153.6233333333333,LV
2021-10-27,111.18875,LV
2021-10-28,100.96875,LV
2021-10-29,111.29,LV
2021-10-30,72.6775,LV
2021-10-31,64.6428,LV
2021-11-01,71.02125,LV
2021-11-02,86.835,LV
2021-11-03,103.12875,LV
2021-11-04,96.84291666666668,LV
2021-11-05,60.05708333333333,LV
2021-11-06,19.634583333333335,LV
2021-11-07,31.30458333333333,LV
2021-11-08,124.26916666666666,LV
2021-11-09,116.92708333333331,LV
2021-11-10,123.92291666666668,LV
2021-11-11,121.66791666666668,LV
2021-11-12,136.57541666666663,LV
2021-11-13,138.25375,LV
2021-11-14,115.53541666666666,LV
2021-11-15,181.57291666666663,LV
2021-11-16,169.11708333333334,LV
2021-11-17,130.79,LV
2021-11-18,95.665,LV
2021-11-19,85.13,LV
2021-11-20,88.57625,LV
2021-11-21,112.605,LV
2021-11-22,162.54375000000002,LV
2021-11-23,155.53333333333333,LV
2021-11-24,135.76541666666665,LV
2021-11-25,118.16625,LV
2021-11-26,165.5925,LV
2021-11-27,175.08124999999998,LV
2021-11-28,188.09375,LV
2021-11-29,263.955,LV
2021-11-30,187.52,LV
2021-12-01,167.92791666666668,LV
2021-12-02,196.4275,LV
2021-12-03,188.03833333333333,LV
2021-12-04,165.49875,LV
2021-12-05,148.275,LV
2021-12-06,290.0575,LV
2021-12-07,469.0291666666667,LV
2021-12-08,439.6875,LV
2021-12-09,270.79291666666666,LV
2021-12-10,226.99041666666665,LV
2021-12-11,208.64875,LV
2021-12-12,180.72,LV
2021-12-13,214.77833333333336,LV
2021-12-14,222.9875,LV
2021-12-15,153.07291666666666,LV
2021-12-16,136.30291666666668,LV
2021-12-17,162.41958333333335,LV
2021-12-18,125.76083333333334,LV
2021-12-19,88.00875,LV
2021-12-20,269.8229166666667,LV
2021-12-21,413.4808333333333,LV
2021-12-22,367.1716666666667,LV
2021-12-23,256.54583333333335,LV
2021-12-24,139.79583333333332,LV
2021-12-25,128.96583333333334,LV
2021-12-26,156.69875,LV
2021-12-27,158.0404166666667,LV
2021-12-28,132.68666666666667,LV
2021-12-29,155.30416666666667,LV
2021-12-30,113.93916666666668,LV
2021-12-31,82.17521739130434,LV
2022-01-01,82.50083333333333,LV
2022-01-02,57.76291666666666,LV
2022-01-03,91.85416666666669,LV
2022-01-04,145.54916666666665,LV
2022-01-05,122.63916666666668,LV
2022-01-06,171.23375,LV
2022-01-07,166.3420833333333,LV
2022-01-08,159.96375,LV
2022-01-09,145.82291666666666,LV
2022-01-10,248.70875,LV
2022-01-11,211.22958333333335,LV
2022-01-12,192.03875,LV
2022-01-13,153.65625,LV
2022-01-14,99.75375,LV
2022-01-15,145.19375,LV
2022-01-16,104.72666666666667,LV
2022-01-17,104.6775,LV
2022-01-18,174.63333333333333,LV
2022-01-19,151.26250000000002,LV
2022-01-20,98.79916666666666,LV
2022-01-21,126.24166666666667,LV
2022-01-22,168.31791666666666,LV
2022-01-23,152.47833333333332,LV
2022-01-24,147.77125,LV
2022-01-25,179.50625,LV
2022-01-26,182.59,LV
2022-01-27,152.54375000000002,LV
2022-01-28,129.2170833333333,LV
2022-01-29,137.35375000000002,LV
2022-01-30,75.72875,LV
2022-01-31,178.16458333333333,LV
2022-02-01,186.55625,LV
2022-02-02,169.70833333333334,LV
2022-02-03,176.9391666666667,LV
2022-02-04,128.4675,LV
2022-02-05,72.30541666666666,LV
2022-02-06,93.98833333333332,LV
2022-02-07,108.78916666666667,LV
2022-02-08,126.65875,LV
2022-02-09,119.47583333333334,LV
2022-02-10,112.96625,LV
2022-02-11,122.9125,LV
2022-02-12,89.44166666666666,LV
2022-02-13,24.2325,LV
2022-02-14,69.19708333333334,LV
2022-02-15,97.00291666666668,LV
2022-02-16,80.53166666666667,LV
2022-02-17,63.0075,LV
2022-02-18,81.44666666666667,LV
2022-02-19,63.43541666666667,LV
2022-02-20,73.94291666666668,LV
2022-02-21,78.26958333333333,LV
2022-02-22,113.00583333333331,LV
2022-02-23,110.08291666666666,LV
2022-02-24,74.58583333333333,LV
2022-02-25,86.00666666666666,LV
2022-02-26,128.92,LV
2022-02-27,118.84125,LV
2022-02-28,161.41416666666666,LV
2022-03-01,152.51375,LV
2022-03-02,194.69083333333333,LV
2022-03-03,188.60541666666663,LV
2022-03-04,223.68125,LV
2022-03-05,191.17166666666665,LV
2022-03-06,112.28708333333331,LV
2022-03-07,210.54375,LV
2022-03-08,240.50541666666663,LV
2022-03-09,246.4154166666667,LV
2022-03-10,194.59375,LV
2022-03-11,143.38458333333332,LV
2022-03-12,121.16916666666668,LV
2022-03-13,86.6275,LV
2022-03-14,171.1525,LV
2022-03-15,251.98,LV
2022-03-16,212.78708333333336,LV
2022-03-17,150.58583333333334,LV
2022-03-18,172.63250000000002,LV
2022-03-19,128.40583333333333,LV
2022-03-20,85.36708333333333,LV
2022-03-21,164.46291666666667,LV
2022-03-22,201.6241666666667,LV
2022-03-23,202.45458333333332,LV
2022-03-24,188.51,LV
2022-03-25,159.41958333333335,LV
2022-03-26,61.90041666666667,LV
2022-03-27,79.84,LV
2022-03-28,67.06708333333333,LV
2022-03-29,195.07458333333332,LV
2022-03-30,185.40083333333337,LV
2022-03-31,195.47083333333333,LV
2022-04-01,155.4475,LV
2022-04-02,112.46958333333332,LV
2022-04-03,88.66958333333334,LV
2022-04-04,72.38791666666667,LV
2022-04-05,83.36874999999999,LV
2022-04-06,119.12708333333336,LV
2022-04-07,85.08,LV
2022-04-08,47.032916666666665,LV
2022-04-09,29.769166666666667,LV
2022-04-10,20.627083333333335,LV
2022-04-11,138.3475,LV
2022-04-12,153.08291666666665,LV
2022-04-13,141.50791666666666,LV
2022-04-14,122.405,LV
2022-04-15,83.5,LV
2022-04-16,65.705,LV
2022-04-17,47.12958333333333,LV
2022-04-18,87.06375000000001,LV
2022-04-19,114.90541666666668,LV
2022-04-20,77.4025,LV
2022-04-21,62.055416666666666,LV
2022-04-22,92.3,LV
2022-04-23,63.04291666666666,LV
2022-04-24,77.71708333333333,LV
2022-04-25,175.75125,LV
2022-04-26,164.16958333333335,LV
2022-04-27,169.75,LV
2022-04-28,217.35833333333335,LV
2022-04-29,222.7875,LV
2022-04-30,191.89458333333337,LV
2022-05-01,139.32208333333332,LV
2022-05-02,157.15708333333333,LV
2022-05-03,145.27875,LV
2022-05-04,206.7625,LV
2022-05-05,218.67291666666665,LV
2022-05-06,212.84041666666667,LV
2022-05-07,171.17791666666668,LV
2022-05-08,125.30583333333334,LV
2022-05-09,179.02791666666667,LV
2022-05-10,130.98083333333332,LV
2022-05-11,98.63375,LV
2022-05-12,107.91375,LV
2022-05-13,127.76333333333334,LV
2022-05-14,109.81166666666668,LV
2022-05-15,97.4975,LV
2022-05-16,151.98416666666665,LV
2022-05-17,182.62458333333333,LV
2022-05-18,202.925,LV
2022-05-19,227.13291666666663,LV
2022-05-20,244.71583333333336,LV
2022-05-21,166.35708333333335,LV
2022-05-22,149.74291666666667,LV
2022-05-23,188.495,LV
2022-05-24,172.61916666666664,LV
2022-05-25,194.07958333333332,LV
2022-05-26,141.30208333333334,LV
2022-05-27,168.08833333333334,LV
2022-05-28,116.06125,LV
2022-05-29,137.63250000000002,LV
2022-05-30,207.92541666666668,LV
2022-05-31,210.32875,LV
2022-06-01,235.53041666666664,LV
2022-06-02,168.50708333333333,LV
2022-06-03,159.73208333333335,LV
2022-06-04,169.615,LV
2022-06-05,128.62208333333334,LV
2022-06-06,195.94833333333335,LV
2022-06-07,208.73625,LV
2022-06-08,230.295,LV
2022-06-09,220.26416666666668,LV
2022-06-10,291.45458333333335,LV
2022-06-11,148.415,LV
2022-06-12,116.93125,LV
2022-06-13,176.08208333333334,LV
2022-06-14,198.06000000000003,LV
2022-06-15,216.85791666666668,LV
2022-06-16,167.94875,LV
2022-06-17,230.35166666666663,LV
2022-06-18,159.26208333333332,LV
2022-06-19,114.44,LV
2022-06-20,272.43583333333333,LV
2022-06-21,242.15374999999997,LV
2022-06-22,267.09125,LV
2022-06-23,287.18375,LV
2022-06-24,233.53958333333333,LV
2022-06-25,226.67208333333335,LV
2022-06-26,187.66791666666663,LV
2022-06-27,332.3016666666667,LV
2022-06-28,318.2245833333333,LV
2022-06-29,317.03458333333333,LV
2022-06-30,327.3883333333333,LV
2022-07-01,337.43333333333334,LV
2022-07-02,244.12625,LV
2022-07-03,227.0525,LV
2022-07-04,382.7654166666666,LV
2022-07-05,337.3858333333333,LV
2022-07-06,288.4775,LV
2022-07-07,297.0366666666667,LV
2022-07-08,259.2404166666667,LV
2022-07-09,165.78416666666666,LV
2022-07-10,164.98916666666668,LV
2022-07-11,415.65208333333334,LV
2022-07-12,360.17,LV
2022-07-13,379.2129166666667,LV
2022-07-14,328.91416666666663,LV
2022-07-15,289.4904166666667,LV
2022-07-16,212.40916666666664,LV
2022-07-17,143.85958333333335,LV
2022-07-18,278.41249999999997,LV
2022-07-19,278.53208333333333,LV
2022-07-20,237.30166666666665,LV
2022-07-21,446.28375,LV
2022-07-22,374.69125,LV
2022-07-23,337.05583333333334,LV
2022-07-24,275.59458333333333,LV
2022-07-25,255.67916666666667,LV
2022-07-26,400.1933333333333,LV
2022-07-27,241.95041666666668,LV
2022-07-28,430.6779166666667,LV
2022-07-29,370.26708333333335,LV
2022-07-30,381.40166666666664,LV
2022-07-31,311.8308333333334,LV
2022-08-01,394.11083333333335,LV
2022-08-02,411.74583333333334,LV
2022-08-03,440.7595833333333,LV
2022-08-04,454.7695833333333,LV
2022-08-05,368.6354166666667,LV
2022-08-06,272.57916666666665,LV
2022-08-07,229.20916666666668,LV
2022-08-08,516.1062499999999,LV
2022-08-09,354.2004166666666,LV
2022-08-10,343.5516666666667,LV
2022-08-11,507.52875,LV
2022-08-12,459.2729166666666,LV
2022-08-13,390.37958333333336,LV
2022-08-14,376.12875,LV
2022-08-15,462.4249999999999,LV
2022-08-16,488.0345833333334,LV
2022-08-17,823.9820833333333,LV
2022-08-18,562.0308333333334,LV
2022-08-19,515.7608333333334,LV
2022-08-20,393.7008333333333,LV
2022-08-21,341.45125,LV
2022-08-22,542.7891666666667,LV
2022-08-23,543.6395833333333,LV
2022-08-24,582.395,LV
2022-08-25,593.29,LV
2022-08-26,563.1133333333333,LV
2022-08-27,450.6191666666667,LV
2022-08-28,374.5729166666667,LV
2022-08-29,619.5741666666667,LV
2022-08-30,559.1716666666666,LV
2022-08-31,564.6858333333333,LV
2022-09-01,470.5775,LV
2022-09-02,366.91124999999994,LV
2022-09-03,286.7320833333333,LV
2022-09-04,224.9958333333333,LV
2022-09-05,366.7920833333333,LV
2022-09-06,324.5883333333333,LV
2022-09-07,436.06125,LV
2022-09-08,314.7920833333333,LV
2022-09-09,290.9633333333333,LV
2022-09-10,338.62833333333333,LV
2022-09-11,362.64125,LV
2022-09-12,424.2270833333334,LV
2022-09-13,453.48375,LV
2022-09-14,470.37583333333333,LV
2022-09-15,406.3745833333333,LV
2022-09-16,391.4704166666666,LV
2022-09-17,249.0320833333333,LV
2022-09-18,116.10958333333332,LV
2022-09-19,275.22499999999997,LV
2022-09-20,352.615,LV
2022-09-21,378.1429166666667,LV
2022-09-22,360.5925,LV
2022-09-23,374.0470833333333,LV
2022-09-24,353.4875,LV
2022-09-25,276.6958333333333,LV
2022-09-26,347.4183333333333,LV
2022-09-27,316.61708333333337,LV
2022-09-28,363.4479166666667,LV
2022-09-29,421.5179166666667,LV
2022-09-30,415.16083333333336,LV
2022-10-01,286.28000000000003,LV
2022-10-02,261.7595833333333,LV
2022-10-03,276.5154166666667,LV
2022-10-04,258.71583333333336,LV
2022-10-05,281.01875,LV
2022-10-06,214.68166666666664,LV
2022-10-07,156.51000000000002,LV
2022-10-08,132.49208333333334,LV
2022-10-09,139.91166666666666,LV
2022-10-10,181.93375,LV
2022-10-11,233.1266666666667,LV
2022-10-12,275.46,LV
2022-10-13,249.68291666666667,LV
2022-10-14,219.24333333333337,LV
2022-10-15,150.64166666666668,LV
2022-10-16,104.57958333333332,LV
2022-10-17,183.0725,LV
2022-10-18,194.17375,LV
2022-10-19,174.4725,LV
2022-10-20,229.48625,LV
2022-10-21,256.24333333333334,LV
2022-10-22,159.57958333333332,LV
2022-10-23,116.07583333333334,LV
2022-10-24,204.82791666666665,LV
2022-10-25,165.3925,LV
2022-10-26,154.01458333333332,LV
2022-10-27,166.50666666666666,LV
2022-10-28,127.82958333333332,LV
2022-10-29,68.58208333333333,LV
2022-10-30,101.7888,LV
2022-10-31,146.8575,LV
2022-11-01,239.59666666666664,LV
2022-11-02,165.99375,LV
2022-11-03,173.22541666666666,LV
2022-11-04,168.93166666666667,LV
2022-11-05,120.99666666666668,LV
2022-11-06,110.38458333333334,LV
2022-11-07,150.87916666666666,LV
2022-11-08,169.69583333333333,LV
2022-11-09,212.81958333333333,LV
2022-11-10,246.91625,LV
2022-11-11,143.01833333333337,LV
2022-11-12,174.6625,LV
2022-11-13,161.79583333333332,LV
2022-11-14,183.95125,LV
2022-11-15,193.9225,LV
2022-11-16,303.32875,LV
2022-11-17,282.64,LV
2022-11-18,274.63125,LV
2022-11-19,218.75875,LV
2022-11-20,217.57541666666668,LV
2022-11-21,264.1933333333333,LV
2022-11-22,270.12791666666664,LV
2022-11-23,247.24541666666667,LV
2022-11-24,271.53833333333336,LV
2022-11-25,285.9891666666667,LV
2022-11-26,261.7129166666667,LV
2022-11-27,228.68791666666667,LV
2022-11-28,272.745,LV
2022-11-29,380.84833333333336,LV
2022-11-30,396.3945833333333,LV
2022-12-01,395.0154166666667,LV
2022-12-02,369.3254166666666,LV
2022-12-03,336.2654166666667,LV
2022-12-04,305.2054166666667,LV
2022-12-05,338.14625,LV
2022-12-06,384.39708333333334,LV
2022-12-07,340.06958333333336,LV
2022-12-08,387.55125,LV
2022-12-09,408.3108333333334,LV
2022-12-10,351.7208333333333,LV
2022-12-11,327.00624999999997,LV
2022-12-12,411.3229166666667,LV
2022-12-13,439.17541666666665,LV
2022-12-14,444.5854166666666,LV
2022-12-15,397.54625,LV
2022-12-16,407.70208333333335,LV
2022-12-17,269.3070833333333,LV
2022-12-18,183.51916666666668,LV
2022-12-19,198.44208333333333,LV
2022-12-20,200.88166666666663,LV
2022-12-21,241.59041666666667,LV
2022-12-22,197.99208333333337,LV
2022-12-23,194.08833333333337,LV
2022-12-24,114.63208333333334,LV
2022-12-25,103.31916666666666,LV
2022-12-26,41.53666666666667,LV
2022-12-27,99.33583333333333,LV
2022-12-28,133.81375,LV
2022-12-29,90.40291666666668,LV
2022-12-30,57.38791666666666,LV
2022-12-31,11.875217391304348,LV
2023-01-01,18.23375,LV
2023-01-02,123.36833333333334,LV
2023-01-03,132.75541666666666,LV
2023-01-04,101.67958333333333,LV
2023-01-05,111.93625000000002,LV
2023-01-06,111.80166666666668,LV
2023-01-07,96.19958333333334,LV
2023-01-08,55.6625,LV
2023-01-09,123.5925,LV
2023-01-10,130.44708333333332,LV
2023-01-11,86.29708333333333,LV
2023-01-12,78.00416666666668,LV
2023-01-13,78.77499999999999,LV
2023-01-14,64.75375,LV
2023-01-15,17.924583333333334,LV
2023-01-16,77.77333333333333,LV
2023-01-17,73.06708333333333,LV
2023-01-18,110.21958333333332,LV
2023-01-19,137.40333333333334,LV
2023-01-20,163.7125,LV
2023-01-21,127.67375,LV
2023-01-22,121.54291666666668,LV
2023-01-23,173.37041666666667,LV
2023-01-24,140.52916666666667,LV
2023-01-25,90.50875,LV
2023-01-26,138.42041666666668,LV
2023-01-27,132.37416666666667,LV
2023-01-28,84.30291666666666,LV
2023-01-29,37.68208333333333,LV
2023-01-30,64.21541666666667,LV
2023-01-31,87.67625,LV
2023-02-01,118.89875,LV
2023-02-02,138.92541666666668,LV
2023-02-03,132.3454166666667,LV
2023-02-04,129.53416666666666,LV
2023-02-05,111.4575,LV
2023-02-06,156.99375,LV
2023-02-07,162.08541666666667,LV
2023-02-08,117.32708333333332,LV
2023-02-09,79.24875,LV
2023-02-10,77.19833333333334,LV
2023-02-11,83.48291666666667,LV
2023-02-12,103.14916666666666,LV
2023-02-13,113.99041666666666,LV
2023-02-14,138.84916666666666,LV
2023-02-15,133.49375,LV
2023-02-16,124.52208333333331,LV
2023-02-17,109.2975,LV
2023-02-18,76.16541666666667,LV
2023-02-19,80.5825,LV
2023-02-20,84.38041666666666,LV
2023-02-21,114.9475,LV
2023-02-22,141.07,LV
2023-02-23,116.79916666666666,LV
2023-02-24,118.96625,LV
2023-02-25,70.74374999999999,LV
2023-02-26,86.29916666666666,LV
2023-02-27,141.39541666666665,LV
2023-02-28,123.45916666666666,LV
2023-03-01,125.70791666666666,LV
2023-03-02,120.28416666666668,LV
2023-03-03,97.91166666666668,LV
2023-03-04,89.40958333333333,LV
2023-03-05,117.855,LV
2023-03-06,150.51375,LV
2023-03-07,121.07791666666668,LV
2023-03-08,131.96458333333334,LV
2023-03-09,135.41041666666666,LV
2023-03-10,116.51,LV
2023-03-11,99.7825,LV
2023-03-12,82.07000000000001,LV
2023-03-13,70.02583333333332,LV
2023-03-14,76.90791666666667,LV
2023-03-15,112.13791666666668,LV
2023-03-16,101.30916666666668,LV
2023-03-17,67.77708333333334,LV
2023-03-18,30.48625,LV
2023-03-19,65.69125,LV
2023-03-20,96.98208333333334,LV
2023-03-21,99.905,LV
2023-03-22,44.069583333333334,LV
2023-03-23,34.60583333333333,LV
2023-03-24,40.11291666666667,LV
2023-03-25,28.32041666666667,LV
2023-03-26,49.23173913043478,LV
2023-03-27,66.89916666666666,LV
2023-03-28,77.59875,LV
2023-03-29,105.88166666666666,LV
2023-03-30,83.27083333333333,LV
2023-03-31,79.56708333333333,LV
2023-04-01,42.13041666666667,LV
2023-04-02,51.80916666666667,LV
2023-04-03,101.87083333333334,LV
2023-04-04,121.09708333333332,LV
2023-04-05,124.56791666666668,LV
2023-04-06,96.01375,LV
2023-04-07,56.361250000000005,LV
2023-04-08,53.72708333333333,LV
2023-04-09,51.989583333333336,LV
2023-04-10,29.05458333333333,LV
2023-04-11,40.057916666666664,LV
2023-04-12,39.141666666666666,LV
2023-04-13,22.730833333333333,LV
2023-04-14,36.42541666666667,LV
2023-04-15,41.5975,LV
2023-04-16,72.33791666666666,LV
2023-04-17,105.29416666666668,LV
2023-04-18,85.29833333333333,LV
2023-04-19,56.537083333333335,LV
2023-04-20,58.6325,LV
2023-04-21,73.87375,LV
2023-04-22,35.50541666666667,LV
2023-04-23,36.709583333333335,LV
2023-04-24,73.30375,LV
2023-04-25,64.4075,LV
2023-04-26,79.97125,LV
2023-04-27,108.09666666666668,LV
2023-04-28,103.54458333333332,LV
2023-04-29,71.73458333333333,LV
2023-04-30,43.0075,LV
2023-05-01,51.13583333333333,LV
2023-05-02,95.24791666666664,LV
2023-05-03,84.27916666666667,LV
2023-05-04,96.06708333333334,LV
2023-05-05,85.38833333333334,LV
2023-05-06,73.28916666666667,LV
2023-05-07,60.879999999999995,LV
2023-05-08,85.08958333333334,LV
2023-05-09,79.69125,LV
2023-05-10,71.52208333333333,LV
2023-05-11,94.26875,LV
2023-05-12,94.89875,LV
2023-05-13,76.6425,LV
2023-05-14,71.48625,LV
2023-05-15,115.69916666666668,LV
2023-05-16,83.095,LV
2023-05-17,85.84208333333333,LV
2023-05-18,97.5775,LV
2023-05-19,88.745,LV
2023-05-20,46.93541666666667,LV
2023-05-21,31.660416666666663,LV
2023-05-22,95.905,LV
2023-05-23,79.33624999999999,LV
2023-05-24,126.945,LV
2023-05-25,75.5475,LV
2023-05-26,54.062083333333334,LV
2023-05-27,62.56166666666667,LV
2023-05-28,44.451249999999995,LV
2023-05-29,42.8675,LV
2023-05-30,88.75625000000001,LV
2023-05-31,78.65875,LV
2023-06-01,76.43416666666667,LV
2023-06-02,80.05291666666666,LV
2023-06-03,56.0625,LV
2023-06-04,52.93833333333333,LV
2023-06-05,92.37125,LV
2023-06-06,98.47,LV
2023-06-07,100.63208333333334,LV
2023-06-08,108.87666666666668,LV
2023-06-09,86.64166666666667,LV
2023-06-10,59.72958333333333,LV
2023-06-11,43.79083333333333,LV
2023-06-12,99.34333333333332,LV
2023-06-13,108.73583333333332,LV
2023-06-14,111.25833333333333,LV
2023-06-15,130.66791666666666,LV
2023-06-16,129.55875,LV
2023-06-17,104.58791666666669,LV
2023-06-18,95.44875,LV
2023-06-19,118.54541666666668,LV
2023-06-20,121.34583333333336,LV
2023-06-21,119.36875,LV
2023-06-22,122.94041666666668,LV
2023-06-23,123.8125,LV
2023-06-24,82.99708333333334,LV
2023-06-25,57.93541666666667,LV
2023-06-26,123.07958333333332,LV
2023-06-27,109.21416666666666,LV
2023-06-28,112.84166666666664,LV
2023-06-29,118.40583333333332,LV
2023-06-30,114.88708333333334,LV
2023-07-01,64.24833333333333,LV
2023-07-02,4.9675,LV
2023-07-03,31.06875,LV
2023-07-04,71.7325,LV
2023-07-05,93.97625,LV
2023-07-06,99.29916666666666,LV
2023-07-07,89.95125,LV
2023-07-08,58.84916666666667,LV
2023-07-09,59.73916666666667,LV
2023-07-10,112.71666666666664,LV
2023-07-11,115.97416666666668,LV
2023-07-12,107.56916666666666,LV
2023-07-13,111.42875,LV
2023-07-14,98.91166666666668,LV
2023-07-15,36.275,LV
2023-07-16,32.361666666666665,LV
2023-07-17,110.63041666666668,LV
2023-07-18,80.3975,LV
2023-07-19,111.99166666666667,LV
2023-07-20,105.975,LV
2023-07-21,114.38583333333334,LV
2023-07-22,81.93416666666667,LV
2023-07-23,36.52833333333333,LV
2023-07-24,114.64791666666667,LV
2023-07-25,112.94416666666666,LV
2023-07-26,123.58875,LV
2023-07-27,103.43,LV
2023-07-28,102.41416666666667,LV
2023-07-29,75.64041666666667,LV
2023-07-30,55.357499999999995,LV
2023-07-31,80.03833333333334,LV
2023-08-01,98.76833333333332,LV
2023-08-02,69.85708333333334,LV
2023-08-03,39.69416666666667,LV
2023-08-04,71.46458333333334,LV
2023-08-05,83.82125,LV
2023-08-06,44.14875,LV
2023-08-07,35.40416666666667,LV
2023-08-08,15.366666666666667,LV
2023-08-09,78.4225,LV
2023-08-10,98.21875,LV
2023-08-11,105.24916666666668,LV
2023-08-12,67.63791666666667,LV
2023-08-13,49.92124999999999,LV
2023-08-14,83.62875,LV
2023-08-15,64.40791666666667,LV
2023-08-16,105.80458333333333,LV
2023-08-17,164.65375,LV
2023-08-18,139.5825,LV
2023-08-19,130.58916666666667,LV
2023-08-20,124.51375,LV
2023-08-21,203.35958333333335,LV
2023-08-22,141.4283333333333,LV
2023-08-23,144.56166666666667,LV
2023-08-24,147.56125,LV
2023-08-25,145.82375,LV
2023-08-26,110.305,LV
2023-08-27,105.04333333333334,LV
2023-08-28,135.01375,LV
2023-08-29,114.97875,LV
2023-08-30,129.72916666666666,LV
2023-08-31,128.19166666666666,LV
2023-09-01,123.175,LV
2023-09-02,86.92750000000001,LV
2023-09-03,64.69708333333334,LV
2023-09-04,148.34916666666666,LV
2023-09-05,108.94416666666666,LV
2023-09-06,129.82958333333332,LV
2023-09-07,170.31166666666667,LV
2023-09-08,122.74541666666666,LV
2023-09-09,121.42208333333332,LV
2023-09-10,90.77916666666664,LV
2023-09-11,190.83166666666668,LV
2023-09-12,148.7425,LV
2023-09-13,137.69666666666666,LV
2023-09-14,121.6775,LV
2023-09-15,151.54958333333337,LV
2023-09-16,132.21541666666667,LV
2023-09-17,113.255,LV
2023-09-18,140.09125,LV
2023-09-19,95.17208333333332,LV
2023-09-20,115.61791666666666,LV
2023-09-21,159.47208333333333,LV
2023-09-22,106.71166666666666,LV
2023-09-23,114.78666666666668,LV
2023-09-24,42.471666666666664,LV
2023-09-25,99.02041666666666,LV
2023-09-26,117.72833333333334,LV
2023-09-27,99.06166666666668,LV
2023-09-28,94.67208333333332,LV
2023-09-29,85.53125,LV
2023-09-30,83.92125,LV
2023-10-01,51.5025,LV
2023-10-02,149.27166666666668,LV
2023-10-03,72.33916666666667,LV
2023-10-04,57.15541666666667,LV
2023-10-05,75.13666666666667,LV
2023-10-06,86.06291666666665,LV
2023-10-07,7.487083333333333,LV
2023-10-08,14.425416666666663,LV
2023-10-09,107.08125,LV
2023-10-10,124.51458333333332,LV
2023-10-11,65.87541666666667,LV
2023-10-12,47.16,LV
2023-10-13,99.67291666666668,LV
2023-10-14,21.242083333333333,LV
2023-10-15,24.462083333333336,LV
2023-10-16,111.37291666666664,LV
2023-10-17,107.78291666666668,LV
2023-10-18,92.75666666666666,LV
2023-10-19,94.48583333333332,LV
2023-10-20,65.39916666666666,LV
2023-10-21,56.55458333333333,LV
2023-10-22,86.89999999999999,LV
2023-10-23,169.775,LV
2023-10-24,141.23708333333337,LV
2023-10-25,126.3825,LV
2023-10-26,132.74,LV
2023-10-27,151.05791666666667,LV
2023-10-28,147.02833333333334,LV
2023-10-29,51.0396,LV
2023-10-30,89.95541666666666,LV
2023-10-31,81.985,LV
2023-11-01,49.02708333333334,LV
2023-11-02,73.27208333333333,LV
2023-11-03,56.484166666666674,LV
2023-11-04,23.113333333333333,LV
2023-11-05,33.98875,LV
2023-11-06,89.3925,LV
2023-11-07,119.20041666666668,LV
2023-11-08,126.16708333333334,LV
2023-11-09,95.90666666666668,LV
2023-11-10,90.71458333333334,LV
2023-11-11,89.28208333333333,LV
2023-11-12,93.72375,LV
2023-11-13,106.71041666666667,LV
2023-11-14,99.45041666666668,LV
2023-11-15,105.12208333333332,LV
2023-11-16,131.88083333333333,LV
2023-11-17,119.98208333333334,LV
2023-11-18,101.15791666666668,LV
2023-11-19,65.98958333333333,LV
2023-11-20,116.28083333333332,LV
2023-11-21,287.86875000000003,LV
2023-11-22,119.98125,LV
2023-11-23,59.65958333333333,LV
2023-11-24,81.70375,LV
2023-11-25,94.11125,LV
2023-11-26,120.33375,LV
2023-11-27,132.93166666666667,LV
2023-11-28,136.0329166666667,LV
2023-11-29,167.92083333333332,LV
2023-11-30,168.54833333333332,LV
2023-12-01,158.15958333333333,LV
2023-12-02,137.07,LV
2023-12-03,134.505,LV
2023-12-04,155.62583333333333,LV
2023-12-05,173.7875,LV
2023-12-06,135.42875,LV
2023-12-07,129.83,LV
2023-12-08,135.01541666666665,LV
2023-12-09,104.98083333333334,LV
2023-12-10,84.11791666666667,LV
2023-12-11,131.01,LV
2023-12-12,149.61291666666668,LV
2023-12-13,124.80291666666666,LV
2023-12-14,133.03416666666666,LV
2023-12-15,133.89791666666667,LV
2023-12-16,67.94458333333334,LV
2023-12-17,28.778333333333332,LV
2023-12-18,58.73333333333333,LV
2023-12-19,34.944583333333334,LV
2023-12-20,64.63625,LV
2023-12-21,59.59125,LV
2023-12-22,36.11541666666667,LV
2023-12-23,34.873333333333335,LV
2023-12-24,39.91041666666667,LV
2023-12-25,32.00541666666667,LV
2023-12-26,40.721250000000005,LV
2023-12-27,58.88833333333333,LV
2023-12-28,45.62708333333333,LV
2023-12-29,27.94,LV
2023-12-30,41.05458333333333,LV
2023-12-31,67.21304347826087,LV
2024-01-01,44.65083333333334,LV
2024-01-02,111.00625,LV
2024-01-03,94.04041666666666,LV
2024-01-04,221.79291666666663,LV
2024-01-05,670.8291666666667,LV
2024-01-06,166.13375,LV
2024-01-07,100.18083333333334,LV
2024-01-08,114.36333333333332,LV
2024-01-09,109.12541666666668,LV
2024-01-10,109.02333333333333,LV
2024-01-11,104.73666666666666,LV
2024-01-12,130.71875,LV
2024-01-13,75.16541666666667,LV
2024-01-14,75.97625000000001,LV
2024-01-15,98.87833333333332,LV
2024-01-16,148.54625,LV
2024-01-17,110.35,LV
2024-01-18,93.43833333333332,LV
2024-01-19,84.33375,LV
2024-01-20,84.7475,LV
2024-01-21,59.59625,LV
2024-01-22,63.22833333333333,LV
2024-01-23,51.81,LV
2024-01-24,75.23541666666667,LV
2024-01-25,78.18666666666667,LV
2024-01-26,106.57708333333332,LV
2024-01-27,110.18541666666664,LV
2024-01-28,87.03583333333334,LV
2024-01-29,81.59125,LV
2024-01-30,92.53,LV
2024-01-31,78.00291666666666,LV
2024-02-01,57.75666666666667,LV
2024-02-02,67.56166666666667,LV
2024-02-03,42.25666666666667,LV
2024-02-04,31.12,LV
2024-02-05,63.185833333333335,LV
2024-02-06,115.72166666666668,LV
2024-02-07,92.37125,LV
2024-02-08,108.61958333333332,LV
2024-02-09,133.75291666666666,LV
2024-02-10,91.06041666666664,LV
2024-02-11,70.40958333333333,LV
2024-02-12,83.1025,LV
2024-02-13,104.20625,LV
2024-02-14,91.62916666666666,LV
2024-02-15,85.57083333333333,LV
2024-02-16,55.79583333333333,LV
2024-02-17,53.93375,LV
2024-02-18,58.88666666666666,LV
2024-02-19,72.73458333333333,LV
2024-02-20,76.62166666666667,LV
2024-02-21,69.64625,LV
2024-02-22,62.663333333333334,LV
2024-02-23,56.38166666666667,LV
2024-02-24,56.37291666666667,LV
2024-02-25,60.150416666666665,LV
2024-02-26,75.80666666666666,LV
2024-02-27,81.05,LV
2024-02-28,85.17291666666667,LV
2024-02-29,65.12916666666666,LV
2024-03-01,52.47416666666667,LV
2024-03-02,45.40708333333333,LV
2024-03-03,58.42291666666667,LV
2024-03-04,79.01958333333333,LV
2024-03-05,75.08416666666666,LV
2024-03-06,81.84625,LV
2024-03-07,90.26916666666666,LV
2024-03-08,85.01125,LV
2024-03-09,73.9675,LV
2024-03-10,42.51333333333333,LV
2024-03-11,63.365,LV
2024-03-12,85.37875000000001,LV
2024-03-13,92.80708333333332,LV
2024-03-14,64.9375,LV
2024-03-15,45.49666666666667,LV
2024-03-16,47.84458333333333,LV
2024-03-17,50.41291666666667,LV
2024-03-18,85.63291666666667,LV
2024-03-19,97.195,LV
2024-03-20,129.02041666666665,LV
2024-03-21,106.69875,LV
2024-03-22,71.22875,LV
2024-03-23,45.45,LV
2024-03-24,55.984583333333326,LV
2024-03-25,92.59541666666668,LV
2024-03-26,90.10583333333334,LV
2024-03-27,50.319583333333334,LV
2024-03-28,40.060833333333335,LV
2024-03-29,24.80458333333333,LV
2024-03-30,44.975,LV
2024-03-31,45.25913043478261,LV
2024-04-01,32.272083333333335,LV
2024-04-02,35.625416666666666,LV
2024-04-03,71.11625,LV
2024-04-04,86.77708333333334,LV
2024-04-05,56.35583333333333,LV
2024-04-06,59.7225,LV
2024-04-07,4.553333333333334,LV
2024-04-08,64.66791666666667,LV
2024-04-09,55.05791666666667,LV
2024-04-10,17.007916666666667,LV
2024-04-11,8.65625,LV
2024-04-12,32.0775,LV
2024-04-13,12.925416666666663,LV
2024-04-14,1.5304166666666668,LV
2024-04-15,67.055,LV
2024-04-16,71.79125,LV
2024-04-17,100.28125,LV
2024-04-18,97.9025,LV
2024-04-19,85.21458333333334,LV
2024-04-20,63.197916666666664,LV
2024-04-21,65.07333333333334,LV
2024-04-22,96.59916666666668,LV
2024-04-23,103.13708333333334,LV
2024-04-24,106.80291666666666,LV
2024-04-25,96.15291666666668,LV
2024-04-26,87.03916666666667,LV
2024-04-27,63.97958333333333,LV
2024-04-28,26.45,LV
2024-04-29,72.55125,LV
2024-04-30,65.845,LV
2024-05-01,21.45875,LV
2024-05-02,30.80458333333333,LV
2024-05-03,49.405833333333334,LV
2024-05-04,56.624583333333334,LV
2024-05-05,54.134166666666665,LV
2024-05-06,71.80916666666667,LV
2024-05-07,98.59541666666668,LV
2024-05-08,134.135,LV
2024-05-09,79.87375,LV
2024-05-10,88.29791666666667,LV
2024-05-11,57.385416666666664,LV
2024-05-12,40.03208333333333,LV
2024-05-13,122.6075,LV
2024-05-14,90.36041666666668,LV
2024-05-15,44.89333333333334,LV
2024-05-16,67.39708333333333,LV
2024-05-17,56.864583333333336,LV
2024-05-18,53.41,LV
2024-05-19,55.85458333333333,LV
2024-05-20,79.70625,LV
2024-05-21,83.89,LV
2024-05-22,58.04583333333333,LV
2024-05-23,69.38375,LV
2024-05-24,86.67625,LV
2024-05-25,69.72041666666667,LV
2024-05-26,60.86916666666667,LV
2024-05-27,101.58666666666666,LV
2024-05-28,92.41916666666668,LV
2024-05-29,113.70708333333332,LV
2024-05-30,161.215,LV
2024-05-31,100.24791666666664,LV
2024-06-01,74.97375,LV
2024-06-02,51.55083333333334,LV
2024-06-03,126.96375,LV
2024-06-04,123.78458333333332,LV
2024-06-05,114.01541666666668,LV
2024-06-06,104.34916666666668,LV
2024-06-07,105.09,LV
2024-06-08,62.404583333333335,LV
2024-06-09,30.135416666666668,LV
2024-06-10,102.36708333333333,LV
2024-06-11,82.87625,LV
2024-06-12,98.82083333333333,LV
2024-06-13,136.97708333333335,LV
2024-06-14,135.24666666666667,LV
2024-06-15,33.95291666666667,LV
2024-06-16,34.969166666666666,LV
2024-06-17,118.26541666666668,LV
2024-06-18,115.96875,LV
2024-06-19,106.26791666666666,LV
2024-06-20,99.86875,LV
2024-06-21,112.71958333333332,LV
2024-06-22,53.73,LV
2024-06-23,56.875416666666666,LV
2024-06-24,103.82375,LV
2024-06-25,128.08583333333334,LV
2024-06-26,121.41208333333331,LV
2024-06-27,109.185,LV
2024-06-28,86.555,LV
2024-06-29,76.55166666666666,LV
2024-06-30,41.40083333333333,LV
2024-07-01,139.28708333333333,LV
2024-07-02,160.08416666666668,LV
2024-07-03,136.07666666666668,LV
2024-07-04,129.85583333333332,LV
2024-07-05,70.37124999999999,LV
2024-07-06,22.881666666666664,LV
2024-07-07,39.35125,LV
2024-07-08,125.385,LV
2024-07-09,104.37791666666668,LV
2024-07-10,105.21958333333332,LV
2024-07-11,118.06208333333332,LV
2024-07-12,125.30666666666669,LV
2024-07-13,64.765,LV
2024-07-14,63.654583333333335,LV
2024-07-15,124.52958333333332,LV
2024-07-16,108.02666666666666,LV
2024-07-17,100.45791666666666,LV
2024-07-18,88.10291666666667,LV
2024-07-19,101.33291666666668,LV
2024-07-20,85.14958333333334,LV
2024-07-21,97.67958333333333,LV
2024-07-22,109.81708333333334,LV
2024-07-23,112.11833333333334,LV
2024-07-24,102.59291666666668,LV
2024-07-25,119.19791666666669,LV
2024-07-26,102.84,LV
2024-07-27,98.67083333333332,LV
2024-07-28,64.81916666666667,LV
2024-07-29,57.45249999999999,LV
2024-07-30,78.97458333333334,LV
2024-07-31,82.08541666666666,LV
2024-08-01,106.47416666666668,LV
2024-08-02,153.05458333333334,LV
2024-08-03,100.69291666666668,LV
2024-08-04,97.84041666666668,LV
2024-08-05,128.06333333333333,LV
2024-08-06,94.58541666666667,LV
2024-08-07,124.25875,LV
2024-08-08,112.505,LV
2024-08-09,101.76458333333332,LV
2024-08-10,54.583333333333336,LV
2024-08-11,51.81708333333333,LV
2024-08-12,93.76541666666668,LV
2024-08-13,106.04208333333334,LV
2024-08-14,137.9045833333333,LV
2024-08-15,93.34083333333332,LV
2024-08-16,112.06375,LV
2024-08-17,100.7625,LV
2024-08-18,95.19333333333331,LV
2024-08-19,132.8475,LV
2024-08-20,125.5525,LV
2024-08-21,128.18166666666667,LV
2024-08-22,111.7825,LV
2024-08-23,104.08041666666666,LV
2024-08-24,81.42458333333333,LV
2024-08-25,39.58125,LV
2024-08-26,130.81666666666666,LV
2024-08-27,112.41125,LV
2024-08-28,115.9425,LV
2024-08-29,128.44416666666666,LV
2024-08-30,130.24708333333334,LV
2024-08-31,109.55583333333334,LV
2024-09-01,82.8,LV
2024-09-02,156.25291666666666,LV
2024-09-03,155.56958333333333,LV
2024-09-04,122.61375,LV
2024-09-05,84.56958333333334,LV
2024-09-06,68.39,LV
2024-09-07,36.71125,LV
2024-09-08,22.449583333333333,LV
2024-09-09,4.825,LV
2024-09-10,103.20791666666666,LV
2024-09-11,78.12833333333333,LV
2024-09-12,133.99333333333334,LV
2024-09-13,196.48291666666668,LV
2024-09-14,66.59666666666666,LV
2024-09-15,93.28708333333331,LV
2024-09-16,117.7225,LV
2024-09-17,123.77625,LV
2024-09-18,96.43208333333332,LV
2024-09-19,87.96249999999999,LV
2024-09-20,98.95916666666666,LV
2024-09-21,64.62875,LV
2024-09-22,97.48,LV
2024-09-23,105.82375,LV
2024-09-24,57.49791666666667,LV
2024-09-25,26.625833333333333,LV
2024-09-26,43.29083333333333,LV
2024-09-27,14.051666666666668,LV
2024-09-28,42.09875,LV
2024-09-29,33.27166666666667,LV
2024-09-30,102.87583333333332,LV
2024-10-01,89.23125,LV
2024-10-02,241.3670833333333,LV
2024-10-03,187.50583333333336,LV
2024-10-04,105.00125,LV
2024-10-05,115.00208333333336,LV
2024-10-06,77.35541666666667,LV
2024-10-07,130.87708333333333,LV
2024-10-08,75.785,LV
2024-10-09,22.997083333333336,LV
2024-10-10,33.89208333333333,LV
2024-10-11,60.318333333333335,LV
2024-10-12,85.49083333333334,LV
2024-10-13,15.2975,LV
2024-10-14,132.6625,LV
2024-10-15,115.68041666666666,LV
2024-10-16,88.64874999999999,LV
2024-10-17,34.88125,LV
2024-10-18,19.531666666666663,LV
2024-10-19,8.475833333333332,LV
2024-10-20,2.60125,LV
2024-10-21,96.63708333333334,LV
2024-10-22,136.39958333333334,LV
2024-10-23,56.595416666666665,LV
2024-10-24,126.33416666666666,LV
2024-10-25,148.81625,LV
2024-10-26,128.80125,LV
2024-10-27,146.13479999999998,LV
2024-10-28,121.52541666666669,LV
2024-10-29,162.69125,LV
2024-10-30,14.227083333333333,LV
2024-10-31,49.77375,LV
2024-11-01,5.992916666666667,LV
2024-11-02,9.86375,LV
2024-11-03,16.835416666666667,LV
2024-11-04,105.00916666666666,LV
2024-11-05,100.16333333333334,LV
2024-11-06,134.06791666666666,LV
2024-11-07,138.36916666666667,LV
2024-11-08,123.27166666666666,LV
2024-11-09,114.6375,LV
2024-11-10,112.84791666666666,LV
2024-11-11,120.70083333333334,LV
2024-11-12,165.84791666666666,LV
2024-11-13,122.93916666666668,LV
2024-11-14,87.13375,LV
2024-11-15,80.97583333333334,LV
2024-11-16,3.0504166666666666,LV
2024-11-17,21.7475,LV
2024-11-18,92.73041666666668,LV
2024-11-19,126.65916666666668,LV
2024-11-20,89.6775,LV
2024-11-21,104.57375,LV
2024-11-22,128.0775,LV
2024-11-23,75.8525,LV
2024-11-24,15.15875,LV
2024-11-25,14.274583333333332,LV
2024-11-26,95.37916666666666,LV
2024-11-27,136.36458333333334,LV
2024-11-28,128.44375,LV
2024-11-29,132.2425,LV
2024-11-30,59.71541666666667,LV
2024-12-01,40.71958333333333,LV
2024-12-02,73.66291666666666,LV
2024-12-03,102.615,LV
2024-12-04,155.78708333333333,LV
2024-12-05,142.33583333333334,LV
2024-12-06,95.60041666666666,LV
2024-12-07,93.90791666666668,LV
2024-12-08,88.78375,LV
2024-12-09,112.025,LV
2024-12-10,148.48125000000002,LV
2024-12-11,225.88833333333332,LV
2024-12-12,234.08666666666667,LV
2024-12-13,143.1341666666667,LV
2024-12-14,46.78875,LV
2024-12-15,43.861250000000005,LV
2024-12-16,37.65541666666667,LV
2024-12-17,100.76625,LV
2024-12-18,142.34125,LV
2024-12-19,33.050000000000004,LV
2024-12-20,44.20541666666667,LV
2024-12-21,42.67291666666667,LV
2024-12-22,22.475416666666664,LV
2024-12-23,102.95958333333334,LV
2024-12-24,71.90166666666667,LV
2024-12-25,12.090833333333334,LV
2024-12-26,33.22833333333333,LV
2024-12-27,142.17375,LV
2024-12-28,126.32041666666667,LV
2024-12-29,60.325,LV
2024-12-30,38.03208333333333,LV
2024-12-31,50.07608695652174,LV
2025-01-01,60.5725,LV
2025-01-02,98.8375,LV
2025-01-03,85.80541666666666,LV
2025-01-04,94.13708333333334,LV
2025-01-05,91.99041666666666,LV
2025-01-06,80.75166666666667,LV
2025-01-07,77.17041666666667,LV
2025-01-08,111.79291666666668,LV
2025-01-09,107.90416666666664,LV
2025-01-10,98.12166666666668,LV
2025-01-11,77.05499999999999,LV
2025-01-12,82.17083333333333,LV
2025-01-13,97.8075,LV
2025-01-14,59.6875,LV
2025-01-15,149.01583333333335,LV
2025-01-16,75.07375,LV
2025-01-17,54.62,LV
2025-01-18,41.48875,LV
2025-01-19,58.56583333333333,LV
2025-01-20,178.28791666666666,LV
2025-01-21,152.8425,LV
2025-01-22,150.92291666666668,LV
2025-01-23,100.39083333333332,LV
2025-01-24,103.69333333333331,LV
2025-01-25,17.175416666666667,LV
2025-01-26,75.17916666666666,LV
2025-01-27,76.5675,LV
2025-01-28,98.34666666666668,LV
2025-01-29,90.62958333333334,LV
2025-01-30,83.19208333333333,LV
2025-01-31,118.29541666666668,LV
2025-02-01,111.46166666666666,LV
2025-02-02,130.35666666666663,LV
2025-02-03,154.44625,LV
2025-02-04,157.86708333333334,LV
2025-02-05,124.06333333333332,LV
2025-02-06,133.64041666666665,LV
2025-02-07,118.85083333333334,LV
2025-02-08,62.7375,LV
2025-02-09,128.55208333333334,LV
2025-02-10,146.82708333333332,LV
2025-02-11,190.00041666666667,LV
2025-02-12,230.35125,LV
2025-02-13,169.29166666666666,LV
2025-02-14,183.15374999999997,LV
2025-02-15,269.24916666666667,LV
2025-02-16,152.08875,LV
2025-02-17,156.65583333333333,LV
2025-02-18,170.97583333333333,LV
2025-02-19,175.23375,LV
2025-02-20,151.20125,LV
2025-02-21,96.44875,LV
2025-02-22,100.89125,LV
2025-02-23,115.07125,LV
2025-02-24,136.93125,LV
2025-02-25,130.71583333333334,LV
2025-02-26,162.19833333333335,LV
2025-02-27,196.11833333333337,LV
2025-02-28,193.7825,LV
2025-03-01,134.03083333333333,LV
2025-03-02,69.69083333333333,LV
2025-03-03,24.21375,LV
2025-03-04,27.05333333333333,LV
2025-03-05,23.584999999999997,LV
2025-03-06,29.93166666666667,LV
2025-03-07,97.46125,LV
2025-03-08,65.87291666666667,LV
2025-03-09,119.72958333333332,LV
2025-03-10,121.24375,LV
2025-03-11,127.67291666666668,LV
2025-03-12,149.16208333333333,LV
2025-03-13,173.17999999999998,LV
2025-03-14,124.20583333333332,LV
2025-03-15,69.69666666666667,LV
2025-03-16,22.070000000000004,LV
2025-03-17,83.81166666666667,LV
2025-03-18,65.78125,LV
2025-03-19,60.22833333333333,LV
2025-03-20,89.47874999999999,LV
2025-03-21,114.52791666666668,LV
2025-03-22,6.96,LV
2025-03-23,10.416666666666666,LV
2025-03-24,121.17958333333333,LV
2025-03-25,90.84958333333331,LV
2025-03-26,170.46791666666667,LV
2025-03-27,98.35958333333332,LV
2025-03-28,109.87458333333332,LV
2025-03-29,34.526666666666664,LV
2025-03-30,108.16739130434782,LV
2025-03-31,308.9975,LV
2025-04-01,185.5329166666667,LV
2025-04-02,62.67083333333333,LV
2025-04-03,67.80583333333334,LV
2025-04-04,53.067499999999995,LV
2025-04-05,26.423333333333332,LV
2025-04-06,52.36000000000001,LV
2025-04-07,93.63458333333334,LV
2025-04-08,91.17958333333333,LV
2025-04-09,50.435833333333335,LV
2025-04-10,72.92,LV
2025-04-11,71.61916666666666,LV
2025-04-12,69.40124999999999,LV
2025-04-13,45.18416666666667,LV
2025-04-14,64.50708333333334,LV
2025-04-15,52.192499999999995,LV
2025-04-16,48.48708333333334,LV
2025-04-17,87.65333333333332,LV
2025-04-18,62.211666666666666,LV
2025-04-19,69.47958333333334,LV
2025-04-20,69.72583333333334,LV
2025-04-21,76.51833333333333,LV
2025-04-22,141.54125,LV
2025-04-23,118.93333333333334,LV
2025-04-24,132.70666666666668,LV
2025-04-25,87.40416666666665,LV
2025-04-26,47.62416666666667,LV
2025-04-27,59.57666666666666,LV
2025-04-28,73.14,LV
2025-04-29,65.53791666666667,LV
2025-04-30,121.66833333333334,LV
2025-05-01,81.10416666666667,LV
2025-05-02,38.892916666666665,LV
2025-05-03,41.07666666666667,LV
2025-05-04,50.89541666666667,LV
2025-05-05,62.74458333333334,LV
2025-05-06,74.26708333333333,LV
2025-05-07,98.32833333333332,LV
2025-05-08,109.34625,LV
2025-05-09,153.79625,LV
2025-05-10,74.85375,LV
2025-05-11,64.07166666666667,LV
2025-05-12,88.47291666666666,LV
2025-05-13,84.44,LV
2025-05-14,92.76041666666669,LV
2025-05-15,60.60583333333333,LV
2025-05-16,51.721666666666664,LV
2025-05-17,31.308333333333337,LV
2025-05-18,36.827083333333334,LV
2025-05-19,67.69333333333334,LV
2025-05-20,57.30166666666667,LV
2025-05-21,46.91833333333333,LV
2025-05-22,69.15291666666667,LV
2025-05-23,95.95625,LV
2025-05-24,77.65125,LV
2025-05-25,28.12875,LV
2025-05-26,88.48708333333333,LV
2025-05-27,55.02666666666667,LV
2025-05-28,88.1325,LV
2025-05-29,73.38875,LV
2025-05-30,21.946250000000003,LV
2025-05-31,39.37708333333333,LV
2025-06-01,32.577083333333334,LV
2025-06-02,50.43125,LV
2025-06-03,70.06916666666667,LV
2025-06-04,50.98500000000001,LV
2025-06-05,77.42333333333333,LV
2025-06-06,57.556250000000006,LV
2025-06-07,26.355416666666667,LV
2025-06-08,39.08875,LV
2025-06-09,26.620416666666667,LV
2025-06-10,79.22125,LV
2025-06-11,133.22166666666666,LV
2025-06-12,59.88125,LV
2025-06-13,51.92541666666667,LV
2025-06-14,31.917916666666667,LV
2025-06-15,59.56333333333333,LV
2025-06-16,61.22416666666667,LV
2025-06-17,41.75875,LV
2025-06-18,50.88166666666667,LV
2025-06-19,35.495416666666664,LV
2025-06-20,29.261666666666667,LV
2025-06-21,20.1025,LV
2025-06-22,16.927916666666665,LV
2025-06-23,12.5775,LV
2025-06-24,2.8245833333333334,LV
2025-06-25,23.271666666666665,LV
2025-06-26,65.74249999999999,LV
2025-06-27,59.88291666666667,LV
2025-06-28,2.9425000000000003,LV
2025-06-29,-2.61875,LV
2025-06-30,23.14916666666667,LV
2025-07-01,46.9575,LV
2025-07-02,56.73,LV
2025-07-03,15.695,LV
2025-07-04,24.258333333333336,LV
2025-07-05,22.530833333333337,LV
2025-07-06,22.82166666666667,LV
2025-07-07,81.75666666666667,LV
2025-07-08,53.46791666666667,LV
2025-07-09,85.92291666666667,LV
2025-07-10,67.16541666666667,LV
2025-07-11,9.234583333333331,LV
2025-07-12,10.3375,LV
2025-07-13,14.507083333333334,LV
2025-07-14,39.410833333333336,LV
2025-07-15,57.97708333333333,LV
2025-07-16,78.625,LV
2025-07-17,63.63458333333333,LV
2025-07-18,61.105,LV
2025-07-19,27.02333333333333,LV
2025-07-20,36.03375,LV
2025-07-21,54.94625,LV
2025-07-22,40.60583333333333,LV
2025-07-23,50.08041666666667,LV
2025-07-24,84.78708333333334,LV
2025-07-25,64.45375,LV
2025-07-26,41.56333333333333,LV
2025-07-27,57.439166666666665,LV
2025-07-28,58.751666666666665,LV
2025-07-29,12.788333333333334,LV
2025-07-30,38.36708333333333,LV
2025-07-31,50.67958333333333,LV
2025-08-01,94.3325,LV
2025-08-02,66.15125,LV
2025-08-03,38.43625,LV
2025-08-04,71.4525,LV
2025-08-05,5.873333333333334,LV
2025-08-06,2.6391666666666667,LV
2025-08-07,31.944166666666664,LV
2025-08-08,70.2975,LV
2025-08-09,57.031666666666666,LV
2025-08-10,23.115,LV
2025-08-11,73.91958333333334,LV
2025-08-12,94.16791666666668,LV
2025-08-13,113.31541666666668,LV
2025-08-14,116.80708333333332,LV
2025-08-15,78.37416666666667,LV
2025-08-16,42.80625,LV
2025-08-17,49.319583333333334,LV
2025-08-18,111.86125,LV
2025-08-19,78.20916666666666,LV
2025-08-20,119.94666666666669,LV
2025-08-21,138.63625,LV
2025-08-22,132.55875,LV
2025-08-23,69.69916666666667,LV
2025-08-24,71.37541666666667,LV
2025-08-25,80.64125,LV
2025-08-26,114.15083333333332,LV
2025-08-27,109.21625,LV
2025-08-28,139.96916666666667,LV
2025-08-29,111.36416666666666,LV
2025-08-30,83.23208333333334,LV
2025-08-31,96.93875,LV
2025-09-01,116.01958333333332,LV
2025-09-02,125.69083333333332,LV
2025-09-03,101.34875,LV
2025-09-04,125.66,LV
2025-09-05,113.94,LV
2025-09-06,85.11666666666666,LV
2025-09-07,73.95541666666666,LV
2025-09-08,132.5225,LV
2025-09-09,135.69041666666666,LV
2025-09-10,95.54125,LV
2025-09-11,45.00458333333333,LV
2025-09-12,108.32791666666668,LV
2025-09-13,79.41041666666668,LV
2025-09-14,60.86708333333333,LV
2025-09-15,70.11125,LV
2025-09-16,43.93958333333333,LV
2025-09-17,73.89625,LV
2025-09-18,78.26041666666667,LV
2025-09-19,90.04041666666666,LV
2025-09-20,12.420416666666666,LV
2025-09-21,5.414583333333333,LV
2025-09-22,51.895,LV
2025-09-23,60.45791666666667,LV
2025-09-24,83.7925,LV
2025-09-25,105.11583333333331,LV
2025-09-26,125.02333333333333,LV
2025-09-27,97.58125,LV
2025-09-28,36.64208333333333,LV
2025-09-29,84.53625000000001,LV
2025-09-30,106.67041666666668,LV
2025-10-01,125.21833333333336,LV
2025-10-02,116.5484375,LV
2025-10-03,141.7829166666667,LV
2025-10-04,10.251354166666667,LV
2025-10-05,9.774583333333334,LV
2025-10-06,139.98354166666667,LV
2025-10-07,291.13677083333334,LV
2025-10-08,114.19166666666666,LV
2025-10-09,137.46572916666668,LV
2025-10-10,123.6709375,LV
2025-10-11,60.27364583333334,LV
2025-10-12,16.432916666666667,LV
2025-10-13,108.33010416666669,LV
2025-10-14,203.57635416666665,LV
2025-10-15,140.21562500000002,LV
2025-10-16,106.64375,LV
2025-10-17,143.00270833333337,LV
2025-10-18,82.22604166666666,LV
2025-10-19,127.30145833333334,LV
2025-10-20,168.55479166666666,LV
2025-10-21,28.481354166666662,LV
2025-10-22,81.85833333333333,LV
2025-10-23,107.6984375,LV
2025-10-24,88.0709375,LV
2025-10-25,38.37,LV
2025-10-26,44.2368,LV
2025-10-27,129.76802083333334,LV
2025-10-28,106.37822916666666,LV
2025-10-29,117.9765625,LV
2025-10-30,71.7459375,LV
2025-10-31,77.1621875,LV
2025-11-01,70.83749999999999,LV
2025-11-02,68.84208333333333,LV
2025-11-03,214.66427083333335,LV
2025-11-04,60.07989583333333,LV
2025-11-05,59.58708333333333,LV
2025-11-06,83.22614583333333,LV
2025-11-07,81.25010416666667,LV
2025-11-08,82.76541666666667,LV
2025-11-09,107.89510416666668,LV
2025-11-10,167.26552083333334,LV
2025-11-11,152.28395833333337,LV
2025-11-12,98.00072916666666,LV
2025-11-13,24.715833333333332,LV
2025-11-14,107.56916666666666,LV
2025-11-15,64.23520833333333,LV
2025-11-16,72.279375,LV
2025-11-17,128.631875,LV
2025-11-18,110.10208333333333,LV
2025-11-19,121.33947916666666,LV
2025-11-20,130.55239583333335,LV
2025-11-21,145.05020833333333,LV
2025-11-22,92.19052083333334,LV
2025-11-23,86.3471875,LV
2025-11-24,190.07739583333333,LV
2025-11-25,268.55333333333334,LV
2025-11-26,164.83395833333333,LV
2025-11-27,191.760625,LV
2025-11-28,37.3396875,LV
2025-11-29,50.29583333333333,LV
2025-11-30,94.63302083333332,LV
2025-12-01,198.6346875,LV
2025-12-02,180.87177083333333,LV
2025-12-03,148.21635416666666,LV
2025-12-04,167.07770833333333,LV
2025-12-05,133.42406250000002,LV
2025-12-06,50.395520833333336,LV
2025-12-07,66.74395833333334,LV
2025-12-08,71.49354166666667,LV
2025-12-09,75.74916666666667,LV
2025-12-10,79.35760416666666,LV
2025-12-11,48.9965625,LV
2025-12-12,111.2971875,LV
2025-12-13,92.20375,LV
2025-12-14,40.06729166666667,LV
2025-12-15,59.93604166666666,LV
2025-12-16,111.1459375,LV
2025-12-17,109.80520833333333,LV
2025-12-18,105.09291666666668,LV
2025-12-19,59.716874999999995,LV
2025-12-20,66.20916666666666,LV
2025-12-21,65.91260416666667,LV
2025-12-22,107.93104166666666,LV
2025-12-23,82.69291666666668,LV
2025-12-24,78.46,LV
2025-12-25,30.299166666666665,LV
2025-12-26,49.044270833333336,LV
2025-12-27,1.5548958333333334,LV
2025-12-28,17.72854166666667,LV
2025-12-29,36.700520833333336,LV
2025-12-30,55.14875,LV
2025-12-31,100.42273684210528,LV
2026-01-01,63.138020833333336,LV
2026-01-02,52.187083333333334,LV
2026-01-03,103.04208333333334,LV
2026-01-04,105.22875,LV
2026-01-05,146.57354166666667,LV
2026-01-06,131.24625,LV
2026-01-07,194.37489583333337,LV
2026-01-08,187.08697916666665,LV
2026-01-09,125.09302083333334,LV
2026-01-10,101.99260416666668,LV
2026-01-11,160.04020833333334,LV
2026-01-12,233.65875000000003,LV
2026-01-13,238.29447916666663,LV
2026-01-14,129.57458333333332,LV
2026-01-15,169.26427083333334,LV
2026-01-16,134.6246875,LV
2026-01-17,106.50395833333332,LV
2026-01-18,111.49510416666668,LV
2026-01-19,169.26708333333332,LV
2026-01-20,212.8265625,LV
2026-01-21,180.20760416666667,LV
2026-01-22,137.6311458333333,LV
2026-01-23,158.4415625,LV
2026-01-24,124.65833333333336,LV
2026-01-25,109.20625,LV
2026-01-26,241.51354166666667,LV
2026-01-27,217.09447916666667,LV
2026-01-28,173.01520833333333,LV
2026-01-29,199.9596875,LV
2026-01-30,204.90135416666664,LV
2026-01-31,134.3925,LV
2026-02-01,178.94322916666667,LV
2026-02-02,317.27197916666665,LV
2026-02-03,389.0103125,LV
2026-02-04,199.4375,LV
2026-02-05,162.27302083333333,LV
2026-02-06,199.15614583333337,LV
2026-02-07,125.58375,LV
2026-02-08,116.4253125,LV
2026-02-09,179.5767708333333,LV
2026-02-10,204.30552083333336,LV
2026-02-11,203.42083333333335,LV
2026-02-12,169.9503125,LV
2026-02-13,147.21385416666666,LV
2026-02-14,119.63104166666666,LV
2026-02-15,156.08270833333333,LV
2026-02-16,190.39041666666665,LV
2026-02-17,103.44635416666668,LV
2026-02-18,139.6936458333333,LV
2026-02-19,182.415,LV
2026-02-20,112.78375,LV
2026-02-21,51.738125,LV
2026-02-22,82.3290625,LV
2026-02-23,129.17177083333334,LV
2026-02-24,129.44885416666668,LV
2026-02-25,133.8403125,LV
2026-02-26,71.01177083333333,LV
2026-02-27,75.19072916666667,LV
2026-02-28,81.11947916666666,LV
2026-03-01,80.9575,LV
2026-03-02,107.68989583333332,LV
2026-03-03,175.29656250000002,LV
2026-03-04,97.59979166666666,LV
2026-03-05,115.96395833333332,LV
2026-03-06,126.82791666666668,LV
2026-03-07,122.2728125,LV
2026-03-08,96.36583333333334,LV
2026-03-09,92.48166666666668,LV
2026-03-10,85.52072916666667,LV
2026-03-11,51.5590625,LV
2026-03-12,39.19552083333333,LV
2026-03-13,15.519166666666663,LV
2026-03-14,16.476979166666666,LV
2026-03-15,40.498333333333335,LV
2026-03-16,83.43718750000001,LV
2026-03-17,80.365,LV
2026-03-18,59.89385416666667,LV
2026-03-19,61.88364583333333,LV
2026-03-20,105.10260416666668,LV
2026-03-21,46.49875,LV
2026-03-22,24.59239583333333,LV
2026-03-23,51.299375,LV
2026-03-24,26.9303125,LV
2026-03-25,9.369479166666666,LV
2026-03-26,31.001770833333335,LV
2026-03-27,72.06416666666667,LV
2026-03-28,84.42802083333333,LV
2026-03-29,66.16076086956522,LV
2026-03-30,137.5321875,LV
2026-03-31,120.84114583333331,LV
2026-04-01,79.03,LV
2026-04-02,72.72520833333333,LV
2026-04-03,51.6775,LV
2026-04-04,15.8184375,LV
2026-04-05,2.0809375,LV
2026-04-06,2.9405208333333337,LV
2026-04-07,26.854583333333338,LV
2026-04-08,59.745000000000005,LV
2026-04-09,66.95395833333333,LV
2026-04-10,88.92593749999999,LV
2026-04-11,74.47239583333334,LV
2026-04-12,55.4334375,LV
2026-04-13,85.73270833333333,LV
2026-04-14,81.59645833333333,LV
2026-04-15,111.65625,LV
2026-04-16,127.42260416666666,LV
2026-04-17,95.650625,LV
2026-04-18,52.5234375,LV
2026-04-19,46.66614583333333,LV
2026-04-20,68.31697916666667,LV
2026-04-21,69.47677083333333,LV
2026-04-22,18.9596875,LV
2026-04-23,23.9121875,LV
2026-04-24,48.6753125,LV
2026-04-25,14.733020833333333,LV
2026-04-26,6.6023958333333335,LV
2026-04-27,49.02239583333333,LV
2026-04-28,53.755208333333336,LV
2026-04-29,85.42854166666666,LV
2026-04-30,83.84822916666667,LV
2026-05-01,11.976979166666666,LV
2026-05-02,5.153125,LV
2026-05-03,48.65427083333333,LV
2026-05-04,94.3659375,LV
2026-05-05,91.11927083333336,LV
2026-05-06,114.83197916666668,LV
2026-05-07,133.6640625,LV
2026-05-08,101.59604166666666,LV
2026-05-09,82.92999999999999,LV
2026-05-10,82.79104166666666,LV
2026-05-11,107.3140625,LV
2026-05-12,106.59635416666669,LV
2026-05-13,116.04489583333331,LV
2026-05-14,78.98677083333332,LV
2026-05-15,100.05635416666668,LV
2026-05-16,87.56791666666668,LV
2026-05-17,78.82708333333333,LV
2026-05-18,128.0078125,LV
2026-05-19,126.13375,LV
2026-05-20,106.98614583333334,LV
2026-05-21,108.08197916666668,LV
2026-05-22,91.55114583333334,LV
2026-05-23,38.141354166666666,LV
2026-05-24,26.85354166666667,LV
2026-05-25,114.96,LV
2021-01-01,48.39833333333333,FR
2021-01-02,50.5625,FR
2021-01-03,47.09583333333333,FR
2021-01-04,59.2725,FR
2021-01-05,63.85208333333333,FR
2021-01-06,70.1625,FR
2021-01-07,82.10291666666667,FR
2021-01-08,84.85458333333334,FR
2021-01-09,60.595416666666665,FR
2021-01-10,56.85166666666667,FR
2021-01-11,67.68916666666667,FR
2021-01-12,63.53541666666666,FR
2021-01-13,73.85416666666667,FR
2021-01-14,73.33458333333333,FR
2021-01-15,72.31958333333334,FR
2021-01-16,57.78041666666667,FR
2021-01-17,56.655833333333334,FR
2021-01-18,69.16666666666667,FR
2021-01-19,60.38958333333333,FR
2021-01-20,49.13458333333333,FR
2021-01-21,41.59708333333334,FR
2021-01-22,49.95041666666666,FR
2021-01-23,51.805416666666666,FR
2021-01-24,49.159166666666664,FR
2021-01-25,61.6975,FR
2021-01-26,64.12166666666667,FR
2021-01-27,59.2575,FR
2021-01-28,55.010416666666664,FR
2021-01-29,47.713750000000005,FR
2021-01-30,48.02458333333333,FR
2021-01-31,47.93416666666667,FR
2021-02-01,56.812916666666666,FR
2021-02-02,48.70041666666666,FR
2021-02-03,41.86708333333333,FR
2021-02-04,52.260416666666664,FR
2021-02-05,51.522083333333335,FR
2021-02-06,38.34166666666667,FR
2021-02-07,26.027916666666663,FR
2021-02-08,50.065416666666664,FR
2021-02-09,65.31083333333333,FR
2021-02-10,72.48416666666667,FR
2021-02-11,79.00500000000001,FR
2021-02-12,63.45875,FR
2021-02-13,54.645,FR
2021-02-14,47.815,FR
2021-02-15,52.09583333333333,FR
2021-02-16,53.68,FR
2021-02-17,49.86625,FR
2021-02-18,48.34916666666666,FR
2021-02-19,47.53958333333333,FR
2021-02-20,32.74166666666667,FR
2021-02-21,32.152499999999996,FR
2021-02-22,48.50541666666667,FR
2021-02-23,44.39958333333333,FR
2021-02-24,35.97875,FR
2021-02-25,46.156666666666666,FR
2021-02-26,47.70625,FR
2021-02-27,44.076249999999995,FR
2021-02-28,40.7625,FR
2021-03-01,49.95583333333334,FR
2021-03-02,54.16291666666667,FR
2021-03-03,53.02375,FR
2021-03-04,54.281666666666666,FR
2021-03-05,52.38833333333333,FR
2021-03-06,44.93958333333333,FR
2021-03-07,46.63041666666667,FR
2021-03-08,61.73541666666667,FR
2021-03-09,61.20333333333334,FR
2021-03-10,54.20166666666666,FR
2021-03-11,39.85958333333333,FR
2021-03-12,37.36083333333333,FR
2021-03-13,23.6075,FR
2021-03-14,24.742500000000003,FR
2021-03-15,50.11166666666667,FR
2021-03-16,56.229166666666664,FR
2021-03-17,56.17541666666667,FR
2021-03-18,64.25958333333334,FR
2021-03-19,56.531666666666666,FR
2021-03-20,51.4625,FR
2021-03-21,40.44916666666666,FR
2021-03-22,60.84833333333333,FR
2021-03-23,63.571666666666665,FR
2021-03-24,61.41458333333333,FR
2021-03-25,59.484166666666674,FR
2021-03-26,53.92291666666667,FR
2021-03-27,36.380833333333335,FR
2021-03-28,28.31260869565217,FR
2021-03-29,46.05375,FR
2021-03-30,55.41458333333333,FR
2021-03-31,57.04291666666666,FR
2021-04-01,52.78625,FR
2021-04-02,41.35166666666667,FR
2021-04-03,35.00125,FR
2021-04-04,29.20375,FR
2021-04-05,26.813333333333333,FR
2021-04-06,58.51333333333333,FR
2021-04-07,75.25875,FR
2021-04-08,71.50916666666667,FR
2021-04-09,72.62791666666666,FR
2021-04-10,59.62875,FR
2021-04-11,53.34,FR
2021-04-12,72.01375,FR
2021-04-13,83.61541666666666,FR
2021-04-14,80.65583333333333,FR
2021-04-15,74.31958333333334,FR
2021-04-16,71.42041666666667,FR
2021-04-17,64.45791666666666,FR
2021-04-18,64.32916666666667,FR
2021-04-19,82.15666666666667,FR
2021-04-20,81.13875,FR
2021-04-21,78.27333333333333,FR
2021-04-22,70.11041666666667,FR
2021-04-23,65.18541666666667,FR
2021-04-24,53.01791666666667,FR
2021-04-25,37.447916666666664,FR
2021-04-26,60.653333333333336,FR
2021-04-27,66.55624999999999,FR
2021-04-28,69.4325,FR
2021-04-29,68.72333333333334,FR
2021-04-30,73.57708333333333,FR
2021-05-01,57.01458333333333,FR
2021-05-02,46.805416666666666,FR
2021-05-03,66.64333333333333,FR
2021-05-04,36.990833333333335,FR
2021-05-05,62.48374999999999,FR
2021-05-06,73.14541666666666,FR
2021-05-07,72.43208333333332,FR
2021-05-08,47.317499999999995,FR
2021-05-09,6.646666666666666,FR
2021-05-10,58.35833333333333,FR
2021-05-11,72.17166666666667,FR
2021-05-12,68.76833333333333,FR
2021-05-13,62.73541666666667,FR
2021-05-14,71.52958333333333,FR
2021-05-15,57.48916666666667,FR
2021-05-16,30.128333333333337,FR
2021-05-17,69.89874999999999,FR
2021-05-18,74.17875,FR
2021-05-19,76.88416666666667,FR
2021-05-20,69.34291666666667,FR
2021-05-21,28.0525,FR
2021-05-22,17.986666666666668,FR
2021-05-23,23.90041666666667,FR
2021-05-24,32.81375,FR
2021-05-25,59.83416666666667,FR
2021-05-26,69.18125,FR
2021-05-27,72.52416666666666,FR
2021-05-28,73.3425,FR
2021-05-29,56.56666666666666,FR
2021-05-30,31.772499999999997,FR
2021-05-31,66.655,FR
2021-06-01,68.2175,FR
2021-06-02,65.9675,FR
2021-06-03,65.53875000000001,FR
2021-06-04,71.79666666666667,FR
2021-06-05,63.23458333333334,FR
2021-06-06,57.5525,FR
2021-06-07,77.34125,FR
2021-06-08,76.17833333333333,FR
2021-06-09,75.56833333333334,FR
2021-06-10,78.18791666666667,FR
2021-06-11,77.52374999999999,FR
2021-06-12,46.705000000000005,FR
2021-06-13,26.00791666666667,FR
2021-06-14,75.06875000000001,FR
2021-06-15,82.52374999999999,FR
2021-06-16,86.84958333333333,FR
2021-06-17,82.24166666666666,FR
2021-06-18,80.72166666666666,FR
2021-06-19,73.15916666666666,FR
2021-06-20,57.88833333333333,FR
2021-06-21,77.63250000000001,FR
2021-06-22,83.17999999999999,FR
2021-06-23,84.34333333333333,FR
2021-06-24,88.97708333333333,FR
2021-06-25,86.39958333333334,FR
2021-06-26,76.44416666666667,FR
2021-06-27,51.90541666666667,FR
2021-06-28,87.83999999999999,FR
2021-06-29,90.07166666666666,FR
2021-06-30,90.23791666666666,FR
2021-07-01,87.79,FR
2021-07-02,96.45833333333331,FR
2021-07-03,83.79416666666667,FR
2021-07-04,79.35875,FR
2021-07-05,92.64041666666668,FR
2021-07-06,80.94541666666667,FR
2021-07-07,98.10041666666666,FR
2021-07-08,93.89791666666667,FR
2021-07-09,90.68625,FR
2021-07-10,81.60333333333334,FR
2021-07-11,77.74,FR
2021-07-12,93.32541666666668,FR
2021-07-13,94.19541666666667,FR
2021-07-14,70.23041666666667,FR
2021-07-15,74.085,FR
2021-07-16,83.48458333333333,FR
2021-07-17,63.380833333333335,FR
2021-07-18,45.90833333333333,FR
2021-07-19,89.36708333333333,FR
2021-07-20,91.17958333333333,FR
2021-07-21,91.01416666666668,FR
2021-07-22,88.18833333333333,FR
2021-07-23,87.76333333333334,FR
2021-07-24,76.16083333333333,FR
2021-07-25,61.388749999999995,FR
2021-07-26,86.61083333333333,FR
2021-07-27,84.39041666666667,FR
2021-07-28,66.98833333333333,FR
2021-07-29,48.66166666666667,FR
2021-07-30,42.67208333333334,FR
2021-07-31,27.45375,FR
2021-08-01,50.15208333333334,FR
2021-08-02,80.73208333333334,FR
2021-08-03,90.6,FR
2021-08-04,91.6275,FR
2021-08-05,86.20458333333333,FR
2021-08-06,18.798333333333332,FR
2021-08-07,43.147083333333335,FR
2021-08-08,0.2808333333333334,FR
2021-08-09,66.57833333333333,FR
2021-08-10,86.27291666666667,FR
2021-08-11,99.16541666666666,FR
2021-08-12,104.93791666666668,FR
2021-08-13,93.66416666666667,FR
2021-08-14,70.06666666666666,FR
2021-08-15,51.77791666666667,FR
2021-08-16,47.40083333333333,FR
2021-08-17,66.75791666666667,FR
2021-08-18,80.12666666666667,FR
2021-08-19,94.46625,FR
2021-08-20,101.055,FR
2021-08-21,91.46291666666669,FR
2021-08-22,75.78541666666666,FR
2021-08-23,90.89458333333334,FR
2021-08-24,78.99416666666667,FR
2021-08-25,86.28708333333333,FR
2021-08-26,93.20208333333332,FR
2021-08-27,96.02791666666668,FR
2021-08-28,74.0175,FR
2021-08-29,70.87708333333333,FR
2021-08-30,106.85791666666668,FR
2021-08-31,108.17083333333332,FR
2021-09-01,104.34375,FR
2021-09-02,107.18625,FR
2021-09-03,110.11583333333331,FR
2021-09-04,107.35,FR
2021-09-05,98.95666666666666,FR
2021-09-06,123.98416666666668,FR
2021-09-07,123.69,FR
2021-09-08,122.38708333333334,FR
2021-09-09,131.76208333333332,FR
2021-09-10,137.23875,FR
2021-09-11,129.15125,FR
2021-09-12,109.56041666666664,FR
2021-09-13,139.41375,FR
2021-09-14,145.51541666666665,FR
2021-09-15,166.82541666666663,FR
2021-09-16,169.36249999999998,FR
2021-09-17,157.85166666666666,FR
2021-09-18,139.66875000000002,FR
2021-09-19,98.59458333333332,FR
2021-09-20,153.25125,FR
2021-09-21,147.66125,FR
2021-09-22,149.73625,FR
2021-09-23,143.80958333333334,FR
2021-09-24,147.58416666666668,FR
2021-09-25,146.37625,FR
2021-09-26,125.71750000000002,FR
2021-09-27,146.21208333333334,FR
2021-09-28,159.82500000000002,FR
2021-09-29,150.57958333333332,FR
2021-09-30,165.56791666666666,FR
2021-10-01,141.80583333333334,FR
2021-10-02,101.61166666666666,FR
2021-10-03,64.53041666666667,FR
2021-10-04,156.35708333333335,FR
2021-10-05,159.80458333333334,FR
2021-10-06,182.15291666666667,FR
2021-10-07,298.3225,FR
2021-10-08,203.56208333333333,FR
2021-10-09,182.82708333333335,FR
2021-10-10,149.2425,FR
2021-10-11,182.99791666666667,FR
2021-10-12,188.47,FR
2021-10-13,194.28041666666664,FR
2021-10-14,199.51833333333332,FR
2021-10-15,214.12208333333336,FR
2021-10-16,189.76375,FR
2021-10-17,165.97416666666666,FR
2021-10-18,198.33875,FR
2021-10-19,164.07083333333333,FR
2021-10-20,101.085,FR
2021-10-21,151.90375,FR
2021-10-22,209.65333333333336,FR
2021-10-23,208.70416666666665,FR
2021-10-24,168.54416666666663,FR
2021-10-25,206.43875,FR
2021-10-26,215.6775,FR
2021-10-27,204.44625,FR
2021-10-28,193.45666666666668,FR
2021-10-29,152.56,FR
2021-10-30,120.495,FR
2021-10-31,78.9956,FR
2021-11-01,92.36708333333333,FR
2021-11-02,203.94833333333335,FR
2021-11-03,186.05583333333337,FR
2021-11-04,178.85333333333335,FR
2021-11-05,188.25375,FR
2021-11-06,164.51458333333332,FR
2021-11-07,136.93083333333334,FR
2021-11-08,210.23333333333335,FR
2021-11-09,190.2204166666667,FR
2021-11-10,232.39541666666665,FR
2021-11-11,187.89,FR
2021-11-12,186.3658333333333,FR
2021-11-13,170.01208333333332,FR
2021-11-14,172.05458333333334,FR
2021-11-15,228.06375,FR
2021-11-16,236.9595833333333,FR
2021-11-17,214.24458333333337,FR
2021-11-18,238.2891666666667,FR
2021-11-19,243.74416666666664,FR
2021-11-20,231.1291666666667,FR
2021-11-21,226.67041666666668,FR
2021-11-22,251.84333333333333,FR
2021-11-23,270.21208333333334,FR
2021-11-24,295.82041666666663,FR
2021-11-25,302.14375,FR
2021-11-26,275.15833333333336,FR
2021-11-27,220.0925,FR
2021-11-28,204.21416666666667,FR
2021-11-29,301.11875000000003,FR
2021-11-30,271.985,FR
2021-12-01,280.09499999999997,FR
2021-12-02,277.7654166666667,FR
2021-12-03,299.21875,FR
2021-12-04,222.17083333333335,FR
2021-12-05,221.00250000000003,FR
2021-12-06,282.52125,FR
2021-12-07,258.6454166666667,FR
2021-12-08,247.425,FR
2021-12-09,287.5004166666667,FR
2021-12-10,247.18541666666667,FR
2021-12-11,249.46541666666667,FR
2021-12-12,250.85375,FR
2021-12-13,300.69208333333336,FR
2021-12-14,329.2725,FR
2021-12-15,346.28125,FR
2021-12-16,353.0916666666667,FR
2021-12-17,341.2366666666667,FR
2021-12-18,315.80125,FR
2021-12-19,343.15958333333333,FR
2021-12-20,382.07708333333335,FR
2021-12-21,442.8808333333333,FR
2021-12-22,452.94,FR
2021-12-23,416.4395833333333,FR
2021-12-24,319.5258333333333,FR
2021-12-25,218.11166666666668,FR
2021-12-26,185.37166666666667,FR
2021-12-27,161.0825,FR
2021-12-28,101.63791666666668,FR
2021-12-29,155.60333333333332,FR
2021-12-30,105.74458333333332,FR
2021-12-31,119.9804347826087,FR
2022-01-01,87.08083333333333,FR
2022-01-02,49.11625,FR
2022-01-03,92.12208333333332,FR
2022-01-04,156.29833333333332,FR
2022-01-05,185.55666666666664,FR
2022-01-06,225.76666666666665,FR
2022-01-07,215.915,FR
2022-01-08,176.55708333333334,FR
2022-01-09,150.28166666666667,FR
2022-01-10,261.25166666666667,FR
2022-01-11,253.95875,FR
2022-01-12,237.20416666666665,FR
2022-01-13,223.69625,FR
2022-01-14,233.57833333333335,FR
2022-01-15,220.4958333333333,FR
2022-01-16,212.54958333333332,FR
2022-01-17,261.13,FR
2022-01-18,244.825,FR
2022-01-19,236.03,FR
2022-01-20,228.01791666666668,FR
2022-01-21,216.69375,FR
2022-01-22,202.73791666666668,FR
2022-01-23,196.96833333333333,FR
2022-01-24,246.99625,FR
2022-01-25,295.10541666666666,FR
2022-01-26,275.45458333333335,FR
2022-01-27,262.1454166666667,FR
2022-01-28,250.65291666666667,FR
2022-01-29,218.89666666666668,FR
2022-01-30,223.54875,FR
2022-01-31,213.47708333333333,FR
2022-02-01,213.76416666666668,FR
2022-02-02,205.80666666666664,FR
2022-02-03,205.96583333333336,FR
2022-02-04,192.80875,FR
2022-02-05,193.2770833333333,FR
2022-02-06,136.96375,FR
2022-02-07,205.50291666666664,FR
2022-02-08,202.5295833333333,FR
2022-02-09,209.28583333333333,FR
2022-02-10,204.92291666666665,FR
2022-02-11,206.9625,FR
2022-02-12,190.93125,FR
2022-02-13,150.26333333333335,FR
2022-02-14,187.27375,FR
2022-02-15,193.445,FR
2022-02-16,152.46,FR
2022-02-17,132.70375,FR
2022-02-18,158.68625,FR
2022-02-19,115.94541666666667,FR
2022-02-20,94.34416666666668,FR
2022-02-21,153.6725,FR
2022-02-22,175.00291666666666,FR
2022-02-23,189.37875,FR
2022-02-24,187.14458333333337,FR
2022-02-25,245.43458333333336,FR
2022-02-26,243.39625,FR
2022-02-27,196.55291666666665,FR
2022-02-28,250.95291666666665,FR
2022-03-01,270.0158333333333,FR
2022-03-02,274.0183333333334,FR
2022-03-03,346.6658333333333,FR
2022-03-04,363.7025,FR
2022-03-05,355.0416666666667,FR
2022-03-06,364.4241666666667,FR
2022-03-07,421.04833333333335,FR
2022-03-08,540.6570833333334,FR
2022-03-09,462.2966666666666,FR
2022-03-10,367.2275,FR
2022-03-11,278.65208333333334,FR
2022-03-12,263.955,FR
2022-03-13,250.31916666666663,FR
2022-03-14,301.2675,FR
2022-03-15,295.7733333333333,FR
2022-03-16,278.32916666666665,FR
2022-03-17,260.2633333333333,FR
2022-03-18,233.82583333333332,FR
2022-03-19,208.45,FR
2022-03-20,219.67916666666667,FR
2022-03-21,243.5929166666667,FR
2022-03-22,239.93083333333337,FR
2022-03-23,242.44083333333333,FR
2022-03-24,248.21333333333337,FR
2022-03-25,272.78833333333336,FR
2022-03-26,231.235,FR
2022-03-27,207.5682608695652,FR
2022-03-28,250.66416666666663,FR
2022-03-29,260.1929166666667,FR
2022-03-30,301.2595833333333,FR
2022-03-31,294.20166666666665,FR
2022-04-01,317.49791666666664,FR
2022-04-02,302.9220833333333,FR
2022-04-03,292.65375,FR
2022-04-04,551.4316666666667,FR
2022-04-05,308.3020833333333,FR
2022-04-06,274.35166666666663,FR
2022-04-07,219.54291666666663,FR
2022-04-08,248.10583333333332,FR
2022-04-09,241.63166666666663,FR
2022-04-10,217.91375,FR
2022-04-11,229.04958333333332,FR
2022-04-12,239.96,FR
2022-04-13,238.07583333333332,FR
2022-04-14,227.92333333333332,FR
2022-04-15,199.735,FR
2022-04-16,152.00583333333333,FR
2022-04-17,112.22791666666669,FR
2022-04-18,123.55416666666667,FR
2022-04-19,217.79875,FR
2022-04-20,206.01875,FR
2022-04-21,202.5608333333333,FR
2022-04-22,200.51875,FR
2022-04-23,172.35666666666668,FR
2022-04-24,149.01041666666666,FR
2022-04-25,222.82833333333335,FR
2022-04-26,243.57375,FR
2022-04-27,222.02166666666668,FR
2022-04-28,230.19958333333332,FR
2022-04-29,228.1725,FR
2022-04-30,200.93291666666667,FR
2022-05-01,194.74125,FR
2022-05-02,218.9475,FR
2022-05-03,218.20916666666668,FR
2022-05-04,234.59416666666667,FR
2022-05-05,234.27833333333336,FR
2022-05-06,225.35916666666665,FR
2022-05-07,201.4283333333333,FR
2022-05-08,174.9958333333333,FR
2022-05-09,219.24625,FR
2022-05-10,207.1266666666667,FR
2022-05-11,191.42083333333335,FR
2022-05-12,196.24875,FR
2022-05-13,203.91166666666663,FR
2022-05-14,183.58583333333337,FR
2022-05-15,147.72458333333333,FR
2022-05-16,218.89916666666667,FR
2022-05-17,229.80875,FR
2022-05-18,213.3275,FR
2022-05-19,213.87958333333333,FR
2022-05-20,207.39125,FR
2022-05-21,177.80999999999997,FR
2022-05-22,166.18791666666667,FR
2022-05-23,191.03916666666663,FR
2022-05-24,183.17666666666665,FR
2022-05-25,191.13375,FR
2022-05-26,166.01791666666665,FR
2022-05-27,162.85,FR
2022-05-28,151.16333333333333,FR
2022-05-29,158.81833333333333,FR
2022-05-30,225.99291666666667,FR
2022-05-31,211.0404166666667,FR
2022-06-01,216.84583333333333,FR
2022-06-02,193.48875,FR
2022-06-03,198.70875,FR
2022-06-04,174.00875,FR
2022-06-05,153.64791666666667,FR
2022-06-06,153.32833333333335,FR
2022-06-07,188.10333333333332,FR
2022-06-08,191.82625,FR
2022-06-09,185.19083333333333,FR
2022-06-10,194.04916666666668,FR
2022-06-11,182.37750000000003,FR
2022-06-12,148.6275,FR
2022-06-13,203.38375,FR
2022-06-14,211.4425,FR
2022-06-15,233.25541666666663,FR
2022-06-16,272.8533333333333,FR
2022-06-17,303.54125,FR
2022-06-18,280.15416666666664,FR
2022-06-19,165.42875,FR
2022-06-20,303.9533333333333,FR
2022-06-21,354.02708333333334,FR
2022-06-22,383.1445833333333,FR
2022-06-23,352.5641666666667,FR
2022-06-24,302.5975,FR
2022-06-25,258.43083333333334,FR
2022-06-26,249.06499999999997,FR
2022-06-27,334.25375,FR
2022-06-28,366.4029166666666,FR
2022-06-29,335.2404166666667,FR
2022-06-30,362.0629166666667,FR
2022-07-01,343.155,FR
2022-07-02,265.61833333333334,FR
2022-07-03,215.88291666666663,FR
2022-07-04,369.45625,FR
2022-07-05,371.6020833333334,FR
2022-07-06,388.68666666666667,FR
2022-07-07,381.7920833333333,FR
2022-07-08,410.94625,FR
2022-07-09,332.92333333333335,FR
2022-07-10,224.42666666666665,FR
2022-07-11,384.1041666666667,FR
2022-07-12,432.4258333333333,FR
2022-07-13,446.955,FR
2022-07-14,386.72375000000005,FR
2022-07-15,397.4920833333333,FR
2022-07-16,320.29625,FR
2022-07-17,239.88083333333336,FR
2022-07-18,485.99916666666667,FR
2022-07-19,521.2954166666667,FR
2022-07-20,589.2245833333333,FR
2022-07-21,555.35875,FR
2022-07-22,494.0325,FR
2022-07-23,348.32,FR
2022-07-24,334.13124999999997,FR
2022-07-25,373.045,FR
2022-07-26,532.2529166666667,FR
2022-07-27,529.61625,FR
2022-07-28,534.6829166666666,FR
2022-07-29,499.49125,FR
2022-07-30,397.5295833333333,FR
2022-07-31,319.50958333333335,FR
2022-08-01,454.77833333333336,FR
2022-08-02,471.6358333333333,FR
2022-08-03,508.48083333333335,FR
2022-08-04,482.3654166666667,FR
2022-08-05,411.3254166666666,FR
2022-08-06,282.40333333333336,FR
2022-08-07,215.59375,FR
2022-08-08,359.17875000000004,FR
2022-08-09,347.70958333333334,FR
2022-08-10,336.04791666666665,FR
2022-08-11,376.2345833333333,FR
2022-08-12,444.9141666666667,FR
2022-08-13,396.94208333333336,FR
2022-08-14,365.8525,FR
2022-08-15,424.64375,FR
2022-08-16,500.8158333333334,FR
2022-08-17,552.8495833333333,FR
2022-08-18,553.6245833333334,FR
2022-08-19,509.8425,FR
2022-08-20,463.22625,FR
2022-08-21,398.1983333333333,FR
2022-08-22,571.34,FR
2022-08-23,611.8533333333334,FR
2022-08-24,645.5370833333333,FR
2022-08-25,630.6158333333334,FR
2022-08-26,706.3229166666666,FR
2022-08-27,626.7870833333333,FR
2022-08-28,488.78,FR
2022-08-29,733.6358333333333,FR
2022-08-30,743.8433333333334,FR
2022-08-31,651.7733333333333,FR
2022-09-01,635.62875,FR
2022-09-02,516.6870833333334,FR
2022-09-03,416.62416666666667,FR
2022-09-04,322.7345833333333,FR
2022-09-05,435.81916666666666,FR
2022-09-06,523.9875000000001,FR
2022-09-07,468.96208333333334,FR
2022-09-08,453.37791666666664,FR
2022-09-09,347.51875,FR
2022-09-10,404.31791666666663,FR
2022-09-11,390.93625,FR
2022-09-12,416.88208333333336,FR
2022-09-13,444.21333333333337,FR
2022-09-14,461.37625,FR
2022-09-15,436.555,FR
2022-09-16,398.99625,FR
2022-09-17,225.85875,FR
2022-09-18,199.94958333333332,FR
2022-09-19,315.64833333333337,FR
2022-09-20,377.66291666666666,FR
2022-09-21,381.0333333333333,FR
2022-09-22,408.95666666666665,FR
2022-09-23,399.1529166666666,FR
2022-09-24,353.2058333333334,FR
2022-09-25,272.835,FR
2022-09-26,277.28916666666663,FR
2022-09-27,350.21208333333334,FR
2022-09-28,392.8591666666667,FR
2022-09-29,464.8454166666666,FR
2022-09-30,346.97208333333333,FR
2022-10-01,123.46416666666666,FR
2022-10-02,196.27,FR
2022-10-03,287.7083333333333,FR
2022-10-04,296.59625,FR
2022-10-05,221.82791666666665,FR
2022-10-06,255.95333333333335,FR
2022-10-07,271.93541666666664,FR
2022-10-08,215.20583333333332,FR
2022-10-09,168.45708333333332,FR
2022-10-10,208.06500000000003,FR
2022-10-11,269.76625,FR
2022-10-12,287.455,FR
2022-10-13,259.90208333333334,FR
2022-10-14,260.46666666666664,FR
2022-10-15,159.16791666666668,FR
2022-10-16,125.31791666666668,FR
2022-10-17,174.30124999999998,FR
2022-10-18,191.11833333333337,FR
2022-10-19,159.00625,FR
2022-10-20,142.56041666666667,FR
2022-10-21,158.12708333333333,FR
2022-10-22,129.81208333333333,FR
2022-10-23,87.36958333333332,FR
2022-10-24,87.50833333333333,FR
2022-10-25,110.06333333333332,FR
2022-10-26,110.87166666666668,FR
2022-10-27,121.66833333333334,FR
2022-10-28,108.53291666666668,FR
2022-10-29,98.5575,FR
2022-10-30,116.6224,FR
2022-10-31,144.23749999999998,FR
2022-11-01,90.41708333333334,FR
2022-11-02,117.10833333333332,FR
2022-11-03,121.38625,FR
2022-11-04,186.1604166666667,FR
2022-11-05,141.09833333333333,FR
2022-11-06,107.68958333333336,FR
2022-11-07,124.89,FR
2022-11-08,113.97791666666669,FR
2022-11-09,138.89833333333334,FR
2022-11-10,157.32208333333332,FR
2022-11-11,138.47333333333333,FR
2022-11-12,153.21833333333333,FR
2022-11-13,148.25666666666666,FR
2022-11-14,195.19708333333332,FR
2022-11-15,184.3116666666667,FR
2022-11-16,175.16625,FR
2022-11-17,159.18666666666667,FR
2022-11-18,239.33625,FR
2022-11-19,211.79291666666663,FR
2022-11-20,211.07833333333335,FR
2022-11-21,244.99041666666668,FR
2022-11-22,209.90666666666667,FR
2022-11-23,186.85416666666663,FR
2022-11-24,237.145,FR
2022-11-25,261.02,FR
2022-11-26,240.17625,FR
2022-11-27,172.89166666666665,FR
2022-11-28,318.84791666666666,FR
2022-11-29,373.24333333333334,FR
2022-11-30,396.4391666666667,FR
2022-12-01,390.9925,FR
2022-12-02,384.86,FR
2022-12-03,307.8275,FR
2022-12-04,307.19166666666666,FR
2022-12-05,373.2,FR
2022-12-06,418.44416666666666,FR
2022-12-07,429.57708333333335,FR
2022-12-08,417.36125,FR
2022-12-09,448.18041666666664,FR
2022-12-10,370.20208333333335,FR
2022-12-11,333.04,FR
2022-12-12,465.4895833333333,FR
2022-12-13,463.46,FR
2022-12-14,451.4504166666666,FR
2022-12-15,404.1970833333333,FR
2022-12-16,410.64625,FR
2022-12-17,281.63166666666666,FR
2022-12-18,230.51833333333332,FR
2022-12-19,200.275,FR
2022-12-20,200.9645833333333,FR
2022-12-21,217.46583333333336,FR
2022-12-22,194.69708333333332,FR
2022-12-23,171.26458333333335,FR
2022-12-24,113.11416666666668,FR
2022-12-25,107.96583333333332,FR
2022-12-26,74.75833333333334,FR
2022-12-27,122.79416666666668,FR
2022-12-28,51.537083333333335,FR
2022-12-29,31.525833333333335,FR
2022-12-30,18.475833333333338,FR
2022-12-31,4.521304347826087,FR
2023-01-01,14.909583333333332,FR
2023-01-02,124.57583333333334,FR
2023-01-03,146.04999999999998,FR
2023-01-04,97.73791666666666,FR
2023-01-05,126.67583333333332,FR
2023-01-06,121.48166666666668,FR
2023-01-07,85.46458333333334,FR
2023-01-08,68.20208333333333,FR
2023-01-09,126.41,FR
2023-01-10,128.07916666666668,FR
2023-01-11,87.89916666666666,FR
2023-01-12,81.17,FR
2023-01-13,78.81125,FR
2023-01-14,55.92541666666667,FR
2023-01-15,34.882083333333334,FR
2023-01-16,134.70125,FR
2023-01-17,178.66916666666668,FR
2023-01-18,157.11291666666668,FR
2023-01-19,184.69041666666664,FR
2023-01-20,186.74708333333336,FR
2023-01-21,155.72833333333332,FR
2023-01-22,167.5925,FR
2023-01-23,204.92583333333337,FR
2023-01-24,204.49750000000003,FR
2023-01-25,186.30208333333337,FR
2023-01-26,171.3216666666667,FR
2023-01-27,171.10041666666666,FR
2023-01-28,146.7125,FR
2023-01-29,144.5954166666667,FR
2023-01-30,162.12916666666666,FR
2023-01-31,159.90833333333333,FR
2023-02-01,150.87375,FR
2023-02-02,155.58541666666667,FR
2023-02-03,140.5775,FR
2023-02-04,152.99083333333334,FR
2023-02-05,133.11333333333332,FR
2023-02-06,171.4825,FR
2023-02-07,175.17208333333335,FR
2023-02-08,164.7516666666667,FR
2023-02-09,179.68708333333333,FR
2023-02-10,158.70583333333337,FR
2023-02-11,149.16083333333333,FR
2023-02-12,143.0225,FR
2023-02-13,163.40041666666667,FR
2023-02-14,155.94333333333333,FR
2023-02-15,149.10791666666668,FR
2023-02-16,148.73791666666668,FR
2023-02-17,130.92166666666665,FR
2023-02-18,112.56833333333331,FR
2023-02-19,121.005,FR
2023-02-20,134.22458333333333,FR
2023-02-21,153.87083333333334,FR
2023-02-22,149.83416666666668,FR
2023-02-23,149.10666666666663,FR
2023-02-24,148.20041666666663,FR
2023-02-25,142.1725,FR
2023-02-26,115.53625,FR
2023-02-27,154.88833333333335,FR
2023-02-28,160.76708333333332,FR
2023-03-01,152.80958333333334,FR
2023-03-02,166.05583333333334,FR
2023-03-03,162.01583333333335,FR
2023-03-04,142.24625,FR
2023-03-05,146.07583333333332,FR
2023-03-06,160.06375,FR
2023-03-07,152.40875,FR
2023-03-08,139.96916666666667,FR
2023-03-09,127.19833333333332,FR
2023-03-10,119.83791666666669,FR
2023-03-11,122.26666666666668,FR
2023-03-12,95.76166666666668,FR
2023-03-13,44.03541666666666,FR
2023-03-14,80.97875,FR
2023-03-15,144.85791666666668,FR
2023-03-16,107.28416666666668,FR
2023-03-17,101.52458333333334,FR
2023-03-18,109.9,FR
2023-03-19,111.64625,FR
2023-03-20,125.22916666666669,FR
2023-03-21,116.53041666666668,FR
2023-03-22,89.02791666666667,FR
2023-03-23,81.41708333333334,FR
2023-03-24,56.91166666666667,FR
2023-03-25,26.1425,FR
2023-03-26,71.82173913043479,FR
2023-03-27,118.69083333333332,FR
2023-03-28,124.3425,FR
2023-03-29,115.13708333333334,FR
2023-03-30,82.68166666666666,FR
2023-03-31,74.15791666666667,FR
2023-04-01,59.23583333333334,FR
2023-04-02,70.87958333333333,FR
2023-04-03,123.4725,FR
2023-04-04,135.12041666666667,FR
2023-04-05,142.57708333333332,FR
2023-04-06,130.36833333333334,FR
2023-04-07,122.94458333333334,FR
2023-04-08,116.58958333333334,FR
2023-04-09,105.0475,FR
2023-04-10,54.305416666666666,FR
2023-04-11,90.61208333333332,FR
2023-04-12,105.545,FR
2023-04-13,116.85416666666669,FR
2023-04-14,129.71083333333334,FR
2023-04-15,106.29666666666668,FR
2023-04-16,110.11875,FR
2023-04-17,124.23583333333332,FR
2023-04-18,111.255,FR
2023-04-19,109.52958333333332,FR
2023-04-20,113.26083333333334,FR
2023-04-21,118.83791666666669,FR
2023-04-22,92.69333333333331,FR
2023-04-23,82.75833333333334,FR
2023-04-24,106.01791666666666,FR
2023-04-25,111.38625,FR
2023-04-26,117.85291666666666,FR
2023-04-27,107.70458333333332,FR
2023-04-28,104.73,FR
2023-04-29,100.44,FR
2023-04-30,70.515,FR
2023-05-01,79.58458333333333,FR
2023-05-02,106.13,FR
2023-05-03,93.28291666666668,FR
2023-05-04,87.34791666666666,FR
2023-05-05,97.73083333333334,FR
2023-05-06,89.21916666666665,FR
2023-05-07,79.03958333333334,FR
2023-05-08,95.83,FR
2023-05-09,100.44166666666666,FR
2023-05-10,100.48625,FR
2023-05-11,111.55875,FR
2023-05-12,96.725,FR
2023-05-13,75.26916666666666,FR
2023-05-14,59.355,FR
2023-05-15,89.58,FR
2023-05-16,80.19416666666667,FR
2023-05-17,81.51166666666667,FR
2023-05-18,80.56041666666667,FR
2023-05-19,79.57458333333334,FR
2023-05-20,46.87875,FR
2023-05-21,29.949166666666667,FR
2023-05-22,85.52,FR
2023-05-23,73.06916666666667,FR
2023-05-24,83.19833333333334,FR
2023-05-25,71.84041666666667,FR
2023-05-26,63.46666666666667,FR
2023-05-27,59.24625,FR
2023-05-28,39.97,FR
2023-05-29,28.83458333333333,FR
2023-05-30,74.92291666666667,FR
2023-05-31,63.626666666666665,FR
2023-06-01,71.30333333333333,FR
2023-06-02,72.79083333333334,FR
2023-06-03,52.005833333333335,FR
2023-06-04,48.54458333333333,FR
2023-06-05,81.75083333333333,FR
2023-06-06,82.71291666666666,FR
2023-06-07,86.72666666666667,FR
2023-06-08,81.49791666666667,FR
2023-06-09,85.31125,FR
2023-06-10,63.07958333333334,FR
2023-06-11,49.67625,FR
2023-06-12,99.04083333333334,FR
2023-06-13,92.71791666666668,FR
2023-06-14,99.44333333333331,FR
2023-06-15,112.30291666666666,FR
2023-06-16,127.045,FR
2023-06-17,103.92125,FR
2023-06-18,89.46458333333334,FR
2023-06-19,113.18416666666668,FR
2023-06-20,119.98166666666668,FR
2023-06-21,123.40375,FR
2023-06-22,124.48541666666668,FR
2023-06-23,106.98291666666668,FR
2023-06-24,76.82041666666667,FR
2023-06-25,62.94916666666666,FR
2023-06-26,90.3075,FR
2023-06-27,103.75166666666668,FR
2023-06-28,106.34208333333332,FR
2023-06-29,110.41958333333334,FR
2023-06-30,100.78791666666666,FR
2023-07-01,40.842083333333335,FR
2023-07-02,-1.1970833333333324,FR
2023-07-03,67.49374999999999,FR
2023-07-04,97.12041666666666,FR
2023-07-05,79.93124999999999,FR
2023-07-06,103.185,FR
2023-07-07,93.235,FR
2023-07-08,81.42833333333333,FR
2023-07-09,88.36208333333333,FR
2023-07-10,115.49083333333334,FR
2023-07-11,104.00791666666667,FR
2023-07-12,97.80625,FR
2023-07-13,100.52958333333332,FR
2023-07-14,80.69208333333333,FR
2023-07-15,29.977500000000003,FR
2023-07-16,18.35125,FR
2023-07-17,80.7175,FR
2023-07-18,103.33958333333334,FR
2023-07-19,88.97958333333334,FR
2023-07-20,96.14041666666668,FR
2023-07-21,89.3625,FR
2023-07-22,74.18625,FR
2023-07-23,32.13375,FR
2023-07-24,86.02749999999999,FR
2023-07-25,92.83125,FR
2023-07-26,97.53833333333334,FR
2023-07-27,88.91875,FR
2023-07-28,92.78583333333334,FR
2023-07-29,75.90208333333334,FR
2023-07-30,41.57958333333333,FR
2023-07-31,69.34958333333333,FR
2023-08-01,76.17458333333333,FR
2023-08-02,57.6775,FR
2023-08-03,46.23875,FR
2023-08-04,92.50083333333332,FR
2023-08-05,75.82833333333333,FR
2023-08-06,24.15875,FR
2023-08-07,70.06,FR
2023-08-08,67.93124999999999,FR
2023-08-09,92.04625,FR
2023-08-10,94.3175,FR
2023-08-11,96.26333333333334,FR
2023-08-12,80.16458333333334,FR
2023-08-13,65.07833333333333,FR
2023-08-14,88.77749999999999,FR
2023-08-15,86.7,FR
2023-08-16,104.48,FR
2023-08-17,101.26416666666668,FR
2023-08-18,95.67875,FR
2023-08-19,68.2675,FR
2023-08-20,90.20166666666668,FR
2023-08-21,114.53541666666666,FR
2023-08-22,118.62708333333336,FR
2023-08-23,146.73958333333334,FR
2023-08-24,144.02416666666667,FR
2023-08-25,111.08375,FR
2023-08-26,98.36708333333333,FR
2023-08-27,89.40166666666666,FR
2023-08-28,103.61416666666666,FR
2023-08-29,109.36541666666666,FR
2023-08-30,105.43125,FR
2023-08-31,102.08291666666668,FR
2023-09-01,101.08625,FR
2023-09-02,92.68583333333332,FR
2023-09-03,72.9325,FR
2023-09-04,89.11833333333334,FR
2023-09-05,93.92958333333333,FR
2023-09-06,100.44875,FR
2023-09-07,101.27,FR
2023-09-08,100.71416666666666,FR
2023-09-09,92.26208333333334,FR
2023-09-10,78.71208333333333,FR
2023-09-11,116.54708333333332,FR
2023-09-12,107.73416666666668,FR
2023-09-13,105.63458333333334,FR
2023-09-14,100.9375,FR
2023-09-15,95.78083333333332,FR
2023-09-16,79.92208333333333,FR
2023-09-17,72.54125,FR
2023-09-18,80.93041666666666,FR
2023-09-19,40.260416666666664,FR
2023-09-20,40.37416666666667,FR
2023-09-21,82.91375000000001,FR
2023-09-22,85.64416666666666,FR
2023-09-23,97.6675,FR
2023-09-24,51.16416666666667,FR
2023-09-25,86.995,FR
2023-09-26,113.32291666666669,FR
2023-09-27,103.70333333333332,FR
2023-09-28,92.56208333333332,FR
2023-09-29,94.72333333333334,FR
2023-09-30,88.64416666666666,FR
2023-10-01,68.19041666666666,FR
2023-10-02,110.76833333333332,FR
2023-10-03,49.471666666666664,FR
2023-10-04,75.51708333333333,FR
2023-10-05,92.96125,FR
2023-10-06,82.68124999999999,FR
2023-10-07,51.1775,FR
2023-10-08,88.72333333333334,FR
2023-10-09,114.3925,FR
2023-10-10,106.41208333333331,FR
2023-10-11,78.88041666666668,FR
2023-10-12,124.77666666666666,FR
2023-10-13,69.5275,FR
2023-10-14,41.389583333333334,FR
2023-10-15,52.63125,FR
2023-10-16,133.50875,FR
2023-10-17,112.73083333333334,FR
2023-10-18,61.50125,FR
2023-10-19,81.15583333333333,FR
2023-10-20,86.10958333333333,FR
2023-10-21,42.814166666666665,FR
2023-10-22,62.97291666666667,FR
2023-10-23,116.0725,FR
2023-10-24,115.90416666666664,FR
2023-10-25,108.2925,FR
2023-10-26,119.19166666666666,FR
2023-10-27,100.70958333333334,FR
2023-10-28,49.73374999999999,FR
2023-10-29,15.7644,FR
2023-10-30,92.2125,FR
2023-10-31,108.79083333333334,FR
2023-11-01,38.5625,FR
2023-11-02,57.45916666666667,FR
2023-11-03,57.10541666666666,FR
2023-11-04,24.553749999999997,FR
2023-11-05,19.62666666666667,FR
2023-11-06,73.97458333333334,FR
2023-11-07,101.29125,FR
2023-11-08,92.57875,FR
2023-11-09,98.31958333333334,FR
2023-11-10,93.46541666666668,FR
2023-11-11,96.79583333333332,FR
2023-11-12,84.4375,FR
2023-11-13,76.18041666666666,FR
2023-11-14,65.62833333333333,FR
2023-11-15,93.94791666666669,FR
2023-11-16,105.26583333333332,FR
2023-11-17,121.06875,FR
2023-11-18,85.48958333333333,FR
2023-11-19,36.77041666666667,FR
2023-11-20,99.43708333333332,FR
2023-11-21,118.76083333333334,FR
2023-11-22,109.60333333333334,FR
2023-11-23,82.03916666666667,FR
2023-11-24,74.18375,FR
2023-11-25,95.93958333333336,FR
2023-11-26,117.83666666666666,FR
2023-11-27,116.3575,FR
2023-11-28,122.77583333333332,FR
2023-11-29,140.48,FR
2023-11-30,168.79625,FR
2023-12-01,155.67166666666665,FR
2023-12-02,117.21541666666668,FR
2023-12-03,105.29958333333332,FR
2023-12-04,111.96458333333334,FR
2023-12-05,113.62541666666664,FR
2023-12-06,128.62375,FR
2023-12-07,105.08458333333334,FR
2023-12-08,102.28375,FR
2023-12-09,75.79583333333333,FR
2023-12-10,45.3475,FR
2023-12-11,80.06708333333333,FR
2023-12-12,88.23375,FR
2023-12-13,90.93125,FR
2023-12-14,94.18083333333334,FR
2023-12-15,93.29541666666668,FR
2023-12-16,74.44541666666667,FR
2023-12-17,58.08833333333333,FR
2023-12-18,82.84083333333334,FR
2023-12-19,80.94833333333334,FR
2023-12-20,67.34958333333334,FR
2023-12-21,37.35791666666667,FR
2023-12-22,27.500416666666663,FR
2023-12-23,18.953333333333333,FR
2023-12-24,0.6266666666666666,FR
2023-12-25,0.3891666666666666,FR
2023-12-26,27.08666666666667,FR
2023-12-27,57.75458333333333,FR
2023-12-28,21.949166666666667,FR
2023-12-29,15.34875,FR
2023-12-30,35.016666666666666,FR
2023-12-31,9.044347826086955,FR
2024-01-01,13.136666666666663,FR
2024-01-02,36.1875,FR
2024-01-03,46.11041666666667,FR
2024-01-04,78.97958333333334,FR
2024-01-05,90.53833333333334,FR
2024-01-06,87.54416666666667,FR
2024-01-07,86.325,FR
2024-01-08,102.23416666666668,FR
2024-01-09,106.58666666666666,FR
2024-01-10,109.61625,FR
2024-01-11,106.78875,FR
2024-01-12,106.53041666666668,FR
2024-01-13,87.51833333333333,FR
2024-01-14,82.12125,FR
2024-01-15,88.89875,FR
2024-01-16,103.05041666666666,FR
2024-01-17,85.23791666666666,FR
2024-01-18,85.88625,FR
2024-01-19,82.00208333333333,FR
2024-01-20,77.87125,FR
2024-01-21,58.07375,FR
2024-01-22,57.46083333333333,FR
2024-01-23,56.98374999999999,FR
2024-01-24,48.31375,FR
2024-01-25,73.32416666666667,FR
2024-01-26,65.82458333333334,FR
2024-01-27,68.42999999999999,FR
2024-01-28,53.19416666666667,FR
2024-01-29,76.39458333333333,FR
2024-01-30,78.03125,FR
2024-01-31,75.20458333333333,FR
2024-02-01,75.15083333333332,FR
2024-02-02,67.16458333333334,FR
2024-02-03,46.099583333333335,FR
2024-02-04,27.947083333333335,FR
2024-02-05,53.51,FR
2024-02-06,53.471666666666664,FR
2024-02-07,57.5525,FR
2024-02-08,51.666666666666664,FR
2024-02-09,48.9575,FR
2024-02-10,71.9525,FR
2024-02-11,57.47666666666667,FR
2024-02-12,73.425,FR
2024-02-13,71.01583333333333,FR
2024-02-14,65.01416666666667,FR
2024-02-15,56.904583333333335,FR
2024-02-16,60.7525,FR
2024-02-17,62.10125,FR
2024-02-18,47.4075,FR
2024-02-19,61.27791666666667,FR
2024-02-20,62.34125,FR
2024-02-21,55.0525,FR
2024-02-22,40.71625,FR
2024-02-23,45.63708333333333,FR
2024-02-24,56.560833333333335,FR
2024-02-25,58.74541666666667,FR
2024-02-26,65.84291666666667,FR
2024-02-27,68.53166666666667,FR
2024-02-28,66.90249999999999,FR
2024-02-29,63.585,FR
2024-03-01,67.21333333333332,FR
2024-03-02,66.04208333333334,FR
2024-03-03,63.3525,FR
2024-03-04,74.78458333333333,FR
2024-03-05,76.41791666666667,FR
2024-03-06,81.66458333333334,FR
2024-03-07,73.24291666666666,FR
2024-03-08,65.55541666666666,FR
2024-03-09,49.135416666666664,FR
2024-03-10,53.74166666666667,FR
2024-03-11,72.20958333333333,FR
2024-03-12,72.34041666666667,FR
2024-03-13,61.64208333333334,FR
2024-03-14,58.76083333333333,FR
2024-03-15,42.67208333333334,FR
2024-03-16,51.62958333333333,FR
2024-03-17,46.74166666666667,FR
2024-03-18,66.54166666666667,FR
2024-03-19,68.43333333333334,FR
2024-03-20,59.7125,FR
2024-03-21,54.05625,FR
2024-03-22,36.049166666666665,FR
2024-03-23,9.63125,FR
2024-03-24,16.131666666666664,FR
2024-03-25,47.635416666666664,FR
2024-03-26,46.61333333333334,FR
2024-03-27,50.68083333333333,FR
2024-03-28,16.952083333333334,FR
2024-03-29,34.691250000000004,FR
2024-03-30,52.03541666666666,FR
2024-03-31,23.847826086956523,FR
2024-04-01,17.414583333333333,FR
2024-04-02,19.583333333333332,FR
2024-04-03,13.527500000000002,FR
2024-04-04,9.54,FR
2024-04-05,6.05125,FR
2024-04-06,-0.7104166666666667,FR
2024-04-07,3.7429166666666664,FR
2024-04-08,5.349583333333334,FR
2024-04-09,1.6925,FR
2024-04-10,38.76833333333334,FR
2024-04-11,16.339166666666667,FR
2024-04-12,21.044166666666666,FR
2024-04-13,1.4241666666666672,FR
2024-04-14,2.59875,FR
2024-04-15,3.99,FR
2024-04-16,3.1962500000000005,FR
2024-04-17,39.14375,FR
2024-04-18,59.15166666666667,FR
2024-04-19,18.3975,FR
2024-04-20,8.416666666666666,FR
2024-04-21,17.395416666666666,FR
2024-04-22,59.60708333333333,FR
2024-04-23,84.66708333333334,FR
2024-04-24,67.32291666666667,FR
2024-04-25,79.135,FR
2024-04-26,80.6475,FR
2024-04-27,37.00875,FR
2024-04-28,12.441249999999998,FR
2024-04-29,61.23583333333334,FR
2024-04-30,58.89291666666667,FR
2024-05-01,13.938333333333333,FR
2024-05-02,17.51625,FR
2024-05-03,24.474166666666665,FR
2024-05-04,31.804999999999996,FR
2024-05-05,29.027916666666663,FR
2024-05-06,68.48041666666667,FR
2024-05-07,63.765833333333326,FR
2024-05-08,21.98,FR
2024-05-09,18.12333333333333,FR
2024-05-10,13.920416666666666,FR
2024-05-11,8.282083333333334,FR
2024-05-12,1.8945833333333333,FR
2024-05-13,23.554166666666664,FR
2024-05-14,6.895,FR
2024-05-15,18.991666666666667,FR
2024-05-16,30.617083333333337,FR
2024-05-17,43.27291666666667,FR
2024-05-18,27.2,FR
2024-05-19,15.263333333333334,FR
2024-05-20,19.495833333333337,FR
2024-05-21,32.0925,FR
2024-05-22,29.89916666666667,FR
2024-05-23,48.427083333333336,FR
2024-05-24,71.4075,FR
2024-05-25,40.39458333333334,FR
2024-05-26,13.781666666666666,FR
2024-05-27,30.081666666666667,FR
2024-05-28,19.302083333333332,FR
2024-05-29,32.212916666666665,FR
2024-05-30,19.586666666666662,FR
2024-05-31,6.659583333333334,FR
2024-06-01,3.5904166666666666,FR
2024-06-02,1.5025000000000002,FR
2024-06-03,27.745,FR
2024-06-04,49.579583333333325,FR
2024-06-05,39.084583333333335,FR
2024-06-06,51.4925,FR
2024-06-07,56.90083333333334,FR
2024-06-08,20.222916666666663,FR
2024-06-09,13.015833333333331,FR
2024-06-10,28.397916666666664,FR
2024-06-11,46.897083333333335,FR
2024-06-12,33.2775,FR
2024-06-13,24.90875,FR
2024-06-14,16.409583333333334,FR
2024-06-15,-5.756666666666667,FR
2024-06-16,2.914583333333333,FR
2024-06-17,33.13,FR
2024-06-18,35.00416666666667,FR
2024-06-19,57.39083333333334,FR
2024-06-20,79.23583333333333,FR
2024-06-21,81.82625,FR
2024-06-22,42.12416666666667,FR
2024-06-23,31.766666666666666,FR
2024-06-24,54.91291666666667,FR
2024-06-25,45.74166666666667,FR
2024-06-26,105.97625,FR
2024-06-27,68.39,FR
2024-06-28,34.420833333333334,FR
2024-06-29,25.398749999999996,FR
2024-06-30,22.491666666666664,FR
2024-07-01,52.49791666666667,FR
2024-07-02,52.19,FR
2024-07-03,38.105,FR
2024-07-04,10.532083333333333,FR
2024-07-05,27.51125,FR
2024-07-06,-4.28625,FR
2024-07-07,11.161666666666669,FR
2024-07-08,70.2325,FR
2024-07-09,46.33375,FR
2024-07-10,67.97541666666667,FR
2024-07-11,78.4175,FR
2024-07-12,54.502916666666664,FR
2024-07-13,30.232916666666668,FR
2024-07-14,19.004166666666663,FR
2024-07-15,50.01333333333333,FR
2024-07-16,40.32791666666667,FR
2024-07-17,74.26875,FR
2024-07-18,82.02291666666666,FR
2024-07-19,78.57916666666667,FR
2024-07-20,52.3625,FR
2024-07-21,25.79625,FR
2024-07-22,57.61375,FR
2024-07-23,53.875416666666666,FR
2024-07-24,61.048750000000005,FR
2024-07-25,53.89458333333334,FR
2024-07-26,64.76666666666667,FR
2024-07-27,41.38875,FR
2024-07-28,17.680833333333332,FR
2024-07-29,31.631666666666664,FR
2024-07-30,52.82749999999999,FR
2024-07-31,65.55958333333334,FR
2024-08-01,79.39999999999999,FR
2024-08-02,78.495,FR
2024-08-03,33.785000000000004,FR
2024-08-04,32.22291666666667,FR
2024-08-05,46.51875,FR
2024-08-06,43.60625,FR
2024-08-07,34.39791666666667,FR
2024-08-08,31.014166666666668,FR
2024-08-09,23.786666666666665,FR
2024-08-10,21.32875,FR
2024-08-11,12.7925,FR
2024-08-12,45.52291666666667,FR
2024-08-13,82.90833333333333,FR
2024-08-14,86.15333333333332,FR
2024-08-15,42.17958333333333,FR
2024-08-16,75.29875,FR
2024-08-17,75.14583333333333,FR
2024-08-18,51.54666666666666,FR
2024-08-19,87.77791666666667,FR
2024-08-20,56.70416666666667,FR
2024-08-21,39.290416666666665,FR
2024-08-22,36.70125,FR
2024-08-23,35.683749999999996,FR
2024-08-24,29.145833333333332,FR
2024-08-25,18.88,FR
2024-08-26,69.11041666666667,FR
2024-08-27,69.52208333333333,FR
2024-08-28,89.39958333333334,FR
2024-08-29,99.20666666666666,FR
2024-08-30,95.1875,FR
2024-08-31,68.66875,FR
2024-09-01,61.54375,FR
2024-09-02,104.93958333333336,FR
2024-09-03,104.21541666666668,FR
2024-09-04,104.69375,FR
2024-09-05,86.12875000000001,FR
2024-09-06,78.79625,FR
2024-09-07,60.69375,FR
2024-09-08,36.88458333333333,FR
2024-09-09,57.002916666666664,FR
2024-09-10,44.03666666666667,FR
2024-09-11,54.59625,FR
2024-09-12,67.88583333333334,FR
2024-09-13,58.4725,FR
2024-09-14,47.651250000000005,FR
2024-09-15,29.958333333333332,FR
2024-09-16,39.135,FR
2024-09-17,21.905416666666667,FR
2024-09-18,48.56625,FR
2024-09-19,54.6025,FR
2024-09-20,56.557916666666664,FR
2024-09-21,33.26375,FR
2024-09-22,45.96875,FR
2024-09-23,54.8225,FR
2024-09-24,54.13708333333333,FR
2024-09-25,42.31916666666667,FR
2024-09-26,28.035416666666663,FR
2024-09-27,15.0525,FR
2024-09-28,27.144166666666667,FR
2024-09-29,24.550833333333333,FR
2024-09-30,12.150416666666668,FR
2024-10-01,62.57375,FR
2024-10-02,90.43458333333332,FR
2024-10-03,57.63916666666666,FR
2024-10-04,88.42375,FR
2024-10-05,64.20041666666667,FR
2024-10-06,24.656666666666663,FR
2024-10-07,56.19916666666666,FR
2024-10-08,32.7475,FR
2024-10-09,33.86208333333334,FR
2024-10-10,47.56333333333333,FR
2024-10-11,87.26708333333333,FR
2024-10-12,50.059583333333336,FR
2024-10-13,17.93375,FR
2024-10-14,89.34791666666666,FR
2024-10-15,71.0275,FR
2024-10-16,30.890416666666667,FR
2024-10-17,59.455000000000005,FR
2024-10-18,67.37708333333333,FR
2024-10-19,38.1125,FR
2024-10-20,13.514583333333333,FR
2024-10-21,67.53333333333333,FR
2024-10-22,86.44,FR
2024-10-23,85.1125,FR
2024-10-24,65.08416666666666,FR
2024-10-25,59.30291666666667,FR
2024-10-26,57.22666666666667,FR
2024-10-27,74.3136,FR
2024-10-28,82.0925,FR
2024-10-29,86.73416666666667,FR
2024-10-30,79.06958333333334,FR
2024-10-31,97.02125,FR
2024-11-01,80.75208333333333,FR
2024-11-02,91.69666666666666,FR
2024-11-03,79.4975,FR
2024-11-04,107.88291666666667,FR
2024-11-05,115.32,FR
2024-11-06,116.48875,FR
2024-11-07,109.47708333333333,FR
2024-11-08,112.12,FR
2024-11-09,111.59625,FR
2024-11-10,105.87625,FR
2024-11-11,99.88666666666668,FR
2024-11-12,103.73541666666668,FR
2024-11-13,123.41666666666669,FR
2024-11-14,125.10125,FR
2024-11-15,124.20708333333332,FR
2024-11-16,107.15583333333332,FR
2024-11-17,89.99958333333335,FR
2024-11-18,113.87541666666664,FR
2024-11-19,87.63875,FR
2024-11-20,112.43375,FR
2024-11-21,113.49583333333334,FR
2024-11-22,110.75791666666667,FR
2024-11-23,70.44416666666667,FR
2024-11-24,10.659166666666666,FR
2024-11-25,66.74083333333333,FR
2024-11-26,114.24166666666667,FR
2024-11-27,82.06291666666667,FR
2024-11-28,109.76916666666666,FR
2024-11-29,114.25291666666668,FR
2024-11-30,105.39625,FR
2024-12-01,91.52666666666666,FR
2024-12-02,106.59916666666668,FR
2024-12-03,142.76708333333332,FR
2024-12-04,144.54208333333332,FR
2024-12-05,108.43416666666668,FR
2024-12-06,87.27916666666665,FR
2024-12-07,42.221666666666664,FR
2024-12-08,37.19541666666667,FR
2024-12-09,88.63208333333334,FR
2024-12-10,126.21333333333332,FR
2024-12-11,164.09666666666666,FR
2024-12-12,173.1258333333333,FR
2024-12-13,176.68541666666667,FR
2024-12-14,109.47041666666668,FR
2024-12-15,73.5,FR
2024-12-16,76.52499999999999,FR
2024-12-17,93.1375,FR
2024-12-18,58.73666666666667,FR
2024-12-19,58.942499999999995,FR
2024-12-20,80.3275,FR
2024-12-21,32.24583333333333,FR
2024-12-22,24.732916666666668,FR
2024-12-23,65.55708333333332,FR
2024-12-24,102.48625,FR
2024-12-25,96.78625,FR
2024-12-26,112.64166666666668,FR
2024-12-27,119.54166666666669,FR
2024-12-28,120.32416666666668,FR
2024-12-29,113.87458333333332,FR
2024-12-30,117.545,FR
2024-12-31,97.0982608695652,FR
2025-01-01,22.59,FR
2025-01-02,107.68541666666664,FR
2025-01-03,115.69375,FR
2025-01-04,121.73833333333332,FR
2025-01-05,47.95,FR
2025-01-06,35.44375,FR
2025-01-07,74.2625,FR
2025-01-08,104.33291666666668,FR
2025-01-09,85.61500000000001,FR
2025-01-10,112.95708333333334,FR
2025-01-11,106.69125,FR
2025-01-12,108.26166666666666,FR
2025-01-13,125.24791666666664,FR
2025-01-14,136.72333333333333,FR
2025-01-15,160.56833333333333,FR
2025-01-16,139.88375,FR
2025-01-17,142.84,FR
2025-01-18,131.33708333333334,FR
2025-01-19,127.34,FR
2025-01-20,196.71291666666664,FR
2025-01-21,159.89958333333334,FR
2025-01-22,146.94833333333335,FR
2025-01-23,110.32875,FR
2025-01-24,78.04208333333334,FR
2025-01-25,61.43875,FR
2025-01-26,38.428333333333335,FR
2025-01-27,28.93875,FR
2025-01-28,30.525833333333335,FR
2025-01-29,72.7675,FR
2025-01-30,107.86208333333332,FR
2025-01-31,131.46083333333334,FR
2025-02-01,130.2795833333333,FR
2025-02-02,132.14166666666668,FR
2025-02-03,150.65291666666667,FR
2025-02-04,141.065,FR
2025-02-05,145.30791666666667,FR
2025-02-06,142.57875,FR
2025-02-07,129.77833333333334,FR
2025-02-08,123.31833333333331,FR
2025-02-09,133.74666666666667,FR
2025-02-10,144.21041666666667,FR
2025-02-11,141.57083333333333,FR
2025-02-12,154.36625,FR
2025-02-13,150.62708333333333,FR
2025-02-14,147.95125,FR
2025-02-15,121.07875,FR
2025-02-16,125.30333333333334,FR
2025-02-17,144.8766666666667,FR
2025-02-18,130.18166666666667,FR
2025-02-19,117.30708333333332,FR
2025-02-20,99.48833333333332,FR
2025-02-21,63.90291666666667,FR
2025-02-22,75.14958333333333,FR
2025-02-23,70.30041666666666,FR
2025-02-24,86.75041666666668,FR
2025-02-25,103.69333333333331,FR
2025-02-26,101.8475,FR
2025-02-27,114.745,FR
2025-02-28,112.2175,FR
2025-03-01,97.33583333333333,FR
2025-03-02,91.24041666666666,FR
2025-03-03,117.73125,FR
2025-03-04,109.15,FR
2025-03-05,88.06041666666665,FR
2025-03-06,72.18666666666667,FR
2025-03-07,59.84,FR
2025-03-08,37.09916666666667,FR
2025-03-09,46.507083333333334,FR
2025-03-10,92.99416666666669,FR
2025-03-11,101.1175,FR
2025-03-12,111.50833333333333,FR
2025-03-13,121.68458333333332,FR
2025-03-14,115.78041666666668,FR
2025-03-15,88.63833333333334,FR
2025-03-16,73.12791666666666,FR
2025-03-17,97.4075,FR
2025-03-18,76.3975,FR
2025-03-19,69.08833333333334,FR
2025-03-20,45.757083333333334,FR
2025-03-21,30.67125,FR
2025-03-22,29.5875,FR
2025-03-23,49.384166666666665,FR
2025-03-24,102.97125,FR
2025-03-25,93.21666666666664,FR
2025-03-26,98.8825,FR
2025-03-27,81.12083333333334,FR
2025-03-28,63.51333333333333,FR
2025-03-29,41.1925,FR
2025-03-30,17.312173913043477,FR
2025-03-31,60.24875,FR
2025-04-01,55.05708333333334,FR
2025-04-02,28.43166666666667,FR
2025-04-03,48.73041666666666,FR
2025-04-04,38.8825,FR
2025-04-05,25.2175,FR
2025-04-06,11.269583333333337,FR
2025-04-07,63.74166666666667,FR
2025-04-08,61.123333333333335,FR
2025-04-09,34.67125,FR
2025-04-10,29.657083333333333,FR
2025-04-11,36.9575,FR
2025-04-12,24.873333333333335,FR
2025-04-13,18.8425,FR
2025-04-14,36.2225,FR
2025-04-15,16.831666666666667,FR
2025-04-16,56.979166666666664,FR
2025-04-17,62.50208333333333,FR
2025-04-18,32.83041666666667,FR
2025-04-19,22.572083333333335,FR
2025-04-20,30.221666666666664,FR
2025-04-21,53.538333333333334,FR
2025-04-22,72.58208333333333,FR
2025-04-23,67.30041666666666,FR
2025-04-24,78.635,FR
2025-04-25,67.33166666666666,FR
2025-04-26,36.685,FR
2025-04-27,34.624583333333334,FR
2025-04-28,46.84041666666667,FR
2025-04-29,24.910416666666663,FR
2025-04-30,48.259166666666665,FR
2025-05-01,5.8999999999999995,FR
2025-05-02,19.587083333333332,FR
2025-05-03,18.390833333333333,FR
2025-05-04,12.42125,FR
2025-05-05,13.485833333333334,FR
2025-05-06,13.591666666666669,FR
2025-05-07,21.734583333333333,FR
2025-05-08,10.069583333333334,FR
2025-05-09,15.301666666666668,FR
2025-05-10,-1.0529166666666667,FR
2025-05-11,-5.84,FR
2025-05-12,25.60083333333333,FR
2025-05-13,46.55041666666667,FR
2025-05-14,34.23875,FR
2025-05-15,15.51,FR
2025-05-16,11.2375,FR
2025-05-17,14.247916666666669,FR
2025-05-18,14.3275,FR
2025-05-19,24.59625,FR
2025-05-20,22.375416666666663,FR
2025-05-21,33.77166666666667,FR
2025-05-22,20.74125,FR
2025-05-23,16.550416666666667,FR
2025-05-24,12.670416666666668,FR
2025-05-25,4.18625,FR
2025-05-26,20.93375,FR
2025-05-27,30.495,FR
2025-05-28,27.08875,FR
2025-05-29,30.559583333333336,FR
2025-05-30,42.0325,FR
2025-05-31,29.358333333333334,FR
2025-06-01,15.522083333333333,FR
2025-06-02,36.56125,FR
2025-06-03,17.242916666666666,FR
2025-06-04,20.660833333333333,FR
2025-06-05,5.2299999999999995,FR
2025-06-06,22.673333333333332,FR
2025-06-07,14.782916666666669,FR
2025-06-08,2.4895833333333335,FR
2025-06-09,16.302916666666665,FR
2025-06-10,26.252916666666668,FR
2025-06-11,30.559583333333332,FR
2025-06-12,27.282916666666665,FR
2025-06-13,49.560833333333335,FR
2025-06-14,29.544166666666666,FR
2025-06-15,17.442916666666665,FR
2025-06-16,35.38291666666667,FR
2025-06-17,47.12041666666667,FR
2025-06-18,65.15833333333333,FR
2025-06-19,46.18833333333333,FR
2025-06-20,71.34333333333333,FR
2025-06-21,71.76333333333334,FR
2025-06-22,24.11791666666667,FR
2025-06-23,26.804166666666664,FR
2025-06-24,56.260416666666664,FR
2025-06-25,77.635,FR
2025-06-26,81.82541666666667,FR
2025-06-27,83.21541666666667,FR
2025-06-28,45.3675,FR
2025-06-29,57.854166666666664,FR
2025-06-30,100.12083333333334,FR
2025-07-01,117.62125,FR
2025-07-02,93.85291666666666,FR
2025-07-03,81.49249999999999,FR
2025-07-04,72.52,FR
2025-07-05,31.272499999999997,FR
2025-07-06,31.593333333333337,FR
2025-07-07,36.78333333333333,FR
2025-07-08,37.49791666666667,FR
2025-07-09,46.062083333333334,FR
2025-07-10,67.61874999999999,FR
2025-07-11,54.427083333333336,FR
2025-07-12,57.1125,FR
2025-07-13,50.24,FR
2025-07-14,53.20875,FR
2025-07-15,58.1975,FR
2025-07-16,64.71208333333333,FR
2025-07-17,91.22541666666666,FR
2025-07-18,92.02125,FR
2025-07-19,46.2525,FR
2025-07-20,20.583333333333332,FR
2025-07-21,24.34166666666667,FR
2025-07-22,59.124583333333334,FR
2025-07-23,83.36833333333333,FR
2025-07-24,74.295,FR
2025-07-25,71.07666666666667,FR
2025-07-26,46.22541666666667,FR
2025-07-27,37.03791666666667,FR
2025-07-28,41.90291666666666,FR
2025-07-29,42.17791666666667,FR
2025-07-30,48.7225,FR
2025-07-31,64.735,FR
2025-08-01,64.79166666666667,FR
2025-08-02,42.78541666666666,FR
2025-08-03,30.477083333333336,FR
2025-08-04,47.0075,FR
2025-08-05,12.1025,FR
2025-08-06,49.42916666666667,FR
2025-08-07,53.446666666666665,FR
2025-08-08,53.86083333333334,FR
2025-08-09,38.0625,FR
2025-08-10,33.00666666666667,FR
2025-08-11,52.107499999999995,FR
2025-08-12,79.83708333333333,FR
2025-08-13,96.56291666666668,FR
2025-08-14,89.68,FR
2025-08-15,57.967083333333335,FR
2025-08-16,47.26125,FR
2025-08-17,40.96458333333333,FR
2025-08-18,69.9675,FR
2025-08-19,71.23541666666667,FR
2025-08-20,64.10541666666667,FR
2025-08-21,32.727916666666665,FR
2025-08-22,50.7175,FR
2025-08-23,63.189166666666665,FR
2025-08-24,57.39124999999999,FR
2025-08-25,75.92583333333333,FR
2025-08-26,76.93583333333333,FR
2025-08-27,87.49916666666667,FR
2025-08-28,58.882083333333334,FR
2025-08-29,35.26125,FR
2025-08-30,35.568333333333335,FR
2025-08-31,18.875416666666663,FR
2025-09-01,33.464166666666664,FR
2025-09-02,28.090833333333332,FR
2025-09-03,18.485416666666666,FR
2025-09-04,30.637916666666666,FR
2025-09-05,56.70041666666666,FR
2025-09-06,20.940416666666668,FR
2025-09-07,13.23625,FR
2025-09-08,66.02458333333333,FR
2025-09-09,51.58166666666667,FR
2025-09-10,13.856666666666667,FR
2025-09-11,10.10375,FR
2025-09-12,18.188333333333333,FR
2025-09-13,9.691666666666666,FR
2025-09-14,15.072083333333332,FR
2025-09-15,3.3841666666666668,FR
2025-09-16,26.74625,FR
2025-09-17,59.35208333333333,FR
2025-09-18,51.39291666666667,FR
2025-09-19,53.57333333333333,FR
2025-09-20,19.996666666666663,FR
2025-09-21,15.901666666666666,FR
2025-09-22,13.1175,FR
2025-09-23,14.16375,FR
2025-09-24,31.58791666666667,FR
2025-09-25,62.77875,FR
2025-09-26,86.77083333333333,FR
2025-09-27,54.15958333333333,FR
2025-09-28,46.58125,FR
2025-09-29,58.34,FR
2025-09-30,60.32083333333333,FR
2025-10-01,63.7690625,FR
2025-10-02,57.55645833333333,FR
2025-10-03,46.58447916666666,FR
2025-10-04,4.6234375000000005,FR
2025-10-05,9.40625,FR
2025-10-06,69.74104166666667,FR
2025-10-07,89.0303125,FR
2025-10-08,95.44666666666666,FR
2025-10-09,83.47687499999999,FR
2025-10-10,83.0496875,FR
2025-10-11,68.48260416666666,FR
2025-10-12,60.080729166666664,FR
2025-10-13,78.5196875,FR
2025-10-14,95.106875,FR
2025-10-15,89.86312500000001,FR
2025-10-16,86.40052083333335,FR
2025-10-17,91.51104166666666,FR
2025-10-18,75.88572916666666,FR
2025-10-19,34.18635416666667,FR
2025-10-20,32.80739583333334,FR
2025-10-21,56.66,FR
2025-10-22,67.06822916666667,FR
2025-10-23,10.451458333333331,FR
2025-10-24,37.423125,FR
2025-10-25,17.319479166666667,FR
2025-10-26,16.0629,FR
2025-10-27,47.66468750000001,FR
2025-10-28,56.168958333333336,FR
2025-10-29,83.40458333333333,FR
2025-10-30,53.258125,FR
2025-10-31,22.306354166666665,FR
2025-11-01,27.119583333333335,FR
2025-11-02,25.09583333333333,FR
2025-11-03,46.189375000000005,FR
2025-11-04,20.9459375,FR
2025-11-05,21.4659375,FR
2025-11-06,62.29750000000001,FR
2025-11-07,66.63697916666666,FR
2025-11-08,56.0875,FR
2025-11-09,60.37041666666667,FR
2025-11-10,49.130208333333336,FR
2025-11-11,22.820833333333336,FR
2025-11-12,21.2346875,FR
2025-11-13,31.58520833333333,FR
2025-11-14,25.999791666666667,FR
2025-11-15,31.2796875,FR
2025-11-16,36.919583333333335,FR
2025-11-17,63.59395833333334,FR
2025-11-18,88.05572916666667,FR
2025-11-19,87.57989583333334,FR
2025-11-20,102.18677083333334,FR
2025-11-21,112.72145833333332,FR
2025-11-22,86.1615625,FR
2025-11-23,69.90927083333334,FR
2025-11-24,77.94052083333334,FR
2025-11-25,70.0,FR
2025-11-26,96.3196875,FR
2025-11-27,83.9303125,FR
2025-11-28,78.09708333333333,FR
2025-11-29,73.81010416666668,FR
2025-11-30,78.3259375,FR
2025-12-01,77.99322916666667,FR
2025-12-02,83.1275,FR
2025-12-03,89.92364583333334,FR
2025-12-04,76.17416666666666,FR
2025-12-05,80.01489583333334,FR
2025-12-06,25.160104166666667,FR
2025-12-07,20.183541666666667,FR
2025-12-08,34.75291666666667,FR
2025-12-09,28.793125,FR
2025-12-10,67.454375,FR
2025-12-11,79.88791666666667,FR
2025-12-12,83.51458333333333,FR
2025-12-13,76.39822916666667,FR
2025-12-14,69.57802083333333,FR
2025-12-15,73.87854166666666,FR
2025-12-16,91.58072916666669,FR
2025-12-17,85.0,FR
2025-12-18,34.254375,FR
2025-12-19,67.575625,FR
2025-12-20,70.15895833333333,FR
2025-12-21,61.47958333333333,FR
2025-12-22,72.8853125,FR
2025-12-23,76.29416666666667,FR
2025-12-24,37.37,FR
2025-12-25,47.43395833333333,FR
2025-12-26,87.36770833333333,FR
2025-12-27,80.47364583333334,FR
2025-12-28,84.07000000000001,FR
2025-12-29,94.4665625,FR
2025-12-30,84.36791666666666,FR
2025-12-31,89.0058947368421,FR
2026-01-01,48.67958333333333,FR
2026-01-02,68.0440625,FR
2026-01-03,88.99583333333334,FR
2026-01-04,94.05510416666668,FR
2026-01-05,128.20885416666667,FR
2026-01-06,127.40020833333334,FR
2026-01-07,105.33822916666666,FR
2026-01-08,108.16104166666666,FR
2026-01-09,70.61416666666666,FR
2026-01-10,80.40291666666667,FR
2026-01-11,87.86677083333332,FR
2026-01-12,86.4940625,FR
2026-01-13,90.05083333333333,FR
2026-01-14,112.486875,FR
2026-01-15,97.57989583333334,FR
2026-01-16,112.84572916666669,FR
2026-01-17,112.74145833333334,FR
2026-01-18,110.44354166666666,FR
2026-01-19,134.34020833333332,FR
2026-01-20,101.63708333333334,FR
2026-01-21,87.74083333333334,FR
2026-01-22,88.61614583333333,FR
2026-01-23,102.76166666666668,FR
2026-01-24,104.3071875,FR
2026-01-25,99.86333333333332,FR
2026-01-26,116.59583333333336,FR
2026-01-27,94.4878125,FR
2026-01-28,126.51947916666668,FR
2026-01-29,117.2315625,FR
2026-01-30,104.03677083333334,FR
2026-01-31,111.61145833333336,FR
2026-02-01,110.04760416666666,FR
2026-02-02,109.9253125,FR
2026-02-03,86.94156249999999,FR
2026-02-04,88.65375,FR
2026-02-05,70.249375,FR
2026-02-06,69.349375,FR
2026-02-07,62.65177083333333,FR
2026-02-08,76.61145833333333,FR
2026-02-09,83.6040625,FR
2026-02-10,55.555,FR
2026-02-11,13.610729166666667,FR
2026-02-12,16.833229166666666,FR
2026-02-13,58.12072916666667,FR
2026-02-14,34.1190625,FR
2026-02-15,15.390104166666667,FR
2026-02-16,12.131666666666668,FR
2026-02-17,45.73135416666667,FR
2026-02-18,29.597291666666667,FR
2026-02-19,37.395,FR
2026-02-20,47.09041666666667,FR
2026-02-21,16.736458333333335,FR
2026-02-22,9.5646875,FR
2026-02-23,27.675625,FR
2026-02-24,31.5378125,FR
2026-02-25,26.969895833333336,FR
2026-02-26,22.747604166666665,FR
2026-02-27,12.701458333333331,FR
2026-02-28,17.029479166666665,FR
2026-03-01,18.315520833333338,FR
2026-03-02,29.297291666666663,FR
2026-03-03,59.31854166666667,FR
2026-03-04,75.06010416666668,FR
2026-03-05,83.24875,FR
2026-03-06,72.43302083333333,FR
2026-03-07,62.03875,FR
2026-03-08,77.07656250000001,FR
2026-03-09,120.66229166666666,FR
2026-03-10,125.0259375,FR
2026-03-11,54.3984375,FR
2026-03-12,50.89666666666667,FR
2026-03-13,41.564375000000005,FR
2026-03-14,109.493125,FR
2026-03-15,63.3290625,FR
2026-03-16,63.30072916666666,FR
2026-03-17,71.68249999999999,FR
2026-03-18,25.995729166666667,FR
2026-03-19,30.7471875,FR
2026-03-20,55.06791666666666,FR
2026-03-21,40.56625,FR
2026-03-22,40.963125,FR
2026-03-23,86.31166666666667,FR
2026-03-24,51.0578125,FR
2026-03-25,16.2209375,FR
2026-03-26,70.6271875,FR
2026-03-27,114.99645833333334,FR
2026-03-28,62.6253125,FR
2026-03-29,50.45260869565218,FR
2026-03-30,47.27729166666666,FR
2026-03-31,108.76166666666668,FR
2026-04-01,134.69947916666666,FR
2026-04-02,109.9878125,FR
2026-04-03,75.40989583333334,FR
2026-04-04,19.588541666666668,FR
2026-04-05,-3.5630208333333333,FR
2026-04-06,3.474375,FR
2026-04-07,36.18635416666667,FR
2026-04-08,54.173750000000005,FR
2026-04-09,51.78822916666667,FR
2026-04-10,39.93208333333333,FR
2026-04-11,10.935416666666669,FR
2026-04-12,40.844479166666666,FR
2026-04-13,117.63645833333334,FR
2026-04-14,90.56197916666667,FR
2026-04-15,70.30489583333333,FR
2026-04-16,73.31406249999999,FR
2026-04-17,72.07875,FR
2026-04-18,47.29989583333333,FR
2026-04-19,25.32020833333333,FR
2026-04-20,21.069791666666667,FR
2026-04-21,16.538333333333334,FR
2026-04-22,11.440520833333332,FR
2026-04-23,20.79854166666667,FR
2026-04-24,22.99802083333333,FR
2026-04-25,1.3145833333333334,FR
2026-04-26,-40.8325,FR
2026-04-27,36.9103125,FR
2026-04-28,18.845,FR
2026-04-29,3.317604166666667,FR
2026-04-30,11.588229166666666,FR
2026-05-01,-41.39270833333333,FR
2026-05-02,25.594791666666666,FR
2026-05-03,32.302708333333335,FR
2026-05-04,111.38375,FR
2026-05-05,92.0559375,FR
2026-05-06,113.39739583333332,FR
2026-05-07,98.55541666666666,FR
2026-05-08,51.50510416666666,FR
2026-05-09,29.503854166666667,FR
2026-05-10,21.2209375,FR
2026-05-11,37.0125,FR
2026-05-12,69.626875,FR
2026-05-13,35.09010416666667,FR
2026-05-14,24.364270833333332,FR
2026-05-15,42.78802083333333,FR
2026-05-16,48.7321875,FR
2026-05-17,50.54604166666667,FR
2026-05-18,79.32531250000001,FR
2026-05-19,45.07177083333334,FR
2026-05-20,46.034479166666664,FR
2026-05-21,60.53135416666667,FR
2026-05-22,59.765208333333334,FR
2026-05-23,34.321041666666666,FR
2026-05-24,17.516041666666666,FR
2026-05-25,50.0,FR
