freq,unit,deg_urb,rskpovth,geo,year,crime_rate
Annual,Percentage,Cities,Below 60%,Belgium,2003,27.2
Annual,Percentage,Cities,Below 60%,Belgium,2004,25.9
Annual,Percentage,Cities,Below 60%,Belgium,2005,29.3
Annual,Percentage,Cities,Below 60%,Belgium,2006,29.6
Annual,Percentage,Cities,Below 60%,Belgium,2007,25.9
Annual,Percentage,Cities,Below 60%,Belgium,2008,27.1
Annual,Percentage,Cities,Below 60%,Belgium,2009,32.5
Annual,Percentage,Cities,Below 60%,Belgium,2010,27.4
Annual,Percentage,Cities,Below 60%,Belgium,2011,28.4
Annual,Percentage,Cities,Below 60%,Belgium,2012,32.8
Annual,Percentage,Cities,Below 60%,Belgium,2013,37.3
Annual,Percentage,Cities,Below 60%,Belgium,2014,33.1
Annual,Percentage,Cities,Below 60%,Belgium,2015,29.8
Annual,Percentage,Cities,Below 60%,Belgium,2016,29.2
Annual,Percentage,Cities,Below 60%,Belgium,2017,24.2
Annual,Percentage,Cities,Below 60%,Belgium,2018,28.2
Annual,Percentage,Cities,Below 60%,Belgium,2019,23.7
Annual,Percentage,Cities,Below 60%,Belgium,2020,24.1
Annual,Percentage,Cities,Below 60%,Belgium,2023,29.6
Annual,Percentage,Cities,Below 60%,Bulgaria,2005,52.0
Annual,Percentage,Cities,Below 60%,Bulgaria,2006,52.0
Annual,Percentage,Cities,Below 60%,Bulgaria,2007,52.2
Annual,Percentage,Cities,Below 60%,Bulgaria,2008,41.0
Annual,Percentage,Cities,Below 60%,Bulgaria,2009,39.7
Annual,Percentage,Cities,Below 60%,Bulgaria,2010,43.1
Annual,Percentage,Cities,Below 60%,Bulgaria,2011,42.6
Annual,Percentage,Cities,Below 60%,Bulgaria,2012,38.7
Annual,Percentage,Cities,Below 60%,Bulgaria,2013,36.6
Annual,Percentage,Cities,Below 60%,Bulgaria,2014,44.9
Annual,Percentage,Cities,Below 60%,Bulgaria,2015,42.8
Annual,Percentage,Cities,Below 60%,Bulgaria,2016,36.9
Annual,Percentage,Cities,Below 60%,Bulgaria,2017,40.7
Annual,Percentage,Cities,Below 60%,Bulgaria,2018,28.8
Annual,Percentage,Cities,Below 60%,Bulgaria,2019,27.2
Annual,Percentage,Cities,Below 60%,Bulgaria,2020,30.6
Annual,Percentage,Cities,Below 60%,Bulgaria,2023,33.1
Annual,Percentage,Cities,Below 60%,Czechia,2005,25.9
Annual,Percentage,Cities,Below 60%,Czechia,2006,38.8
Annual,Percentage,Cities,Below 60%,Czechia,2007,27.4
Annual,Percentage,Cities,Below 60%,Czechia,2008,30.5
Annual,Percentage,Cities,Below 60%,Czechia,2009,35.2
Annual,Percentage,Cities,Below 60%,Czechia,2010,31.8
Annual,Percentage,Cities,Below 60%,Czechia,2011,28.8
Annual,Percentage,Cities,Below 60%,Czechia,2012,26.0
Annual,Percentage,Cities,Below 60%,Czechia,2013,30.5
Annual,Percentage,Cities,Below 60%,Czechia,2014,29.7
Annual,Percentage,Cities,Below 60%,Czechia,2015,39.7
Annual,Percentage,Cities,Below 60%,Czechia,2016,32.6
Annual,Percentage,Cities,Below 60%,Czechia,2017,23.5
Annual,Percentage,Cities,Below 60%,Czechia,2018,12.3
Annual,Percentage,Cities,Below 60%,Czechia,2019,24.4
Annual,Percentage,Cities,Below 60%,Czechia,2020,14.8
Annual,Percentage,Cities,Below 60%,Czechia,2023,15.8
Annual,Percentage,Cities,Below 60%,Denmark,2003,13.3
Annual,Percentage,Cities,Below 60%,Denmark,2004,23.5
Annual,Percentage,Cities,Below 60%,Denmark,2005,27.4
Annual,Percentage,Cities,Below 60%,Denmark,2006,21.5
Annual,Percentage,Cities,Below 60%,Denmark,2007,19.0
Annual,Percentage,Cities,Below 60%,Denmark,2008,19.5
Annual,Percentage,Cities,Below 60%,Denmark,2009,29.0
Annual,Percentage,Cities,Below 60%,Denmark,2010,18.7
Annual,Percentage,Cities,Below 60%,Denmark,2011,25.4
Annual,Percentage,Cities,Below 60%,Denmark,2012,16.9
Annual,Percentage,Cities,Below 60%,Denmark,2013,18.1
Annual,Percentage,Cities,Below 60%,Denmark,2014,23.6
Annual,Percentage,Cities,Below 60%,Denmark,2015,18.2
Annual,Percentage,Cities,Below 60%,Denmark,2016,19.3
Annual,Percentage,Cities,Below 60%,Denmark,2017,15.4
Annual,Percentage,Cities,Below 60%,Denmark,2018,20.3
Annual,Percentage,Cities,Below 60%,Denmark,2019,14.1
Annual,Percentage,Cities,Below 60%,Denmark,2020,14.3
Annual,Percentage,Cities,Below 60%,Denmark,2023,16.2
Annual,Percentage,Cities,Below 60%,Germany,2005,20.2
Annual,Percentage,Cities,Below 60%,Germany,2006,23.9
Annual,Percentage,Cities,Below 60%,Germany,2007,25.5
Annual,Percentage,Cities,Below 60%,Germany,2008,29.9
Annual,Percentage,Cities,Below 60%,Germany,2009,27.9
Annual,Percentage,Cities,Below 60%,Germany,2010,26.0
Annual,Percentage,Cities,Below 60%,Germany,2011,27.4
Annual,Percentage,Cities,Below 60%,Germany,2012,29.3
Annual,Percentage,Cities,Below 60%,Germany,2013,30.6
Annual,Percentage,Cities,Below 60%,Germany,2014,29.0
Annual,Percentage,Cities,Below 60%,Germany,2015,30.2
Annual,Percentage,Cities,Below 60%,Germany,2016,27.9
Annual,Percentage,Cities,Below 60%,Germany,2017,27.0
Annual,Percentage,Cities,Below 60%,Germany,2018,29.2
Annual,Percentage,Cities,Below 60%,Germany,2019,27.0
Annual,Percentage,Cities,Below 60%,Germany,2020,16.2
Annual,Percentage,Cities,Below 60%,Germany,2023,17.9
Annual,Percentage,Cities,Below 60%,Estonia,2004,39.4
Annual,Percentage,Cities,Below 60%,Estonia,2005,32.4
Annual,Percentage,Cities,Below 60%,Estonia,2006,33.5
Annual,Percentage,Cities,Below 60%,Estonia,2007,36.9
Annual,Percentage,Cities,Below 60%,Estonia,2008,27.4
Annual,Percentage,Cities,Below 60%,Estonia,2009,27.9
Annual,Percentage,Cities,Below 60%,Estonia,2010,28.9
Annual,Percentage,Cities,Below 60%,Estonia,2011,28.8
Annual,Percentage,Cities,Below 60%,Estonia,2012,27.2
Annual,Percentage,Cities,Below 60%,Estonia,2013,18.1
Annual,Percentage,Cities,Below 60%,Estonia,2014,14.5
Annual,Percentage,Cities,Below 60%,Estonia,2015,16.3
Annual,Percentage,Cities,Below 60%,Estonia,2016,14.8
Annual,Percentage,Cities,Below 60%,Estonia,2017,12.2
Annual,Percentage,Cities,Below 60%,Estonia,2018,9.3
Annual,Percentage,Cities,Below 60%,Estonia,2019,9.4
Annual,Percentage,Cities,Below 60%,Estonia,2020,6.0
Annual,Percentage,Cities,Below 60%,Estonia,2023,5.8
Annual,Percentage,Cities,Below 60%,Ireland,2003,26.8
Annual,Percentage,Cities,Below 60%,Ireland,2004,34.8
Annual,Percentage,Cities,Below 60%,Ireland,2005,35.1
Annual,Percentage,Cities,Below 60%,Ireland,2006,36.0
Annual,Percentage,Cities,Below 60%,Ireland,2007,33.1
Annual,Percentage,Cities,Below 60%,Ireland,2008,20.1
Annual,Percentage,Cities,Below 60%,Ireland,2009,33.1
Annual,Percentage,Cities,Below 60%,Ireland,2010,25.7
Annual,Percentage,Cities,Below 60%,Ireland,2011,18.0
Annual,Percentage,Cities,Below 60%,Ireland,2012,22.8
Annual,Percentage,Cities,Below 60%,Ireland,2013,25.3
Annual,Percentage,Cities,Below 60%,Ireland,2014,18.0
Annual,Percentage,Cities,Below 60%,Ireland,2015,24.2
Annual,Percentage,Cities,Below 60%,Ireland,2016,19.8
Annual,Percentage,Cities,Below 60%,Ireland,2017,24.9
Annual,Percentage,Cities,Below 60%,Ireland,2018,23.7
Annual,Percentage,Cities,Below 60%,Ireland,2019,22.7
Annual,Percentage,Cities,Below 60%,Ireland,2020,28.4
Annual,Percentage,Cities,Below 60%,Ireland,2023,16.6
Annual,Percentage,Cities,Below 60%,Greece,2003,15.5
Annual,Percentage,Cities,Below 60%,Greece,2004,15.3
Annual,Percentage,Cities,Below 60%,Greece,2005,12.5
Annual,Percentage,Cities,Below 60%,Greece,2006,15.8
Annual,Percentage,Cities,Below 60%,Greece,2007,22.1
Annual,Percentage,Cities,Below 60%,Greece,2008,21.9
Annual,Percentage,Cities,Below 60%,Greece,2009,27.8
Annual,Percentage,Cities,Below 60%,Greece,2010,34.2
Annual,Percentage,Cities,Below 60%,Greece,2011,31.6
Annual,Percentage,Cities,Below 60%,Greece,2012,27.7
Annual,Percentage,Cities,Below 60%,Greece,2013,29.1
Annual,Percentage,Cities,Below 60%,Greece,2014,23.0
Annual,Percentage,Cities,Below 60%,Greece,2015,18.7
Annual,Percentage,Cities,Below 60%,Greece,2016,16.2
Annual,Percentage,Cities,Below 60%,Greece,2017,20.9
Annual,Percentage,Cities,Below 60%,Greece,2018,26.1
Annual,Percentage,Cities,Below 60%,Greece,2019,29.6
Annual,Percentage,Cities,Below 60%,Greece,2020,30.3
Annual,Percentage,Cities,Below 60%,Greece,2023,28.7
Annual,Percentage,Cities,Below 60%,Spain,2004,27.2
Annual,Percentage,Cities,Below 60%,Spain,2005,28.6
Annual,Percentage,Cities,Below 60%,Spain,2006,29.9
Annual,Percentage,Cities,Below 60%,Spain,2007,24.4
Annual,Percentage,Cities,Below 60%,Spain,2008,20.5
Annual,Percentage,Cities,Below 60%,Spain,2009,21.6
Annual,Percentage,Cities,Below 60%,Spain,2010,19.2
Annual,Percentage,Cities,Below 60%,Spain,2011,12.1
Annual,Percentage,Cities,Below 60%,Spain,2012,16.7
Annual,Percentage,Cities,Below 60%,Spain,2013,21.3
Annual,Percentage,Cities,Below 60%,Spain,2014,19.2
Annual,Percentage,Cities,Below 60%,Spain,2015,17.6
Annual,Percentage,Cities,Below 60%,Spain,2016,20.0
Annual,Percentage,Cities,Below 60%,Spain,2017,17.3
Annual,Percentage,Cities,Below 60%,Spain,2018,20.0
Annual,Percentage,Cities,Below 60%,Spain,2019,19.9
Annual,Percentage,Cities,Below 60%,Spain,2020,23.9
Annual,Percentage,Cities,Below 60%,Spain,2023,22.9
Annual,Percentage,Cities,Below 60%,France,2004,35.7
Annual,Percentage,Cities,Below 60%,France,2005,30.9
Annual,Percentage,Cities,Below 60%,France,2006,29.1
Annual,Percentage,Cities,Below 60%,France,2007,31.6
Annual,Percentage,Cities,Below 60%,France,2008,29.6
Annual,Percentage,Cities,Below 60%,France,2009,30.9
Annual,Percentage,Cities,Below 60%,France,2010,35.0
Annual,Percentage,Cities,Below 60%,France,2011,34.3
Annual,Percentage,Cities,Below 60%,France,2012,26.0
Annual,Percentage,Cities,Below 60%,France,2013,34.2
Annual,Percentage,Cities,Below 60%,France,2014,27.8
Annual,Percentage,Cities,Below 60%,France,2015,28.8
Annual,Percentage,Cities,Below 60%,France,2016,30.7
Annual,Percentage,Cities,Below 60%,France,2017,24.8
Annual,Percentage,Cities,Below 60%,France,2018,24.2
Annual,Percentage,Cities,Below 60%,France,2019,34.5
Annual,Percentage,Cities,Below 60%,France,2020,38.5
Annual,Percentage,Cities,Below 60%,France,2023,27.6
Annual,Percentage,Cities,Below 60%,Croatia,2010,5.5
Annual,Percentage,Cities,Below 60%,Croatia,2011,8.2
Annual,Percentage,Cities,Below 60%,Croatia,2012,8.3
Annual,Percentage,Cities,Below 60%,Croatia,2013,2.7
Annual,Percentage,Cities,Below 60%,Croatia,2014,4.9
Annual,Percentage,Cities,Below 60%,Croatia,2015,6.5
Annual,Percentage,Cities,Below 60%,Croatia,2016,3.9
Annual,Percentage,Cities,Below 60%,Croatia,2017,4.6
Annual,Percentage,Cities,Below 60%,Croatia,2018,4.5
Annual,Percentage,Cities,Below 60%,Croatia,2019,3.4
Annual,Percentage,Cities,Below 60%,Croatia,2020,3.8
Annual,Percentage,Cities,Below 60%,Croatia,2023,2.2
Annual,Percentage,Cities,Below 60%,Italy,2004,35.7
Annual,Percentage,Cities,Below 60%,Italy,2005,31.7
Annual,Percentage,Cities,Below 60%,Italy,2006,33.0
Annual,Percentage,Cities,Below 60%,Italy,2007,33.1
Annual,Percentage,Cities,Below 60%,Italy,2008,32.5
Annual,Percentage,Cities,Below 60%,Italy,2009,33.2
Annual,Percentage,Cities,Below 60%,Italy,2010,28.8
Annual,Percentage,Cities,Below 60%,Italy,2011,23.1
Annual,Percentage,Cities,Below 60%,Italy,2012,28.4
Annual,Percentage,Cities,Below 60%,Italy,2013,25.2
Annual,Percentage,Cities,Below 60%,Italy,2014,28.1
Annual,Percentage,Cities,Below 60%,Italy,2015,32.6
Annual,Percentage,Cities,Below 60%,Italy,2016,25.8
Annual,Percentage,Cities,Below 60%,Italy,2017,22.7
Annual,Percentage,Cities,Below 60%,Italy,2018,20.1
Annual,Percentage,Cities,Below 60%,Italy,2019,12.7
Annual,Percentage,Cities,Below 60%,Italy,2020,14.4
Annual,Percentage,Cities,Below 60%,Italy,2023,9.8
Annual,Percentage,Cities,Below 60%,Cyprus,2005,6.3
Annual,Percentage,Cities,Below 60%,Cyprus,2006,10.2
Annual,Percentage,Cities,Below 60%,Cyprus,2007,11.8
Annual,Percentage,Cities,Below 60%,Cyprus,2008,10.4
Annual,Percentage,Cities,Below 60%,Cyprus,2009,6.8
Annual,Percentage,Cities,Below 60%,Cyprus,2010,13.0
Annual,Percentage,Cities,Below 60%,Cyprus,2011,14.4
Annual,Percentage,Cities,Below 60%,Cyprus,2012,11.5
Annual,Percentage,Cities,Below 60%,Cyprus,2013,9.0
Annual,Percentage,Cities,Below 60%,Cyprus,2014,9.8
Annual,Percentage,Cities,Below 60%,Cyprus,2015,7.9
Annual,Percentage,Cities,Below 60%,Cyprus,2016,8.8
Annual,Percentage,Cities,Below 60%,Cyprus,2017,12.3
Annual,Percentage,Cities,Below 60%,Cyprus,2018,9.4
Annual,Percentage,Cities,Below 60%,Cyprus,2019,12.3
Annual,Percentage,Cities,Below 60%,Cyprus,2020,4.0
Annual,Percentage,Cities,Below 60%,Cyprus,2023,6.9
Annual,Percentage,Cities,Below 60%,Latvia,2005,33.5
Annual,Percentage,Cities,Below 60%,Latvia,2006,26.3
Annual,Percentage,Cities,Below 60%,Latvia,2007,35.5
Annual,Percentage,Cities,Below 60%,Latvia,2008,32.7
Annual,Percentage,Cities,Below 60%,Latvia,2009,33.4
Annual,Percentage,Cities,Below 60%,Latvia,2010,32.2
Annual,Percentage,Cities,Below 60%,Latvia,2011,28.2
Annual,Percentage,Cities,Below 60%,Latvia,2012,22.0
Annual,Percentage,Cities,Below 60%,Latvia,2013,16.8
Annual,Percentage,Cities,Below 60%,Latvia,2014,22.1
Annual,Percentage,Cities,Below 60%,Latvia,2015,19.7
Annual,Percentage,Cities,Below 60%,Latvia,2016,17.3
Annual,Percentage,Cities,Below 60%,Latvia,2017,13.1
Annual,Percentage,Cities,Below 60%,Latvia,2018,15.5
Annual,Percentage,Cities,Below 60%,Latvia,2019,7.9
Annual,Percentage,Cities,Below 60%,Latvia,2020,11.3
Annual,Percentage,Cities,Below 60%,Latvia,2023,10.2
Annual,Percentage,Cities,Below 60%,Lithuania,2005,18.0
Annual,Percentage,Cities,Below 60%,Lithuania,2006,16.2
Annual,Percentage,Cities,Below 60%,Lithuania,2007,13.7
Annual,Percentage,Cities,Below 60%,Lithuania,2008,13.1
Annual,Percentage,Cities,Below 60%,Lithuania,2009,14.8
Annual,Percentage,Cities,Below 60%,Lithuania,2010,14.5
Annual,Percentage,Cities,Below 60%,Lithuania,2011,12.0
Annual,Percentage,Cities,Below 60%,Lithuania,2012,12.6
Annual,Percentage,Cities,Below 60%,Lithuania,2013,12.3
Annual,Percentage,Cities,Below 60%,Lithuania,2014,5.9
Annual,Percentage,Cities,Below 60%,Lithuania,2015,8.8
Annual,Percentage,Cities,Below 60%,Lithuania,2016,9.6
Annual,Percentage,Cities,Below 60%,Lithuania,2017,20.6
Annual,Percentage,Cities,Below 60%,Lithuania,2018,5.1
Annual,Percentage,Cities,Below 60%,Lithuania,2019,4.4
Annual,Percentage,Cities,Below 60%,Lithuania,2020,7.2
Annual,Percentage,Cities,Below 60%,Lithuania,2023,7.8
Annual,Percentage,Cities,Below 60%,Luxembourg,2003,18.2
Annual,Percentage,Cities,Below 60%,Luxembourg,2004,20.3
Annual,Percentage,Cities,Below 60%,Luxembourg,2005,18.9
Annual,Percentage,Cities,Below 60%,Luxembourg,2006,23.1
Annual,Percentage,Cities,Below 60%,Luxembourg,2007,12.9
Annual,Percentage,Cities,Below 60%,Luxembourg,2008,15.0
Annual,Percentage,Cities,Below 60%,Luxembourg,2009,16.6
Annual,Percentage,Cities,Below 60%,Luxembourg,2010,17.4
Annual,Percentage,Cities,Below 60%,Luxembourg,2011,21.8
Annual,Percentage,Cities,Below 60%,Luxembourg,2012,14.4
Annual,Percentage,Cities,Below 60%,Luxembourg,2013,11.8
Annual,Percentage,Cities,Below 60%,Luxembourg,2014,22.1
Annual,Percentage,Cities,Below 60%,Luxembourg,2015,30.9
Annual,Percentage,Cities,Below 60%,Luxembourg,2016,15.4
Annual,Percentage,Cities,Below 60%,Luxembourg,2017,23.9
Annual,Percentage,Cities,Below 60%,Luxembourg,2018,27.0
Annual,Percentage,Cities,Below 60%,Luxembourg,2019,16.7
Annual,Percentage,Cities,Below 60%,Luxembourg,2020,14.5
Annual,Percentage,Cities,Below 60%,Luxembourg,2023,26.7
Annual,Percentage,Cities,Below 60%,Hungary,2005,26.7
Annual,Percentage,Cities,Below 60%,Hungary,2006,20.1
Annual,Percentage,Cities,Below 60%,Hungary,2007,24.3
Annual,Percentage,Cities,Below 60%,Hungary,2008,14.2
Annual,Percentage,Cities,Below 60%,Hungary,2009,27.1
Annual,Percentage,Cities,Below 60%,Hungary,2010,26.7
Annual,Percentage,Cities,Below 60%,Hungary,2011,19.9
Annual,Percentage,Cities,Below 60%,Hungary,2012,19.0
Annual,Percentage,Cities,Below 60%,Hungary,2013,22.0
Annual,Percentage,Cities,Below 60%,Hungary,2014,33.2
Annual,Percentage,Cities,Below 60%,Hungary,2015,23.3
Annual,Percentage,Cities,Below 60%,Hungary,2016,12.0
Annual,Percentage,Cities,Below 60%,Hungary,2017,16.4
Annual,Percentage,Cities,Below 60%,Hungary,2018,16.0
Annual,Percentage,Cities,Below 60%,Hungary,2019,8.7
Annual,Percentage,Cities,Below 60%,Hungary,2020,14.1
Annual,Percentage,Cities,Below 60%,Hungary,2023,7.9
Annual,Percentage,Cities,Below 60%,Malta,2005,11.7
Annual,Percentage,Cities,Below 60%,Malta,2006,14.9
Annual,Percentage,Cities,Below 60%,Malta,2007,11.2
Annual,Percentage,Cities,Below 60%,Malta,2008,7.3
Annual,Percentage,Cities,Below 60%,Malta,2009,12.9
Annual,Percentage,Cities,Below 60%,Malta,2010,11.4
Annual,Percentage,Cities,Below 60%,Malta,2011,14.2
Annual,Percentage,Cities,Below 60%,Malta,2012,10.9
Annual,Percentage,Cities,Below 60%,Malta,2013,12.2
Annual,Percentage,Cities,Below 60%,Malta,2014,13.8
Annual,Percentage,Cities,Below 60%,Malta,2015,12.8
Annual,Percentage,Cities,Below 60%,Malta,2016,11.8
Annual,Percentage,Cities,Below 60%,Malta,2017,12.2
Annual,Percentage,Cities,Below 60%,Malta,2018,14.7
Annual,Percentage,Cities,Below 60%,Malta,2019,14.2
Annual,Percentage,Cities,Below 60%,Malta,2020,13.6
Annual,Percentage,Cities,Below 60%,Malta,2023,6.8
Annual,Percentage,Cities,Below 60%,Netherlands,2005,29.3
Annual,Percentage,Cities,Below 60%,Netherlands,2006,24.3
Annual,Percentage,Cities,Below 60%,Netherlands,2007,25.2
Annual,Percentage,Cities,Below 60%,Netherlands,2008,20.6
Annual,Percentage,Cities,Below 60%,Netherlands,2009,29.8
Annual,Percentage,Cities,Below 60%,Netherlands,2010,24.0
Annual,Percentage,Cities,Below 60%,Netherlands,2011,26.8
Annual,Percentage,Cities,Below 60%,Netherlands,2012,25.0
Annual,Percentage,Cities,Below 60%,Netherlands,2013,21.5
Annual,Percentage,Cities,Below 60%,Netherlands,2014,26.1
Annual,Percentage,Cities,Below 60%,Netherlands,2015,21.8
Annual,Percentage,Cities,Below 60%,Netherlands,2016,27.3
Annual,Percentage,Cities,Below 60%,Netherlands,2017,22.3
Annual,Percentage,Cities,Below 60%,Netherlands,2018,23.9
Annual,Percentage,Cities,Below 60%,Netherlands,2019,24.5
Annual,Percentage,Cities,Below 60%,Netherlands,2020,26.4
Annual,Percentage,Cities,Below 60%,Netherlands,2023,24.6
Annual,Percentage,Cities,Below 60%,Austria,2004,19.2
Annual,Percentage,Cities,Below 60%,Austria,2005,12.5
Annual,Percentage,Cities,Below 60%,Austria,2006,16.2
Annual,Percentage,Cities,Below 60%,Austria,2007,20.6
Annual,Percentage,Cities,Below 60%,Austria,2008,20.0
Annual,Percentage,Cities,Below 60%,Austria,2009,21.4
Annual,Percentage,Cities,Below 60%,Austria,2010,21.6
Annual,Percentage,Cities,Below 60%,Austria,2011,20.1
Annual,Percentage,Cities,Below 60%,Austria,2012,18.3
Annual,Percentage,Cities,Below 60%,Austria,2013,20.3
Annual,Percentage,Cities,Below 60%,Austria,2014,15.8
Annual,Percentage,Cities,Below 60%,Austria,2015,16.8
Annual,Percentage,Cities,Below 60%,Austria,2016,19.5
Annual,Percentage,Cities,Below 60%,Austria,2017,13.7
Annual,Percentage,Cities,Below 60%,Austria,2018,10.8
Annual,Percentage,Cities,Below 60%,Austria,2019,14.1
Annual,Percentage,Cities,Below 60%,Austria,2020,11.6
Annual,Percentage,Cities,Below 60%,Austria,2023,10.9
Annual,Percentage,Cities,Below 60%,Poland,2005,24.8
Annual,Percentage,Cities,Below 60%,Poland,2006,20.5
Annual,Percentage,Cities,Below 60%,Poland,2007,20.7
Annual,Percentage,Cities,Below 60%,Poland,2008,22.7
Annual,Percentage,Cities,Below 60%,Poland,2009,22.1
Annual,Percentage,Cities,Below 60%,Poland,2010,17.7
Annual,Percentage,Cities,Below 60%,Poland,2011,15.1
Annual,Percentage,Cities,Below 60%,Poland,2012,23.4
Annual,Percentage,Cities,Below 60%,Poland,2013,22.6
Annual,Percentage,Cities,Below 60%,Poland,2014,23.1
Annual,Percentage,Cities,Below 60%,Poland,2015,19.7
Annual,Percentage,Cities,Below 60%,Poland,2016,12.6
Annual,Percentage,Cities,Below 60%,Poland,2017,16.2
Annual,Percentage,Cities,Below 60%,Poland,2018,12.0
Annual,Percentage,Cities,Below 60%,Poland,2019,10.5
Annual,Percentage,Cities,Below 60%,Poland,2023,7.9
Annual,Percentage,Cities,Below 60%,Portugal,2004,23.6
Annual,Percentage,Cities,Below 60%,Portugal,2005,22.9
Annual,Percentage,Cities,Below 60%,Portugal,2006,22.1
Annual,Percentage,Cities,Below 60%,Portugal,2007,28.6
Annual,Percentage,Cities,Below 60%,Portugal,2008,23.4
Annual,Percentage,Cities,Below 60%,Portugal,2009,24.7
Annual,Percentage,Cities,Below 60%,Portugal,2010,25.1
Annual,Percentage,Cities,Below 60%,Portugal,2011,20.0
Annual,Percentage,Cities,Below 60%,Portugal,2012,15.7
Annual,Percentage,Cities,Below 60%,Portugal,2013,20.3
Annual,Percentage,Cities,Below 60%,Portugal,2014,15.0
Annual,Percentage,Cities,Below 60%,Portugal,2015,16.4
Annual,Percentage,Cities,Below 60%,Portugal,2016,10.7
Annual,Percentage,Cities,Below 60%,Portugal,2017,15.3
Annual,Percentage,Cities,Below 60%,Portugal,2018,9.5
Annual,Percentage,Cities,Below 60%,Portugal,2019,10.2
Annual,Percentage,Cities,Below 60%,Portugal,2020,14.9
Annual,Percentage,Cities,Below 60%,Portugal,2023,11.8
Annual,Percentage,Cities,Below 60%,Romania,2007,21.9
Annual,Percentage,Cities,Below 60%,Romania,2008,28.9
Annual,Percentage,Cities,Below 60%,Romania,2009,31.4
Annual,Percentage,Cities,Below 60%,Romania,2010,28.1
Annual,Percentage,Cities,Below 60%,Romania,2011,25.9
Annual,Percentage,Cities,Below 60%,Romania,2012,18.9
Annual,Percentage,Cities,Below 60%,Romania,2013,15.4
Annual,Percentage,Cities,Below 60%,Romania,2014,19.7
Annual,Percentage,Cities,Below 60%,Romania,2015,14.4
Annual,Percentage,Cities,Below 60%,Romania,2016,18.8
Annual,Percentage,Cities,Below 60%,Romania,2017,20.9
Annual,Percentage,Cities,Below 60%,Romania,2018,15.8
Annual,Percentage,Cities,Below 60%,Romania,2019,13.0
Annual,Percentage,Cities,Below 60%,Romania,2020,13.6
Annual,Percentage,Cities,Below 60%,Romania,2023,2.7
Annual,Percentage,Cities,Below 60%,Slovenia,2005,24.8
Annual,Percentage,Cities,Below 60%,Slovenia,2006,14.2
Annual,Percentage,Cities,Below 60%,Slovenia,2007,26.7
Annual,Percentage,Cities,Below 60%,Slovenia,2008,19.0
Annual,Percentage,Cities,Below 60%,Slovenia,2009,26.6
Annual,Percentage,Cities,Below 60%,Slovenia,2010,13.3
Annual,Percentage,Cities,Below 60%,Slovenia,2011,11.3
Annual,Percentage,Cities,Below 60%,Slovenia,2012,15.7
Annual,Percentage,Cities,Below 60%,Slovenia,2013,18.0
Annual,Percentage,Cities,Below 60%,Slovenia,2014,18.1
Annual,Percentage,Cities,Below 60%,Slovenia,2015,14.6
Annual,Percentage,Cities,Below 60%,Slovenia,2016,11.1
Annual,Percentage,Cities,Below 60%,Slovenia,2017,10.6
Annual,Percentage,Cities,Below 60%,Slovenia,2018,7.8
Annual,Percentage,Cities,Below 60%,Slovenia,2019,10.6
Annual,Percentage,Cities,Below 60%,Slovenia,2020,8.9
Annual,Percentage,Cities,Below 60%,Slovenia,2023,11.6
Annual,Percentage,Cities,Below 60%,Slovakia,2005,12.0
Annual,Percentage,Cities,Below 60%,Slovakia,2006,15.3
Annual,Percentage,Cities,Below 60%,Slovakia,2007,16.2
Annual,Percentage,Cities,Below 60%,Slovakia,2008,20.5
Annual,Percentage,Cities,Below 60%,Slovakia,2009,18.2
Annual,Percentage,Cities,Below 60%,Slovakia,2010,19.6
Annual,Percentage,Cities,Below 60%,Slovakia,2011,19.8
Annual,Percentage,Cities,Below 60%,Slovakia,2012,18.2
Annual,Percentage,Cities,Below 60%,Slovakia,2013,8.9
Annual,Percentage,Cities,Below 60%,Slovakia,2014,8.3
Annual,Percentage,Cities,Below 60%,Slovakia,2015,7.9
Annual,Percentage,Cities,Below 60%,Slovakia,2016,4.2
Annual,Percentage,Cities,Below 60%,Slovakia,2017,4.7
Annual,Percentage,Cities,Below 60%,Slovakia,2018,1.9
Annual,Percentage,Cities,Below 60%,Slovakia,2019,8.1
Annual,Percentage,Cities,Below 60%,Slovakia,2020,6.8
Annual,Percentage,Cities,Below 60%,Slovakia,2023,25.6
Annual,Percentage,Cities,Below 60%,Finland,2004,32.7
Annual,Percentage,Cities,Below 60%,Finland,2005,19.3
Annual,Percentage,Cities,Below 60%,Finland,2006,24.4
Annual,Percentage,Cities,Below 60%,Finland,2007,27.7
Annual,Percentage,Cities,Below 60%,Finland,2008,23.3
Annual,Percentage,Cities,Below 60%,Finland,2009,31.0
Annual,Percentage,Cities,Below 60%,Finland,2010,20.9
Annual,Percentage,Cities,Below 60%,Finland,2011,21.5
Annual,Percentage,Cities,Below 60%,Finland,2012,17.5
Annual,Percentage,Cities,Below 60%,Finland,2013,14.2
Annual,Percentage,Cities,Below 60%,Finland,2014,13.3
Annual,Percentage,Cities,Below 60%,Finland,2015,16.5
Annual,Percentage,Cities,Below 60%,Finland,2016,12.0
Annual,Percentage,Cities,Below 60%,Finland,2017,10.9
Annual,Percentage,Cities,Below 60%,Finland,2018,13.9
Annual,Percentage,Cities,Below 60%,Finland,2019,14.1
Annual,Percentage,Cities,Below 60%,Finland,2020,20.4
Annual,Percentage,Cities,Below 60%,Finland,2023,19.7
Annual,Percentage,Cities,Below 60%,Sweden,2004,27.0
Annual,Percentage,Cities,Below 60%,Sweden,2005,16.8
Annual,Percentage,Cities,Below 60%,Sweden,2006,27.5
Annual,Percentage,Cities,Below 60%,Sweden,2007,17.7
Annual,Percentage,Cities,Below 60%,Sweden,2008,20.3
Annual,Percentage,Cities,Below 60%,Sweden,2009,22.8
Annual,Percentage,Cities,Below 60%,Sweden,2010,27.6
Annual,Percentage,Cities,Below 60%,Sweden,2011,29.1
Annual,Percentage,Cities,Below 60%,Sweden,2012,26.8
Annual,Percentage,Cities,Below 60%,Sweden,2013,22.4
Annual,Percentage,Cities,Below 60%,Sweden,2014,23.1
Annual,Percentage,Cities,Below 60%,Sweden,2015,21.2
Annual,Percentage,Cities,Below 60%,Sweden,2016,23.4
Annual,Percentage,Cities,Below 60%,Sweden,2017,21.0
Annual,Percentage,Cities,Below 60%,Sweden,2018,20.0
Annual,Percentage,Cities,Below 60%,Sweden,2019,18.6
Annual,Percentage,Cities,Below 60%,Sweden,2020,24.3
Annual,Percentage,Cities,Below 60%,Sweden,2023,13.9
Annual,Percentage,Cities,Below 60%,Iceland,2004,7.7
Annual,Percentage,Cities,Below 60%,Iceland,2005,4.8
Annual,Percentage,Cities,Below 60%,Iceland,2006,3.9
Annual,Percentage,Cities,Below 60%,Iceland,2007,3.0
Annual,Percentage,Cities,Below 60%,Iceland,2008,7.0
Annual,Percentage,Cities,Below 60%,Iceland,2009,7.3
Annual,Percentage,Cities,Below 60%,Iceland,2010,5.9
Annual,Percentage,Cities,Below 60%,Iceland,2011,3.5
Annual,Percentage,Cities,Below 60%,Iceland,2012,9.5
Annual,Percentage,Cities,Below 60%,Iceland,2013,3.2
Annual,Percentage,Cities,Below 60%,Iceland,2014,2.8
Annual,Percentage,Cities,Below 60%,Iceland,2015,6.3
Annual,Percentage,Cities,Below 60%,Iceland,2016,5.5
Annual,Percentage,Cities,Below 60%,Iceland,2017,4.1
Annual,Percentage,Cities,Below 60%,Iceland,2018,8.0
Annual,Percentage,Cities,Below 60%,Iceland,2019,8.9
Annual,Percentage,Cities,Below 60%,Iceland,2020,5.4
Annual,Percentage,Cities,Below 60%,Norway,2004,8.1
Annual,Percentage,Cities,Below 60%,Norway,2005,8.5
Annual,Percentage,Cities,Below 60%,Norway,2006,8.9
Annual,Percentage,Cities,Below 60%,Norway,2007,8.6
Annual,Percentage,Cities,Below 60%,Norway,2008,9.6
Annual,Percentage,Cities,Below 60%,Norway,2009,8.5
Annual,Percentage,Cities,Below 60%,Norway,2010,10.2
Annual,Percentage,Cities,Below 60%,Norway,2011,7.5
Annual,Percentage,Cities,Below 60%,Norway,2012,10.8
Annual,Percentage,Cities,Below 60%,Norway,2013,10.8
Annual,Percentage,Cities,Below 60%,Norway,2015,12.6
Annual,Percentage,Cities,Below 60%,Norway,2016,8.8
Annual,Percentage,Cities,Below 60%,Norway,2017,7.8
Annual,Percentage,Cities,Below 60%,Norway,2018,8.5
Annual,Percentage,Cities,Below 60%,Norway,2019,9.5
Annual,Percentage,Cities,Below 60%,Norway,2020,6.8
Annual,Percentage,Cities,Below 60%,Norway,2023,12.5
Annual,Percentage,Cities,Below 60%,Switzerland,2007,14.2
Annual,Percentage,Cities,Below 60%,Switzerland,2008,16.5
Annual,Percentage,Cities,Below 60%,Switzerland,2009,17.7
Annual,Percentage,Cities,Below 60%,Switzerland,2010,20.6
Annual,Percentage,Cities,Below 60%,Switzerland,2011,18.9
Annual,Percentage,Cities,Below 60%,Switzerland,2012,30.6
Annual,Percentage,Cities,Below 60%,Switzerland,2013,27.1
Annual,Percentage,Cities,Below 60%,Switzerland,2014,19.2
Annual,Percentage,Cities,Below 60%,Switzerland,2015,23.7
Annual,Percentage,Cities,Below 60%,Switzerland,2016,23.7
Annual,Percentage,Cities,Below 60%,Switzerland,2017,15.3
Annual,Percentage,Cities,Below 60%,Switzerland,2018,13.1
Annual,Percentage,Cities,Below 60%,Switzerland,2019,14.5
Annual,Percentage,Cities,Below 60%,Switzerland,2020,12.6
Annual,Percentage,Cities,Below 60%,Switzerland,2023,10.8
Annual,Percentage,Cities,Below 60%,United Kingdom,2005,34.7
Annual,Percentage,Cities,Below 60%,United Kingdom,2006,36.2
Annual,Percentage,Cities,Below 60%,United Kingdom,2007,31.3
Annual,Percentage,Cities,Below 60%,United Kingdom,2008,32.5
Annual,Percentage,Cities,Below 60%,United Kingdom,2009,32.5
Annual,Percentage,Cities,Below 60%,United Kingdom,2010,31.6
Annual,Percentage,Cities,Below 60%,United Kingdom,2011,28.2
Annual,Percentage,Cities,Below 60%,United Kingdom,2012,30.3
Annual,Percentage,Cities,Below 60%,United Kingdom,2013,23.3
Annual,Percentage,Cities,Below 60%,United Kingdom,2014,26.7
Annual,Percentage,Cities,Below 60%,United Kingdom,2015,29.9
Annual,Percentage,Cities,Below 60%,United Kingdom,2016,25.4
Annual,Percentage,Cities,Below 60%,United Kingdom,2017,29.4
Annual,Percentage,Cities,Below 60%,United Kingdom,2018,31.5
Annual,Percentage,Cities,Below 60%,North Macedonia,2010,13.4
Annual,Percentage,Cities,Below 60%,North Macedonia,2011,11.3
Annual,Percentage,Cities,Below 60%,North Macedonia,2016,8.5
Annual,Percentage,Cities,Below 60%,North Macedonia,2017,3.6
Annual,Percentage,Cities,Below 60%,North Macedonia,2018,6.4
Annual,Percentage,Cities,Below 60%,North Macedonia,2019,10.5
Annual,Percentage,Cities,Below 60%,North Macedonia,2020,6.0
Annual,Percentage,Cities,Below 60%,North Macedonia,2023,13.6
Annual,Percentage,Cities,Below 60%,Albania,2017,1.6
Annual,Percentage,Cities,Below 60%,Albania,2018,0.9
Annual,Percentage,Cities,Below 60%,Albania,2019,1.2
Annual,Percentage,Cities,Below 60%,Albania,2020,0.8
Annual,Percentage,Cities,Below 60%,Serbia,2013,32.6
Annual,Percentage,Cities,Below 60%,Serbia,2014,29.7
Annual,Percentage,Cities,Below 60%,Serbia,2015,24.7
Annual,Percentage,Cities,Below 60%,Serbia,2016,25.1
Annual,Percentage,Cities,Below 60%,Serbia,2017,14.8
Annual,Percentage,Cities,Below 60%,Serbia,2018,22.9
Annual,Percentage,Cities,Below 60%,Serbia,2019,17.5
Annual,Percentage,Cities,Below 60%,Serbia,2020,18.7
Annual,Percentage,Cities,Below 60%,Serbia,2023,15.3
Annual,Percentage,Cities,Above 60%,Belgium,2003,26.2
Annual,Percentage,Cities,Above 60%,Belgium,2004,25.7
Annual,Percentage,Cities,Above 60%,Belgium,2005,23.0
Annual,Percentage,Cities,Above 60%,Belgium,2006,22.8
Annual,Percentage,Cities,Above 60%,Belgium,2007,23.0
Annual,Percentage,Cities,Above 60%,Belgium,2008,21.6
Annual,Percentage,Cities,Above 60%,Belgium,2009,20.5
Annual,Percentage,Cities,Above 60%,Belgium,2010,21.7
Annual,Percentage,Cities,Above 60%,Belgium,2011,20.4
Annual,Percentage,Cities,Above 60%,Belgium,2012,22.4
Annual,Percentage,Cities,Above 60%,Belgium,2013,30.2
Annual,Percentage,Cities,Above 60%,Belgium,2014,25.2
Annual,Percentage,Cities,Above 60%,Belgium,2015,24.5
Annual,Percentage,Cities,Above 60%,Belgium,2016,22.0
Annual,Percentage,Cities,Above 60%,Belgium,2017,19.9
Annual,Percentage,Cities,Above 60%,Belgium,2018,18.8
Annual,Percentage,Cities,Above 60%,Belgium,2019,19.7
Annual,Percentage,Cities,Above 60%,Belgium,2020,19.0
Annual,Percentage,Cities,Above 60%,Belgium,2023,21.3
Annual,Percentage,Cities,Above 60%,Bulgaria,2005,34.3
Annual,Percentage,Cities,Above 60%,Bulgaria,2006,34.3
Annual,Percentage,Cities,Above 60%,Bulgaria,2007,36.2
Annual,Percentage,Cities,Above 60%,Bulgaria,2008,33.1
Annual,Percentage,Cities,Above 60%,Bulgaria,2009,37.1
Annual,Percentage,Cities,Above 60%,Bulgaria,2010,33.8
Annual,Percentage,Cities,Above 60%,Bulgaria,2011,34.1
Annual,Percentage,Cities,Above 60%,Bulgaria,2012,36.6
Annual,Percentage,Cities,Above 60%,Bulgaria,2013,31.7
Annual,Percentage,Cities,Above 60%,Bulgaria,2014,31.8
Annual,Percentage,Cities,Above 60%,Bulgaria,2015,32.4
Annual,Percentage,Cities,Above 60%,Bulgaria,2016,33.0
Annual,Percentage,Cities,Above 60%,Bulgaria,2017,29.2
Annual,Percentage,Cities,Above 60%,Bulgaria,2018,27.9
Annual,Percentage,Cities,Above 60%,Bulgaria,2019,27.9
Annual,Percentage,Cities,Above 60%,Bulgaria,2020,25.9
Annual,Percentage,Cities,Above 60%,Bulgaria,2023,20.7
Annual,Percentage,Cities,Above 60%,Czechia,2005,23.4
Annual,Percentage,Cities,Above 60%,Czechia,2006,21.2
Annual,Percentage,Cities,Above 60%,Czechia,2007,20.7
Annual,Percentage,Cities,Above 60%,Czechia,2008,21.3
Annual,Percentage,Cities,Above 60%,Czechia,2009,28.4
Annual,Percentage,Cities,Above 60%,Czechia,2010,24.1
Annual,Percentage,Cities,Above 60%,Czechia,2011,22.1
Annual,Percentage,Cities,Above 60%,Czechia,2012,18.5
Annual,Percentage,Cities,Above 60%,Czechia,2013,16.5
Annual,Percentage,Cities,Above 60%,Czechia,2014,19.2
Annual,Percentage,Cities,Above 60%,Czechia,2015,15.1
Annual,Percentage,Cities,Above 60%,Czechia,2016,15.6
Annual,Percentage,Cities,Above 60%,Czechia,2017,15.1
Annual,Percentage,Cities,Above 60%,Czechia,2018,12.5
Annual,Percentage,Cities,Above 60%,Czechia,2019,12.6
Annual,Percentage,Cities,Above 60%,Czechia,2020,10.1
Annual,Percentage,Cities,Above 60%,Czechia,2023,11.6
Annual,Percentage,Cities,Above 60%,Denmark,2003,14.3
Annual,Percentage,Cities,Above 60%,Denmark,2004,18.3
Annual,Percentage,Cities,Above 60%,Denmark,2005,18.3
Annual,Percentage,Cities,Above 60%,Denmark,2006,17.8
Annual,Percentage,Cities,Above 60%,Denmark,2007,19.5
Annual,Percentage,Cities,Above 60%,Denmark,2008,22.6
Annual,Percentage,Cities,Above 60%,Denmark,2009,25.1
Annual,Percentage,Cities,Above 60%,Denmark,2010,20.3
Annual,Percentage,Cities,Above 60%,Denmark,2011,21.4
Annual,Percentage,Cities,Above 60%,Denmark,2012,15.9
Annual,Percentage,Cities,Above 60%,Denmark,2013,15.1
Annual,Percentage,Cities,Above 60%,Denmark,2014,14.2
Annual,Percentage,Cities,Above 60%,Denmark,2015,10.9
Annual,Percentage,Cities,Above 60%,Denmark,2016,12.8
Annual,Percentage,Cities,Above 60%,Denmark,2017,12.6
Annual,Percentage,Cities,Above 60%,Denmark,2018,11.8
Annual,Percentage,Cities,Above 60%,Denmark,2019,12.5
Annual,Percentage,Cities,Above 60%,Denmark,2020,10.5
Annual,Percentage,Cities,Above 60%,Denmark,2023,9.9
Annual,Percentage,Cities,Above 60%,Germany,2005,13.4
Annual,Percentage,Cities,Above 60%,Germany,2006,18.0
Annual,Percentage,Cities,Above 60%,Germany,2007,16.2
Annual,Percentage,Cities,Above 60%,Germany,2008,16.9
Annual,Percentage,Cities,Above 60%,Germany,2009,16.8
Annual,Percentage,Cities,Above 60%,Germany,2010,15.9
Annual,Percentage,Cities,Above 60%,Germany,2011,16.4
Annual,Percentage,Cities,Above 60%,Germany,2012,19.5
Annual,Percentage,Cities,Above 60%,Germany,2013,21.2
Annual,Percentage,Cities,Above 60%,Germany,2014,20.3
Annual,Percentage,Cities,Above 60%,Germany,2015,21.6
Annual,Percentage,Cities,Above 60%,Germany,2016,21.1
Annual,Percentage,Cities,Above 60%,Germany,2017,22.8
Annual,Percentage,Cities,Above 60%,Germany,2018,21.6
Annual,Percentage,Cities,Above 60%,Germany,2019,20.8
Annual,Percentage,Cities,Above 60%,Germany,2020,13.9
Annual,Percentage,Cities,Above 60%,Germany,2023,17.0
Annual,Percentage,Cities,Above 60%,Estonia,2004,36.4
Annual,Percentage,Cities,Above 60%,Estonia,2005,30.6
Annual,Percentage,Cities,Above 60%,Estonia,2006,27.3
Annual,Percentage,Cities,Above 60%,Estonia,2007,29.4
Annual,Percentage,Cities,Above 60%,Estonia,2008,21.7
Annual,Percentage,Cities,Above 60%,Estonia,2009,28.1
Annual,Percentage,Cities,Above 60%,Estonia,2010,23.3
Annual,Percentage,Cities,Above 60%,Estonia,2011,19.0
Annual,Percentage,Cities,Above 60%,Estonia,2012,21.3
Annual,Percentage,Cities,Above 60%,Estonia,2013,14.9
Annual,Percentage,Cities,Above 60%,Estonia,2014,13.9
Annual,Percentage,Cities,Above 60%,Estonia,2015,14.6
Annual,Percentage,Cities,Above 60%,Estonia,2016,12.2
Annual,Percentage,Cities,Above 60%,Estonia,2017,10.8
Annual,Percentage,Cities,Above 60%,Estonia,2018,8.5
Annual,Percentage,Cities,Above 60%,Estonia,2019,9.6
Annual,Percentage,Cities,Above 60%,Estonia,2020,6.3
Annual,Percentage,Cities,Above 60%,Estonia,2023,6.9
Annual,Percentage,Cities,Above 60%,Ireland,2003,25.8
Annual,Percentage,Cities,Above 60%,Ireland,2004,22.0
Annual,Percentage,Cities,Above 60%,Ireland,2005,22.9
Annual,Percentage,Cities,Above 60%,Ireland,2006,24.5
Annual,Percentage,Cities,Above 60%,Ireland,2007,22.5
Annual,Percentage,Cities,Above 60%,Ireland,2008,18.3
Annual,Percentage,Cities,Above 60%,Ireland,2009,19.6
Annual,Percentage,Cities,Above 60%,Ireland,2010,15.4
Annual,Percentage,Cities,Above 60%,Ireland,2011,16.2
Annual,Percentage,Cities,Above 60%,Ireland,2012,15.4
Annual,Percentage,Cities,Above 60%,Ireland,2013,15.6
Annual,Percentage,Cities,Above 60%,Ireland,2014,14.7
Annual,Percentage,Cities,Above 60%,Ireland,2015,15.1
Annual,Percentage,Cities,Above 60%,Ireland,2016,13.6
Annual,Percentage,Cities,Above 60%,Ireland,2017,15.0
Annual,Percentage,Cities,Above 60%,Ireland,2018,15.3
Annual,Percentage,Cities,Above 60%,Ireland,2019,10.8
Annual,Percentage,Cities,Above 60%,Ireland,2020,16.0
Annual,Percentage,Cities,Above 60%,Ireland,2023,10.8
Annual,Percentage,Cities,Above 60%,Greece,2003,14.6
Annual,Percentage,Cities,Above 60%,Greece,2004,12.3
Annual,Percentage,Cities,Above 60%,Greece,2005,14.5
Annual,Percentage,Cities,Above 60%,Greece,2006,13.6
Annual,Percentage,Cities,Above 60%,Greece,2007,17.4
Annual,Percentage,Cities,Above 60%,Greece,2008,20.7
Annual,Percentage,Cities,Above 60%,Greece,2009,25.3
Annual,Percentage,Cities,Above 60%,Greece,2010,33.1
Annual,Percentage,Cities,Above 60%,Greece,2011,27.3
Annual,Percentage,Cities,Above 60%,Greece,2012,30.0
Annual,Percentage,Cities,Above 60%,Greece,2013,28.2
Annual,Percentage,Cities,Above 60%,Greece,2014,24.4
Annual,Percentage,Cities,Above 60%,Greece,2015,19.8
Annual,Percentage,Cities,Above 60%,Greece,2016,18.5
Annual,Percentage,Cities,Above 60%,Greece,2017,22.4
Annual,Percentage,Cities,Above 60%,Greece,2018,22.1
Annual,Percentage,Cities,Above 60%,Greece,2019,26.6
Annual,Percentage,Cities,Above 60%,Greece,2020,28.5
Annual,Percentage,Cities,Above 60%,Greece,2023,26.5
Annual,Percentage,Cities,Above 60%,Spain,2004,25.1
Annual,Percentage,Cities,Above 60%,Spain,2005,24.5
Annual,Percentage,Cities,Above 60%,Spain,2006,24.8
Annual,Percentage,Cities,Above 60%,Spain,2007,21.1
Annual,Percentage,Cities,Above 60%,Spain,2008,18.6
Annual,Percentage,Cities,Above 60%,Spain,2009,20.2
Annual,Percentage,Cities,Above 60%,Spain,2010,16.8
Annual,Percentage,Cities,Above 60%,Spain,2011,13.4
Annual,Percentage,Cities,Above 60%,Spain,2012,12.6
Annual,Percentage,Cities,Above 60%,Spain,2013,18.9
Annual,Percentage,Cities,Above 60%,Spain,2014,14.8
Annual,Percentage,Cities,Above 60%,Spain,2015,12.9
Annual,Percentage,Cities,Above 60%,Spain,2016,11.0
Annual,Percentage,Cities,Above 60%,Spain,2017,11.0
Annual,Percentage,Cities,Above 60%,Spain,2018,13.6
Annual,Percentage,Cities,Above 60%,Spain,2019,15.6
Annual,Percentage,Cities,Above 60%,Spain,2020,15.8
Annual,Percentage,Cities,Above 60%,Spain,2023,15.2
Annual,Percentage,Cities,Above 60%,France,2004,30.1
Annual,Percentage,Cities,Above 60%,France,2005,23.9
Annual,Percentage,Cities,Above 60%,France,2006,22.1
Annual,Percentage,Cities,Above 60%,France,2007,22.1
Annual,Percentage,Cities,Above 60%,France,2008,19.3
Annual,Percentage,Cities,Above 60%,France,2009,21.3
Annual,Percentage,Cities,Above 60%,France,2010,20.6
Annual,Percentage,Cities,Above 60%,France,2011,19.7
Annual,Percentage,Cities,Above 60%,France,2012,18.9
Annual,Percentage,Cities,Above 60%,France,2013,22.0
Annual,Percentage,Cities,Above 60%,France,2014,20.1
Annual,Percentage,Cities,Above 60%,France,2015,18.5
Annual,Percentage,Cities,Above 60%,France,2016,19.2
Annual,Percentage,Cities,Above 60%,France,2017,18.1
Annual,Percentage,Cities,Above 60%,France,2018,19.7
Annual,Percentage,Cities,Above 60%,France,2019,19.6
Annual,Percentage,Cities,Above 60%,France,2020,24.6
Annual,Percentage,Cities,Above 60%,France,2023,22.0
Annual,Percentage,Cities,Above 60%,Croatia,2010,10.0
Annual,Percentage,Cities,Above 60%,Croatia,2011,6.4
Annual,Percentage,Cities,Above 60%,Croatia,2012,6.5
Annual,Percentage,Cities,Above 60%,Croatia,2013,7.1
Annual,Percentage,Cities,Above 60%,Croatia,2014,7.0
Annual,Percentage,Cities,Above 60%,Croatia,2015,7.7
Annual,Percentage,Cities,Above 60%,Croatia,2016,7.0
Annual,Percentage,Cities,Above 60%,Croatia,2017,6.4
Annual,Percentage,Cities,Above 60%,Croatia,2018,4.7
Annual,Percentage,Cities,Above 60%,Croatia,2019,4.3
Annual,Percentage,Cities,Above 60%,Croatia,2020,3.4
Annual,Percentage,Cities,Above 60%,Croatia,2023,2.6
Annual,Percentage,Cities,Above 60%,Italy,2004,25.0
Annual,Percentage,Cities,Above 60%,Italy,2005,23.8
Annual,Percentage,Cities,Above 60%,Italy,2006,24.2
Annual,Percentage,Cities,Above 60%,Italy,2007,26.1
Annual,Percentage,Cities,Above 60%,Italy,2008,22.2
Annual,Percentage,Cities,Above 60%,Italy,2009,24.2
Annual,Percentage,Cities,Above 60%,Italy,2010,19.4
Annual,Percentage,Cities,Above 60%,Italy,2011,21.3
Annual,Percentage,Cities,Above 60%,Italy,2012,20.3
Annual,Percentage,Cities,Above 60%,Italy,2013,21.3
Annual,Percentage,Cities,Above 60%,Italy,2014,22.5
Annual,Percentage,Cities,Above 60%,Italy,2015,28.2
Annual,Percentage,Cities,Above 60%,Italy,2016,22.5
Annual,Percentage,Cities,Above 60%,Italy,2017,17.8
Annual,Percentage,Cities,Above 60%,Italy,2018,16.5
Annual,Percentage,Cities,Above 60%,Italy,2019,14.2
Annual,Percentage,Cities,Above 60%,Italy,2020,12.1
Annual,Percentage,Cities,Above 60%,Italy,2023,10.8
Annual,Percentage,Cities,Above 60%,Cyprus,2005,8.6
Annual,Percentage,Cities,Above 60%,Cyprus,2006,14.3
Annual,Percentage,Cities,Above 60%,Cyprus,2007,14.1
Annual,Percentage,Cities,Above 60%,Cyprus,2008,10.6
Annual,Percentage,Cities,Above 60%,Cyprus,2009,8.5
Annual,Percentage,Cities,Above 60%,Cyprus,2010,15.2
Annual,Percentage,Cities,Above 60%,Cyprus,2011,15.9
Annual,Percentage,Cities,Above 60%,Cyprus,2012,17.5
Annual,Percentage,Cities,Above 60%,Cyprus,2013,15.2
Annual,Percentage,Cities,Above 60%,Cyprus,2014,14.2
Annual,Percentage,Cities,Above 60%,Cyprus,2015,10.4
Annual,Percentage,Cities,Above 60%,Cyprus,2016,13.0
Annual,Percentage,Cities,Above 60%,Cyprus,2017,15.7
Annual,Percentage,Cities,Above 60%,Cyprus,2018,16.8
Annual,Percentage,Cities,Above 60%,Cyprus,2019,15.9
Annual,Percentage,Cities,Above 60%,Cyprus,2020,9.9
Annual,Percentage,Cities,Above 60%,Cyprus,2023,10.8
Annual,Percentage,Cities,Above 60%,Latvia,2005,32.2
Annual,Percentage,Cities,Above 60%,Latvia,2006,31.8
Annual,Percentage,Cities,Above 60%,Latvia,2007,33.4
Annual,Percentage,Cities,Above 60%,Latvia,2008,35.6
Annual,Percentage,Cities,Above 60%,Latvia,2009,31.2
Annual,Percentage,Cities,Above 60%,Latvia,2010,34.4
Annual,Percentage,Cities,Above 60%,Latvia,2011,27.0
Annual,Percentage,Cities,Above 60%,Latvia,2012,22.8
Annual,Percentage,Cities,Above 60%,Latvia,2013,18.4
Annual,Percentage,Cities,Above 60%,Latvia,2014,19.5
Annual,Percentage,Cities,Above 60%,Latvia,2015,21.6
Annual,Percentage,Cities,Above 60%,Latvia,2016,17.9
Annual,Percentage,Cities,Above 60%,Latvia,2017,13.2
Annual,Percentage,Cities,Above 60%,Latvia,2018,17.5
Annual,Percentage,Cities,Above 60%,Latvia,2019,11.5
Annual,Percentage,Cities,Above 60%,Latvia,2020,8.3
Annual,Percentage,Cities,Above 60%,Latvia,2023,11.6
Annual,Percentage,Cities,Above 60%,Lithuania,2005,13.7
Annual,Percentage,Cities,Above 60%,Lithuania,2006,11.6
Annual,Percentage,Cities,Above 60%,Lithuania,2007,13.1
Annual,Percentage,Cities,Above 60%,Lithuania,2008,7.6
Annual,Percentage,Cities,Above 60%,Lithuania,2009,10.2
Annual,Percentage,Cities,Above 60%,Lithuania,2010,8.5
Annual,Percentage,Cities,Above 60%,Lithuania,2011,8.3
Annual,Percentage,Cities,Above 60%,Lithuania,2012,8.8
Annual,Percentage,Cities,Above 60%,Lithuania,2013,9.8
Annual,Percentage,Cities,Above 60%,Lithuania,2014,6.3
Annual,Percentage,Cities,Above 60%,Lithuania,2015,6.7
Annual,Percentage,Cities,Above 60%,Lithuania,2016,4.7
Annual,Percentage,Cities,Above 60%,Lithuania,2017,12.1
Annual,Percentage,Cities,Above 60%,Lithuania,2018,5.0
Annual,Percentage,Cities,Above 60%,Lithuania,2019,5.0
Annual,Percentage,Cities,Above 60%,Lithuania,2020,4.1
Annual,Percentage,Cities,Above 60%,Lithuania,2023,3.6
Annual,Percentage,Cities,Above 60%,Luxembourg,2003,21.1
Annual,Percentage,Cities,Above 60%,Luxembourg,2004,16.2
Annual,Percentage,Cities,Above 60%,Luxembourg,2005,18.3
Annual,Percentage,Cities,Above 60%,Luxembourg,2006,15.0
Annual,Percentage,Cities,Above 60%,Luxembourg,2007,13.8
Annual,Percentage,Cities,Above 60%,Luxembourg,2008,15.5
Annual,Percentage,Cities,Above 60%,Luxembourg,2009,12.7
Annual,Percentage,Cities,Above 60%,Luxembourg,2010,14.4
Annual,Percentage,Cities,Above 60%,Luxembourg,2011,13.8
Annual,Percentage,Cities,Above 60%,Luxembourg,2012,16.3
Annual,Percentage,Cities,Above 60%,Luxembourg,2013,14.7
Annual,Percentage,Cities,Above 60%,Luxembourg,2014,17.8
Annual,Percentage,Cities,Above 60%,Luxembourg,2015,18.7
Annual,Percentage,Cities,Above 60%,Luxembourg,2016,13.8
Annual,Percentage,Cities,Above 60%,Luxembourg,2017,15.0
Annual,Percentage,Cities,Above 60%,Luxembourg,2018,17.0
Annual,Percentage,Cities,Above 60%,Luxembourg,2019,14.4
Annual,Percentage,Cities,Above 60%,Luxembourg,2020,12.1
Annual,Percentage,Cities,Above 60%,Luxembourg,2023,18.4
Annual,Percentage,Cities,Above 60%,Hungary,2005,21.7
Annual,Percentage,Cities,Above 60%,Hungary,2006,16.0
Annual,Percentage,Cities,Above 60%,Hungary,2007,17.2
Annual,Percentage,Cities,Above 60%,Hungary,2008,15.0
Annual,Percentage,Cities,Above 60%,Hungary,2009,14.1
Annual,Percentage,Cities,Above 60%,Hungary,2010,12.9
Annual,Percentage,Cities,Above 60%,Hungary,2011,13.0
Annual,Percentage,Cities,Above 60%,Hungary,2012,9.9
Annual,Percentage,Cities,Above 60%,Hungary,2013,13.3
Annual,Percentage,Cities,Above 60%,Hungary,2014,15.7
Annual,Percentage,Cities,Above 60%,Hungary,2015,10.0
Annual,Percentage,Cities,Above 60%,Hungary,2016,9.6
Annual,Percentage,Cities,Above 60%,Hungary,2017,8.0
Annual,Percentage,Cities,Above 60%,Hungary,2018,4.6
Annual,Percentage,Cities,Above 60%,Hungary,2019,4.9
Annual,Percentage,Cities,Above 60%,Hungary,2020,4.4
Annual,Percentage,Cities,Above 60%,Hungary,2023,4.7
Annual,Percentage,Cities,Above 60%,Malta,2005,15.0
Annual,Percentage,Cities,Above 60%,Malta,2006,13.1
Annual,Percentage,Cities,Above 60%,Malta,2007,10.6
Annual,Percentage,Cities,Above 60%,Malta,2008,10.6
Annual,Percentage,Cities,Above 60%,Malta,2009,11.0
Annual,Percentage,Cities,Above 60%,Malta,2010,11.1
Annual,Percentage,Cities,Above 60%,Malta,2011,13.6
Annual,Percentage,Cities,Above 60%,Malta,2012,13.7
Annual,Percentage,Cities,Above 60%,Malta,2013,13.6
Annual,Percentage,Cities,Above 60%,Malta,2014,12.5
Annual,Percentage,Cities,Above 60%,Malta,2015,11.8
Annual,Percentage,Cities,Above 60%,Malta,2016,10.8
Annual,Percentage,Cities,Above 60%,Malta,2017,10.3
Annual,Percentage,Cities,Above 60%,Malta,2018,13.1
Annual,Percentage,Cities,Above 60%,Malta,2019,14.8
Annual,Percentage,Cities,Above 60%,Malta,2020,12.3
Annual,Percentage,Cities,Above 60%,Malta,2023,8.8
Annual,Percentage,Cities,Above 60%,Netherlands,2005,21.6
Annual,Percentage,Cities,Above 60%,Netherlands,2006,19.7
Annual,Percentage,Cities,Above 60%,Netherlands,2007,20.9
Annual,Percentage,Cities,Above 60%,Netherlands,2008,17.7
Annual,Percentage,Cities,Above 60%,Netherlands,2009,25.0
Annual,Percentage,Cities,Above 60%,Netherlands,2010,19.9
Annual,Percentage,Cities,Above 60%,Netherlands,2011,21.6
Annual,Percentage,Cities,Above 60%,Netherlands,2012,22.9
Annual,Percentage,Cities,Above 60%,Netherlands,2013,23.1
Annual,Percentage,Cities,Above 60%,Netherlands,2014,23.7
Annual,Percentage,Cities,Above 60%,Netherlands,2015,23.2
Annual,Percentage,Cities,Above 60%,Netherlands,2016,20.6
Annual,Percentage,Cities,Above 60%,Netherlands,2017,18.5
Annual,Percentage,Cities,Above 60%,Netherlands,2018,21.9
Annual,Percentage,Cities,Above 60%,Netherlands,2019,20.0
Annual,Percentage,Cities,Above 60%,Netherlands,2020,19.0
Annual,Percentage,Cities,Above 60%,Netherlands,2023,21.1
Annual,Percentage,Cities,Above 60%,Austria,2004,19.1
Annual,Percentage,Cities,Above 60%,Austria,2005,24.4
Annual,Percentage,Cities,Above 60%,Austria,2006,22.2
Annual,Percentage,Cities,Above 60%,Austria,2007,19.7
Annual,Percentage,Cities,Above 60%,Austria,2008,21.4
Annual,Percentage,Cities,Above 60%,Austria,2009,26.6
Annual,Percentage,Cities,Above 60%,Austria,2010,22.4
Annual,Percentage,Cities,Above 60%,Austria,2011,20.8
Annual,Percentage,Cities,Above 60%,Austria,2012,21.6
Annual,Percentage,Cities,Above 60%,Austria,2013,21.5
Annual,Percentage,Cities,Above 60%,Austria,2014,26.8
Annual,Percentage,Cities,Above 60%,Austria,2015,24.0
Annual,Percentage,Cities,Above 60%,Austria,2016,22.6
Annual,Percentage,Cities,Above 60%,Austria,2017,20.9
Annual,Percentage,Cities,Above 60%,Austria,2018,18.4
Annual,Percentage,Cities,Above 60%,Austria,2019,16.9
Annual,Percentage,Cities,Above 60%,Austria,2020,11.4
Annual,Percentage,Cities,Above 60%,Austria,2023,15.4
Annual,Percentage,Cities,Above 60%,Poland,2005,18.9
Annual,Percentage,Cities,Above 60%,Poland,2006,16.7
Annual,Percentage,Cities,Above 60%,Poland,2007,14.5
Annual,Percentage,Cities,Above 60%,Poland,2008,12.2
Annual,Percentage,Cities,Above 60%,Poland,2009,11.2
Annual,Percentage,Cities,Above 60%,Poland,2010,11.7
Annual,Percentage,Cities,Above 60%,Poland,2011,11.2
Annual,Percentage,Cities,Above 60%,Poland,2012,11.2
Annual,Percentage,Cities,Above 60%,Poland,2013,11.6
Annual,Percentage,Cities,Above 60%,Poland,2014,11.3
Annual,Percentage,Cities,Above 60%,Poland,2015,11.3
Annual,Percentage,Cities,Above 60%,Poland,2016,10.7
Annual,Percentage,Cities,Above 60%,Poland,2017,10.3
Annual,Percentage,Cities,Above 60%,Poland,2018,7.9
Annual,Percentage,Cities,Above 60%,Poland,2019,8.6
Annual,Percentage,Cities,Above 60%,Poland,2023,5.9
Annual,Percentage,Cities,Above 60%,Portugal,2004,22.7
Annual,Percentage,Cities,Above 60%,Portugal,2005,24.0
Annual,Percentage,Cities,Above 60%,Portugal,2006,21.2
Annual,Percentage,Cities,Above 60%,Portugal,2007,20.4
Annual,Percentage,Cities,Above 60%,Portugal,2008,18.6
Annual,Percentage,Cities,Above 60%,Portugal,2009,23.4
Annual,Percentage,Cities,Above 60%,Portugal,2010,17.9
Annual,Percentage,Cities,Above 60%,Portugal,2011,17.4
Annual,Percentage,Cities,Above 60%,Portugal,2012,17.1
Annual,Percentage,Cities,Above 60%,Portugal,2013,18.8
Annual,Percentage,Cities,Above 60%,Portugal,2014,16.2
Annual,Percentage,Cities,Above 60%,Portugal,2015,13.8
Annual,Percentage,Cities,Above 60%,Portugal,2016,10.7
Annual,Percentage,Cities,Above 60%,Portugal,2017,10.1
Annual,Percentage,Cities,Above 60%,Portugal,2018,9.3
Annual,Percentage,Cities,Above 60%,Portugal,2019,8.8
Annual,Percentage,Cities,Above 60%,Portugal,2020,7.7
Annual,Percentage,Cities,Above 60%,Portugal,2023,9.9
Annual,Percentage,Cities,Above 60%,Romania,2007,19.5
Annual,Percentage,Cities,Above 60%,Romania,2008,18.8
Annual,Percentage,Cities,Above 60%,Romania,2009,22.8
Annual,Percentage,Cities,Above 60%,Romania,2010,22.1
Annual,Percentage,Cities,Above 60%,Romania,2011,23.0
Annual,Percentage,Cities,Above 60%,Romania,2012,18.9
Annual,Percentage,Cities,Above 60%,Romania,2013,18.0
Annual,Percentage,Cities,Above 60%,Romania,2014,17.8
Annual,Percentage,Cities,Above 60%,Romania,2015,16.7
Annual,Percentage,Cities,Above 60%,Romania,2016,20.2
Annual,Percentage,Cities,Above 60%,Romania,2017,14.5
Annual,Percentage,Cities,Above 60%,Romania,2018,14.5
Annual,Percentage,Cities,Above 60%,Romania,2019,12.9
Annual,Percentage,Cities,Above 60%,Romania,2020,10.8
Annual,Percentage,Cities,Above 60%,Romania,2023,7.1
Annual,Percentage,Cities,Above 60%,Slovenia,2005,28.3
Annual,Percentage,Cities,Above 60%,Slovenia,2006,21.7
Annual,Percentage,Cities,Above 60%,Slovenia,2007,21.6
Annual,Percentage,Cities,Above 60%,Slovenia,2008,17.9
Annual,Percentage,Cities,Above 60%,Slovenia,2009,24.9
Annual,Percentage,Cities,Above 60%,Slovenia,2010,19.6
Annual,Percentage,Cities,Above 60%,Slovenia,2011,18.6
Annual,Percentage,Cities,Above 60%,Slovenia,2012,17.5
Annual,Percentage,Cities,Above 60%,Slovenia,2013,17.1
Annual,Percentage,Cities,Above 60%,Slovenia,2014,19.1
Annual,Percentage,Cities,Above 60%,Slovenia,2015,16.5
Annual,Percentage,Cities,Above 60%,Slovenia,2016,16.4
Annual,Percentage,Cities,Above 60%,Slovenia,2017,14.7
Annual,Percentage,Cities,Above 60%,Slovenia,2018,12.2
Annual,Percentage,Cities,Above 60%,Slovenia,2019,12.8
Annual,Percentage,Cities,Above 60%,Slovenia,2020,13.1
Annual,Percentage,Cities,Above 60%,Slovenia,2023,10.8
Annual,Percentage,Cities,Above 60%,Slovakia,2005,18.5
Annual,Percentage,Cities,Above 60%,Slovakia,2006,18.0
Annual,Percentage,Cities,Above 60%,Slovakia,2007,17.3
Annual,Percentage,Cities,Above 60%,Slovakia,2008,16.7
Annual,Percentage,Cities,Above 60%,Slovakia,2009,24.0
Annual,Percentage,Cities,Above 60%,Slovakia,2010,18.9
Annual,Percentage,Cities,Above 60%,Slovakia,2011,18.4
Annual,Percentage,Cities,Above 60%,Slovakia,2012,15.4
Annual,Percentage,Cities,Above 60%,Slovakia,2013,12.4
Annual,Percentage,Cities,Above 60%,Slovakia,2014,13.7
Annual,Percentage,Cities,Above 60%,Slovakia,2015,10.9
Annual,Percentage,Cities,Above 60%,Slovakia,2016,9.9
Annual,Percentage,Cities,Above 60%,Slovakia,2017,9.2
Annual,Percentage,Cities,Above 60%,Slovakia,2018,6.3
Annual,Percentage,Cities,Above 60%,Slovakia,2019,4.8
Annual,Percentage,Cities,Above 60%,Slovakia,2020,5.2
Annual,Percentage,Cities,Above 60%,Slovakia,2023,2.7
Annual,Percentage,Cities,Above 60%,Finland,2004,26.5
Annual,Percentage,Cities,Above 60%,Finland,2005,28.8
Annual,Percentage,Cities,Above 60%,Finland,2006,24.6
Annual,Percentage,Cities,Above 60%,Finland,2007,19.7
Annual,Percentage,Cities,Above 60%,Finland,2008,20.9
Annual,Percentage,Cities,Above 60%,Finland,2009,22.5
Annual,Percentage,Cities,Above 60%,Finland,2010,15.7
Annual,Percentage,Cities,Above 60%,Finland,2011,13.9
Annual,Percentage,Cities,Above 60%,Finland,2012,13.5
Annual,Percentage,Cities,Above 60%,Finland,2013,12.5
Annual,Percentage,Cities,Above 60%,Finland,2014,9.6
Annual,Percentage,Cities,Above 60%,Finland,2015,10.3
Annual,Percentage,Cities,Above 60%,Finland,2016,8.7
Annual,Percentage,Cities,Above 60%,Finland,2017,9.2
Annual,Percentage,Cities,Above 60%,Finland,2018,10.2
Annual,Percentage,Cities,Above 60%,Finland,2019,8.4
Annual,Percentage,Cities,Above 60%,Finland,2020,9.5
Annual,Percentage,Cities,Above 60%,Finland,2023,16.3
Annual,Percentage,Cities,Above 60%,Sweden,2004,12.1
Annual,Percentage,Cities,Above 60%,Sweden,2005,14.4
Annual,Percentage,Cities,Above 60%,Sweden,2006,21.0
Annual,Percentage,Cities,Above 60%,Sweden,2007,17.2
Annual,Percentage,Cities,Above 60%,Sweden,2008,19.1
Annual,Percentage,Cities,Above 60%,Sweden,2009,18.7
Annual,Percentage,Cities,Above 60%,Sweden,2010,14.1
Annual,Percentage,Cities,Above 60%,Sweden,2011,17.1
Annual,Percentage,Cities,Above 60%,Sweden,2012,16.7
Annual,Percentage,Cities,Above 60%,Sweden,2013,12.6
Annual,Percentage,Cities,Above 60%,Sweden,2014,14.1
Annual,Percentage,Cities,Above 60%,Sweden,2015,13.6
Annual,Percentage,Cities,Above 60%,Sweden,2016,16.2
Annual,Percentage,Cities,Above 60%,Sweden,2017,16.1
Annual,Percentage,Cities,Above 60%,Sweden,2018,17.4
Annual,Percentage,Cities,Above 60%,Sweden,2019,17.5
Annual,Percentage,Cities,Above 60%,Sweden,2020,19.2
Annual,Percentage,Cities,Above 60%,Sweden,2023,13.2
Annual,Percentage,Cities,Above 60%,Iceland,2004,4.7
Annual,Percentage,Cities,Above 60%,Iceland,2005,4.8
Annual,Percentage,Cities,Above 60%,Iceland,2006,3.2
Annual,Percentage,Cities,Above 60%,Iceland,2007,4.5
Annual,Percentage,Cities,Above 60%,Iceland,2008,4.1
Annual,Percentage,Cities,Above 60%,Iceland,2009,5.2
Annual,Percentage,Cities,Above 60%,Iceland,2010,4.9
Annual,Percentage,Cities,Above 60%,Iceland,2011,3.1
Annual,Percentage,Cities,Above 60%,Iceland,2012,3.9
Annual,Percentage,Cities,Above 60%,Iceland,2013,2.6
Annual,Percentage,Cities,Above 60%,Iceland,2014,2.5
Annual,Percentage,Cities,Above 60%,Iceland,2015,2.4
Annual,Percentage,Cities,Above 60%,Iceland,2016,2.5
Annual,Percentage,Cities,Above 60%,Iceland,2017,2.1
Annual,Percentage,Cities,Above 60%,Iceland,2018,3.2
Annual,Percentage,Cities,Above 60%,Iceland,2019,2.8
Annual,Percentage,Cities,Above 60%,Iceland,2020,3.4
Annual,Percentage,Cities,Above 60%,Norway,2004,7.3
Annual,Percentage,Cities,Above 60%,Norway,2005,6.8
Annual,Percentage,Cities,Above 60%,Norway,2006,4.4
Annual,Percentage,Cities,Above 60%,Norway,2007,6.1
Annual,Percentage,Cities,Above 60%,Norway,2008,6.5
Annual,Percentage,Cities,Above 60%,Norway,2009,7.3
Annual,Percentage,Cities,Above 60%,Norway,2010,7.6
Annual,Percentage,Cities,Above 60%,Norway,2011,6.6
Annual,Percentage,Cities,Above 60%,Norway,2012,7.7
Annual,Percentage,Cities,Above 60%,Norway,2013,5.5
Annual,Percentage,Cities,Above 60%,Norway,2015,9.4
Annual,Percentage,Cities,Above 60%,Norway,2016,7.6
Annual,Percentage,Cities,Above 60%,Norway,2017,5.9
Annual,Percentage,Cities,Above 60%,Norway,2018,7.1
Annual,Percentage,Cities,Above 60%,Norway,2019,7.3
Annual,Percentage,Cities,Above 60%,Norway,2020,6.3
Annual,Percentage,Cities,Above 60%,Norway,2023,9.0
Annual,Percentage,Cities,Above 60%,Switzerland,2007,17.4
Annual,Percentage,Cities,Above 60%,Switzerland,2008,15.7
Annual,Percentage,Cities,Above 60%,Switzerland,2009,16.4
Annual,Percentage,Cities,Above 60%,Switzerland,2010,18.5
Annual,Percentage,Cities,Above 60%,Switzerland,2011,15.1
Annual,Percentage,Cities,Above 60%,Switzerland,2012,23.0
Annual,Percentage,Cities,Above 60%,Switzerland,2013,20.5
Annual,Percentage,Cities,Above 60%,Switzerland,2014,20.6
Annual,Percentage,Cities,Above 60%,Switzerland,2015,16.8
Annual,Percentage,Cities,Above 60%,Switzerland,2016,16.1
Annual,Percentage,Cities,Above 60%,Switzerland,2017,12.6
Annual,Percentage,Cities,Above 60%,Switzerland,2018,11.1
Annual,Percentage,Cities,Above 60%,Switzerland,2019,10.7
Annual,Percentage,Cities,Above 60%,Switzerland,2020,11.7
Annual,Percentage,Cities,Above 60%,Switzerland,2023,12.9
Annual,Percentage,Cities,Above 60%,United Kingdom,2005,33.3
Annual,Percentage,Cities,Above 60%,United Kingdom,2006,29.7
Annual,Percentage,Cities,Above 60%,United Kingdom,2007,30.0
Annual,Percentage,Cities,Above 60%,United Kingdom,2008,28.1
Annual,Percentage,Cities,Above 60%,United Kingdom,2009,28.5
Annual,Percentage,Cities,Above 60%,United Kingdom,2010,26.2
Annual,Percentage,Cities,Above 60%,United Kingdom,2011,24.7
Annual,Percentage,Cities,Above 60%,United Kingdom,2012,22.9
Annual,Percentage,Cities,Above 60%,United Kingdom,2013,21.9
Annual,Percentage,Cities,Above 60%,United Kingdom,2014,19.0
Annual,Percentage,Cities,Above 60%,United Kingdom,2015,18.5
Annual,Percentage,Cities,Above 60%,United Kingdom,2016,20.7
Annual,Percentage,Cities,Above 60%,United Kingdom,2017,25.3
Annual,Percentage,Cities,Above 60%,United Kingdom,2018,30.6
Annual,Percentage,Cities,Above 60%,North Macedonia,2010,9.2
Annual,Percentage,Cities,Above 60%,North Macedonia,2011,9.4
Annual,Percentage,Cities,Above 60%,North Macedonia,2016,9.8
Annual,Percentage,Cities,Above 60%,North Macedonia,2017,6.6
Annual,Percentage,Cities,Above 60%,North Macedonia,2018,9.2
Annual,Percentage,Cities,Above 60%,North Macedonia,2019,6.3
Annual,Percentage,Cities,Above 60%,North Macedonia,2020,8.2
Annual,Percentage,Cities,Above 60%,North Macedonia,2023,9.8
Annual,Percentage,Cities,Above 60%,Albania,2017,0.4
Annual,Percentage,Cities,Above 60%,Albania,2018,0.5
Annual,Percentage,Cities,Above 60%,Albania,2019,1.3
Annual,Percentage,Cities,Above 60%,Albania,2020,1.1
Annual,Percentage,Cities,Above 60%,Serbia,2013,28.8
Annual,Percentage,Cities,Above 60%,Serbia,2014,31.8
Annual,Percentage,Cities,Above 60%,Serbia,2015,26.7
Annual,Percentage,Cities,Above 60%,Serbia,2016,30.0
Annual,Percentage,Cities,Above 60%,Serbia,2017,22.5
Annual,Percentage,Cities,Above 60%,Serbia,2018,20.2
Annual,Percentage,Cities,Above 60%,Serbia,2019,16.3
Annual,Percentage,Cities,Above 60%,Serbia,2020,16.1
Annual,Percentage,Cities,Above 60%,Serbia,2023,11.5
Annual,Percentage,Cities,Total,Belgium,2003,26.4
Annual,Percentage,Cities,Total,Belgium,2004,25.7
Annual,Percentage,Cities,Total,Belgium,2005,24.1
Annual,Percentage,Cities,Total,Belgium,2006,23.9
Annual,Percentage,Cities,Total,Belgium,2007,23.5
Annual,Percentage,Cities,Total,Belgium,2008,22.5
Annual,Percentage,Cities,Total,Belgium,2009,22.4
Annual,Percentage,Cities,Total,Belgium,2010,22.7
Annual,Percentage,Cities,Total,Belgium,2011,21.9
Annual,Percentage,Cities,Total,Belgium,2012,24.8
Annual,Percentage,Cities,Total,Belgium,2013,31.9
Annual,Percentage,Cities,Total,Belgium,2014,26.9
Annual,Percentage,Cities,Total,Belgium,2015,25.7
Annual,Percentage,Cities,Total,Belgium,2016,23.8
Annual,Percentage,Cities,Total,Belgium,2017,21.0
Annual,Percentage,Cities,Total,Belgium,2018,21.2
Annual,Percentage,Cities,Total,Belgium,2019,20.6
Annual,Percentage,Cities,Total,Belgium,2020,20.1
Annual,Percentage,Cities,Total,Belgium,2023,23.0
Annual,Percentage,Cities,Total,Bulgaria,2005,36.2
Annual,Percentage,Cities,Total,Bulgaria,2006,36.2
Annual,Percentage,Cities,Total,Bulgaria,2007,38.7
Annual,Percentage,Cities,Total,Bulgaria,2008,34.1
Annual,Percentage,Cities,Total,Bulgaria,2009,37.4
Annual,Percentage,Cities,Total,Bulgaria,2010,34.8
Annual,Percentage,Cities,Total,Bulgaria,2011,35.0
Annual,Percentage,Cities,Total,Bulgaria,2012,36.8
Annual,Percentage,Cities,Total,Bulgaria,2013,32.2
Annual,Percentage,Cities,Total,Bulgaria,2014,33.4
Annual,Percentage,Cities,Total,Bulgaria,2015,33.7
Annual,Percentage,Cities,Total,Bulgaria,2016,33.5
Annual,Percentage,Cities,Total,Bulgaria,2017,30.8
Annual,Percentage,Cities,Total,Bulgaria,2018,28.0
Annual,Percentage,Cities,Total,Bulgaria,2019,27.8
Annual,Percentage,Cities,Total,Bulgaria,2020,26.6
Annual,Percentage,Cities,Total,Bulgaria,2023,22.4
Annual,Percentage,Cities,Total,Czechia,2005,23.7
Annual,Percentage,Cities,Total,Czechia,2006,23.0
Annual,Percentage,Cities,Total,Czechia,2007,21.3
Annual,Percentage,Cities,Total,Czechia,2008,22.1
Annual,Percentage,Cities,Total,Czechia,2009,28.9
Annual,Percentage,Cities,Total,Czechia,2010,24.8
Annual,Percentage,Cities,Total,Czechia,2011,22.7
Annual,Percentage,Cities,Total,Czechia,2012,19.0
Annual,Percentage,Cities,Total,Czechia,2013,17.5
Annual,Percentage,Cities,Total,Czechia,2014,20.1
Annual,Percentage,Cities,Total,Czechia,2015,17.4
Annual,Percentage,Cities,Total,Czechia,2016,17.3
Annual,Percentage,Cities,Total,Czechia,2017,15.8
Annual,Percentage,Cities,Total,Czechia,2018,12.5
Annual,Percentage,Cities,Total,Czechia,2019,13.7
Annual,Percentage,Cities,Total,Czechia,2020,10.5
Annual,Percentage,Cities,Total,Czechia,2023,12.0
Annual,Percentage,Cities,Total,Denmark,2003,14.2
Annual,Percentage,Cities,Total,Denmark,2004,19.0
Annual,Percentage,Cities,Total,Denmark,2005,19.6
Annual,Percentage,Cities,Total,Denmark,2006,18.3
Annual,Percentage,Cities,Total,Denmark,2007,19.5
Annual,Percentage,Cities,Total,Denmark,2008,22.1
Annual,Percentage,Cities,Total,Denmark,2009,25.7
Annual,Percentage,Cities,Total,Denmark,2010,20.0
Annual,Percentage,Cities,Total,Denmark,2011,21.9
Annual,Percentage,Cities,Total,Denmark,2012,16.0
Annual,Percentage,Cities,Total,Denmark,2013,15.6
Annual,Percentage,Cities,Total,Denmark,2014,15.8
Annual,Percentage,Cities,Total,Denmark,2015,12.2
Annual,Percentage,Cities,Total,Denmark,2016,13.9
Annual,Percentage,Cities,Total,Denmark,2017,13.1
Annual,Percentage,Cities,Total,Denmark,2018,13.2
Annual,Percentage,Cities,Total,Denmark,2019,12.8
Annual,Percentage,Cities,Total,Denmark,2020,11.1
Annual,Percentage,Cities,Total,Denmark,2023,10.9
Annual,Percentage,Cities,Total,Germany,2005,14.3
Annual,Percentage,Cities,Total,Germany,2006,18.7
Annual,Percentage,Cities,Total,Germany,2007,17.7
Annual,Percentage,Cities,Total,Germany,2008,19.0
Annual,Percentage,Cities,Total,Germany,2009,18.7
Annual,Percentage,Cities,Total,Germany,2010,17.5
Annual,Percentage,Cities,Total,Germany,2011,18.2
Annual,Percentage,Cities,Total,Germany,2012,21.4
Annual,Percentage,Cities,Total,Germany,2013,22.9
Annual,Percentage,Cities,Total,Germany,2014,22.0
Annual,Percentage,Cities,Total,Germany,2015,23.3
Annual,Percentage,Cities,Total,Germany,2016,22.4
Annual,Percentage,Cities,Total,Germany,2017,23.6
Annual,Percentage,Cities,Total,Germany,2018,23.0
Annual,Percentage,Cities,Total,Germany,2019,21.9
Annual,Percentage,Cities,Total,Germany,2020,14.3
Annual,Percentage,Cities,Total,Germany,2023,17.1
Annual,Percentage,Cities,Total,Estonia,2004,36.9
Annual,Percentage,Cities,Total,Estonia,2005,30.8
Annual,Percentage,Cities,Total,Estonia,2006,28.2
Annual,Percentage,Cities,Total,Estonia,2007,30.7
Annual,Percentage,Cities,Total,Estonia,2008,22.6
Annual,Percentage,Cities,Total,Estonia,2009,28.1
Annual,Percentage,Cities,Total,Estonia,2010,24.0
Annual,Percentage,Cities,Total,Estonia,2011,20.5
Annual,Percentage,Cities,Total,Estonia,2012,22.2
Annual,Percentage,Cities,Total,Estonia,2013,15.4
Annual,Percentage,Cities,Total,Estonia,2014,14.1
Annual,Percentage,Cities,Total,Estonia,2015,15.0
Annual,Percentage,Cities,Total,Estonia,2016,12.7
Annual,Percentage,Cities,Total,Estonia,2017,11.0
Annual,Percentage,Cities,Total,Estonia,2018,8.7
Annual,Percentage,Cities,Total,Estonia,2019,9.5
Annual,Percentage,Cities,Total,Estonia,2020,6.3
Annual,Percentage,Cities,Total,Estonia,2023,6.7
Annual,Percentage,Cities,Total,Ireland,2003,26.0
Annual,Percentage,Cities,Total,Ireland,2004,24.1
Annual,Percentage,Cities,Total,Ireland,2005,24.6
Annual,Percentage,Cities,Total,Ireland,2006,26.0
Annual,Percentage,Cities,Total,Ireland,2007,24.0
Annual,Percentage,Cities,Total,Ireland,2008,18.5
Annual,Percentage,Cities,Total,Ireland,2009,21.0
Annual,Percentage,Cities,Total,Ireland,2010,16.6
Annual,Percentage,Cities,Total,Ireland,2011,16.4
Annual,Percentage,Cities,Total,Ireland,2012,16.3
Annual,Percentage,Cities,Total,Ireland,2013,16.7
Annual,Percentage,Cities,Total,Ireland,2014,15.1
Annual,Percentage,Cities,Total,Ireland,2015,16.3
Annual,Percentage,Cities,Total,Ireland,2016,14.4
Annual,Percentage,Cities,Total,Ireland,2017,16.3
Annual,Percentage,Cities,Total,Ireland,2018,16.3
Annual,Percentage,Cities,Total,Ireland,2019,12.1
Annual,Percentage,Cities,Total,Ireland,2020,17.3
Annual,Percentage,Cities,Total,Ireland,2023,11.3
Annual,Percentage,Cities,Total,Greece,2003,14.8
Annual,Percentage,Cities,Total,Greece,2004,12.7
Annual,Percentage,Cities,Total,Greece,2005,14.3
Annual,Percentage,Cities,Total,Greece,2006,13.9
Annual,Percentage,Cities,Total,Greece,2007,18.1
Annual,Percentage,Cities,Total,Greece,2008,20.9
Annual,Percentage,Cities,Total,Greece,2009,25.7
Annual,Percentage,Cities,Total,Greece,2010,33.3
Annual,Percentage,Cities,Total,Greece,2011,28.1
Annual,Percentage,Cities,Total,Greece,2012,29.5
Annual,Percentage,Cities,Total,Greece,2013,28.4
Annual,Percentage,Cities,Total,Greece,2014,24.1
Annual,Percentage,Cities,Total,Greece,2015,19.6
Annual,Percentage,Cities,Total,Greece,2016,18.1
Annual,Percentage,Cities,Total,Greece,2017,22.1
Annual,Percentage,Cities,Total,Greece,2018,22.8
Annual,Percentage,Cities,Total,Greece,2019,27.0
Annual,Percentage,Cities,Total,Greece,2020,28.8
Annual,Percentage,Cities,Total,Greece,2023,26.9
Annual,Percentage,Cities,Total,Spain,2004,25.4
Annual,Percentage,Cities,Total,Spain,2005,25.1
Annual,Percentage,Cities,Total,Spain,2006,25.6
Annual,Percentage,Cities,Total,Spain,2007,21.6
Annual,Percentage,Cities,Total,Spain,2008,18.9
Annual,Percentage,Cities,Total,Spain,2009,20.4
Annual,Percentage,Cities,Total,Spain,2010,17.2
Annual,Percentage,Cities,Total,Spain,2011,13.2
Annual,Percentage,Cities,Total,Spain,2012,13.4
Annual,Percentage,Cities,Total,Spain,2013,19.3
Annual,Percentage,Cities,Total,Spain,2014,15.6
Annual,Percentage,Cities,Total,Spain,2015,13.8
Annual,Percentage,Cities,Total,Spain,2016,12.8
Annual,Percentage,Cities,Total,Spain,2017,12.2
Annual,Percentage,Cities,Total,Spain,2018,14.8
Annual,Percentage,Cities,Total,Spain,2019,16.4
Annual,Percentage,Cities,Total,Spain,2020,17.4
Annual,Percentage,Cities,Total,Spain,2023,16.6
Annual,Percentage,Cities,Total,France,2004,30.9
Annual,Percentage,Cities,Total,France,2005,24.9
Annual,Percentage,Cities,Total,France,2006,23.1
Annual,Percentage,Cities,Total,France,2007,23.4
Annual,Percentage,Cities,Total,France,2008,20.8
Annual,Percentage,Cities,Total,France,2009,22.6
Annual,Percentage,Cities,Total,France,2010,22.8
Annual,Percentage,Cities,Total,France,2011,22.0
Annual,Percentage,Cities,Total,France,2012,20.0
Annual,Percentage,Cities,Total,France,2013,23.7
Annual,Percentage,Cities,Total,France,2014,21.2
Annual,Percentage,Cities,Total,France,2015,19.9
Annual,Percentage,Cities,Total,France,2016,20.8
Annual,Percentage,Cities,Total,France,2017,19.0
Annual,Percentage,Cities,Total,France,2018,20.4
Annual,Percentage,Cities,Total,France,2019,22.1
Annual,Percentage,Cities,Total,France,2020,27.0
Annual,Percentage,Cities,Total,France,2023,23.0
Annual,Percentage,Cities,Total,Croatia,2010,9.4
Annual,Percentage,Cities,Total,Croatia,2011,6.6
Annual,Percentage,Cities,Total,Croatia,2012,6.8
Annual,Percentage,Cities,Total,Croatia,2013,6.6
Annual,Percentage,Cities,Total,Croatia,2014,6.7
Annual,Percentage,Cities,Total,Croatia,2015,7.6
Annual,Percentage,Cities,Total,Croatia,2016,6.7
Annual,Percentage,Cities,Total,Croatia,2017,6.2
Annual,Percentage,Cities,Total,Croatia,2018,4.6
Annual,Percentage,Cities,Total,Croatia,2019,4.2
Annual,Percentage,Cities,Total,Croatia,2020,3.4
Annual,Percentage,Cities,Total,Croatia,2023,2.6
Annual,Percentage,Cities,Total,Italy,2004,26.9
Annual,Percentage,Cities,Total,Italy,2005,25.1
Annual,Percentage,Cities,Total,Italy,2006,25.8
Annual,Percentage,Cities,Total,Italy,2007,27.4
Annual,Percentage,Cities,Total,Italy,2008,24.0
Annual,Percentage,Cities,Total,Italy,2009,25.7
Annual,Percentage,Cities,Total,Italy,2010,21.1
Annual,Percentage,Cities,Total,Italy,2011,21.7
Annual,Percentage,Cities,Total,Italy,2012,21.8
Annual,Percentage,Cities,Total,Italy,2013,22.0
Annual,Percentage,Cities,Total,Italy,2014,23.6
Annual,Percentage,Cities,Total,Italy,2015,29.0
Annual,Percentage,Cities,Total,Italy,2016,23.2
Annual,Percentage,Cities,Total,Italy,2017,18.8
Annual,Percentage,Cities,Total,Italy,2018,17.2
Annual,Percentage,Cities,Total,Italy,2019,13.9
Annual,Percentage,Cities,Total,Italy,2020,12.6
Annual,Percentage,Cities,Total,Italy,2023,10.6
Annual,Percentage,Cities,Total,Cyprus,2005,8.3
Annual,Percentage,Cities,Total,Cyprus,2006,13.7
Annual,Percentage,Cities,Total,Cyprus,2007,13.8
Annual,Percentage,Cities,Total,Cyprus,2008,10.6
Annual,Percentage,Cities,Total,Cyprus,2009,8.3
Annual,Percentage,Cities,Total,Cyprus,2010,14.9
Annual,Percentage,Cities,Total,Cyprus,2011,15.7
Annual,Percentage,Cities,Total,Cyprus,2012,16.7
Annual,Percentage,Cities,Total,Cyprus,2013,14.4
Annual,Percentage,Cities,Total,Cyprus,2014,13.6
Annual,Percentage,Cities,Total,Cyprus,2015,10.1
Annual,Percentage,Cities,Total,Cyprus,2016,12.4
Annual,Percentage,Cities,Total,Cyprus,2017,15.3
Annual,Percentage,Cities,Total,Cyprus,2018,15.8
Annual,Percentage,Cities,Total,Cyprus,2019,15.5
Annual,Percentage,Cities,Total,Cyprus,2020,9.2
Annual,Percentage,Cities,Total,Cyprus,2023,10.3
Annual,Percentage,Cities,Total,Latvia,2005,32.4
Annual,Percentage,Cities,Total,Latvia,2006,31.0
Annual,Percentage,Cities,Total,Latvia,2007,33.7
Annual,Percentage,Cities,Total,Latvia,2008,35.1
Annual,Percentage,Cities,Total,Latvia,2009,31.6
Annual,Percentage,Cities,Total,Latvia,2010,34.0
Annual,Percentage,Cities,Total,Latvia,2011,27.2
Annual,Percentage,Cities,Total,Latvia,2012,22.7
Annual,Percentage,Cities,Total,Latvia,2013,18.2
Annual,Percentage,Cities,Total,Latvia,2014,19.9
Annual,Percentage,Cities,Total,Latvia,2015,21.3
Annual,Percentage,Cities,Total,Latvia,2016,17.8
Annual,Percentage,Cities,Total,Latvia,2017,13.2
Annual,Percentage,Cities,Total,Latvia,2018,17.2
Annual,Percentage,Cities,Total,Latvia,2019,10.9
Annual,Percentage,Cities,Total,Latvia,2020,8.8
Annual,Percentage,Cities,Total,Latvia,2023,11.3
Annual,Percentage,Cities,Total,Lithuania,2005,14.1
Annual,Percentage,Cities,Total,Lithuania,2006,12.0
Annual,Percentage,Cities,Total,Lithuania,2007,13.1
Annual,Percentage,Cities,Total,Lithuania,2008,8.2
Annual,Percentage,Cities,Total,Lithuania,2009,10.7
Annual,Percentage,Cities,Total,Lithuania,2010,9.3
Annual,Percentage,Cities,Total,Lithuania,2011,8.7
Annual,Percentage,Cities,Total,Lithuania,2012,9.2
Annual,Percentage,Cities,Total,Lithuania,2013,10.1
Annual,Percentage,Cities,Total,Lithuania,2014,6.3
Annual,Percentage,Cities,Total,Lithuania,2015,7.0
Annual,Percentage,Cities,Total,Lithuania,2016,5.3
Annual,Percentage,Cities,Total,Lithuania,2017,13.1
Annual,Percentage,Cities,Total,Lithuania,2018,5.0
Annual,Percentage,Cities,Total,Lithuania,2019,4.9
Annual,Percentage,Cities,Total,Lithuania,2020,4.5
Annual,Percentage,Cities,Total,Lithuania,2023,4.2
Annual,Percentage,Cities,Total,Luxembourg,2003,20.6
Annual,Percentage,Cities,Total,Luxembourg,2004,16.9
Annual,Percentage,Cities,Total,Luxembourg,2005,18.4
Annual,Percentage,Cities,Total,Luxembourg,2006,16.6
Annual,Percentage,Cities,Total,Luxembourg,2007,13.6
Annual,Percentage,Cities,Total,Luxembourg,2008,15.4
Annual,Percentage,Cities,Total,Luxembourg,2009,13.5
Annual,Percentage,Cities,Total,Luxembourg,2010,15.0
Annual,Percentage,Cities,Total,Luxembourg,2011,15.2
Annual,Percentage,Cities,Total,Luxembourg,2012,15.9
Annual,Percentage,Cities,Total,Luxembourg,2013,14.3
Annual,Percentage,Cities,Total,Luxembourg,2014,18.4
Annual,Percentage,Cities,Total,Luxembourg,2015,20.4
Annual,Percentage,Cities,Total,Luxembourg,2016,14.1
Annual,Percentage,Cities,Total,Luxembourg,2017,16.4
Annual,Percentage,Cities,Total,Luxembourg,2018,19.0
Annual,Percentage,Cities,Total,Luxembourg,2019,14.8
Annual,Percentage,Cities,Total,Luxembourg,2020,12.5
Annual,Percentage,Cities,Total,Luxembourg,2023,19.5
Annual,Percentage,Cities,Total,Hungary,2005,22.1
Annual,Percentage,Cities,Total,Hungary,2006,16.4
Annual,Percentage,Cities,Total,Hungary,2007,17.7
Annual,Percentage,Cities,Total,Hungary,2008,14.9
Annual,Percentage,Cities,Total,Hungary,2009,14.9
Annual,Percentage,Cities,Total,Hungary,2010,13.5
Annual,Percentage,Cities,Total,Hungary,2011,13.5
Annual,Percentage,Cities,Total,Hungary,2012,10.5
Annual,Percentage,Cities,Total,Hungary,2013,14.0
Annual,Percentage,Cities,Total,Hungary,2014,16.9
Annual,Percentage,Cities,Total,Hungary,2015,11.3
Annual,Percentage,Cities,Total,Hungary,2016,9.8
Annual,Percentage,Cities,Total,Hungary,2017,8.8
Annual,Percentage,Cities,Total,Hungary,2018,5.6
Annual,Percentage,Cities,Total,Hungary,2019,5.3
Annual,Percentage,Cities,Total,Hungary,2020,5.3
Annual,Percentage,Cities,Total,Hungary,2023,5.0
Annual,Percentage,Cities,Total,Malta,2005,14.5
Annual,Percentage,Cities,Total,Malta,2006,13.3
Annual,Percentage,Cities,Total,Malta,2007,10.7
Annual,Percentage,Cities,Total,Malta,2008,10.1
Annual,Percentage,Cities,Total,Malta,2009,11.3
Annual,Percentage,Cities,Total,Malta,2010,11.2
Annual,Percentage,Cities,Total,Malta,2011,13.7
Annual,Percentage,Cities,Total,Malta,2012,13.3
Annual,Percentage,Cities,Total,Malta,2013,13.4
Annual,Percentage,Cities,Total,Malta,2014,12.7
Annual,Percentage,Cities,Total,Malta,2015,12.0
Annual,Percentage,Cities,Total,Malta,2016,10.9
Annual,Percentage,Cities,Total,Malta,2017,10.6
Annual,Percentage,Cities,Total,Malta,2018,13.4
Annual,Percentage,Cities,Total,Malta,2019,14.7
Annual,Percentage,Cities,Total,Malta,2020,12.5
Annual,Percentage,Cities,Total,Malta,2023,8.5
Annual,Percentage,Cities,Total,Netherlands,2005,22.4
Annual,Percentage,Cities,Total,Netherlands,2006,20.2
Annual,Percentage,Cities,Total,Netherlands,2007,21.3
Annual,Percentage,Cities,Total,Netherlands,2008,18.0
Annual,Percentage,Cities,Total,Netherlands,2009,25.5
Annual,Percentage,Cities,Total,Netherlands,2010,20.3
Annual,Percentage,Cities,Total,Netherlands,2011,22.2
Annual,Percentage,Cities,Total,Netherlands,2012,23.1
Annual,Percentage,Cities,Total,Netherlands,2013,22.9
Annual,Percentage,Cities,Total,Netherlands,2014,24.0
Annual,Percentage,Cities,Total,Netherlands,2015,23.0
Annual,Percentage,Cities,Total,Netherlands,2016,21.6
Annual,Percentage,Cities,Total,Netherlands,2017,19.1
Annual,Percentage,Cities,Total,Netherlands,2018,22.2
Annual,Percentage,Cities,Total,Netherlands,2019,20.7
Annual,Percentage,Cities,Total,Netherlands,2020,20.2
Annual,Percentage,Cities,Total,Netherlands,2023,21.6
Annual,Percentage,Cities,Total,Austria,2004,19.2
Annual,Percentage,Cities,Total,Austria,2005,22.9
Annual,Percentage,Cities,Total,Austria,2006,21.3
Annual,Percentage,Cities,Total,Austria,2007,19.8
Annual,Percentage,Cities,Total,Austria,2008,21.1
Annual,Percentage,Cities,Total,Austria,2009,25.7
Annual,Percentage,Cities,Total,Austria,2010,22.3
Annual,Percentage,Cities,Total,Austria,2011,20.7
Annual,Percentage,Cities,Total,Austria,2012,20.9
Annual,Percentage,Cities,Total,Austria,2013,21.2
Annual,Percentage,Cities,Total,Austria,2014,24.6
Annual,Percentage,Cities,Total,Austria,2015,22.6
Annual,Percentage,Cities,Total,Austria,2016,22.0
Annual,Percentage,Cities,Total,Austria,2017,19.4
Annual,Percentage,Cities,Total,Austria,2018,16.8
Annual,Percentage,Cities,Total,Austria,2019,16.4
Annual,Percentage,Cities,Total,Austria,2020,11.4
Annual,Percentage,Cities,Total,Austria,2023,14.4
Annual,Percentage,Cities,Total,Poland,2005,19.7
Annual,Percentage,Cities,Total,Poland,2006,17.1
Annual,Percentage,Cities,Total,Poland,2007,15.2
Annual,Percentage,Cities,Total,Poland,2008,13.3
Annual,Percentage,Cities,Total,Poland,2009,12.3
Annual,Percentage,Cities,Total,Poland,2010,12.3
Annual,Percentage,Cities,Total,Poland,2011,11.7
Annual,Percentage,Cities,Total,Poland,2012,12.5
Annual,Percentage,Cities,Total,Poland,2013,12.8
Annual,Percentage,Cities,Total,Poland,2014,12.4
Annual,Percentage,Cities,Total,Poland,2015,12.1
Annual,Percentage,Cities,Total,Poland,2016,10.9
Annual,Percentage,Cities,Total,Poland,2017,10.9
Annual,Percentage,Cities,Total,Poland,2018,8.3
Annual,Percentage,Cities,Total,Poland,2019,8.8
Annual,Percentage,Cities,Total,Poland,2023,6.1
Annual,Percentage,Cities,Total,Portugal,2004,22.9
Annual,Percentage,Cities,Total,Portugal,2005,23.8
Annual,Percentage,Cities,Total,Portugal,2006,21.3
Annual,Percentage,Cities,Total,Portugal,2007,21.5
Annual,Percentage,Cities,Total,Portugal,2008,19.3
Annual,Percentage,Cities,Total,Portugal,2009,23.6
Annual,Percentage,Cities,Total,Portugal,2010,18.9
Annual,Percentage,Cities,Total,Portugal,2011,17.8
Annual,Percentage,Cities,Total,Portugal,2012,16.9
Annual,Percentage,Cities,Total,Portugal,2013,19.1
Annual,Percentage,Cities,Total,Portugal,2014,16.0
Annual,Percentage,Cities,Total,Portugal,2015,14.3
Annual,Percentage,Cities,Total,Portugal,2016,10.7
Annual,Percentage,Cities,Total,Portugal,2017,11.1
Annual,Percentage,Cities,Total,Portugal,2018,9.3
Annual,Percentage,Cities,Total,Portugal,2019,9.0
Annual,Percentage,Cities,Total,Portugal,2020,8.7
Annual,Percentage,Cities,Total,Portugal,2023,10.2
Annual,Percentage,Cities,Total,Romania,2007,19.7
Annual,Percentage,Cities,Total,Romania,2008,19.4
Annual,Percentage,Cities,Total,Romania,2009,23.2
Annual,Percentage,Cities,Total,Romania,2010,22.3
Annual,Percentage,Cities,Total,Romania,2011,23.2
Annual,Percentage,Cities,Total,Romania,2012,18.9
Annual,Percentage,Cities,Total,Romania,2013,17.7
Annual,Percentage,Cities,Total,Romania,2014,18.0
Annual,Percentage,Cities,Total,Romania,2015,16.4
Annual,Percentage,Cities,Total,Romania,2016,20.1
Annual,Percentage,Cities,Total,Romania,2017,14.9
Annual,Percentage,Cities,Total,Romania,2018,14.6
Annual,Percentage,Cities,Total,Romania,2019,12.9
Annual,Percentage,Cities,Total,Romania,2020,11.0
Annual,Percentage,Cities,Total,Romania,2023,6.8
Annual,Percentage,Cities,Total,Slovenia,2005,27.9
Annual,Percentage,Cities,Total,Slovenia,2006,21.1
Annual,Percentage,Cities,Total,Slovenia,2007,22.1
Annual,Percentage,Cities,Total,Slovenia,2008,18.0
Annual,Percentage,Cities,Total,Slovenia,2009,25.1
Annual,Percentage,Cities,Total,Slovenia,2010,19.0
Annual,Percentage,Cities,Total,Slovenia,2011,17.7
Annual,Percentage,Cities,Total,Slovenia,2012,17.2
Annual,Percentage,Cities,Total,Slovenia,2013,17.2
Annual,Percentage,Cities,Total,Slovenia,2014,18.9
Annual,Percentage,Cities,Total,Slovenia,2015,16.2
Annual,Percentage,Cities,Total,Slovenia,2016,15.6
Annual,Percentage,Cities,Total,Slovenia,2017,14.1
Annual,Percentage,Cities,Total,Slovenia,2018,11.6
Annual,Percentage,Cities,Total,Slovenia,2019,12.4
Annual,Percentage,Cities,Total,Slovenia,2020,12.5
Annual,Percentage,Cities,Total,Slovenia,2023,10.9
Annual,Percentage,Cities,Total,Slovakia,2005,17.8
Annual,Percentage,Cities,Total,Slovakia,2006,17.8
Annual,Percentage,Cities,Total,Slovakia,2007,17.3
Annual,Percentage,Cities,Total,Slovakia,2008,17.0
Annual,Percentage,Cities,Total,Slovakia,2009,23.7
Annual,Percentage,Cities,Total,Slovakia,2010,19.0
Annual,Percentage,Cities,Total,Slovakia,2011,18.5
Annual,Percentage,Cities,Total,Slovakia,2012,15.6
Annual,Percentage,Cities,Total,Slovakia,2013,12.1
Annual,Percentage,Cities,Total,Slovakia,2014,13.3
Annual,Percentage,Cities,Total,Slovakia,2015,10.6
Annual,Percentage,Cities,Total,Slovakia,2016,9.5
Annual,Percentage,Cities,Total,Slovakia,2017,8.9
Annual,Percentage,Cities,Total,Slovakia,2018,6.0
Annual,Percentage,Cities,Total,Slovakia,2019,5.1
Annual,Percentage,Cities,Total,Slovakia,2020,5.3
Annual,Percentage,Cities,Total,Slovakia,2023,6.0
Annual,Percentage,Cities,Total,Finland,2004,27.1
Annual,Percentage,Cities,Total,Finland,2005,27.8
Annual,Percentage,Cities,Total,Finland,2006,24.6
Annual,Percentage,Cities,Total,Finland,2007,20.5
Annual,Percentage,Cities,Total,Finland,2008,21.1
Annual,Percentage,Cities,Total,Finland,2009,23.5
Annual,Percentage,Cities,Total,Finland,2010,16.3
Annual,Percentage,Cities,Total,Finland,2011,14.7
Annual,Percentage,Cities,Total,Finland,2012,13.8
Annual,Percentage,Cities,Total,Finland,2013,12.7
Annual,Percentage,Cities,Total,Finland,2014,10.0
Annual,Percentage,Cities,Total,Finland,2015,11.0
Annual,Percentage,Cities,Total,Finland,2016,9.0
Annual,Percentage,Cities,Total,Finland,2017,9.4
Annual,Percentage,Cities,Total,Finland,2018,10.7
Annual,Percentage,Cities,Total,Finland,2019,9.1
Annual,Percentage,Cities,Total,Finland,2020,10.8
Annual,Percentage,Cities,Total,Finland,2023,16.7
Annual,Percentage,Cities,Total,Sweden,2004,13.9
Annual,Percentage,Cities,Total,Sweden,2005,14.6
Annual,Percentage,Cities,Total,Sweden,2006,21.8
Annual,Percentage,Cities,Total,Sweden,2007,17.2
Annual,Percentage,Cities,Total,Sweden,2008,19.3
Annual,Percentage,Cities,Total,Sweden,2009,19.3
Annual,Percentage,Cities,Total,Sweden,2010,16.3
Annual,Percentage,Cities,Total,Sweden,2011,19.0
Annual,Percentage,Cities,Total,Sweden,2012,18.3
Annual,Percentage,Cities,Total,Sweden,2013,14.2
Annual,Percentage,Cities,Total,Sweden,2014,15.5
Annual,Percentage,Cities,Total,Sweden,2015,15.0
Annual,Percentage,Cities,Total,Sweden,2016,17.5
Annual,Percentage,Cities,Total,Sweden,2017,16.9
Annual,Percentage,Cities,Total,Sweden,2018,17.8
Annual,Percentage,Cities,Total,Sweden,2019,17.7
Annual,Percentage,Cities,Total,Sweden,2020,19.9
Annual,Percentage,Cities,Total,Sweden,2023,13.3
Annual,Percentage,Cities,Total,Iceland,2004,5.0
Annual,Percentage,Cities,Total,Iceland,2005,4.8
Annual,Percentage,Cities,Total,Iceland,2006,3.3
Annual,Percentage,Cities,Total,Iceland,2007,4.4
Annual,Percentage,Cities,Total,Iceland,2008,4.3
Annual,Percentage,Cities,Total,Iceland,2009,5.4
Annual,Percentage,Cities,Total,Iceland,2010,5.0
Annual,Percentage,Cities,Total,Iceland,2011,3.2
Annual,Percentage,Cities,Total,Iceland,2012,4.4
Annual,Percentage,Cities,Total,Iceland,2013,2.6
Annual,Percentage,Cities,Total,Iceland,2014,2.5
Annual,Percentage,Cities,Total,Iceland,2015,2.8
Annual,Percentage,Cities,Total,Iceland,2016,2.8
Annual,Percentage,Cities,Total,Iceland,2017,2.3
Annual,Percentage,Cities,Total,Iceland,2018,3.6
Annual,Percentage,Cities,Total,Iceland,2019,3.3
Annual,Percentage,Cities,Total,Iceland,2020,3.6
Annual,Percentage,Cities,Total,Norway,2004,7.4
Annual,Percentage,Cities,Total,Norway,2005,7.0
Annual,Percentage,Cities,Total,Norway,2006,4.9
Annual,Percentage,Cities,Total,Norway,2007,6.4
Annual,Percentage,Cities,Total,Norway,2008,6.8
Annual,Percentage,Cities,Total,Norway,2009,7.4
Annual,Percentage,Cities,Total,Norway,2010,7.9
Annual,Percentage,Cities,Total,Norway,2011,6.7
Annual,Percentage,Cities,Total,Norway,2012,8.0
Annual,Percentage,Cities,Total,Norway,2013,6.1
Annual,Percentage,Cities,Total,Norway,2015,9.8
Annual,Percentage,Cities,Total,Norway,2016,7.8
Annual,Percentage,Cities,Total,Norway,2017,6.2
Annual,Percentage,Cities,Total,Norway,2018,7.4
Annual,Percentage,Cities,Total,Norway,2019,7.6
Annual,Percentage,Cities,Total,Norway,2020,6.4
Annual,Percentage,Cities,Total,Norway,2023,9.5
Annual,Percentage,Cities,Total,Switzerland,2007,16.9
Annual,Percentage,Cities,Total,Switzerland,2008,15.8
Annual,Percentage,Cities,Total,Switzerland,2009,16.6
Annual,Percentage,Cities,Total,Switzerland,2010,18.8
Annual,Percentage,Cities,Total,Switzerland,2011,15.6
Annual,Percentage,Cities,Total,Switzerland,2012,24.2
Annual,Percentage,Cities,Total,Switzerland,2013,21.3
Annual,Percentage,Cities,Total,Switzerland,2014,20.4
Annual,Percentage,Cities,Total,Switzerland,2015,17.9
Annual,Percentage,Cities,Total,Switzerland,2016,17.4
Annual,Percentage,Cities,Total,Switzerland,2017,13.1
Annual,Percentage,Cities,Total,Switzerland,2018,11.4
Annual,Percentage,Cities,Total,Switzerland,2019,11.3
Annual,Percentage,Cities,Total,Switzerland,2020,11.8
Annual,Percentage,Cities,Total,Switzerland,2023,12.6
Annual,Percentage,Cities,Total,United Kingdom,2005,33.6
Annual,Percentage,Cities,Total,United Kingdom,2006,31.0
Annual,Percentage,Cities,Total,United Kingdom,2007,30.2
Annual,Percentage,Cities,Total,United Kingdom,2008,29.0
Annual,Percentage,Cities,Total,United Kingdom,2009,29.2
Annual,Percentage,Cities,Total,United Kingdom,2010,27.2
Annual,Percentage,Cities,Total,United Kingdom,2011,25.3
Annual,Percentage,Cities,Total,United Kingdom,2012,24.2
Annual,Percentage,Cities,Total,United Kingdom,2013,22.1
Annual,Percentage,Cities,Total,United Kingdom,2014,20.4
Annual,Percentage,Cities,Total,United Kingdom,2015,20.7
Annual,Percentage,Cities,Total,United Kingdom,2016,21.5
Annual,Percentage,Cities,Total,United Kingdom,2017,26.1
Annual,Percentage,Cities,Total,United Kingdom,2018,30.8
Annual,Percentage,Cities,Total,North Macedonia,2010,10.2
Annual,Percentage,Cities,Total,North Macedonia,2011,9.8
Annual,Percentage,Cities,Total,North Macedonia,2016,9.5
Annual,Percentage,Cities,Total,North Macedonia,2017,6.0
Annual,Percentage,Cities,Total,North Macedonia,2018,8.6
Annual,Percentage,Cities,Total,North Macedonia,2019,7.1
Annual,Percentage,Cities,Total,North Macedonia,2020,7.8
Annual,Percentage,Cities,Total,North Macedonia,2023,10.6
Annual,Percentage,Cities,Total,Albania,2017,0.6
Annual,Percentage,Cities,Total,Albania,2018,0.5
Annual,Percentage,Cities,Total,Albania,2019,1.3
Annual,Percentage,Cities,Total,Albania,2020,1.1
Annual,Percentage,Cities,Total,Serbia,2013,29.3
Annual,Percentage,Cities,Total,Serbia,2014,31.4
Annual,Percentage,Cities,Total,Serbia,2015,26.4
Annual,Percentage,Cities,Total,Serbia,2016,29.0
Annual,Percentage,Cities,Total,Serbia,2017,21.1
Annual,Percentage,Cities,Total,Serbia,2018,20.6
Annual,Percentage,Cities,Total,Serbia,2019,16.5
Annual,Percentage,Cities,Total,Serbia,2020,16.5
Annual,Percentage,Cities,Total,Serbia,2023,12.0
Annual,Percentage,Towns and suburbs,Below 60%,Belgium,2003,15.8
Annual,Percentage,Towns and suburbs,Below 60%,Belgium,2004,13.3
Annual,Percentage,Towns and suburbs,Below 60%,Belgium,2005,11.8
Annual,Percentage,Towns and suburbs,Below 60%,Belgium,2006,12.1
Annual,Percentage,Towns and suburbs,Below 60%,Belgium,2007,12.0
Annual,Percentage,Towns and suburbs,Below 60%,Belgium,2008,8.1
Annual,Percentage,Towns and suburbs,Below 60%,Belgium,2009,14.3
Annual,Percentage,Towns and suburbs,Below 60%,Belgium,2010,16.0
Annual,Percentage,Towns and suburbs,Below 60%,Belgium,2011,11.8
Annual,Percentage,Towns and suburbs,Below 60%,Belgium,2012,15.6
Annual,Percentage,Towns and suburbs,Below 60%,Belgium,2013,17.4
Annual,Percentage,Towns and suburbs,Below 60%,Belgium,2014,14.4
Annual,Percentage,Towns and suburbs,Below 60%,Belgium,2015,15.6
Annual,Percentage,Towns and suburbs,Below 60%,Belgium,2016,11.0
Annual,Percentage,Towns and suburbs,Below 60%,Belgium,2017,12.6
Annual,Percentage,Towns and suburbs,Below 60%,Belgium,2018,13.4
Annual,Percentage,Towns and suburbs,Below 60%,Belgium,2019,10.9
Annual,Percentage,Towns and suburbs,Below 60%,Belgium,2020,8.3
Annual,Percentage,Towns and suburbs,Below 60%,Belgium,2023,10.7
Annual,Percentage,Towns and suburbs,Below 60%,Bulgaria,2005,23.6
Annual,Percentage,Towns and suburbs,Below 60%,Bulgaria,2006,23.6
Annual,Percentage,Towns and suburbs,Below 60%,Bulgaria,2007,28.1
Annual,Percentage,Towns and suburbs,Below 60%,Bulgaria,2008,28.5
Annual,Percentage,Towns and suburbs,Below 60%,Bulgaria,2009,27.5
Annual,Percentage,Towns and suburbs,Below 60%,Bulgaria,2010,36.2
Annual,Percentage,Towns and suburbs,Below 60%,Bulgaria,2011,32.6
Annual,Percentage,Towns and suburbs,Below 60%,Bulgaria,2012,25.6
Annual,Percentage,Towns and suburbs,Below 60%,Bulgaria,2013,33.6
Annual,Percentage,Towns and suburbs,Below 60%,Bulgaria,2014,39.2
Annual,Percentage,Towns and suburbs,Below 60%,Bulgaria,2015,24.3
Annual,Percentage,Towns and suburbs,Below 60%,Bulgaria,2016,27.6
Annual,Percentage,Towns and suburbs,Below 60%,Bulgaria,2017,25.3
Annual,Percentage,Towns and suburbs,Below 60%,Bulgaria,2018,19.6
Annual,Percentage,Towns and suburbs,Below 60%,Bulgaria,2019,18.6
Annual,Percentage,Towns and suburbs,Below 60%,Bulgaria,2020,20.8
Annual,Percentage,Towns and suburbs,Below 60%,Bulgaria,2023,17.9
Annual,Percentage,Towns and suburbs,Below 60%,Czechia,2005,17.4
Annual,Percentage,Towns and suburbs,Below 60%,Czechia,2006,18.0
Annual,Percentage,Towns and suburbs,Below 60%,Czechia,2007,14.7
Annual,Percentage,Towns and suburbs,Below 60%,Czechia,2008,13.3
Annual,Percentage,Towns and suburbs,Below 60%,Czechia,2009,16.7
Annual,Percentage,Towns and suburbs,Below 60%,Czechia,2010,13.0
Annual,Percentage,Towns and suburbs,Below 60%,Czechia,2011,11.9
Annual,Percentage,Towns and suburbs,Below 60%,Czechia,2012,11.0
Annual,Percentage,Towns and suburbs,Below 60%,Czechia,2013,19.0
Annual,Percentage,Towns and suburbs,Below 60%,Czechia,2014,16.0
Annual,Percentage,Towns and suburbs,Below 60%,Czechia,2015,15.1
Annual,Percentage,Towns and suburbs,Below 60%,Czechia,2016,13.8
Annual,Percentage,Towns and suburbs,Below 60%,Czechia,2017,14.6
Annual,Percentage,Towns and suburbs,Below 60%,Czechia,2018,10.3
Annual,Percentage,Towns and suburbs,Below 60%,Czechia,2019,6.8
Annual,Percentage,Towns and suburbs,Below 60%,Czechia,2020,8.7
Annual,Percentage,Towns and suburbs,Below 60%,Czechia,2023,4.7
Annual,Percentage,Towns and suburbs,Below 60%,Denmark,2003,11.6
Annual,Percentage,Towns and suburbs,Below 60%,Denmark,2004,12.0
Annual,Percentage,Towns and suburbs,Below 60%,Denmark,2005,19.7
Annual,Percentage,Towns and suburbs,Below 60%,Denmark,2006,11.9
Annual,Percentage,Towns and suburbs,Below 60%,Denmark,2007,17.5
Annual,Percentage,Towns and suburbs,Below 60%,Denmark,2008,13.2
Annual,Percentage,Towns and suburbs,Below 60%,Denmark,2009,16.0
Annual,Percentage,Towns and suburbs,Below 60%,Denmark,2010,18.1
Annual,Percentage,Towns and suburbs,Below 60%,Denmark,2011,14.5
Annual,Percentage,Towns and suburbs,Below 60%,Denmark,2012,8.4
Annual,Percentage,Towns and suburbs,Below 60%,Denmark,2013,4.9
Annual,Percentage,Towns and suburbs,Below 60%,Denmark,2014,10.5
Annual,Percentage,Towns and suburbs,Below 60%,Denmark,2015,15.2
Annual,Percentage,Towns and suburbs,Below 60%,Denmark,2016,13.8
Annual,Percentage,Towns and suburbs,Below 60%,Denmark,2017,9.9
Annual,Percentage,Towns and suburbs,Below 60%,Denmark,2018,9.5
Annual,Percentage,Towns and suburbs,Below 60%,Denmark,2019,9.5
Annual,Percentage,Towns and suburbs,Below 60%,Denmark,2020,5.3
Annual,Percentage,Towns and suburbs,Below 60%,Denmark,2023,5.4
Annual,Percentage,Towns and suburbs,Below 60%,Germany,2005,8.4
Annual,Percentage,Towns and suburbs,Below 60%,Germany,2006,11.0
Annual,Percentage,Towns and suburbs,Below 60%,Germany,2007,9.2
Annual,Percentage,Towns and suburbs,Below 60%,Germany,2008,9.8
Annual,Percentage,Towns and suburbs,Below 60%,Germany,2009,11.2
Annual,Percentage,Towns and suburbs,Below 60%,Germany,2010,12.7
Annual,Percentage,Towns and suburbs,Below 60%,Germany,2011,12.6
Annual,Percentage,Towns and suburbs,Below 60%,Germany,2012,11.8
Annual,Percentage,Towns and suburbs,Below 60%,Germany,2013,15.1
Annual,Percentage,Towns and suburbs,Below 60%,Germany,2014,12.4
Annual,Percentage,Towns and suburbs,Below 60%,Germany,2015,14.5
Annual,Percentage,Towns and suburbs,Below 60%,Germany,2016,15.6
Annual,Percentage,Towns and suburbs,Below 60%,Germany,2017,15.2
Annual,Percentage,Towns and suburbs,Below 60%,Germany,2018,15.1
Annual,Percentage,Towns and suburbs,Below 60%,Germany,2019,13.4
Annual,Percentage,Towns and suburbs,Below 60%,Germany,2020,8.7
Annual,Percentage,Towns and suburbs,Below 60%,Germany,2023,9.9
Annual,Percentage,Towns and suburbs,Below 60%,Estonia,2004,47.0
Annual,Percentage,Towns and suburbs,Below 60%,Estonia,2007,13.9
Annual,Percentage,Towns and suburbs,Below 60%,Estonia,2008,7.4
Annual,Percentage,Towns and suburbs,Below 60%,Estonia,2009,4.3
Annual,Percentage,Towns and suburbs,Below 60%,Estonia,2010,7.3
Annual,Percentage,Towns and suburbs,Below 60%,Estonia,2011,18.2
Annual,Percentage,Towns and suburbs,Below 60%,Estonia,2012,16.8
Annual,Percentage,Towns and suburbs,Below 60%,Estonia,2013,13.6
Annual,Percentage,Towns and suburbs,Below 60%,Estonia,2014,21.3
Annual,Percentage,Towns and suburbs,Below 60%,Estonia,2015,16.5
Annual,Percentage,Towns and suburbs,Below 60%,Estonia,2016,10.4
Annual,Percentage,Towns and suburbs,Below 60%,Estonia,2017,4.3
Annual,Percentage,Towns and suburbs,Below 60%,Estonia,2018,6.5
Annual,Percentage,Towns and suburbs,Below 60%,Estonia,2019,3.2
Annual,Percentage,Towns and suburbs,Below 60%,Estonia,2020,4.8
Annual,Percentage,Towns and suburbs,Below 60%,Estonia,2023,2.8
Annual,Percentage,Towns and suburbs,Below 60%,Ireland,2003,19.0
Annual,Percentage,Towns and suburbs,Below 60%,Ireland,2004,25.8
Annual,Percentage,Towns and suburbs,Below 60%,Ireland,2005,25.5
Annual,Percentage,Towns and suburbs,Below 60%,Ireland,2006,28.9
Annual,Percentage,Towns and suburbs,Below 60%,Ireland,2007,28.8
Annual,Percentage,Towns and suburbs,Below 60%,Ireland,2008,20.4
Annual,Percentage,Towns and suburbs,Below 60%,Ireland,2009,22.7
Annual,Percentage,Towns and suburbs,Below 60%,Ireland,2010,16.5
Annual,Percentage,Towns and suburbs,Below 60%,Ireland,2011,18.6
Annual,Percentage,Towns and suburbs,Below 60%,Ireland,2012,12.4
Annual,Percentage,Towns and suburbs,Below 60%,Ireland,2013,15.6
Annual,Percentage,Towns and suburbs,Below 60%,Ireland,2014,14.1
Annual,Percentage,Towns and suburbs,Below 60%,Ireland,2015,17.6
Annual,Percentage,Towns and suburbs,Below 60%,Ireland,2016,14.9
Annual,Percentage,Towns and suburbs,Below 60%,Ireland,2017,7.9
Annual,Percentage,Towns and suburbs,Below 60%,Ireland,2018,13.1
Annual,Percentage,Towns and suburbs,Below 60%,Ireland,2019,16.0
Annual,Percentage,Towns and suburbs,Below 60%,Ireland,2020,10.9
Annual,Percentage,Towns and suburbs,Below 60%,Ireland,2023,9.3
Annual,Percentage,Towns and suburbs,Below 60%,Greece,2003,21.7
Annual,Percentage,Towns and suburbs,Below 60%,Greece,2006,14.4
Annual,Percentage,Towns and suburbs,Below 60%,Greece,2007,17.3
Annual,Percentage,Towns and suburbs,Below 60%,Greece,2008,16.8
Annual,Percentage,Towns and suburbs,Below 60%,Greece,2009,11.2
Annual,Percentage,Towns and suburbs,Below 60%,Greece,2010,16.5
Annual,Percentage,Towns and suburbs,Below 60%,Greece,2011,35.8
Annual,Percentage,Towns and suburbs,Below 60%,Greece,2012,21.2
Annual,Percentage,Towns and suburbs,Below 60%,Greece,2013,28.1
Annual,Percentage,Towns and suburbs,Below 60%,Greece,2014,13.3
Annual,Percentage,Towns and suburbs,Below 60%,Greece,2015,13.7
Annual,Percentage,Towns and suburbs,Below 60%,Greece,2016,12.7
Annual,Percentage,Towns and suburbs,Below 60%,Greece,2017,16.4
Annual,Percentage,Towns and suburbs,Below 60%,Greece,2018,15.0
Annual,Percentage,Towns and suburbs,Below 60%,Greece,2019,15.7
Annual,Percentage,Towns and suburbs,Below 60%,Greece,2020,20.7
Annual,Percentage,Towns and suburbs,Below 60%,Greece,2023,19.7
Annual,Percentage,Towns and suburbs,Below 60%,Spain,2004,16.1
Annual,Percentage,Towns and suburbs,Below 60%,Spain,2005,18.2
Annual,Percentage,Towns and suburbs,Below 60%,Spain,2006,14.5
Annual,Percentage,Towns and suburbs,Below 60%,Spain,2007,14.7
Annual,Percentage,Towns and suburbs,Below 60%,Spain,2008,10.6
Annual,Percentage,Towns and suburbs,Below 60%,Spain,2009,13.8
Annual,Percentage,Towns and suburbs,Below 60%,Spain,2010,12.1
Annual,Percentage,Towns and suburbs,Below 60%,Spain,2011,12.4
Annual,Percentage,Towns and suburbs,Below 60%,Spain,2012,11.6
Annual,Percentage,Towns and suburbs,Below 60%,Spain,2013,11.0
Annual,Percentage,Towns and suburbs,Below 60%,Spain,2014,6.9
Annual,Percentage,Towns and suburbs,Below 60%,Spain,2015,8.1
Annual,Percentage,Towns and suburbs,Below 60%,Spain,2016,11.2
Annual,Percentage,Towns and suburbs,Below 60%,Spain,2017,5.0
Annual,Percentage,Towns and suburbs,Below 60%,Spain,2018,9.5
Annual,Percentage,Towns and suburbs,Below 60%,Spain,2019,9.3
Annual,Percentage,Towns and suburbs,Below 60%,Spain,2020,12.3
Annual,Percentage,Towns and suburbs,Below 60%,Spain,2023,12.0
Annual,Percentage,Towns and suburbs,Below 60%,France,2004,19.0
Annual,Percentage,Towns and suburbs,Below 60%,France,2005,15.7
Annual,Percentage,Towns and suburbs,Below 60%,France,2006,15.9
Annual,Percentage,Towns and suburbs,Below 60%,France,2007,16.5
Annual,Percentage,Towns and suburbs,Below 60%,France,2008,14.7
Annual,Percentage,Towns and suburbs,Below 60%,France,2009,12.1
Annual,Percentage,Towns and suburbs,Below 60%,France,2010,17.6
Annual,Percentage,Towns and suburbs,Below 60%,France,2011,16.2
Annual,Percentage,Towns and suburbs,Below 60%,France,2012,17.8
Annual,Percentage,Towns and suburbs,Below 60%,France,2013,18.9
Annual,Percentage,Towns and suburbs,Below 60%,France,2014,15.2
Annual,Percentage,Towns and suburbs,Below 60%,France,2015,15.6
Annual,Percentage,Towns and suburbs,Below 60%,France,2016,21.5
Annual,Percentage,Towns and suburbs,Below 60%,France,2017,21.3
Annual,Percentage,Towns and suburbs,Below 60%,France,2018,17.5
Annual,Percentage,Towns and suburbs,Below 60%,France,2019,15.4
Annual,Percentage,Towns and suburbs,Below 60%,France,2020,22.7
Annual,Percentage,Towns and suburbs,Below 60%,France,2023,16.4
Annual,Percentage,Towns and suburbs,Below 60%,Croatia,2010,0.9
Annual,Percentage,Towns and suburbs,Below 60%,Croatia,2011,1.6
Annual,Percentage,Towns and suburbs,Below 60%,Croatia,2012,5.7
Annual,Percentage,Towns and suburbs,Below 60%,Croatia,2013,1.7
Annual,Percentage,Towns and suburbs,Below 60%,Croatia,2014,1.4
Annual,Percentage,Towns and suburbs,Below 60%,Croatia,2015,3.0
Annual,Percentage,Towns and suburbs,Below 60%,Croatia,2016,3.7
Annual,Percentage,Towns and suburbs,Below 60%,Croatia,2017,3.4
Annual,Percentage,Towns and suburbs,Below 60%,Croatia,2018,3.0
Annual,Percentage,Towns and suburbs,Below 60%,Croatia,2019,3.0
Annual,Percentage,Towns and suburbs,Below 60%,Croatia,2020,3.3
Annual,Percentage,Towns and suburbs,Below 60%,Croatia,2023,1.5
Annual,Percentage,Towns and suburbs,Below 60%,Italy,2004,8.2
Annual,Percentage,Towns and suburbs,Below 60%,Italy,2005,9.1
Annual,Percentage,Towns and suburbs,Below 60%,Italy,2006,8.2
Annual,Percentage,Towns and suburbs,Below 60%,Italy,2007,9.7
Annual,Percentage,Towns and suburbs,Below 60%,Italy,2008,9.2
Annual,Percentage,Towns and suburbs,Below 60%,Italy,2009,13.0
Annual,Percentage,Towns and suburbs,Below 60%,Italy,2010,9.5
Annual,Percentage,Towns and suburbs,Below 60%,Italy,2011,8.3
Annual,Percentage,Towns and suburbs,Below 60%,Italy,2012,9.8
Annual,Percentage,Towns and suburbs,Below 60%,Italy,2013,11.9
Annual,Percentage,Towns and suburbs,Below 60%,Italy,2014,15.4
Annual,Percentage,Towns and suburbs,Below 60%,Italy,2015,13.7
Annual,Percentage,Towns and suburbs,Below 60%,Italy,2016,8.8
Annual,Percentage,Towns and suburbs,Below 60%,Italy,2017,8.7
Annual,Percentage,Towns and suburbs,Below 60%,Italy,2018,7.2
Annual,Percentage,Towns and suburbs,Below 60%,Italy,2019,6.9
Annual,Percentage,Towns and suburbs,Below 60%,Italy,2020,7.5
Annual,Percentage,Towns and suburbs,Below 60%,Italy,2023,6.4
Annual,Percentage,Towns and suburbs,Below 60%,Cyprus,2005,0.0
Annual,Percentage,Towns and suburbs,Below 60%,Cyprus,2006,5.1
Annual,Percentage,Towns and suburbs,Below 60%,Cyprus,2007,15.4
Annual,Percentage,Towns and suburbs,Below 60%,Cyprus,2008,3.6
Annual,Percentage,Towns and suburbs,Below 60%,Cyprus,2009,7.0
Annual,Percentage,Towns and suburbs,Below 60%,Cyprus,2010,2.5
Annual,Percentage,Towns and suburbs,Below 60%,Cyprus,2011,10.1
Annual,Percentage,Towns and suburbs,Below 60%,Cyprus,2012,18.4
Annual,Percentage,Towns and suburbs,Below 60%,Cyprus,2013,17.0
Annual,Percentage,Towns and suburbs,Below 60%,Cyprus,2014,7.5
Annual,Percentage,Towns and suburbs,Below 60%,Cyprus,2015,13.5
Annual,Percentage,Towns and suburbs,Below 60%,Cyprus,2016,9.4
Annual,Percentage,Towns and suburbs,Below 60%,Cyprus,2017,10.1
Annual,Percentage,Towns and suburbs,Below 60%,Cyprus,2018,5.1
Annual,Percentage,Towns and suburbs,Below 60%,Cyprus,2019,9.5
Annual,Percentage,Towns and suburbs,Below 60%,Cyprus,2020,13.1
Annual,Percentage,Towns and suburbs,Below 60%,Cyprus,2023,8.0
Annual,Percentage,Towns and suburbs,Below 60%,Latvia,2006,5.9
Annual,Percentage,Towns and suburbs,Below 60%,Latvia,2007,16.1
Annual,Percentage,Towns and suburbs,Below 60%,Latvia,2008,19.2
Annual,Percentage,Towns and suburbs,Below 60%,Latvia,2009,6.9
Annual,Percentage,Towns and suburbs,Below 60%,Latvia,2010,0.0
Annual,Percentage,Towns and suburbs,Below 60%,Latvia,2011,0.0
Annual,Percentage,Towns and suburbs,Below 60%,Latvia,2012,6.4
Annual,Percentage,Towns and suburbs,Below 60%,Latvia,2013,24.4
Annual,Percentage,Towns and suburbs,Below 60%,Latvia,2014,14.1
Annual,Percentage,Towns and suburbs,Below 60%,Latvia,2015,5.7
Annual,Percentage,Towns and suburbs,Below 60%,Latvia,2016,7.8
Annual,Percentage,Towns and suburbs,Below 60%,Latvia,2017,7.7
Annual,Percentage,Towns and suburbs,Below 60%,Latvia,2018,3.9
Annual,Percentage,Towns and suburbs,Below 60%,Latvia,2019,8.0
Annual,Percentage,Towns and suburbs,Below 60%,Latvia,2020,4.3
Annual,Percentage,Towns and suburbs,Below 60%,Latvia,2023,4.0
Annual,Percentage,Towns and suburbs,Below 60%,Lithuania,2012,5.5
Annual,Percentage,Towns and suburbs,Below 60%,Lithuania,2013,3.5
Annual,Percentage,Towns and suburbs,Below 60%,Lithuania,2014,7.4
Annual,Percentage,Towns and suburbs,Below 60%,Lithuania,2015,0.0
Annual,Percentage,Towns and suburbs,Below 60%,Lithuania,2016,0.0
Annual,Percentage,Towns and suburbs,Below 60%,Lithuania,2017,6.5
Annual,Percentage,Towns and suburbs,Below 60%,Lithuania,2018,0.0
Annual,Percentage,Towns and suburbs,Below 60%,Lithuania,2019,0.0
Annual,Percentage,Towns and suburbs,Below 60%,Lithuania,2020,5.3
Annual,Percentage,Towns and suburbs,Below 60%,Lithuania,2023,3.0
Annual,Percentage,Towns and suburbs,Below 60%,Luxembourg,2003,17.6
Annual,Percentage,Towns and suburbs,Below 60%,Luxembourg,2004,6.5
Annual,Percentage,Towns and suburbs,Below 60%,Luxembourg,2005,17.7
Annual,Percentage,Towns and suburbs,Below 60%,Luxembourg,2006,3.2
Annual,Percentage,Towns and suburbs,Below 60%,Luxembourg,2007,2.9
Annual,Percentage,Towns and suburbs,Below 60%,Luxembourg,2008,4.9
Annual,Percentage,Towns and suburbs,Below 60%,Luxembourg,2009,5.6
Annual,Percentage,Towns and suburbs,Below 60%,Luxembourg,2010,10.5
Annual,Percentage,Towns and suburbs,Below 60%,Luxembourg,2011,11.4
Annual,Percentage,Towns and suburbs,Below 60%,Luxembourg,2012,23.4
Annual,Percentage,Towns and suburbs,Below 60%,Luxembourg,2013,18.1
Annual,Percentage,Towns and suburbs,Below 60%,Luxembourg,2014,28.0
Annual,Percentage,Towns and suburbs,Below 60%,Luxembourg,2015,17.4
Annual,Percentage,Towns and suburbs,Below 60%,Luxembourg,2016,21.8
Annual,Percentage,Towns and suburbs,Below 60%,Luxembourg,2017,12.6
Annual,Percentage,Towns and suburbs,Below 60%,Luxembourg,2018,14.2
Annual,Percentage,Towns and suburbs,Below 60%,Luxembourg,2019,11.8
Annual,Percentage,Towns and suburbs,Below 60%,Luxembourg,2020,15.6
Annual,Percentage,Towns and suburbs,Below 60%,Luxembourg,2023,5.9
Annual,Percentage,Towns and suburbs,Below 60%,Hungary,2005,11.8
Annual,Percentage,Towns and suburbs,Below 60%,Hungary,2006,13.3
Annual,Percentage,Towns and suburbs,Below 60%,Hungary,2007,18.1
Annual,Percentage,Towns and suburbs,Below 60%,Hungary,2008,19.7
Annual,Percentage,Towns and suburbs,Below 60%,Hungary,2009,21.7
Annual,Percentage,Towns and suburbs,Below 60%,Hungary,2010,19.0
Annual,Percentage,Towns and suburbs,Below 60%,Hungary,2011,17.9
Annual,Percentage,Towns and suburbs,Below 60%,Hungary,2012,18.7
Annual,Percentage,Towns and suburbs,Below 60%,Hungary,2013,25.2
Annual,Percentage,Towns and suburbs,Below 60%,Hungary,2014,27.1
Annual,Percentage,Towns and suburbs,Below 60%,Hungary,2015,22.8
Annual,Percentage,Towns and suburbs,Below 60%,Hungary,2016,23.8
Annual,Percentage,Towns and suburbs,Below 60%,Hungary,2017,11.6
Annual,Percentage,Towns and suburbs,Below 60%,Hungary,2018,12.7
Annual,Percentage,Towns and suburbs,Below 60%,Hungary,2019,9.7
Annual,Percentage,Towns and suburbs,Below 60%,Hungary,2020,12.3
Annual,Percentage,Towns and suburbs,Below 60%,Hungary,2023,12.6
Annual,Percentage,Towns and suburbs,Below 60%,Malta,2005,2.9
Annual,Percentage,Towns and suburbs,Below 60%,Malta,2006,0.4
Annual,Percentage,Towns and suburbs,Below 60%,Malta,2007,6.2
Annual,Percentage,Towns and suburbs,Below 60%,Malta,2008,11.1
Annual,Percentage,Towns and suburbs,Below 60%,Malta,2009,6.4
Annual,Percentage,Towns and suburbs,Below 60%,Malta,2010,4.3
Annual,Percentage,Towns and suburbs,Below 60%,Malta,2011,2.0
Annual,Percentage,Towns and suburbs,Below 60%,Malta,2012,7.1
Annual,Percentage,Towns and suburbs,Below 60%,Malta,2013,11.7
Annual,Percentage,Towns and suburbs,Below 60%,Malta,2014,9.1
Annual,Percentage,Towns and suburbs,Below 60%,Malta,2015,4.7
Annual,Percentage,Towns and suburbs,Below 60%,Malta,2016,1.4
Annual,Percentage,Towns and suburbs,Below 60%,Malta,2017,14.8
Annual,Percentage,Towns and suburbs,Below 60%,Malta,2018,2.0
Annual,Percentage,Towns and suburbs,Below 60%,Malta,2019,0.9
Annual,Percentage,Towns and suburbs,Below 60%,Malta,2020,2.0
Annual,Percentage,Towns and suburbs,Below 60%,Malta,2023,4.2
Annual,Percentage,Towns and suburbs,Below 60%,Netherlands,2005,15.2
Annual,Percentage,Towns and suburbs,Below 60%,Netherlands,2006,12.2
Annual,Percentage,Towns and suburbs,Below 60%,Netherlands,2007,8.8
Annual,Percentage,Towns and suburbs,Below 60%,Netherlands,2008,13.9
Annual,Percentage,Towns and suburbs,Below 60%,Netherlands,2009,15.0
Annual,Percentage,Towns and suburbs,Below 60%,Netherlands,2010,11.6
Annual,Percentage,Towns and suburbs,Below 60%,Netherlands,2011,13.4
Annual,Percentage,Towns and suburbs,Below 60%,Netherlands,2012,21.0
Annual,Percentage,Towns and suburbs,Below 60%,Netherlands,2013,18.2
Annual,Percentage,Towns and suburbs,Below 60%,Netherlands,2014,19.6
Annual,Percentage,Towns and suburbs,Below 60%,Netherlands,2015,14.0
Annual,Percentage,Towns and suburbs,Below 60%,Netherlands,2016,17.8
Annual,Percentage,Towns and suburbs,Below 60%,Netherlands,2017,11.4
Annual,Percentage,Towns and suburbs,Below 60%,Netherlands,2018,19.0
Annual,Percentage,Towns and suburbs,Below 60%,Netherlands,2019,11.4
Annual,Percentage,Towns and suburbs,Below 60%,Netherlands,2020,14.4
Annual,Percentage,Towns and suburbs,Below 60%,Netherlands,2023,13.7
Annual,Percentage,Towns and suburbs,Below 60%,Austria,2004,11.8
Annual,Percentage,Towns and suburbs,Below 60%,Austria,2005,13.8
Annual,Percentage,Towns and suburbs,Below 60%,Austria,2006,12.8
Annual,Percentage,Towns and suburbs,Below 60%,Austria,2007,5.2
Annual,Percentage,Towns and suburbs,Below 60%,Austria,2008,6.0
Annual,Percentage,Towns and suburbs,Below 60%,Austria,2009,5.6
Annual,Percentage,Towns and suburbs,Below 60%,Austria,2010,5.3
Annual,Percentage,Towns and suburbs,Below 60%,Austria,2011,2.8
Annual,Percentage,Towns and suburbs,Below 60%,Austria,2012,5.3
Annual,Percentage,Towns and suburbs,Below 60%,Austria,2013,6.0
Annual,Percentage,Towns and suburbs,Below 60%,Austria,2014,7.5
Annual,Percentage,Towns and suburbs,Below 60%,Austria,2015,8.5
Annual,Percentage,Towns and suburbs,Below 60%,Austria,2016,4.3
Annual,Percentage,Towns and suburbs,Below 60%,Austria,2017,5.9
Annual,Percentage,Towns and suburbs,Below 60%,Austria,2018,4.3
Annual,Percentage,Towns and suburbs,Below 60%,Austria,2019,5.4
Annual,Percentage,Towns and suburbs,Below 60%,Austria,2020,5.4
Annual,Percentage,Towns and suburbs,Below 60%,Austria,2023,5.2
Annual,Percentage,Towns and suburbs,Below 60%,Poland,2005,3.5
Annual,Percentage,Towns and suburbs,Below 60%,Poland,2006,5.8
Annual,Percentage,Towns and suburbs,Below 60%,Poland,2007,6.2
Annual,Percentage,Towns and suburbs,Below 60%,Poland,2008,4.9
Annual,Percentage,Towns and suburbs,Below 60%,Poland,2009,3.8
Annual,Percentage,Towns and suburbs,Below 60%,Poland,2010,2.1
Annual,Percentage,Towns and suburbs,Below 60%,Poland,2011,3.4
Annual,Percentage,Towns and suburbs,Below 60%,Poland,2012,7.9
Annual,Percentage,Towns and suburbs,Below 60%,Poland,2013,7.9
Annual,Percentage,Towns and suburbs,Below 60%,Poland,2014,7.4
Annual,Percentage,Towns and suburbs,Below 60%,Poland,2015,6.6
Annual,Percentage,Towns and suburbs,Below 60%,Poland,2016,6.2
Annual,Percentage,Towns and suburbs,Below 60%,Poland,2017,6.9
Annual,Percentage,Towns and suburbs,Below 60%,Poland,2018,4.7
Annual,Percentage,Towns and suburbs,Below 60%,Poland,2019,4.2
Annual,Percentage,Towns and suburbs,Below 60%,Poland,2023,3.2
Annual,Percentage,Towns and suburbs,Below 60%,Portugal,2004,9.4
Annual,Percentage,Towns and suburbs,Below 60%,Portugal,2005,6.8
Annual,Percentage,Towns and suburbs,Below 60%,Portugal,2006,6.2
Annual,Percentage,Towns and suburbs,Below 60%,Portugal,2007,8.4
Annual,Percentage,Towns and suburbs,Below 60%,Portugal,2008,7.3
Annual,Percentage,Towns and suburbs,Below 60%,Portugal,2009,7.6
Annual,Percentage,Towns and suburbs,Below 60%,Portugal,2010,7.0
Annual,Percentage,Towns and suburbs,Below 60%,Portugal,2011,3.6
Annual,Percentage,Towns and suburbs,Below 60%,Portugal,2012,5.6
Annual,Percentage,Towns and suburbs,Below 60%,Portugal,2013,11.9
Annual,Percentage,Towns and suburbs,Below 60%,Portugal,2014,14.5
Annual,Percentage,Towns and suburbs,Below 60%,Portugal,2015,11.5
Annual,Percentage,Towns and suburbs,Below 60%,Portugal,2016,8.0
Annual,Percentage,Towns and suburbs,Below 60%,Portugal,2017,5.5
Annual,Percentage,Towns and suburbs,Below 60%,Portugal,2018,10.0
Annual,Percentage,Towns and suburbs,Below 60%,Portugal,2019,5.9
Annual,Percentage,Towns and suburbs,Below 60%,Portugal,2020,10.8
Annual,Percentage,Towns and suburbs,Below 60%,Portugal,2023,3.9
Annual,Percentage,Towns and suburbs,Below 60%,Romania,2007,36.8
Annual,Percentage,Towns and suburbs,Below 60%,Romania,2008,0.0
Annual,Percentage,Towns and suburbs,Below 60%,Romania,2010,1.0
Annual,Percentage,Towns and suburbs,Below 60%,Romania,2011,1.0
Annual,Percentage,Towns and suburbs,Below 60%,Romania,2012,17.8
Annual,Percentage,Towns and suburbs,Below 60%,Romania,2013,21.5
Annual,Percentage,Towns and suburbs,Below 60%,Romania,2014,26.5
Annual,Percentage,Towns and suburbs,Below 60%,Romania,2015,26.4
Annual,Percentage,Towns and suburbs,Below 60%,Romania,2016,27.3
Annual,Percentage,Towns and suburbs,Below 60%,Romania,2017,20.2
Annual,Percentage,Towns and suburbs,Below 60%,Romania,2018,16.9
Annual,Percentage,Towns and suburbs,Below 60%,Romania,2019,11.6
Annual,Percentage,Towns and suburbs,Below 60%,Romania,2020,7.4
Annual,Percentage,Towns and suburbs,Below 60%,Romania,2023,6.5
Annual,Percentage,Towns and suburbs,Below 60%,Slovenia,2005,8.5
Annual,Percentage,Towns and suburbs,Below 60%,Slovenia,2006,10.8
Annual,Percentage,Towns and suburbs,Below 60%,Slovenia,2007,11.7
Annual,Percentage,Towns and suburbs,Below 60%,Slovenia,2008,10.1
Annual,Percentage,Towns and suburbs,Below 60%,Slovenia,2009,12.4
Annual,Percentage,Towns and suburbs,Below 60%,Slovenia,2010,9.5
Annual,Percentage,Towns and suburbs,Below 60%,Slovenia,2011,7.0
Annual,Percentage,Towns and suburbs,Below 60%,Slovenia,2012,5.0
Annual,Percentage,Towns and suburbs,Below 60%,Slovenia,2013,7.8
Annual,Percentage,Towns and suburbs,Below 60%,Slovenia,2014,8.0
Annual,Percentage,Towns and suburbs,Below 60%,Slovenia,2015,7.5
Annual,Percentage,Towns and suburbs,Below 60%,Slovenia,2016,9.0
Annual,Percentage,Towns and suburbs,Below 60%,Slovenia,2017,5.6
Annual,Percentage,Towns and suburbs,Below 60%,Slovenia,2018,7.6
Annual,Percentage,Towns and suburbs,Below 60%,Slovenia,2019,6.2
Annual,Percentage,Towns and suburbs,Below 60%,Slovenia,2020,8.5
Annual,Percentage,Towns and suburbs,Below 60%,Slovenia,2023,5.9
Annual,Percentage,Towns and suburbs,Below 60%,Slovakia,2005,10.5
Annual,Percentage,Towns and suburbs,Below 60%,Slovakia,2006,8.4
Annual,Percentage,Towns and suburbs,Below 60%,Slovakia,2007,5.6
Annual,Percentage,Towns and suburbs,Below 60%,Slovakia,2008,8.0
Annual,Percentage,Towns and suburbs,Below 60%,Slovakia,2009,12.5
Annual,Percentage,Towns and suburbs,Below 60%,Slovakia,2010,7.6
Annual,Percentage,Towns and suburbs,Below 60%,Slovakia,2011,14.7
Annual,Percentage,Towns and suburbs,Below 60%,Slovakia,2012,11.0
Annual,Percentage,Towns and suburbs,Below 60%,Slovakia,2013,14.9
Annual,Percentage,Towns and suburbs,Below 60%,Slovakia,2014,16.9
Annual,Percentage,Towns and suburbs,Below 60%,Slovakia,2015,12.0
Annual,Percentage,Towns and suburbs,Below 60%,Slovakia,2016,12.6
Annual,Percentage,Towns and suburbs,Below 60%,Slovakia,2017,11.5
Annual,Percentage,Towns and suburbs,Below 60%,Slovakia,2018,11.7
Annual,Percentage,Towns and suburbs,Below 60%,Slovakia,2019,11.3
Annual,Percentage,Towns and suburbs,Below 60%,Slovakia,2020,6.0
Annual,Percentage,Towns and suburbs,Below 60%,Slovakia,2023,1.3
Annual,Percentage,Towns and suburbs,Below 60%,Finland,2004,27.2
Annual,Percentage,Towns and suburbs,Below 60%,Finland,2005,26.0
Annual,Percentage,Towns and suburbs,Below 60%,Finland,2006,23.4
Annual,Percentage,Towns and suburbs,Below 60%,Finland,2007,21.7
Annual,Percentage,Towns and suburbs,Below 60%,Finland,2008,27.5
Annual,Percentage,Towns and suburbs,Below 60%,Finland,2009,24.5
Annual,Percentage,Towns and suburbs,Below 60%,Finland,2010,16.1
Annual,Percentage,Towns and suburbs,Below 60%,Finland,2011,9.9
Annual,Percentage,Towns and suburbs,Below 60%,Finland,2012,21.0
Annual,Percentage,Towns and suburbs,Below 60%,Finland,2013,13.5
Annual,Percentage,Towns and suburbs,Below 60%,Finland,2014,9.0
Annual,Percentage,Towns and suburbs,Below 60%,Finland,2015,8.6
Annual,Percentage,Towns and suburbs,Below 60%,Finland,2016,8.9
Annual,Percentage,Towns and suburbs,Below 60%,Finland,2017,8.4
Annual,Percentage,Towns and suburbs,Below 60%,Finland,2018,6.3
Annual,Percentage,Towns and suburbs,Below 60%,Finland,2019,6.6
Annual,Percentage,Towns and suburbs,Below 60%,Finland,2020,10.6
Annual,Percentage,Towns and suburbs,Below 60%,Finland,2023,19.4
Annual,Percentage,Towns and suburbs,Below 60%,Sweden,2004,7.6
Annual,Percentage,Towns and suburbs,Below 60%,Sweden,2005,8.1
Annual,Percentage,Towns and suburbs,Below 60%,Sweden,2006,22.6
Annual,Percentage,Towns and suburbs,Below 60%,Sweden,2007,18.8
Annual,Percentage,Towns and suburbs,Below 60%,Sweden,2008,29.1
Annual,Percentage,Towns and suburbs,Below 60%,Sweden,2009,21.8
Annual,Percentage,Towns and suburbs,Below 60%,Sweden,2010,18.8
Annual,Percentage,Towns and suburbs,Below 60%,Sweden,2011,23.4
Annual,Percentage,Towns and suburbs,Below 60%,Sweden,2012,16.4
Annual,Percentage,Towns and suburbs,Below 60%,Sweden,2013,10.1
Annual,Percentage,Towns and suburbs,Below 60%,Sweden,2014,14.9
Annual,Percentage,Towns and suburbs,Below 60%,Sweden,2015,16.2
Annual,Percentage,Towns and suburbs,Below 60%,Sweden,2016,14.7
Annual,Percentage,Towns and suburbs,Below 60%,Sweden,2017,12.8
Annual,Percentage,Towns and suburbs,Below 60%,Sweden,2018,13.9
Annual,Percentage,Towns and suburbs,Below 60%,Sweden,2019,10.7
Annual,Percentage,Towns and suburbs,Below 60%,Sweden,2020,8.0
Annual,Percentage,Towns and suburbs,Below 60%,Sweden,2023,10.2
Annual,Percentage,Towns and suburbs,Below 60%,Iceland,2014,7.6
Annual,Percentage,Towns and suburbs,Below 60%,Iceland,2015,6.8
Annual,Percentage,Towns and suburbs,Below 60%,Iceland,2016,1.1
Annual,Percentage,Towns and suburbs,Below 60%,Iceland,2017,0.0
Annual,Percentage,Towns and suburbs,Below 60%,Iceland,2018,9.9
Annual,Percentage,Towns and suburbs,Below 60%,Iceland,2019,4.3
Annual,Percentage,Towns and suburbs,Below 60%,Iceland,2020,0.7
Annual,Percentage,Towns and suburbs,Below 60%,Norway,2004,3.6
Annual,Percentage,Towns and suburbs,Below 60%,Norway,2005,2.8
Annual,Percentage,Towns and suburbs,Below 60%,Norway,2006,12.2
Annual,Percentage,Towns and suburbs,Below 60%,Norway,2007,4.1
Annual,Percentage,Towns and suburbs,Below 60%,Norway,2008,8.6
Annual,Percentage,Towns and suburbs,Below 60%,Norway,2009,9.5
Annual,Percentage,Towns and suburbs,Below 60%,Norway,2010,9.6
Annual,Percentage,Towns and suburbs,Below 60%,Norway,2011,12.4
Annual,Percentage,Towns and suburbs,Below 60%,Norway,2012,5.8
Annual,Percentage,Towns and suburbs,Below 60%,Norway,2013,9.5
Annual,Percentage,Towns and suburbs,Below 60%,Norway,2015,3.8
Annual,Percentage,Towns and suburbs,Below 60%,Norway,2016,6.6
Annual,Percentage,Towns and suburbs,Below 60%,Norway,2017,4.4
Annual,Percentage,Towns and suburbs,Below 60%,Norway,2018,8.4
Annual,Percentage,Towns and suburbs,Below 60%,Norway,2019,4.7
Annual,Percentage,Towns and suburbs,Below 60%,Norway,2020,6.8
Annual,Percentage,Towns and suburbs,Below 60%,Norway,2023,3.9
Annual,Percentage,Towns and suburbs,Below 60%,Switzerland,2007,12.1
Annual,Percentage,Towns and suburbs,Below 60%,Switzerland,2008,10.4
Annual,Percentage,Towns and suburbs,Below 60%,Switzerland,2009,7.3
Annual,Percentage,Towns and suburbs,Below 60%,Switzerland,2010,10.0
Annual,Percentage,Towns and suburbs,Below 60%,Switzerland,2011,9.7
Annual,Percentage,Towns and suburbs,Below 60%,Switzerland,2012,14.0
Annual,Percentage,Towns and suburbs,Below 60%,Switzerland,2013,14.3
Annual,Percentage,Towns and suburbs,Below 60%,Switzerland,2014,15.0
Annual,Percentage,Towns and suburbs,Below 60%,Switzerland,2015,10.6
Annual,Percentage,Towns and suburbs,Below 60%,Switzerland,2016,12.2
Annual,Percentage,Towns and suburbs,Below 60%,Switzerland,2017,10.6
Annual,Percentage,Towns and suburbs,Below 60%,Switzerland,2018,8.2
Annual,Percentage,Towns and suburbs,Below 60%,Switzerland,2019,8.9
Annual,Percentage,Towns and suburbs,Below 60%,Switzerland,2020,4.2
Annual,Percentage,Towns and suburbs,Below 60%,Switzerland,2023,6.9
Annual,Percentage,Towns and suburbs,Below 60%,United Kingdom,2005,21.1
Annual,Percentage,Towns and suburbs,Below 60%,United Kingdom,2006,21.5
Annual,Percentage,Towns and suburbs,Below 60%,United Kingdom,2007,22.1
Annual,Percentage,Towns and suburbs,Below 60%,United Kingdom,2008,20.8
Annual,Percentage,Towns and suburbs,Below 60%,United Kingdom,2009,24.2
Annual,Percentage,Towns and suburbs,Below 60%,United Kingdom,2010,27.2
Annual,Percentage,Towns and suburbs,Below 60%,United Kingdom,2011,20.3
Annual,Percentage,Towns and suburbs,Below 60%,United Kingdom,2012,23.5
Annual,Percentage,Towns and suburbs,Below 60%,United Kingdom,2013,19.0
Annual,Percentage,Towns and suburbs,Below 60%,United Kingdom,2014,18.2
Annual,Percentage,Towns and suburbs,Below 60%,United Kingdom,2015,14.2
Annual,Percentage,Towns and suburbs,Below 60%,United Kingdom,2016,13.9
Annual,Percentage,Towns and suburbs,Below 60%,United Kingdom,2017,15.5
Annual,Percentage,Towns and suburbs,Below 60%,United Kingdom,2018,20.2
Annual,Percentage,Towns and suburbs,Below 60%,North Macedonia,2010,2.9
Annual,Percentage,Towns and suburbs,Below 60%,North Macedonia,2011,4.4
Annual,Percentage,Towns and suburbs,Below 60%,North Macedonia,2016,5.5
Annual,Percentage,Towns and suburbs,Below 60%,North Macedonia,2017,2.3
Annual,Percentage,Towns and suburbs,Below 60%,North Macedonia,2018,3.3
Annual,Percentage,Towns and suburbs,Below 60%,North Macedonia,2019,3.7
Annual,Percentage,Towns and suburbs,Below 60%,North Macedonia,2020,2.8
Annual,Percentage,Towns and suburbs,Below 60%,North Macedonia,2023,4.3
Annual,Percentage,Towns and suburbs,Below 60%,Albania,2017,0.5
Annual,Percentage,Towns and suburbs,Below 60%,Albania,2018,0.5
Annual,Percentage,Towns and suburbs,Below 60%,Albania,2019,0.0
Annual,Percentage,Towns and suburbs,Below 60%,Albania,2020,0.0
Annual,Percentage,Towns and suburbs,Below 60%,Serbia,2013,21.3
Annual,Percentage,Towns and suburbs,Below 60%,Serbia,2014,24.3
Annual,Percentage,Towns and suburbs,Below 60%,Serbia,2015,15.5
Annual,Percentage,Towns and suburbs,Below 60%,Serbia,2016,22.0
Annual,Percentage,Towns and suburbs,Below 60%,Serbia,2017,16.5
Annual,Percentage,Towns and suburbs,Below 60%,Serbia,2018,17.8
Annual,Percentage,Towns and suburbs,Below 60%,Serbia,2019,8.8
Annual,Percentage,Towns and suburbs,Below 60%,Serbia,2020,9.2
Annual,Percentage,Towns and suburbs,Below 60%,Serbia,2023,11.7
Annual,Percentage,Towns and suburbs,Above 60%,Belgium,2003,12.5
Annual,Percentage,Towns and suburbs,Above 60%,Belgium,2004,12.9
Annual,Percentage,Towns and suburbs,Above 60%,Belgium,2005,9.0
Annual,Percentage,Towns and suburbs,Above 60%,Belgium,2006,11.0
Annual,Percentage,Towns and suburbs,Above 60%,Belgium,2007,9.5
Annual,Percentage,Towns and suburbs,Above 60%,Belgium,2008,7.4
Annual,Percentage,Towns and suburbs,Above 60%,Belgium,2009,10.3
Annual,Percentage,Towns and suburbs,Above 60%,Belgium,2010,10.7
Annual,Percentage,Towns and suburbs,Above 60%,Belgium,2011,8.0
Annual,Percentage,Towns and suburbs,Above 60%,Belgium,2012,10.0
Annual,Percentage,Towns and suburbs,Above 60%,Belgium,2013,14.1
Annual,Percentage,Towns and suburbs,Above 60%,Belgium,2014,12.2
Annual,Percentage,Towns and suburbs,Above 60%,Belgium,2015,11.7
Annual,Percentage,Towns and suburbs,Above 60%,Belgium,2016,9.0
Annual,Percentage,Towns and suburbs,Above 60%,Belgium,2017,8.4
Annual,Percentage,Towns and suburbs,Above 60%,Belgium,2018,6.9
Annual,Percentage,Towns and suburbs,Above 60%,Belgium,2019,10.1
Annual,Percentage,Towns and suburbs,Above 60%,Belgium,2020,6.3
Annual,Percentage,Towns and suburbs,Above 60%,Belgium,2023,8.0
Annual,Percentage,Towns and suburbs,Above 60%,Bulgaria,2005,31.3
Annual,Percentage,Towns and suburbs,Above 60%,Bulgaria,2006,31.3
Annual,Percentage,Towns and suburbs,Above 60%,Bulgaria,2007,21.5
Annual,Percentage,Towns and suburbs,Above 60%,Bulgaria,2008,31.9
Annual,Percentage,Towns and suburbs,Above 60%,Bulgaria,2009,25.5
Annual,Percentage,Towns and suburbs,Above 60%,Bulgaria,2010,26.5
Annual,Percentage,Towns and suburbs,Above 60%,Bulgaria,2011,31.2
Annual,Percentage,Towns and suburbs,Above 60%,Bulgaria,2012,21.7
Annual,Percentage,Towns and suburbs,Above 60%,Bulgaria,2013,21.8
Annual,Percentage,Towns and suburbs,Above 60%,Bulgaria,2014,22.4
Annual,Percentage,Towns and suburbs,Above 60%,Bulgaria,2015,21.5
Annual,Percentage,Towns and suburbs,Above 60%,Bulgaria,2016,18.3
Annual,Percentage,Towns and suburbs,Above 60%,Bulgaria,2017,16.6
Annual,Percentage,Towns and suburbs,Above 60%,Bulgaria,2018,14.7
Annual,Percentage,Towns and suburbs,Above 60%,Bulgaria,2019,12.3
Annual,Percentage,Towns and suburbs,Above 60%,Bulgaria,2020,10.8
Annual,Percentage,Towns and suburbs,Above 60%,Bulgaria,2023,8.8
Annual,Percentage,Towns and suburbs,Above 60%,Czechia,2005,16.5
Annual,Percentage,Towns and suburbs,Above 60%,Czechia,2006,12.9
Annual,Percentage,Towns and suburbs,Above 60%,Czechia,2007,11.0
Annual,Percentage,Towns and suburbs,Above 60%,Czechia,2008,12.2
Annual,Percentage,Towns and suburbs,Above 60%,Czechia,2009,13.5
Annual,Percentage,Towns and suburbs,Above 60%,Czechia,2010,11.2
Annual,Percentage,Towns and suburbs,Above 60%,Czechia,2011,12.2
Annual,Percentage,Towns and suburbs,Above 60%,Czechia,2012,13.2
Annual,Percentage,Towns and suburbs,Above 60%,Czechia,2013,15.5
Annual,Percentage,Towns and suburbs,Above 60%,Czechia,2014,13.5
Annual,Percentage,Towns and suburbs,Above 60%,Czechia,2015,12.5
Annual,Percentage,Towns and suburbs,Above 60%,Czechia,2016,12.0
Annual,Percentage,Towns and suburbs,Above 60%,Czechia,2017,8.3
Annual,Percentage,Towns and suburbs,Above 60%,Czechia,2018,8.3
Annual,Percentage,Towns and suburbs,Above 60%,Czechia,2019,7.6
Annual,Percentage,Towns and suburbs,Above 60%,Czechia,2020,5.1
Annual,Percentage,Towns and suburbs,Above 60%,Czechia,2023,6.1
Annual,Percentage,Towns and suburbs,Above 60%,Denmark,2003,8.8
Annual,Percentage,Towns and suburbs,Above 60%,Denmark,2004,14.8
Annual,Percentage,Towns and suburbs,Above 60%,Denmark,2005,12.3
Annual,Percentage,Towns and suburbs,Above 60%,Denmark,2006,13.6
Annual,Percentage,Towns and suburbs,Above 60%,Denmark,2007,10.9
Annual,Percentage,Towns and suburbs,Above 60%,Denmark,2008,14.7
Annual,Percentage,Towns and suburbs,Above 60%,Denmark,2009,12.4
Annual,Percentage,Towns and suburbs,Above 60%,Denmark,2010,10.9
Annual,Percentage,Towns and suburbs,Above 60%,Denmark,2011,12.8
Annual,Percentage,Towns and suburbs,Above 60%,Denmark,2012,8.1
Annual,Percentage,Towns and suburbs,Above 60%,Denmark,2013,7.1
Annual,Percentage,Towns and suburbs,Above 60%,Denmark,2014,6.0
Annual,Percentage,Towns and suburbs,Above 60%,Denmark,2015,5.4
Annual,Percentage,Towns and suburbs,Above 60%,Denmark,2016,6.8
Annual,Percentage,Towns and suburbs,Above 60%,Denmark,2017,6.1
Annual,Percentage,Towns and suburbs,Above 60%,Denmark,2018,4.9
Annual,Percentage,Towns and suburbs,Above 60%,Denmark,2019,4.4
Annual,Percentage,Towns and suburbs,Above 60%,Denmark,2020,5.6
Annual,Percentage,Towns and suburbs,Above 60%,Denmark,2023,5.2
Annual,Percentage,Towns and suburbs,Above 60%,Germany,2005,5.4
Annual,Percentage,Towns and suburbs,Above 60%,Germany,2006,6.6
Annual,Percentage,Towns and suburbs,Above 60%,Germany,2007,6.7
Annual,Percentage,Towns and suburbs,Above 60%,Germany,2008,6.8
Annual,Percentage,Towns and suburbs,Above 60%,Germany,2009,5.9
Annual,Percentage,Towns and suburbs,Above 60%,Germany,2010,5.9
Annual,Percentage,Towns and suburbs,Above 60%,Germany,2011,7.7
Annual,Percentage,Towns and suburbs,Above 60%,Germany,2012,8.8
Annual,Percentage,Towns and suburbs,Above 60%,Germany,2013,9.8
Annual,Percentage,Towns and suburbs,Above 60%,Germany,2014,9.2
Annual,Percentage,Towns and suburbs,Above 60%,Germany,2015,9.6
Annual,Percentage,Towns and suburbs,Above 60%,Germany,2016,10.5
Annual,Percentage,Towns and suburbs,Above 60%,Germany,2017,9.8
Annual,Percentage,Towns and suburbs,Above 60%,Germany,2018,8.3
Annual,Percentage,Towns and suburbs,Above 60%,Germany,2019,9.2
Annual,Percentage,Towns and suburbs,Above 60%,Germany,2020,4.6
Annual,Percentage,Towns and suburbs,Above 60%,Germany,2023,7.0
Annual,Percentage,Towns and suburbs,Above 60%,Estonia,2004,30.3
Annual,Percentage,Towns and suburbs,Above 60%,Estonia,2005,19.5
Annual,Percentage,Towns and suburbs,Above 60%,Estonia,2006,13.3
Annual,Percentage,Towns and suburbs,Above 60%,Estonia,2007,34.2
Annual,Percentage,Towns and suburbs,Above 60%,Estonia,2008,24.9
Annual,Percentage,Towns and suburbs,Above 60%,Estonia,2009,6.2
Annual,Percentage,Towns and suburbs,Above 60%,Estonia,2010,24.8
Annual,Percentage,Towns and suburbs,Above 60%,Estonia,2011,8.7
Annual,Percentage,Towns and suburbs,Above 60%,Estonia,2012,13.6
Annual,Percentage,Towns and suburbs,Above 60%,Estonia,2013,10.3
Annual,Percentage,Towns and suburbs,Above 60%,Estonia,2014,20.4
Annual,Percentage,Towns and suburbs,Above 60%,Estonia,2015,15.8
Annual,Percentage,Towns and suburbs,Above 60%,Estonia,2016,8.7
Annual,Percentage,Towns and suburbs,Above 60%,Estonia,2017,4.8
Annual,Percentage,Towns and suburbs,Above 60%,Estonia,2018,6.2
Annual,Percentage,Towns and suburbs,Above 60%,Estonia,2019,2.6
Annual,Percentage,Towns and suburbs,Above 60%,Estonia,2020,5.7
Annual,Percentage,Towns and suburbs,Above 60%,Estonia,2023,2.4
Annual,Percentage,Towns and suburbs,Above 60%,Ireland,2003,15.0
Annual,Percentage,Towns and suburbs,Above 60%,Ireland,2004,13.5
Annual,Percentage,Towns and suburbs,Above 60%,Ireland,2005,13.3
Annual,Percentage,Towns and suburbs,Above 60%,Ireland,2006,17.9
Annual,Percentage,Towns and suburbs,Above 60%,Ireland,2007,15.6
Annual,Percentage,Towns and suburbs,Above 60%,Ireland,2008,14.2
Annual,Percentage,Towns and suburbs,Above 60%,Ireland,2009,14.8
Annual,Percentage,Towns and suburbs,Above 60%,Ireland,2010,9.2
Annual,Percentage,Towns and suburbs,Above 60%,Ireland,2011,9.2
Annual,Percentage,Towns and suburbs,Above 60%,Ireland,2012,9.0
Annual,Percentage,Towns and suburbs,Above 60%,Ireland,2013,9.1
Annual,Percentage,Towns and suburbs,Above 60%,Ireland,2014,10.1
Annual,Percentage,Towns and suburbs,Above 60%,Ireland,2015,8.2
Annual,Percentage,Towns and suburbs,Above 60%,Ireland,2016,8.9
Annual,Percentage,Towns and suburbs,Above 60%,Ireland,2017,7.7
Annual,Percentage,Towns and suburbs,Above 60%,Ireland,2018,8.9
Annual,Percentage,Towns and suburbs,Above 60%,Ireland,2019,10.6
Annual,Percentage,Towns and suburbs,Above 60%,Ireland,2020,10.7
Annual,Percentage,Towns and suburbs,Above 60%,Ireland,2023,12.2
Annual,Percentage,Towns and suburbs,Above 60%,Greece,2003,13.5
Annual,Percentage,Towns and suburbs,Above 60%,Greece,2004,0.0
Annual,Percentage,Towns and suburbs,Above 60%,Greece,2005,23.5
Annual,Percentage,Towns and suburbs,Above 60%,Greece,2006,14.3
Annual,Percentage,Towns and suburbs,Above 60%,Greece,2007,15.2
Annual,Percentage,Towns and suburbs,Above 60%,Greece,2008,14.5
Annual,Percentage,Towns and suburbs,Above 60%,Greece,2009,19.4
Annual,Percentage,Towns and suburbs,Above 60%,Greece,2010,20.2
Annual,Percentage,Towns and suburbs,Above 60%,Greece,2011,23.1
Annual,Percentage,Towns and suburbs,Above 60%,Greece,2012,14.4
Annual,Percentage,Towns and suburbs,Above 60%,Greece,2013,22.6
Annual,Percentage,Towns and suburbs,Above 60%,Greece,2014,13.9
Annual,Percentage,Towns and suburbs,Above 60%,Greece,2015,13.2
Annual,Percentage,Towns and suburbs,Above 60%,Greece,2016,11.1
Annual,Percentage,Towns and suburbs,Above 60%,Greece,2017,11.7
Annual,Percentage,Towns and suburbs,Above 60%,Greece,2018,11.5
Annual,Percentage,Towns and suburbs,Above 60%,Greece,2019,16.5
Annual,Percentage,Towns and suburbs,Above 60%,Greece,2020,17.2
Annual,Percentage,Towns and suburbs,Above 60%,Greece,2023,16.0
Annual,Percentage,Towns and suburbs,Above 60%,Spain,2004,14.7
Annual,Percentage,Towns and suburbs,Above 60%,Spain,2005,16.3
Annual,Percentage,Towns and suburbs,Above 60%,Spain,2006,17.0
Annual,Percentage,Towns and suburbs,Above 60%,Spain,2007,16.0
Annual,Percentage,Towns and suburbs,Above 60%,Spain,2008,12.8
Annual,Percentage,Towns and suburbs,Above 60%,Spain,2009,15.0
Annual,Percentage,Towns and suburbs,Above 60%,Spain,2010,10.5
Annual,Percentage,Towns and suburbs,Above 60%,Spain,2011,11.0
Annual,Percentage,Towns and suburbs,Above 60%,Spain,2012,7.6
Annual,Percentage,Towns and suburbs,Above 60%,Spain,2013,10.0
Annual,Percentage,Towns and suburbs,Above 60%,Spain,2014,8.9
Annual,Percentage,Towns and suburbs,Above 60%,Spain,2015,7.0
Annual,Percentage,Towns and suburbs,Above 60%,Spain,2016,8.6
Annual,Percentage,Towns and suburbs,Above 60%,Spain,2017,5.3
Annual,Percentage,Towns and suburbs,Above 60%,Spain,2018,7.3
Annual,Percentage,Towns and suburbs,Above 60%,Spain,2019,6.7
Annual,Percentage,Towns and suburbs,Above 60%,Spain,2020,12.1
Annual,Percentage,Towns and suburbs,Above 60%,Spain,2023,10.6
Annual,Percentage,Towns and suburbs,Above 60%,France,2004,16.6
Annual,Percentage,Towns and suburbs,Above 60%,France,2005,12.9
Annual,Percentage,Towns and suburbs,Above 60%,France,2006,11.2
Annual,Percentage,Towns and suburbs,Above 60%,France,2007,11.3
Annual,Percentage,Towns and suburbs,Above 60%,France,2008,10.9
Annual,Percentage,Towns and suburbs,Above 60%,France,2009,10.2
Annual,Percentage,Towns and suburbs,Above 60%,France,2010,10.4
Annual,Percentage,Towns and suburbs,Above 60%,France,2011,9.4
Annual,Percentage,Towns and suburbs,Above 60%,France,2012,13.5
Annual,Percentage,Towns and suburbs,Above 60%,France,2013,14.4
Annual,Percentage,Towns and suburbs,Above 60%,France,2014,12.1
Annual,Percentage,Towns and suburbs,Above 60%,France,2015,13.0
Annual,Percentage,Towns and suburbs,Above 60%,France,2016,12.5
Annual,Percentage,Towns and suburbs,Above 60%,France,2017,12.9
Annual,Percentage,Towns and suburbs,Above 60%,France,2018,13.1
Annual,Percentage,Towns and suburbs,Above 60%,France,2019,14.6
Annual,Percentage,Towns and suburbs,Above 60%,France,2020,14.2
Annual,Percentage,Towns and suburbs,Above 60%,France,2023,12.7
Annual,Percentage,Towns and suburbs,Above 60%,Croatia,2010,3.6
Annual,Percentage,Towns and suburbs,Above 60%,Croatia,2011,3.4
Annual,Percentage,Towns and suburbs,Above 60%,Croatia,2012,2.0
Annual,Percentage,Towns and suburbs,Above 60%,Croatia,2013,0.9
Annual,Percentage,Towns and suburbs,Above 60%,Croatia,2014,1.4
Annual,Percentage,Towns and suburbs,Above 60%,Croatia,2015,1.8
Annual,Percentage,Towns and suburbs,Above 60%,Croatia,2016,2.7
Annual,Percentage,Towns and suburbs,Above 60%,Croatia,2017,2.4
Annual,Percentage,Towns and suburbs,Above 60%,Croatia,2018,2.7
Annual,Percentage,Towns and suburbs,Above 60%,Croatia,2019,3.1
Annual,Percentage,Towns and suburbs,Above 60%,Croatia,2020,3.1
Annual,Percentage,Towns and suburbs,Above 60%,Croatia,2023,1.4
Annual,Percentage,Towns and suburbs,Above 60%,Italy,2004,8.0
Annual,Percentage,Towns and suburbs,Above 60%,Italy,2005,7.6
Annual,Percentage,Towns and suburbs,Above 60%,Italy,2006,7.9
Annual,Percentage,Towns and suburbs,Above 60%,Italy,2007,9.0
Annual,Percentage,Towns and suburbs,Above 60%,Italy,2008,7.6
Annual,Percentage,Towns and suburbs,Above 60%,Italy,2009,9.5
Annual,Percentage,Towns and suburbs,Above 60%,Italy,2010,6.9
Annual,Percentage,Towns and suburbs,Above 60%,Italy,2011,11.3
Annual,Percentage,Towns and suburbs,Above 60%,Italy,2012,12.2
Annual,Percentage,Towns and suburbs,Above 60%,Italy,2013,13.8
Annual,Percentage,Towns and suburbs,Above 60%,Italy,2014,16.1
Annual,Percentage,Towns and suburbs,Above 60%,Italy,2015,15.2
Annual,Percentage,Towns and suburbs,Above 60%,Italy,2016,12.1
Annual,Percentage,Towns and suburbs,Above 60%,Italy,2017,10.9
Annual,Percentage,Towns and suburbs,Above 60%,Italy,2018,10.0
Annual,Percentage,Towns and suburbs,Above 60%,Italy,2019,7.6
Annual,Percentage,Towns and suburbs,Above 60%,Italy,2020,6.7
Annual,Percentage,Towns and suburbs,Above 60%,Italy,2023,4.1
Annual,Percentage,Towns and suburbs,Above 60%,Cyprus,2005,7.0
Annual,Percentage,Towns and suburbs,Above 60%,Cyprus,2006,10.0
Annual,Percentage,Towns and suburbs,Above 60%,Cyprus,2007,12.1
Annual,Percentage,Towns and suburbs,Above 60%,Cyprus,2008,7.9
Annual,Percentage,Towns and suburbs,Above 60%,Cyprus,2009,12.4
Annual,Percentage,Towns and suburbs,Above 60%,Cyprus,2010,11.2
Annual,Percentage,Towns and suburbs,Above 60%,Cyprus,2011,17.1
Annual,Percentage,Towns and suburbs,Above 60%,Cyprus,2012,18.1
Annual,Percentage,Towns and suburbs,Above 60%,Cyprus,2013,17.0
Annual,Percentage,Towns and suburbs,Above 60%,Cyprus,2014,14.4
Annual,Percentage,Towns and suburbs,Above 60%,Cyprus,2015,19.3
Annual,Percentage,Towns and suburbs,Above 60%,Cyprus,2016,5.9
Annual,Percentage,Towns and suburbs,Above 60%,Cyprus,2017,10.0
Annual,Percentage,Towns and suburbs,Above 60%,Cyprus,2018,16.1
Annual,Percentage,Towns and suburbs,Above 60%,Cyprus,2019,13.9
Annual,Percentage,Towns and suburbs,Above 60%,Cyprus,2020,15.2
Annual,Percentage,Towns and suburbs,Above 60%,Cyprus,2023,7.1
Annual,Percentage,Towns and suburbs,Above 60%,Latvia,2005,12.7
Annual,Percentage,Towns and suburbs,Above 60%,Latvia,2006,2.8
Annual,Percentage,Towns and suburbs,Above 60%,Latvia,2007,19.1
Annual,Percentage,Towns and suburbs,Above 60%,Latvia,2008,16.8
Annual,Percentage,Towns and suburbs,Above 60%,Latvia,2009,12.2
Annual,Percentage,Towns and suburbs,Above 60%,Latvia,2010,2.7
Annual,Percentage,Towns and suburbs,Above 60%,Latvia,2011,1.7
Annual,Percentage,Towns and suburbs,Above 60%,Latvia,2012,7.8
Annual,Percentage,Towns and suburbs,Above 60%,Latvia,2013,12.9
Annual,Percentage,Towns and suburbs,Above 60%,Latvia,2014,10.6
Annual,Percentage,Towns and suburbs,Above 60%,Latvia,2015,5.2
Annual,Percentage,Towns and suburbs,Above 60%,Latvia,2016,5.9
Annual,Percentage,Towns and suburbs,Above 60%,Latvia,2017,5.1
Annual,Percentage,Towns and suburbs,Above 60%,Latvia,2018,2.9
Annual,Percentage,Towns and suburbs,Above 60%,Latvia,2019,3.4
Annual,Percentage,Towns and suburbs,Above 60%,Latvia,2020,2.5
Annual,Percentage,Towns and suburbs,Above 60%,Latvia,2023,3.2
Annual,Percentage,Towns and suburbs,Above 60%,Lithuania,2012,3.7
Annual,Percentage,Towns and suburbs,Above 60%,Lithuania,2013,6.0
Annual,Percentage,Towns and suburbs,Above 60%,Lithuania,2014,5.0
Annual,Percentage,Towns and suburbs,Above 60%,Lithuania,2015,0.0
Annual,Percentage,Towns and suburbs,Above 60%,Lithuania,2016,0.0
Annual,Percentage,Towns and suburbs,Above 60%,Lithuania,2017,0.0
Annual,Percentage,Towns and suburbs,Above 60%,Lithuania,2018,2.7
Annual,Percentage,Towns and suburbs,Above 60%,Lithuania,2019,0.2
Annual,Percentage,Towns and suburbs,Above 60%,Lithuania,2020,2.4
Annual,Percentage,Towns and suburbs,Above 60%,Lithuania,2023,2.4
Annual,Percentage,Towns and suburbs,Above 60%,Luxembourg,2003,18.7
Annual,Percentage,Towns and suburbs,Above 60%,Luxembourg,2004,16.0
Annual,Percentage,Towns and suburbs,Above 60%,Luxembourg,2005,13.2
Annual,Percentage,Towns and suburbs,Above 60%,Luxembourg,2006,7.9
Annual,Percentage,Towns and suburbs,Above 60%,Luxembourg,2007,7.5
Annual,Percentage,Towns and suburbs,Above 60%,Luxembourg,2008,7.7
Annual,Percentage,Towns and suburbs,Above 60%,Luxembourg,2009,10.8
Annual,Percentage,Towns and suburbs,Above 60%,Luxembourg,2010,9.3
Annual,Percentage,Towns and suburbs,Above 60%,Luxembourg,2011,9.4
Annual,Percentage,Towns and suburbs,Above 60%,Luxembourg,2012,22.0
Annual,Percentage,Towns and suburbs,Above 60%,Luxembourg,2013,16.0
Annual,Percentage,Towns and suburbs,Above 60%,Luxembourg,2014,21.3
Annual,Percentage,Towns and suburbs,Above 60%,Luxembourg,2015,17.6
Annual,Percentage,Towns and suburbs,Above 60%,Luxembourg,2016,13.3
Annual,Percentage,Towns and suburbs,Above 60%,Luxembourg,2017,13.5
Annual,Percentage,Towns and suburbs,Above 60%,Luxembourg,2018,10.8
Annual,Percentage,Towns and suburbs,Above 60%,Luxembourg,2019,13.7
Annual,Percentage,Towns and suburbs,Above 60%,Luxembourg,2020,12.4
Annual,Percentage,Towns and suburbs,Above 60%,Luxembourg,2023,5.6
Annual,Percentage,Towns and suburbs,Above 60%,Hungary,2005,12.1
Annual,Percentage,Towns and suburbs,Above 60%,Hungary,2006,7.8
Annual,Percentage,Towns and suburbs,Above 60%,Hungary,2007,11.5
Annual,Percentage,Towns and suburbs,Above 60%,Hungary,2008,14.1
Annual,Percentage,Towns and suburbs,Above 60%,Hungary,2009,11.6
Annual,Percentage,Towns and suburbs,Above 60%,Hungary,2010,11.2
Annual,Percentage,Towns and suburbs,Above 60%,Hungary,2011,10.4
Annual,Percentage,Towns and suburbs,Above 60%,Hungary,2012,10.1
Annual,Percentage,Towns and suburbs,Above 60%,Hungary,2013,10.7
Annual,Percentage,Towns and suburbs,Above 60%,Hungary,2014,9.4
Annual,Percentage,Towns and suburbs,Above 60%,Hungary,2015,10.8
Annual,Percentage,Towns and suburbs,Above 60%,Hungary,2016,10.2
Annual,Percentage,Towns and suburbs,Above 60%,Hungary,2017,6.3
Annual,Percentage,Towns and suburbs,Above 60%,Hungary,2018,3.5
Annual,Percentage,Towns and suburbs,Above 60%,Hungary,2019,4.5
Annual,Percentage,Towns and suburbs,Above 60%,Hungary,2020,3.9
Annual,Percentage,Towns and suburbs,Above 60%,Hungary,2023,6.1
Annual,Percentage,Towns and suburbs,Above 60%,Malta,2005,2.9
Annual,Percentage,Towns and suburbs,Above 60%,Malta,2006,6.6
Annual,Percentage,Towns and suburbs,Above 60%,Malta,2007,6.0
Annual,Percentage,Towns and suburbs,Above 60%,Malta,2008,5.5
Annual,Percentage,Towns and suburbs,Above 60%,Malta,2009,5.3
Annual,Percentage,Towns and suburbs,Above 60%,Malta,2010,4.3
Annual,Percentage,Towns and suburbs,Above 60%,Malta,2011,4.8
Annual,Percentage,Towns and suburbs,Above 60%,Malta,2012,7.2
Annual,Percentage,Towns and suburbs,Above 60%,Malta,2013,8.5
Annual,Percentage,Towns and suburbs,Above 60%,Malta,2014,8.4
Annual,Percentage,Towns and suburbs,Above 60%,Malta,2015,2.0
Annual,Percentage,Towns and suburbs,Above 60%,Malta,2016,6.3
Annual,Percentage,Towns and suburbs,Above 60%,Malta,2017,2.2
Annual,Percentage,Towns and suburbs,Above 60%,Malta,2018,4.3
Annual,Percentage,Towns and suburbs,Above 60%,Malta,2019,4.7
Annual,Percentage,Towns and suburbs,Above 60%,Malta,2020,2.7
Annual,Percentage,Towns and suburbs,Above 60%,Malta,2023,7.0
Annual,Percentage,Towns and suburbs,Above 60%,Netherlands,2005,12.6
Annual,Percentage,Towns and suburbs,Above 60%,Netherlands,2006,10.8
Annual,Percentage,Towns and suburbs,Above 60%,Netherlands,2007,12.2
Annual,Percentage,Towns and suburbs,Above 60%,Netherlands,2008,9.3
Annual,Percentage,Towns and suburbs,Above 60%,Netherlands,2009,15.4
Annual,Percentage,Towns and suburbs,Above 60%,Netherlands,2010,10.2
Annual,Percentage,Towns and suburbs,Above 60%,Netherlands,2011,11.6
Annual,Percentage,Towns and suburbs,Above 60%,Netherlands,2012,15.6
Annual,Percentage,Towns and suburbs,Above 60%,Netherlands,2013,15.5
Annual,Percentage,Towns and suburbs,Above 60%,Netherlands,2014,14.8
Annual,Percentage,Towns and suburbs,Above 60%,Netherlands,2015,14.2
Annual,Percentage,Towns and suburbs,Above 60%,Netherlands,2016,11.6
Annual,Percentage,Towns and suburbs,Above 60%,Netherlands,2017,10.6
Annual,Percentage,Towns and suburbs,Above 60%,Netherlands,2018,11.6
Annual,Percentage,Towns and suburbs,Above 60%,Netherlands,2019,11.0
Annual,Percentage,Towns and suburbs,Above 60%,Netherlands,2020,10.1
Annual,Percentage,Towns and suburbs,Above 60%,Netherlands,2023,10.1
Annual,Percentage,Towns and suburbs,Above 60%,Austria,2004,7.2
Annual,Percentage,Towns and suburbs,Above 60%,Austria,2005,9.1
Annual,Percentage,Towns and suburbs,Above 60%,Austria,2006,10.6
Annual,Percentage,Towns and suburbs,Above 60%,Austria,2007,10.7
Annual,Percentage,Towns and suburbs,Above 60%,Austria,2008,8.5
Annual,Percentage,Towns and suburbs,Above 60%,Austria,2009,14.1
Annual,Percentage,Towns and suburbs,Above 60%,Austria,2010,12.3
Annual,Percentage,Towns and suburbs,Above 60%,Austria,2011,9.9
Annual,Percentage,Towns and suburbs,Above 60%,Austria,2012,11.0
Annual,Percentage,Towns and suburbs,Above 60%,Austria,2013,9.8
Annual,Percentage,Towns and suburbs,Above 60%,Austria,2014,11.7
Annual,Percentage,Towns and suburbs,Above 60%,Austria,2015,11.2
Annual,Percentage,Towns and suburbs,Above 60%,Austria,2016,12.0
Annual,Percentage,Towns and suburbs,Above 60%,Austria,2017,9.6
Annual,Percentage,Towns and suburbs,Above 60%,Austria,2018,8.5
Annual,Percentage,Towns and suburbs,Above 60%,Austria,2019,7.5
Annual,Percentage,Towns and suburbs,Above 60%,Austria,2020,3.9
Annual,Percentage,Towns and suburbs,Above 60%,Austria,2023,4.9
Annual,Percentage,Towns and suburbs,Above 60%,Poland,2005,4.3
Annual,Percentage,Towns and suburbs,Above 60%,Poland,2006,3.8
Annual,Percentage,Towns and suburbs,Above 60%,Poland,2007,3.0
Annual,Percentage,Towns and suburbs,Above 60%,Poland,2008,2.4
Annual,Percentage,Towns and suburbs,Above 60%,Poland,2009,2.7
Annual,Percentage,Towns and suburbs,Above 60%,Poland,2010,2.3
Annual,Percentage,Towns and suburbs,Above 60%,Poland,2011,2.8
Annual,Percentage,Towns and suburbs,Above 60%,Poland,2012,5.0
Annual,Percentage,Towns and suburbs,Above 60%,Poland,2013,5.4
Annual,Percentage,Towns and suburbs,Above 60%,Poland,2014,4.9
Annual,Percentage,Towns and suburbs,Above 60%,Poland,2015,4.0
Annual,Percentage,Towns and suburbs,Above 60%,Poland,2016,5.1
Annual,Percentage,Towns and suburbs,Above 60%,Poland,2017,5.2
Annual,Percentage,Towns and suburbs,Above 60%,Poland,2018,4.6
Annual,Percentage,Towns and suburbs,Above 60%,Poland,2019,3.0
Annual,Percentage,Towns and suburbs,Above 60%,Poland,2023,1.6
Annual,Percentage,Towns and suburbs,Above 60%,Portugal,2004,8.5
Annual,Percentage,Towns and suburbs,Above 60%,Portugal,2005,8.3
Annual,Percentage,Towns and suburbs,Above 60%,Portugal,2006,8.0
Annual,Percentage,Towns and suburbs,Above 60%,Portugal,2007,7.0
Annual,Percentage,Towns and suburbs,Above 60%,Portugal,2008,9.2
Annual,Percentage,Towns and suburbs,Above 60%,Portugal,2009,9.3
Annual,Percentage,Towns and suburbs,Above 60%,Portugal,2010,7.3
Annual,Percentage,Towns and suburbs,Above 60%,Portugal,2011,5.1
Annual,Percentage,Towns and suburbs,Above 60%,Portugal,2012,8.3
Annual,Percentage,Towns and suburbs,Above 60%,Portugal,2013,10.3
Annual,Percentage,Towns and suburbs,Above 60%,Portugal,2014,10.0
Annual,Percentage,Towns and suburbs,Above 60%,Portugal,2015,9.7
Annual,Percentage,Towns and suburbs,Above 60%,Portugal,2016,7.1
Annual,Percentage,Towns and suburbs,Above 60%,Portugal,2017,6.9
Annual,Percentage,Towns and suburbs,Above 60%,Portugal,2018,4.5
Annual,Percentage,Towns and suburbs,Above 60%,Portugal,2019,6.0
Annual,Percentage,Towns and suburbs,Above 60%,Portugal,2020,4.0
Annual,Percentage,Towns and suburbs,Above 60%,Portugal,2023,4.7
Annual,Percentage,Towns and suburbs,Above 60%,Romania,2007,6.2
Annual,Percentage,Towns and suburbs,Above 60%,Romania,2008,0.3
Annual,Percentage,Towns and suburbs,Above 60%,Romania,2009,2.9
Annual,Percentage,Towns and suburbs,Above 60%,Romania,2010,1.8
Annual,Percentage,Towns and suburbs,Above 60%,Romania,2011,0.0
Annual,Percentage,Towns and suburbs,Above 60%,Romania,2012,11.6
Annual,Percentage,Towns and suburbs,Above 60%,Romania,2013,13.0
Annual,Percentage,Towns and suburbs,Above 60%,Romania,2014,11.7
Annual,Percentage,Towns and suburbs,Above 60%,Romania,2015,11.1
Annual,Percentage,Towns and suburbs,Above 60%,Romania,2016,9.5
Annual,Percentage,Towns and suburbs,Above 60%,Romania,2017,9.7
Annual,Percentage,Towns and suburbs,Above 60%,Romania,2018,9.8
Annual,Percentage,Towns and suburbs,Above 60%,Romania,2019,7.6
Annual,Percentage,Towns and suburbs,Above 60%,Romania,2020,7.4
Annual,Percentage,Towns and suburbs,Above 60%,Romania,2023,6.4
Annual,Percentage,Towns and suburbs,Above 60%,Slovenia,2005,9.2
Annual,Percentage,Towns and suburbs,Above 60%,Slovenia,2006,9.1
Annual,Percentage,Towns and suburbs,Above 60%,Slovenia,2007,10.4
Annual,Percentage,Towns and suburbs,Above 60%,Slovenia,2008,9.5
Annual,Percentage,Towns and suburbs,Above 60%,Slovenia,2009,14.0
Annual,Percentage,Towns and suburbs,Above 60%,Slovenia,2010,9.4
Annual,Percentage,Towns and suburbs,Above 60%,Slovenia,2011,8.0
Annual,Percentage,Towns and suburbs,Above 60%,Slovenia,2012,7.0
Annual,Percentage,Towns and suburbs,Above 60%,Slovenia,2013,8.2
Annual,Percentage,Towns and suburbs,Above 60%,Slovenia,2014,9.3
Annual,Percentage,Towns and suburbs,Above 60%,Slovenia,2015,9.6
Annual,Percentage,Towns and suburbs,Above 60%,Slovenia,2016,8.6
Annual,Percentage,Towns and suburbs,Above 60%,Slovenia,2017,8.5
Annual,Percentage,Towns and suburbs,Above 60%,Slovenia,2018,8.6
Annual,Percentage,Towns and suburbs,Above 60%,Slovenia,2019,7.9
Annual,Percentage,Towns and suburbs,Above 60%,Slovenia,2020,6.7
Annual,Percentage,Towns and suburbs,Above 60%,Slovenia,2023,6.7
Annual,Percentage,Towns and suburbs,Above 60%,Slovakia,2005,8.3
Annual,Percentage,Towns and suburbs,Above 60%,Slovakia,2006,6.3
Annual,Percentage,Towns and suburbs,Above 60%,Slovakia,2007,5.4
Annual,Percentage,Towns and suburbs,Above 60%,Slovakia,2008,6.1
Annual,Percentage,Towns and suburbs,Above 60%,Slovakia,2009,8.9
Annual,Percentage,Towns and suburbs,Above 60%,Slovakia,2010,8.5
Annual,Percentage,Towns and suburbs,Above 60%,Slovakia,2011,7.9
Annual,Percentage,Towns and suburbs,Above 60%,Slovakia,2012,9.2
Annual,Percentage,Towns and suburbs,Above 60%,Slovakia,2013,10.2
Annual,Percentage,Towns and suburbs,Above 60%,Slovakia,2014,9.3
Annual,Percentage,Towns and suburbs,Above 60%,Slovakia,2015,7.3
Annual,Percentage,Towns and suburbs,Above 60%,Slovakia,2016,7.6
Annual,Percentage,Towns and suburbs,Above 60%,Slovakia,2017,7.0
Annual,Percentage,Towns and suburbs,Above 60%,Slovakia,2018,5.6
Annual,Percentage,Towns and suburbs,Above 60%,Slovakia,2019,7.3
Annual,Percentage,Towns and suburbs,Above 60%,Slovakia,2020,5.0
Annual,Percentage,Towns and suburbs,Above 60%,Slovakia,2023,3.1
Annual,Percentage,Towns and suburbs,Above 60%,Finland,2004,18.9
Annual,Percentage,Towns and suburbs,Above 60%,Finland,2005,22.2
Annual,Percentage,Towns and suburbs,Above 60%,Finland,2006,18.0
Annual,Percentage,Towns and suburbs,Above 60%,Finland,2007,15.3
Annual,Percentage,Towns and suburbs,Above 60%,Finland,2008,14.6
Annual,Percentage,Towns and suburbs,Above 60%,Finland,2009,13.0
Annual,Percentage,Towns and suburbs,Above 60%,Finland,2010,9.3
Annual,Percentage,Towns and suburbs,Above 60%,Finland,2011,8.3
Annual,Percentage,Towns and suburbs,Above 60%,Finland,2012,8.8
Annual,Percentage,Towns and suburbs,Above 60%,Finland,2013,7.9
Annual,Percentage,Towns and suburbs,Above 60%,Finland,2014,6.4
Annual,Percentage,Towns and suburbs,Above 60%,Finland,2015,6.0
Annual,Percentage,Towns and suburbs,Above 60%,Finland,2016,6.1
Annual,Percentage,Towns and suburbs,Above 60%,Finland,2017,4.9
Annual,Percentage,Towns and suburbs,Above 60%,Finland,2018,6.1
Annual,Percentage,Towns and suburbs,Above 60%,Finland,2019,5.5
Annual,Percentage,Towns and suburbs,Above 60%,Finland,2020,5.2
Annual,Percentage,Towns and suburbs,Above 60%,Finland,2023,8.7
Annual,Percentage,Towns and suburbs,Above 60%,Sweden,2004,11.6
Annual,Percentage,Towns and suburbs,Above 60%,Sweden,2005,10.4
Annual,Percentage,Towns and suburbs,Above 60%,Sweden,2006,12.3
Annual,Percentage,Towns and suburbs,Above 60%,Sweden,2007,14.2
Annual,Percentage,Towns and suburbs,Above 60%,Sweden,2008,14.0
Annual,Percentage,Towns and suburbs,Above 60%,Sweden,2009,13.8
Annual,Percentage,Towns and suburbs,Above 60%,Sweden,2010,10.3
Annual,Percentage,Towns and suburbs,Above 60%,Sweden,2011,10.3
Annual,Percentage,Towns and suburbs,Above 60%,Sweden,2012,10.9
Annual,Percentage,Towns and suburbs,Above 60%,Sweden,2013,8.4
Annual,Percentage,Towns and suburbs,Above 60%,Sweden,2014,9.2
Annual,Percentage,Towns and suburbs,Above 60%,Sweden,2015,8.5
Annual,Percentage,Towns and suburbs,Above 60%,Sweden,2016,10.4
Annual,Percentage,Towns and suburbs,Above 60%,Sweden,2017,10.4
Annual,Percentage,Towns and suburbs,Above 60%,Sweden,2018,12.9
Annual,Percentage,Towns and suburbs,Above 60%,Sweden,2019,10.1
Annual,Percentage,Towns and suburbs,Above 60%,Sweden,2020,10.9
Annual,Percentage,Towns and suburbs,Above 60%,Sweden,2023,6.6
Annual,Percentage,Towns and suburbs,Above 60%,Iceland,2014,1.6
Annual,Percentage,Towns and suburbs,Above 60%,Iceland,2015,1.4
Annual,Percentage,Towns and suburbs,Above 60%,Iceland,2016,2.1
Annual,Percentage,Towns and suburbs,Above 60%,Iceland,2017,2.0
Annual,Percentage,Towns and suburbs,Above 60%,Iceland,2018,1.0
Annual,Percentage,Towns and suburbs,Above 60%,Iceland,2019,2.5
Annual,Percentage,Towns and suburbs,Above 60%,Iceland,2020,1.7
Annual,Percentage,Towns and suburbs,Above 60%,Norway,2004,6.5
Annual,Percentage,Towns and suburbs,Above 60%,Norway,2005,5.0
Annual,Percentage,Towns and suburbs,Above 60%,Norway,2006,5.0
Annual,Percentage,Towns and suburbs,Above 60%,Norway,2007,5.3
Annual,Percentage,Towns and suburbs,Above 60%,Norway,2008,5.4
Annual,Percentage,Towns and suburbs,Above 60%,Norway,2009,4.2
Annual,Percentage,Towns and suburbs,Above 60%,Norway,2010,3.5
Annual,Percentage,Towns and suburbs,Above 60%,Norway,2011,2.5
Annual,Percentage,Towns and suburbs,Above 60%,Norway,2012,4.9
Annual,Percentage,Towns and suburbs,Above 60%,Norway,2013,3.2
Annual,Percentage,Towns and suburbs,Above 60%,Norway,2015,4.9
Annual,Percentage,Towns and suburbs,Above 60%,Norway,2016,3.9
Annual,Percentage,Towns and suburbs,Above 60%,Norway,2017,3.2
Annual,Percentage,Towns and suburbs,Above 60%,Norway,2018,3.2
Annual,Percentage,Towns and suburbs,Above 60%,Norway,2019,3.1
Annual,Percentage,Towns and suburbs,Above 60%,Norway,2020,3.2
Annual,Percentage,Towns and suburbs,Above 60%,Norway,2023,5.8
Annual,Percentage,Towns and suburbs,Above 60%,Switzerland,2007,9.5
Annual,Percentage,Towns and suburbs,Above 60%,Switzerland,2008,9.9
Annual,Percentage,Towns and suburbs,Above 60%,Switzerland,2009,8.4
Annual,Percentage,Towns and suburbs,Above 60%,Switzerland,2010,9.9
Annual,Percentage,Towns and suburbs,Above 60%,Switzerland,2011,10.5
Annual,Percentage,Towns and suburbs,Above 60%,Switzerland,2012,15.6
Annual,Percentage,Towns and suburbs,Above 60%,Switzerland,2013,13.1
Annual,Percentage,Towns and suburbs,Above 60%,Switzerland,2014,13.7
Annual,Percentage,Towns and suburbs,Above 60%,Switzerland,2015,11.4
Annual,Percentage,Towns and suburbs,Above 60%,Switzerland,2016,8.8
Annual,Percentage,Towns and suburbs,Above 60%,Switzerland,2017,7.3
Annual,Percentage,Towns and suburbs,Above 60%,Switzerland,2018,6.9
Annual,Percentage,Towns and suburbs,Above 60%,Switzerland,2019,6.0
Annual,Percentage,Towns and suburbs,Above 60%,Switzerland,2020,6.2
Annual,Percentage,Towns and suburbs,Above 60%,Switzerland,2023,6.9
Annual,Percentage,Towns and suburbs,Above 60%,United Kingdom,2005,21.7
Annual,Percentage,Towns and suburbs,Above 60%,United Kingdom,2006,18.4
Annual,Percentage,Towns and suburbs,Above 60%,United Kingdom,2007,18.6
Annual,Percentage,Towns and suburbs,Above 60%,United Kingdom,2008,18.6
Annual,Percentage,Towns and suburbs,Above 60%,United Kingdom,2009,17.5
Annual,Percentage,Towns and suburbs,Above 60%,United Kingdom,2010,17.6
Annual,Percentage,Towns and suburbs,Above 60%,United Kingdom,2011,15.6
Annual,Percentage,Towns and suburbs,Above 60%,United Kingdom,2012,14.8
Annual,Percentage,Towns and suburbs,Above 60%,United Kingdom,2013,11.7
Annual,Percentage,Towns and suburbs,Above 60%,United Kingdom,2014,12.2
Annual,Percentage,Towns and suburbs,Above 60%,United Kingdom,2015,11.8
Annual,Percentage,Towns and suburbs,Above 60%,United Kingdom,2016,11.3
Annual,Percentage,Towns and suburbs,Above 60%,United Kingdom,2017,14.0
Annual,Percentage,Towns and suburbs,Above 60%,United Kingdom,2018,15.8
Annual,Percentage,Towns and suburbs,Above 60%,North Macedonia,2010,2.8
Annual,Percentage,Towns and suburbs,Above 60%,North Macedonia,2011,2.2
Annual,Percentage,Towns and suburbs,Above 60%,North Macedonia,2016,2.8
Annual,Percentage,Towns and suburbs,Above 60%,North Macedonia,2017,4.9
Annual,Percentage,Towns and suburbs,Above 60%,North Macedonia,2018,5.1
Annual,Percentage,Towns and suburbs,Above 60%,North Macedonia,2019,7.5
Annual,Percentage,Towns and suburbs,Above 60%,North Macedonia,2020,5.2
Annual,Percentage,Towns and suburbs,Above 60%,North Macedonia,2023,5.0
Annual,Percentage,Towns and suburbs,Above 60%,Albania,2017,0.5
Annual,Percentage,Towns and suburbs,Above 60%,Albania,2018,2.0
Annual,Percentage,Towns and suburbs,Above 60%,Albania,2019,0.4
Annual,Percentage,Towns and suburbs,Above 60%,Albania,2020,0.7
Annual,Percentage,Towns and suburbs,Above 60%,Serbia,2013,17.1
Annual,Percentage,Towns and suburbs,Above 60%,Serbia,2014,20.9
Annual,Percentage,Towns and suburbs,Above 60%,Serbia,2015,16.0
Annual,Percentage,Towns and suburbs,Above 60%,Serbia,2016,17.3
Annual,Percentage,Towns and suburbs,Above 60%,Serbia,2017,12.6
Annual,Percentage,Towns and suburbs,Above 60%,Serbia,2018,14.8
Annual,Percentage,Towns and suburbs,Above 60%,Serbia,2019,11.2
Annual,Percentage,Towns and suburbs,Above 60%,Serbia,2020,7.2
Annual,Percentage,Towns and suburbs,Above 60%,Serbia,2023,9.4
Annual,Percentage,Towns and suburbs,Total,Belgium,2003,12.9
Annual,Percentage,Towns and suburbs,Total,Belgium,2004,13.0
Annual,Percentage,Towns and suburbs,Total,Belgium,2005,9.3
Annual,Percentage,Towns and suburbs,Total,Belgium,2006,11.2
Annual,Percentage,Towns and suburbs,Total,Belgium,2007,9.8
Annual,Percentage,Towns and suburbs,Total,Belgium,2008,7.5
Annual,Percentage,Towns and suburbs,Total,Belgium,2009,10.8
Annual,Percentage,Towns and suburbs,Total,Belgium,2010,11.3
Annual,Percentage,Towns and suburbs,Total,Belgium,2011,8.4
Annual,Percentage,Towns and suburbs,Total,Belgium,2012,10.7
Annual,Percentage,Towns and suburbs,Total,Belgium,2013,14.5
Annual,Percentage,Towns and suburbs,Total,Belgium,2014,12.5
Annual,Percentage,Towns and suburbs,Total,Belgium,2015,12.2
Annual,Percentage,Towns and suburbs,Total,Belgium,2016,9.2
Annual,Percentage,Towns and suburbs,Total,Belgium,2017,8.9
Annual,Percentage,Towns and suburbs,Total,Belgium,2018,7.7
Annual,Percentage,Towns and suburbs,Total,Belgium,2019,10.1
Annual,Percentage,Towns and suburbs,Total,Belgium,2020,6.5
Annual,Percentage,Towns and suburbs,Total,Belgium,2023,8.2
Annual,Percentage,Towns and suburbs,Total,Bulgaria,2005,30.3
Annual,Percentage,Towns and suburbs,Total,Bulgaria,2006,30.3
Annual,Percentage,Towns and suburbs,Total,Bulgaria,2007,22.9
Annual,Percentage,Towns and suburbs,Total,Bulgaria,2008,31.2
Annual,Percentage,Towns and suburbs,Total,Bulgaria,2009,26.0
Annual,Percentage,Towns and suburbs,Total,Bulgaria,2010,28.5
Annual,Percentage,Towns and suburbs,Total,Bulgaria,2011,31.6
Annual,Percentage,Towns and suburbs,Total,Bulgaria,2012,22.4
Annual,Percentage,Towns and suburbs,Total,Bulgaria,2013,24.3
Annual,Percentage,Towns and suburbs,Total,Bulgaria,2014,25.8
Annual,Percentage,Towns and suburbs,Total,Bulgaria,2015,22.1
Annual,Percentage,Towns and suburbs,Total,Bulgaria,2016,20.2
Annual,Percentage,Towns and suburbs,Total,Bulgaria,2017,18.5
Annual,Percentage,Towns and suburbs,Total,Bulgaria,2018,15.6
Annual,Percentage,Towns and suburbs,Total,Bulgaria,2019,13.5
Annual,Percentage,Towns and suburbs,Total,Bulgaria,2020,13.0
Annual,Percentage,Towns and suburbs,Total,Bulgaria,2023,11.0
Annual,Percentage,Towns and suburbs,Total,Czechia,2005,16.6
Annual,Percentage,Towns and suburbs,Total,Czechia,2006,13.4
Annual,Percentage,Towns and suburbs,Total,Czechia,2007,11.3
Annual,Percentage,Towns and suburbs,Total,Czechia,2008,12.3
Annual,Percentage,Towns and suburbs,Total,Czechia,2009,13.8
Annual,Percentage,Towns and suburbs,Total,Czechia,2010,11.3
Annual,Percentage,Towns and suburbs,Total,Czechia,2011,12.2
Annual,Percentage,Towns and suburbs,Total,Czechia,2012,13.0
Annual,Percentage,Towns and suburbs,Total,Czechia,2013,15.8
Annual,Percentage,Towns and suburbs,Total,Czechia,2014,13.7
Annual,Percentage,Towns and suburbs,Total,Czechia,2015,12.8
Annual,Percentage,Towns and suburbs,Total,Czechia,2016,12.1
Annual,Percentage,Towns and suburbs,Total,Czechia,2017,9.0
Annual,Percentage,Towns and suburbs,Total,Czechia,2018,8.5
Annual,Percentage,Towns and suburbs,Total,Czechia,2019,7.5
Annual,Percentage,Towns and suburbs,Total,Czechia,2020,5.5
Annual,Percentage,Towns and suburbs,Total,Czechia,2023,6.0
Annual,Percentage,Towns and suburbs,Total,Denmark,2003,9.0
Annual,Percentage,Towns and suburbs,Total,Denmark,2004,14.5
Annual,Percentage,Towns and suburbs,Total,Denmark,2005,12.8
Annual,Percentage,Towns and suburbs,Total,Denmark,2006,13.4
Annual,Percentage,Towns and suburbs,Total,Denmark,2007,11.5
Annual,Percentage,Towns and suburbs,Total,Denmark,2008,14.5
Annual,Percentage,Towns and suburbs,Total,Denmark,2009,12.8
Annual,Percentage,Towns and suburbs,Total,Denmark,2010,11.8
Annual,Percentage,Towns and suburbs,Total,Denmark,2011,12.9
Annual,Percentage,Towns and suburbs,Total,Denmark,2012,8.1
Annual,Percentage,Towns and suburbs,Total,Denmark,2013,6.9
Annual,Percentage,Towns and suburbs,Total,Denmark,2014,6.4
Annual,Percentage,Towns and suburbs,Total,Denmark,2015,6.1
Annual,Percentage,Towns and suburbs,Total,Denmark,2016,7.5
Annual,Percentage,Towns and suburbs,Total,Denmark,2017,6.5
Annual,Percentage,Towns and suburbs,Total,Denmark,2018,5.4
Annual,Percentage,Towns and suburbs,Total,Denmark,2019,4.9
Annual,Percentage,Towns and suburbs,Total,Denmark,2020,5.5
Annual,Percentage,Towns and suburbs,Total,Denmark,2023,5.2
Annual,Percentage,Towns and suburbs,Total,Germany,2005,5.8
Annual,Percentage,Towns and suburbs,Total,Germany,2006,7.1
Annual,Percentage,Towns and suburbs,Total,Germany,2007,7.1
Annual,Percentage,Towns and suburbs,Total,Germany,2008,7.1
Annual,Percentage,Towns and suburbs,Total,Germany,2009,6.5
Annual,Percentage,Towns and suburbs,Total,Germany,2010,6.9
Annual,Percentage,Towns and suburbs,Total,Germany,2011,8.4
Annual,Percentage,Towns and suburbs,Total,Germany,2012,9.2
Annual,Percentage,Towns and suburbs,Total,Germany,2013,10.5
Annual,Percentage,Towns and suburbs,Total,Germany,2014,9.7
Annual,Percentage,Towns and suburbs,Total,Germany,2015,10.3
Annual,Percentage,Towns and suburbs,Total,Germany,2016,11.2
Annual,Percentage,Towns and suburbs,Total,Germany,2017,10.6
Annual,Percentage,Towns and suburbs,Total,Germany,2018,9.2
Annual,Percentage,Towns and suburbs,Total,Germany,2019,9.7
Annual,Percentage,Towns and suburbs,Total,Germany,2020,5.2
Annual,Percentage,Towns and suburbs,Total,Germany,2023,7.3
Annual,Percentage,Towns and suburbs,Total,Estonia,2004,34.4
Annual,Percentage,Towns and suburbs,Total,Estonia,2005,22.7
Annual,Percentage,Towns and suburbs,Total,Estonia,2006,12.5
Annual,Percentage,Towns and suburbs,Total,Estonia,2007,32.0
Annual,Percentage,Towns and suburbs,Total,Estonia,2008,22.0
Annual,Percentage,Towns and suburbs,Total,Estonia,2009,6.0
Annual,Percentage,Towns and suburbs,Total,Estonia,2010,22.3
Annual,Percentage,Towns and suburbs,Total,Estonia,2011,9.9
Annual,Percentage,Towns and suburbs,Total,Estonia,2012,14.1
Annual,Percentage,Towns and suburbs,Total,Estonia,2013,11.0
Annual,Percentage,Towns and suburbs,Total,Estonia,2014,20.6
Annual,Percentage,Towns and suburbs,Total,Estonia,2015,16.0
Annual,Percentage,Towns and suburbs,Total,Estonia,2016,9.1
Annual,Percentage,Towns and suburbs,Total,Estonia,2017,4.7
Annual,Percentage,Towns and suburbs,Total,Estonia,2018,6.2
Annual,Percentage,Towns and suburbs,Total,Estonia,2019,2.7
Annual,Percentage,Towns and suburbs,Total,Estonia,2020,5.6
Annual,Percentage,Towns and suburbs,Total,Estonia,2023,2.5
Annual,Percentage,Towns and suburbs,Total,Ireland,2003,15.9
Annual,Percentage,Towns and suburbs,Total,Ireland,2004,16.0
Annual,Percentage,Towns and suburbs,Total,Ireland,2005,15.9
Annual,Percentage,Towns and suburbs,Total,Ireland,2006,19.9
Annual,Percentage,Towns and suburbs,Total,Ireland,2007,18.0
Annual,Percentage,Towns and suburbs,Total,Ireland,2008,15.0
Annual,Percentage,Towns and suburbs,Total,Ireland,2009,16.0
Annual,Percentage,Towns and suburbs,Total,Ireland,2010,10.2
Annual,Percentage,Towns and suburbs,Total,Ireland,2011,10.7
Annual,Percentage,Towns and suburbs,Total,Ireland,2012,9.6
Annual,Percentage,Towns and suburbs,Total,Ireland,2013,10.1
Annual,Percentage,Towns and suburbs,Total,Ireland,2014,10.7
Annual,Percentage,Towns and suburbs,Total,Ireland,2015,9.8
Annual,Percentage,Towns and suburbs,Total,Ireland,2016,10.0
Annual,Percentage,Towns and suburbs,Total,Ireland,2017,7.7
Annual,Percentage,Towns and suburbs,Total,Ireland,2018,9.6
Annual,Percentage,Towns and suburbs,Total,Ireland,2019,11.4
Annual,Percentage,Towns and suburbs,Total,Ireland,2020,10.7
Annual,Percentage,Towns and suburbs,Total,Ireland,2023,11.8
Annual,Percentage,Towns and suburbs,Total,Greece,2003,14.7
Annual,Percentage,Towns and suburbs,Total,Greece,2004,0.0
Annual,Percentage,Towns and suburbs,Total,Greece,2005,17.8
Annual,Percentage,Towns and suburbs,Total,Greece,2006,14.3
Annual,Percentage,Towns and suburbs,Total,Greece,2007,15.5
Annual,Percentage,Towns and suburbs,Total,Greece,2008,14.8
Annual,Percentage,Towns and suburbs,Total,Greece,2009,18.2
Annual,Percentage,Towns and suburbs,Total,Greece,2010,19.5
Annual,Percentage,Towns and suburbs,Total,Greece,2011,25.7
Annual,Percentage,Towns and suburbs,Total,Greece,2012,15.7
Annual,Percentage,Towns and suburbs,Total,Greece,2013,23.7
Annual,Percentage,Towns and suburbs,Total,Greece,2014,13.8
Annual,Percentage,Towns and suburbs,Total,Greece,2015,13.3
Annual,Percentage,Towns and suburbs,Total,Greece,2016,11.4
Annual,Percentage,Towns and suburbs,Total,Greece,2017,12.6
Annual,Percentage,Towns and suburbs,Total,Greece,2018,12.1
Annual,Percentage,Towns and suburbs,Total,Greece,2019,16.4
Annual,Percentage,Towns and suburbs,Total,Greece,2020,17.8
Annual,Percentage,Towns and suburbs,Total,Greece,2023,16.7
Annual,Percentage,Towns and suburbs,Total,Spain,2004,15.0
Annual,Percentage,Towns and suburbs,Total,Spain,2005,16.7
Annual,Percentage,Towns and suburbs,Total,Spain,2006,16.5
Annual,Percentage,Towns and suburbs,Total,Spain,2007,15.7
Annual,Percentage,Towns and suburbs,Total,Spain,2008,12.3
Annual,Percentage,Towns and suburbs,Total,Spain,2009,14.7
Annual,Percentage,Towns and suburbs,Total,Spain,2010,10.9
Annual,Percentage,Towns and suburbs,Total,Spain,2011,11.3
Annual,Percentage,Towns and suburbs,Total,Spain,2012,8.5
Annual,Percentage,Towns and suburbs,Total,Spain,2013,10.2
Annual,Percentage,Towns and suburbs,Total,Spain,2014,8.4
Annual,Percentage,Towns and suburbs,Total,Spain,2015,7.2
Annual,Percentage,Towns and suburbs,Total,Spain,2016,9.2
Annual,Percentage,Towns and suburbs,Total,Spain,2017,5.2
Annual,Percentage,Towns and suburbs,Total,Spain,2018,7.7
Annual,Percentage,Towns and suburbs,Total,Spain,2019,7.2
Annual,Percentage,Towns and suburbs,Total,Spain,2020,12.1
Annual,Percentage,Towns and suburbs,Total,Spain,2023,10.9
Annual,Percentage,Towns and suburbs,Total,France,2004,16.9
Annual,Percentage,Towns and suburbs,Total,France,2005,13.2
Annual,Percentage,Towns and suburbs,Total,France,2006,11.7
Annual,Percentage,Towns and suburbs,Total,France,2007,11.9
Annual,Percentage,Towns and suburbs,Total,France,2008,11.3
Annual,Percentage,Towns and suburbs,Total,France,2009,10.4
Annual,Percentage,Towns and suburbs,Total,France,2010,11.2
Annual,Percentage,Towns and suburbs,Total,France,2011,10.1
Annual,Percentage,Towns and suburbs,Total,France,2012,14.1
Annual,Percentage,Towns and suburbs,Total,France,2013,15.1
Annual,Percentage,Towns and suburbs,Total,France,2014,12.6
Annual,Percentage,Towns and suburbs,Total,France,2015,13.4
Annual,Percentage,Towns and suburbs,Total,France,2016,13.9
Annual,Percentage,Towns and suburbs,Total,France,2017,14.3
Annual,Percentage,Towns and suburbs,Total,France,2018,13.7
Annual,Percentage,Towns and suburbs,Total,France,2019,14.7
Annual,Percentage,Towns and suburbs,Total,France,2020,15.4
Annual,Percentage,Towns and suburbs,Total,France,2023,13.3
Annual,Percentage,Towns and suburbs,Total,Croatia,2010,3.2
Annual,Percentage,Towns and suburbs,Total,Croatia,2011,3.1
Annual,Percentage,Towns and suburbs,Total,Croatia,2012,2.6
Annual,Percentage,Towns and suburbs,Total,Croatia,2013,1.1
Annual,Percentage,Towns and suburbs,Total,Croatia,2014,1.4
Annual,Percentage,Towns and suburbs,Total,Croatia,2015,2.0
Annual,Percentage,Towns and suburbs,Total,Croatia,2016,2.9
Annual,Percentage,Towns and suburbs,Total,Croatia,2017,2.6
Annual,Percentage,Towns and suburbs,Total,Croatia,2018,2.7
Annual,Percentage,Towns and suburbs,Total,Croatia,2019,3.1
Annual,Percentage,Towns and suburbs,Total,Croatia,2020,3.1
Annual,Percentage,Towns and suburbs,Total,Croatia,2023,1.4
Annual,Percentage,Towns and suburbs,Total,Italy,2004,8.1
Annual,Percentage,Towns and suburbs,Total,Italy,2005,7.9
Annual,Percentage,Towns and suburbs,Total,Italy,2006,7.9
Annual,Percentage,Towns and suburbs,Total,Italy,2007,9.1
Annual,Percentage,Towns and suburbs,Total,Italy,2008,7.9
Annual,Percentage,Towns and suburbs,Total,Italy,2009,10.1
Annual,Percentage,Towns and suburbs,Total,Italy,2010,7.4
Annual,Percentage,Towns and suburbs,Total,Italy,2011,10.8
Annual,Percentage,Towns and suburbs,Total,Italy,2012,11.7
Annual,Percentage,Towns and suburbs,Total,Italy,2013,13.4
Annual,Percentage,Towns and suburbs,Total,Italy,2014,15.9
Annual,Percentage,Towns and suburbs,Total,Italy,2015,14.9
Annual,Percentage,Towns and suburbs,Total,Italy,2016,11.5
Annual,Percentage,Towns and suburbs,Total,Italy,2017,10.5
Annual,Percentage,Towns and suburbs,Total,Italy,2018,9.4
Annual,Percentage,Towns and suburbs,Total,Italy,2019,7.5
Annual,Percentage,Towns and suburbs,Total,Italy,2020,6.8
Annual,Percentage,Towns and suburbs,Total,Italy,2023,4.5
Annual,Percentage,Towns and suburbs,Total,Cyprus,2005,6.1
Annual,Percentage,Towns and suburbs,Total,Cyprus,2006,9.2
Annual,Percentage,Towns and suburbs,Total,Cyprus,2007,12.6
Annual,Percentage,Towns and suburbs,Total,Cyprus,2008,7.3
Annual,Percentage,Towns and suburbs,Total,Cyprus,2009,11.5
Annual,Percentage,Towns and suburbs,Total,Cyprus,2010,10.1
Annual,Percentage,Towns and suburbs,Total,Cyprus,2011,16.2
Annual,Percentage,Towns and suburbs,Total,Cyprus,2012,18.2
Annual,Percentage,Towns and suburbs,Total,Cyprus,2013,17.0
Annual,Percentage,Towns and suburbs,Total,Cyprus,2014,13.3
Annual,Percentage,Towns and suburbs,Total,Cyprus,2015,18.2
Annual,Percentage,Towns and suburbs,Total,Cyprus,2016,6.6
Annual,Percentage,Towns and suburbs,Total,Cyprus,2017,10.0
Annual,Percentage,Towns and suburbs,Total,Cyprus,2018,14.2
Annual,Percentage,Towns and suburbs,Total,Cyprus,2019,13.1
Annual,Percentage,Towns and suburbs,Total,Cyprus,2020,14.8
Annual,Percentage,Towns and suburbs,Total,Cyprus,2023,7.2
Annual,Percentage,Towns and suburbs,Total,Latvia,2005,11.9
Annual,Percentage,Towns and suburbs,Total,Latvia,2006,3.5
Annual,Percentage,Towns and suburbs,Total,Latvia,2007,18.9
Annual,Percentage,Towns and suburbs,Total,Latvia,2008,17.1
Annual,Percentage,Towns and suburbs,Total,Latvia,2009,11.4
Annual,Percentage,Towns and suburbs,Total,Latvia,2010,2.5
Annual,Percentage,Towns and suburbs,Total,Latvia,2011,1.5
Annual,Percentage,Towns and suburbs,Total,Latvia,2012,7.7
Annual,Percentage,Towns and suburbs,Total,Latvia,2013,14.8
Annual,Percentage,Towns and suburbs,Total,Latvia,2014,11.3
Annual,Percentage,Towns and suburbs,Total,Latvia,2015,5.3
Annual,Percentage,Towns and suburbs,Total,Latvia,2016,6.3
Annual,Percentage,Towns and suburbs,Total,Latvia,2017,5.7
Annual,Percentage,Towns and suburbs,Total,Latvia,2018,3.1
Annual,Percentage,Towns and suburbs,Total,Latvia,2019,4.5
Annual,Percentage,Towns and suburbs,Total,Latvia,2020,2.9
Annual,Percentage,Towns and suburbs,Total,Latvia,2023,3.4
Annual,Percentage,Towns and suburbs,Total,Lithuania,2012,4.0
Annual,Percentage,Towns and suburbs,Total,Lithuania,2013,5.6
Annual,Percentage,Towns and suburbs,Total,Lithuania,2014,5.5
Annual,Percentage,Towns and suburbs,Total,Lithuania,2015,0.0
Annual,Percentage,Towns and suburbs,Total,Lithuania,2016,0.0
Annual,Percentage,Towns and suburbs,Total,Lithuania,2017,1.2
Annual,Percentage,Towns and suburbs,Total,Lithuania,2018,2.0
Annual,Percentage,Towns and suburbs,Total,Lithuania,2019,0.2
Annual,Percentage,Towns and suburbs,Total,Lithuania,2020,3.0
Annual,Percentage,Towns and suburbs,Total,Lithuania,2023,2.5
Annual,Percentage,Towns and suburbs,Total,Luxembourg,2003,18.6
Annual,Percentage,Towns and suburbs,Total,Luxembourg,2004,15.3
Annual,Percentage,Towns and suburbs,Total,Luxembourg,2005,13.5
Annual,Percentage,Towns and suburbs,Total,Luxembourg,2006,7.5
Annual,Percentage,Towns and suburbs,Total,Luxembourg,2007,7.2
Annual,Percentage,Towns and suburbs,Total,Luxembourg,2008,7.5
Annual,Percentage,Towns and suburbs,Total,Luxembourg,2009,10.4
Annual,Percentage,Towns and suburbs,Total,Luxembourg,2010,9.4
Annual,Percentage,Towns and suburbs,Total,Luxembourg,2011,9.6
Annual,Percentage,Towns and suburbs,Total,Luxembourg,2012,22.3
Annual,Percentage,Towns and suburbs,Total,Luxembourg,2013,16.4
Annual,Percentage,Towns and suburbs,Total,Luxembourg,2014,22.7
Annual,Percentage,Towns and suburbs,Total,Luxembourg,2015,17.6
Annual,Percentage,Towns and suburbs,Total,Luxembourg,2016,15.2
Annual,Percentage,Towns and suburbs,Total,Luxembourg,2017,13.3
Annual,Percentage,Towns and suburbs,Total,Luxembourg,2018,11.4
Annual,Percentage,Towns and suburbs,Total,Luxembourg,2019,13.3
Annual,Percentage,Towns and suburbs,Total,Luxembourg,2020,13.0
Annual,Percentage,Towns and suburbs,Total,Luxembourg,2023,5.7
Annual,Percentage,Towns and suburbs,Total,Hungary,2005,12.1
Annual,Percentage,Towns and suburbs,Total,Hungary,2006,8.6
Annual,Percentage,Towns and suburbs,Total,Hungary,2007,12.1
Annual,Percentage,Towns and suburbs,Total,Hungary,2008,14.7
Annual,Percentage,Towns and suburbs,Total,Hungary,2009,12.7
Annual,Percentage,Towns and suburbs,Total,Hungary,2010,12.0
Annual,Percentage,Towns and suburbs,Total,Hungary,2011,11.4
Annual,Percentage,Towns and suburbs,Total,Hungary,2012,11.2
Annual,Percentage,Towns and suburbs,Total,Hungary,2013,12.7
Annual,Percentage,Towns and suburbs,Total,Hungary,2014,12.1
Annual,Percentage,Towns and suburbs,Total,Hungary,2015,12.6
Annual,Percentage,Towns and suburbs,Total,Hungary,2016,12.3
Annual,Percentage,Towns and suburbs,Total,Hungary,2017,7.0
Annual,Percentage,Towns and suburbs,Total,Hungary,2018,4.7
Annual,Percentage,Towns and suburbs,Total,Hungary,2019,5.3
Annual,Percentage,Towns and suburbs,Total,Hungary,2020,5.0
Annual,Percentage,Towns and suburbs,Total,Hungary,2023,7.0
Annual,Percentage,Towns and suburbs,Total,Malta,2005,2.9
Annual,Percentage,Towns and suburbs,Total,Malta,2006,5.5
Annual,Percentage,Towns and suburbs,Total,Malta,2007,6.0
Annual,Percentage,Towns and suburbs,Total,Malta,2008,6.4
Annual,Percentage,Towns and suburbs,Total,Malta,2009,5.5
Annual,Percentage,Towns and suburbs,Total,Malta,2010,4.3
Annual,Percentage,Towns and suburbs,Total,Malta,2011,4.4
Annual,Percentage,Towns and suburbs,Total,Malta,2012,7.2
Annual,Percentage,Towns and suburbs,Total,Malta,2013,9.0
Annual,Percentage,Towns and suburbs,Total,Malta,2014,8.5
Annual,Percentage,Towns and suburbs,Total,Malta,2015,2.4
Annual,Percentage,Towns and suburbs,Total,Malta,2016,5.6
Annual,Percentage,Towns and suburbs,Total,Malta,2017,4.8
Annual,Percentage,Towns and suburbs,Total,Malta,2018,4.0
Annual,Percentage,Towns and suburbs,Total,Malta,2019,4.1
Annual,Percentage,Towns and suburbs,Total,Malta,2020,2.6
Annual,Percentage,Towns and suburbs,Total,Malta,2023,6.5
Annual,Percentage,Towns and suburbs,Total,Netherlands,2005,12.8
Annual,Percentage,Towns and suburbs,Total,Netherlands,2006,10.9
Annual,Percentage,Towns and suburbs,Total,Netherlands,2007,11.8
Annual,Percentage,Towns and suburbs,Total,Netherlands,2008,9.8
Annual,Percentage,Towns and suburbs,Total,Netherlands,2009,15.4
Annual,Percentage,Towns and suburbs,Total,Netherlands,2010,10.3
Annual,Percentage,Towns and suburbs,Total,Netherlands,2011,11.7
Annual,Percentage,Towns and suburbs,Total,Netherlands,2012,16.1
Annual,Percentage,Towns and suburbs,Total,Netherlands,2013,15.7
Annual,Percentage,Towns and suburbs,Total,Netherlands,2014,15.3
Annual,Percentage,Towns and suburbs,Total,Netherlands,2015,14.2
Annual,Percentage,Towns and suburbs,Total,Netherlands,2016,12.2
Annual,Percentage,Towns and suburbs,Total,Netherlands,2017,10.7
Annual,Percentage,Towns and suburbs,Total,Netherlands,2018,12.4
Annual,Percentage,Towns and suburbs,Total,Netherlands,2019,11.1
Annual,Percentage,Towns and suburbs,Total,Netherlands,2020,10.5
Annual,Percentage,Towns and suburbs,Total,Netherlands,2023,10.5
Annual,Percentage,Towns and suburbs,Total,Austria,2004,7.7
Annual,Percentage,Towns and suburbs,Total,Austria,2005,9.6
Annual,Percentage,Towns and suburbs,Total,Austria,2006,10.8
Annual,Percentage,Towns and suburbs,Total,Austria,2007,10.2
Annual,Percentage,Towns and suburbs,Total,Austria,2008,8.2
Annual,Percentage,Towns and suburbs,Total,Austria,2009,13.0
Annual,Percentage,Towns and suburbs,Total,Austria,2010,11.6
Annual,Percentage,Towns and suburbs,Total,Austria,2011,9.2
Annual,Percentage,Towns and suburbs,Total,Austria,2012,10.4
Annual,Percentage,Towns and suburbs,Total,Austria,2013,9.4
Annual,Percentage,Towns and suburbs,Total,Austria,2014,11.2
Annual,Percentage,Towns and suburbs,Total,Austria,2015,10.8
Annual,Percentage,Towns and suburbs,Total,Austria,2016,11.1
Annual,Percentage,Towns and suburbs,Total,Austria,2017,9.1
Annual,Percentage,Towns and suburbs,Total,Austria,2018,8.0
Annual,Percentage,Towns and suburbs,Total,Austria,2019,7.2
Annual,Percentage,Towns and suburbs,Total,Austria,2020,4.1
Annual,Percentage,Towns and suburbs,Total,Austria,2023,4.9
Annual,Percentage,Towns and suburbs,Total,Poland,2005,4.1
Annual,Percentage,Towns and suburbs,Total,Poland,2006,4.2
Annual,Percentage,Towns and suburbs,Total,Poland,2007,3.6
Annual,Percentage,Towns and suburbs,Total,Poland,2008,2.9
Annual,Percentage,Towns and suburbs,Total,Poland,2009,2.9
Annual,Percentage,Towns and suburbs,Total,Poland,2010,2.3
Annual,Percentage,Towns and suburbs,Total,Poland,2011,2.9
Annual,Percentage,Towns and suburbs,Total,Poland,2012,5.4
Annual,Percentage,Towns and suburbs,Total,Poland,2013,5.7
Annual,Percentage,Towns and suburbs,Total,Poland,2014,5.3
Annual,Percentage,Towns and suburbs,Total,Poland,2015,4.4
Annual,Percentage,Towns and suburbs,Total,Poland,2016,5.2
Annual,Percentage,Towns and suburbs,Total,Poland,2017,5.5
Annual,Percentage,Towns and suburbs,Total,Poland,2018,4.7
Annual,Percentage,Towns and suburbs,Total,Poland,2019,3.2
Annual,Percentage,Towns and suburbs,Total,Poland,2023,1.8
Annual,Percentage,Towns and suburbs,Total,Portugal,2004,8.7
Annual,Percentage,Towns and suburbs,Total,Portugal,2005,8.0
Annual,Percentage,Towns and suburbs,Total,Portugal,2006,7.6
Annual,Percentage,Towns and suburbs,Total,Portugal,2007,7.3
Annual,Percentage,Towns and suburbs,Total,Portugal,2008,8.8
Annual,Percentage,Towns and suburbs,Total,Portugal,2009,8.9
Annual,Percentage,Towns and suburbs,Total,Portugal,2010,7.3
Annual,Percentage,Towns and suburbs,Total,Portugal,2011,4.8
Annual,Percentage,Towns and suburbs,Total,Portugal,2012,7.9
Annual,Percentage,Towns and suburbs,Total,Portugal,2013,10.5
Annual,Percentage,Towns and suburbs,Total,Portugal,2014,10.8
Annual,Percentage,Towns and suburbs,Total,Portugal,2015,10.0
Annual,Percentage,Towns and suburbs,Total,Portugal,2016,7.2
Annual,Percentage,Towns and suburbs,Total,Portugal,2017,6.6
Annual,Percentage,Towns and suburbs,Total,Portugal,2018,5.3
Annual,Percentage,Towns and suburbs,Total,Portugal,2019,6.0
Annual,Percentage,Towns and suburbs,Total,Portugal,2020,5.1
Annual,Percentage,Towns and suburbs,Total,Portugal,2023,4.6
Annual,Percentage,Towns and suburbs,Total,Romania,2007,12.6
Annual,Percentage,Towns and suburbs,Total,Romania,2008,0.3
Annual,Percentage,Towns and suburbs,Total,Romania,2009,2.7
Annual,Percentage,Towns and suburbs,Total,Romania,2010,1.6
Annual,Percentage,Towns and suburbs,Total,Romania,2011,0.2
Annual,Percentage,Towns and suburbs,Total,Romania,2012,12.7
Annual,Percentage,Towns and suburbs,Total,Romania,2013,14.6
Annual,Percentage,Towns and suburbs,Total,Romania,2014,14.3
Annual,Percentage,Towns and suburbs,Total,Romania,2015,13.7
Annual,Percentage,Towns and suburbs,Total,Romania,2016,12.5
Annual,Percentage,Towns and suburbs,Total,Romania,2017,11.6
Annual,Percentage,Towns and suburbs,Total,Romania,2018,10.9
Annual,Percentage,Towns and suburbs,Total,Romania,2019,8.4
Annual,Percentage,Towns and suburbs,Total,Romania,2020,7.4
Annual,Percentage,Towns and suburbs,Total,Romania,2023,6.4
Annual,Percentage,Towns and suburbs,Total,Slovenia,2005,9.2
Annual,Percentage,Towns and suburbs,Total,Slovenia,2006,9.3
Annual,Percentage,Towns and suburbs,Total,Slovenia,2007,10.6
Annual,Percentage,Towns and suburbs,Total,Slovenia,2008,9.6
Annual,Percentage,Towns and suburbs,Total,Slovenia,2009,13.9
Annual,Percentage,Towns and suburbs,Total,Slovenia,2010,9.4
Annual,Percentage,Towns and suburbs,Total,Slovenia,2011,7.9
Annual,Percentage,Towns and suburbs,Total,Slovenia,2012,6.7
Annual,Percentage,Towns and suburbs,Total,Slovenia,2013,8.1
Annual,Percentage,Towns and suburbs,Total,Slovenia,2014,9.2
Annual,Percentage,Towns and suburbs,Total,Slovenia,2015,9.4
Annual,Percentage,Towns and suburbs,Total,Slovenia,2016,8.6
Annual,Percentage,Towns and suburbs,Total,Slovenia,2017,8.2
Annual,Percentage,Towns and suburbs,Total,Slovenia,2018,8.4
Annual,Percentage,Towns and suburbs,Total,Slovenia,2019,7.7
Annual,Percentage,Towns and suburbs,Total,Slovenia,2020,6.9
Annual,Percentage,Towns and suburbs,Total,Slovenia,2023,6.6
Annual,Percentage,Towns and suburbs,Total,Slovakia,2005,8.5
Annual,Percentage,Towns and suburbs,Total,Slovakia,2006,6.6
Annual,Percentage,Towns and suburbs,Total,Slovakia,2007,5.5
Annual,Percentage,Towns and suburbs,Total,Slovakia,2008,6.3
Annual,Percentage,Towns and suburbs,Total,Slovakia,2009,9.2
Annual,Percentage,Towns and suburbs,Total,Slovakia,2010,8.5
Annual,Percentage,Towns and suburbs,Total,Slovakia,2011,8.8
Annual,Percentage,Towns and suburbs,Total,Slovakia,2012,9.4
Annual,Percentage,Towns and suburbs,Total,Slovakia,2013,10.8
Annual,Percentage,Towns and suburbs,Total,Slovakia,2014,10.1
Annual,Percentage,Towns and suburbs,Total,Slovakia,2015,7.8
Annual,Percentage,Towns and suburbs,Total,Slovakia,2016,8.1
Annual,Percentage,Towns and suburbs,Total,Slovakia,2017,7.6
Annual,Percentage,Towns and suburbs,Total,Slovakia,2018,6.4
Annual,Percentage,Towns and suburbs,Total,Slovakia,2019,7.8
Annual,Percentage,Towns and suburbs,Total,Slovakia,2020,5.1
Annual,Percentage,Towns and suburbs,Total,Slovakia,2023,2.9
Annual,Percentage,Towns and suburbs,Total,Finland,2004,19.7
Annual,Percentage,Towns and suburbs,Total,Finland,2005,22.6
Annual,Percentage,Towns and suburbs,Total,Finland,2006,18.6
Annual,Percentage,Towns and suburbs,Total,Finland,2007,16.0
Annual,Percentage,Towns and suburbs,Total,Finland,2008,16.1
Annual,Percentage,Towns and suburbs,Total,Finland,2009,14.5
Annual,Percentage,Towns and suburbs,Total,Finland,2010,10.2
Annual,Percentage,Towns and suburbs,Total,Finland,2011,8.5
Annual,Percentage,Towns and suburbs,Total,Finland,2012,10.6
Annual,Percentage,Towns and suburbs,Total,Finland,2013,8.6
Annual,Percentage,Towns and suburbs,Total,Finland,2014,6.8
Annual,Percentage,Towns and suburbs,Total,Finland,2015,6.3
Annual,Percentage,Towns and suburbs,Total,Finland,2016,6.4
Annual,Percentage,Towns and suburbs,Total,Finland,2017,5.3
Annual,Percentage,Towns and suburbs,Total,Finland,2018,6.1
Annual,Percentage,Towns and suburbs,Total,Finland,2019,5.6
Annual,Percentage,Towns and suburbs,Total,Finland,2020,5.8
Annual,Percentage,Towns and suburbs,Total,Finland,2023,10.0
Annual,Percentage,Towns and suburbs,Total,Sweden,2004,11.2
Annual,Percentage,Towns and suburbs,Total,Sweden,2005,10.2
Annual,Percentage,Towns and suburbs,Total,Sweden,2006,13.6
Annual,Percentage,Towns and suburbs,Total,Sweden,2007,14.6
Annual,Percentage,Towns and suburbs,Total,Sweden,2008,15.9
Annual,Percentage,Towns and suburbs,Total,Sweden,2009,14.8
Annual,Percentage,Towns and suburbs,Total,Sweden,2010,11.4
Annual,Percentage,Towns and suburbs,Total,Sweden,2011,12.1
Annual,Percentage,Towns and suburbs,Total,Sweden,2012,11.6
Annual,Percentage,Towns and suburbs,Total,Sweden,2013,8.6
Annual,Percentage,Towns and suburbs,Total,Sweden,2014,10.0
Annual,Percentage,Towns and suburbs,Total,Sweden,2015,9.6
Annual,Percentage,Towns and suburbs,Total,Sweden,2016,11.0
Annual,Percentage,Towns and suburbs,Total,Sweden,2017,10.8
Annual,Percentage,Towns and suburbs,Total,Sweden,2018,13.0
Annual,Percentage,Towns and suburbs,Total,Sweden,2019,10.2
Annual,Percentage,Towns and suburbs,Total,Sweden,2020,10.4
Annual,Percentage,Towns and suburbs,Total,Sweden,2023,7.1
Annual,Percentage,Towns and suburbs,Total,Iceland,2014,2.2
Annual,Percentage,Towns and suburbs,Total,Iceland,2015,1.8
Annual,Percentage,Towns and suburbs,Total,Iceland,2016,2.0
Annual,Percentage,Towns and suburbs,Total,Iceland,2017,1.9
Annual,Percentage,Towns and suburbs,Total,Iceland,2018,2.0
Annual,Percentage,Towns and suburbs,Total,Iceland,2019,2.6
Annual,Percentage,Towns and suburbs,Total,Iceland,2020,1.6
Annual,Percentage,Towns and suburbs,Total,Norway,2004,6.2
Annual,Percentage,Towns and suburbs,Total,Norway,2005,4.8
Annual,Percentage,Towns and suburbs,Total,Norway,2006,5.8
Annual,Percentage,Towns and suburbs,Total,Norway,2007,5.2
Annual,Percentage,Towns and suburbs,Total,Norway,2008,5.8
Annual,Percentage,Towns and suburbs,Total,Norway,2009,4.9
Annual,Percentage,Towns and suburbs,Total,Norway,2010,4.3
Annual,Percentage,Towns and suburbs,Total,Norway,2011,3.5
Annual,Percentage,Towns and suburbs,Total,Norway,2012,5.0
Annual,Percentage,Towns and suburbs,Total,Norway,2013,3.7
Annual,Percentage,Towns and suburbs,Total,Norway,2015,4.8
Annual,Percentage,Towns and suburbs,Total,Norway,2016,4.1
Annual,Percentage,Towns and suburbs,Total,Norway,2017,3.3
Annual,Percentage,Towns and suburbs,Total,Norway,2018,3.7
Annual,Percentage,Towns and suburbs,Total,Norway,2019,3.3
Annual,Percentage,Towns and suburbs,Total,Norway,2020,3.7
Annual,Percentage,Towns and suburbs,Total,Norway,2023,5.6
Annual,Percentage,Towns and suburbs,Total,Switzerland,2007,9.8
Annual,Percentage,Towns and suburbs,Total,Switzerland,2008,10.0
Annual,Percentage,Towns and suburbs,Total,Switzerland,2009,8.2
Annual,Percentage,Towns and suburbs,Total,Switzerland,2010,9.9
Annual,Percentage,Towns and suburbs,Total,Switzerland,2011,10.4
Annual,Percentage,Towns and suburbs,Total,Switzerland,2012,15.3
Annual,Percentage,Towns and suburbs,Total,Switzerland,2013,13.2
Annual,Percentage,Towns and suburbs,Total,Switzerland,2014,13.9
Annual,Percentage,Towns and suburbs,Total,Switzerland,2015,11.3
Annual,Percentage,Towns and suburbs,Total,Switzerland,2016,9.3
Annual,Percentage,Towns and suburbs,Total,Switzerland,2017,7.8
Annual,Percentage,Towns and suburbs,Total,Switzerland,2018,7.1
Annual,Percentage,Towns and suburbs,Total,Switzerland,2019,6.5
Annual,Percentage,Towns and suburbs,Total,Switzerland,2020,5.9
Annual,Percentage,Towns and suburbs,Total,Switzerland,2023,6.9
Annual,Percentage,Towns and suburbs,Total,United Kingdom,2005,21.6
Annual,Percentage,Towns and suburbs,Total,United Kingdom,2006,18.9
Annual,Percentage,Towns and suburbs,Total,United Kingdom,2007,19.1
Annual,Percentage,Towns and suburbs,Total,United Kingdom,2008,18.9
Annual,Percentage,Towns and suburbs,Total,United Kingdom,2009,18.4
Annual,Percentage,Towns and suburbs,Total,United Kingdom,2010,19.0
Annual,Percentage,Towns and suburbs,Total,United Kingdom,2011,16.4
Annual,Percentage,Towns and suburbs,Total,United Kingdom,2012,15.9
Annual,Percentage,Towns and suburbs,Total,United Kingdom,2013,12.7
Annual,Percentage,Towns and suburbs,Total,United Kingdom,2014,13.1
Annual,Percentage,Towns and suburbs,Total,United Kingdom,2015,12.1
Annual,Percentage,Towns and suburbs,Total,United Kingdom,2016,11.7
Annual,Percentage,Towns and suburbs,Total,United Kingdom,2017,14.2
Annual,Percentage,Towns and suburbs,Total,United Kingdom,2018,16.6
Annual,Percentage,Towns and suburbs,Total,North Macedonia,2010,2.8
Annual,Percentage,Towns and suburbs,Total,North Macedonia,2011,3.0
Annual,Percentage,Towns and suburbs,Total,North Macedonia,2016,3.3
Annual,Percentage,Towns and suburbs,Total,North Macedonia,2017,4.3
Annual,Percentage,Towns and suburbs,Total,North Macedonia,2018,4.7
Annual,Percentage,Towns and suburbs,Total,North Macedonia,2019,6.7
Annual,Percentage,Towns and suburbs,Total,North Macedonia,2020,4.6
Annual,Percentage,Towns and suburbs,Total,North Macedonia,2023,4.8
Annual,Percentage,Towns and suburbs,Total,Albania,2017,0.5
Annual,Percentage,Towns and suburbs,Total,Albania,2018,1.7
Annual,Percentage,Towns and suburbs,Total,Albania,2019,0.3
Annual,Percentage,Towns and suburbs,Total,Albania,2020,0.5
Annual,Percentage,Towns and suburbs,Total,Serbia,2013,18.1
Annual,Percentage,Towns and suburbs,Total,Serbia,2014,21.6
Annual,Percentage,Towns and suburbs,Total,Serbia,2015,15.9
Annual,Percentage,Towns and suburbs,Total,Serbia,2016,18.3
Annual,Percentage,Towns and suburbs,Total,Serbia,2017,13.4
Annual,Percentage,Towns and suburbs,Total,Serbia,2018,15.4
Annual,Percentage,Towns and suburbs,Total,Serbia,2019,10.7
Annual,Percentage,Towns and suburbs,Total,Serbia,2020,7.6
Annual,Percentage,Towns and suburbs,Total,Serbia,2023,9.8
Annual,Percentage,Rural areas,Below 60%,Belgium,2003,10.3
Annual,Percentage,Rural areas,Below 60%,Belgium,2004,13.9
Annual,Percentage,Rural areas,Below 60%,Belgium,2005,16.9
Annual,Percentage,Rural areas,Below 60%,Belgium,2006,9.2
Annual,Percentage,Rural areas,Below 60%,Belgium,2007,22.1
Annual,Percentage,Rural areas,Below 60%,Belgium,2008,12.7
Annual,Percentage,Rural areas,Below 60%,Belgium,2009,6.3
Annual,Percentage,Rural areas,Below 60%,Belgium,2010,13.1
Annual,Percentage,Rural areas,Below 60%,Belgium,2011,1.6
Annual,Percentage,Rural areas,Below 60%,Belgium,2012,7.8
Annual,Percentage,Rural areas,Below 60%,Belgium,2013,13.2
Annual,Percentage,Rural areas,Below 60%,Belgium,2014,10.0
Annual,Percentage,Rural areas,Below 60%,Belgium,2015,14.0
Annual,Percentage,Rural areas,Below 60%,Belgium,2016,14.7
Annual,Percentage,Rural areas,Below 60%,Belgium,2017,18.1
Annual,Percentage,Rural areas,Below 60%,Belgium,2018,18.6
Annual,Percentage,Rural areas,Below 60%,Belgium,2019,17.0
Annual,Percentage,Rural areas,Below 60%,Belgium,2020,4.7
Annual,Percentage,Rural areas,Below 60%,Belgium,2023,9.1
Annual,Percentage,Rural areas,Below 60%,Bulgaria,2005,17.9
Annual,Percentage,Rural areas,Below 60%,Bulgaria,2006,17.9
Annual,Percentage,Rural areas,Below 60%,Bulgaria,2007,24.1
Annual,Percentage,Rural areas,Below 60%,Bulgaria,2008,23.2
Annual,Percentage,Rural areas,Below 60%,Bulgaria,2009,26.1
Annual,Percentage,Rural areas,Below 60%,Bulgaria,2010,27.4
Annual,Percentage,Rural areas,Below 60%,Bulgaria,2011,24.5
Annual,Percentage,Rural areas,Below 60%,Bulgaria,2012,20.6
Annual,Percentage,Rural areas,Below 60%,Bulgaria,2013,23.9
Annual,Percentage,Rural areas,Below 60%,Bulgaria,2014,22.4
Annual,Percentage,Rural areas,Below 60%,Bulgaria,2015,22.6
Annual,Percentage,Rural areas,Below 60%,Bulgaria,2016,18.3
Annual,Percentage,Rural areas,Below 60%,Bulgaria,2017,22.1
Annual,Percentage,Rural areas,Below 60%,Bulgaria,2018,22.1
Annual,Percentage,Rural areas,Below 60%,Bulgaria,2019,16.7
Annual,Percentage,Rural areas,Below 60%,Bulgaria,2020,17.7
Annual,Percentage,Rural areas,Below 60%,Bulgaria,2023,10.2
Annual,Percentage,Rural areas,Below 60%,Czechia,2005,22.4
Annual,Percentage,Rural areas,Below 60%,Czechia,2006,16.1
Annual,Percentage,Rural areas,Below 60%,Czechia,2007,11.3
Annual,Percentage,Rural areas,Below 60%,Czechia,2008,14.6
Annual,Percentage,Rural areas,Below 60%,Czechia,2009,13.3
Annual,Percentage,Rural areas,Below 60%,Czechia,2010,9.4
Annual,Percentage,Rural areas,Below 60%,Czechia,2011,10.3
Annual,Percentage,Rural areas,Below 60%,Czechia,2012,10.2
Annual,Percentage,Rural areas,Below 60%,Czechia,2013,7.7
Annual,Percentage,Rural areas,Below 60%,Czechia,2014,6.4
Annual,Percentage,Rural areas,Below 60%,Czechia,2015,5.6
Annual,Percentage,Rural areas,Below 60%,Czechia,2016,9.2
Annual,Percentage,Rural areas,Below 60%,Czechia,2017,3.4
Annual,Percentage,Rural areas,Below 60%,Czechia,2018,9.0
Annual,Percentage,Rural areas,Below 60%,Czechia,2019,7.2
Annual,Percentage,Rural areas,Below 60%,Czechia,2020,1.9
Annual,Percentage,Rural areas,Below 60%,Czechia,2023,3.2
Annual,Percentage,Rural areas,Below 60%,Denmark,2003,3.2
Annual,Percentage,Rural areas,Below 60%,Denmark,2004,12.1
Annual,Percentage,Rural areas,Below 60%,Denmark,2005,8.1
Annual,Percentage,Rural areas,Below 60%,Denmark,2006,11.5
Annual,Percentage,Rural areas,Below 60%,Denmark,2007,15.8
Annual,Percentage,Rural areas,Below 60%,Denmark,2008,10.8
Annual,Percentage,Rural areas,Below 60%,Denmark,2009,8.7
Annual,Percentage,Rural areas,Below 60%,Denmark,2010,6.8
Annual,Percentage,Rural areas,Below 60%,Denmark,2011,14.4
Annual,Percentage,Rural areas,Below 60%,Denmark,2012,4.7
Annual,Percentage,Rural areas,Below 60%,Denmark,2013,0.7
Annual,Percentage,Rural areas,Below 60%,Denmark,2014,4.3
Annual,Percentage,Rural areas,Below 60%,Denmark,2015,6.0
Annual,Percentage,Rural areas,Below 60%,Denmark,2016,3.6
Annual,Percentage,Rural areas,Below 60%,Denmark,2017,5.5
Annual,Percentage,Rural areas,Below 60%,Denmark,2018,4.4
Annual,Percentage,Rural areas,Below 60%,Denmark,2019,5.4
Annual,Percentage,Rural areas,Below 60%,Denmark,2020,4.8
Annual,Percentage,Rural areas,Below 60%,Denmark,2023,2.8
Annual,Percentage,Rural areas,Below 60%,Germany,2005,9.4
Annual,Percentage,Rural areas,Below 60%,Germany,2006,7.6
Annual,Percentage,Rural areas,Below 60%,Germany,2007,10.6
Annual,Percentage,Rural areas,Below 60%,Germany,2008,12.0
Annual,Percentage,Rural areas,Below 60%,Germany,2009,15.6
Annual,Percentage,Rural areas,Below 60%,Germany,2010,10.9
Annual,Percentage,Rural areas,Below 60%,Germany,2011,10.8
Annual,Percentage,Rural areas,Below 60%,Germany,2012,8.8
Annual,Percentage,Rural areas,Below 60%,Germany,2013,8.1
Annual,Percentage,Rural areas,Below 60%,Germany,2014,8.4
Annual,Percentage,Rural areas,Below 60%,Germany,2015,7.0
Annual,Percentage,Rural areas,Below 60%,Germany,2016,9.4
Annual,Percentage,Rural areas,Below 60%,Germany,2017,10.3
Annual,Percentage,Rural areas,Below 60%,Germany,2018,9.6
Annual,Percentage,Rural areas,Below 60%,Germany,2019,10.6
Annual,Percentage,Rural areas,Below 60%,Germany,2020,1.7
Annual,Percentage,Rural areas,Below 60%,Germany,2023,3.6
Annual,Percentage,Rural areas,Below 60%,Estonia,2004,20.9
Annual,Percentage,Rural areas,Below 60%,Estonia,2005,11.9
Annual,Percentage,Rural areas,Below 60%,Estonia,2006,13.7
Annual,Percentage,Rural areas,Below 60%,Estonia,2007,13.6
Annual,Percentage,Rural areas,Below 60%,Estonia,2008,13.2
Annual,Percentage,Rural areas,Below 60%,Estonia,2009,10.4
Annual,Percentage,Rural areas,Below 60%,Estonia,2010,12.9
Annual,Percentage,Rural areas,Below 60%,Estonia,2011,9.9
Annual,Percentage,Rural areas,Below 60%,Estonia,2012,11.2
Annual,Percentage,Rural areas,Below 60%,Estonia,2013,14.2
Annual,Percentage,Rural areas,Below 60%,Estonia,2014,8.7
Annual,Percentage,Rural areas,Below 60%,Estonia,2015,7.6
Annual,Percentage,Rural areas,Below 60%,Estonia,2016,5.1
Annual,Percentage,Rural areas,Below 60%,Estonia,2017,4.3
Annual,Percentage,Rural areas,Below 60%,Estonia,2018,5.4
Annual,Percentage,Rural areas,Below 60%,Estonia,2019,4.3
Annual,Percentage,Rural areas,Below 60%,Estonia,2020,5.2
Annual,Percentage,Rural areas,Below 60%,Estonia,2023,2.1
Annual,Percentage,Rural areas,Below 60%,Ireland,2003,2.6
Annual,Percentage,Rural areas,Below 60%,Ireland,2004,5.9
Annual,Percentage,Rural areas,Below 60%,Ireland,2005,4.8
Annual,Percentage,Rural areas,Below 60%,Ireland,2006,4.0
Annual,Percentage,Rural areas,Below 60%,Ireland,2007,7.0
Annual,Percentage,Rural areas,Below 60%,Ireland,2008,4.9
Annual,Percentage,Rural areas,Below 60%,Ireland,2009,4.1
Annual,Percentage,Rural areas,Below 60%,Ireland,2010,6.6
Annual,Percentage,Rural areas,Below 60%,Ireland,2011,5.5
Annual,Percentage,Rural areas,Below 60%,Ireland,2012,7.5
Annual,Percentage,Rural areas,Below 60%,Ireland,2013,6.9
Annual,Percentage,Rural areas,Below 60%,Ireland,2014,7.8
Annual,Percentage,Rural areas,Below 60%,Ireland,2015,8.5
Annual,Percentage,Rural areas,Below 60%,Ireland,2016,7.0
Annual,Percentage,Rural areas,Below 60%,Ireland,2017,5.6
Annual,Percentage,Rural areas,Below 60%,Ireland,2018,7.8
Annual,Percentage,Rural areas,Below 60%,Ireland,2019,4.4
Annual,Percentage,Rural areas,Below 60%,Ireland,2020,7.0
Annual,Percentage,Rural areas,Below 60%,Ireland,2023,8.5
Annual,Percentage,Rural areas,Below 60%,Greece,2003,2.2
Annual,Percentage,Rural areas,Below 60%,Greece,2004,2.9
Annual,Percentage,Rural areas,Below 60%,Greece,2005,2.4
Annual,Percentage,Rural areas,Below 60%,Greece,2006,1.4
Annual,Percentage,Rural areas,Below 60%,Greece,2007,1.5
Annual,Percentage,Rural areas,Below 60%,Greece,2008,2.8
Annual,Percentage,Rural areas,Below 60%,Greece,2009,6.2
Annual,Percentage,Rural areas,Below 60%,Greece,2010,3.9
Annual,Percentage,Rural areas,Below 60%,Greece,2011,7.2
Annual,Percentage,Rural areas,Below 60%,Greece,2012,8.7
Annual,Percentage,Rural areas,Below 60%,Greece,2013,8.9
Annual,Percentage,Rural areas,Below 60%,Greece,2014,7.1
Annual,Percentage,Rural areas,Below 60%,Greece,2015,5.0
Annual,Percentage,Rural areas,Below 60%,Greece,2016,3.7
Annual,Percentage,Rural areas,Below 60%,Greece,2017,5.4
Annual,Percentage,Rural areas,Below 60%,Greece,2018,3.5
Annual,Percentage,Rural areas,Below 60%,Greece,2019,5.9
Annual,Percentage,Rural areas,Below 60%,Greece,2020,5.7
Annual,Percentage,Rural areas,Below 60%,Greece,2023,21.8
Annual,Percentage,Rural areas,Below 60%,Spain,2004,9.5
Annual,Percentage,Rural areas,Below 60%,Spain,2005,7.6
Annual,Percentage,Rural areas,Below 60%,Spain,2006,9.4
Annual,Percentage,Rural areas,Below 60%,Spain,2007,11.0
Annual,Percentage,Rural areas,Below 60%,Spain,2008,7.1
Annual,Percentage,Rural areas,Below 60%,Spain,2009,8.6
Annual,Percentage,Rural areas,Below 60%,Spain,2010,7.0
Annual,Percentage,Rural areas,Below 60%,Spain,2011,6.2
Annual,Percentage,Rural areas,Below 60%,Spain,2012,5.2
Annual,Percentage,Rural areas,Below 60%,Spain,2013,7.4
Annual,Percentage,Rural areas,Below 60%,Spain,2014,8.4
Annual,Percentage,Rural areas,Below 60%,Spain,2015,4.8
Annual,Percentage,Rural areas,Below 60%,Spain,2016,7.6
Annual,Percentage,Rural areas,Below 60%,Spain,2017,5.4
Annual,Percentage,Rural areas,Below 60%,Spain,2018,6.0
Annual,Percentage,Rural areas,Below 60%,Spain,2019,5.6
Annual,Percentage,Rural areas,Below 60%,Spain,2020,9.4
Annual,Percentage,Rural areas,Below 60%,Spain,2023,8.4
Annual,Percentage,Rural areas,Below 60%,France,2004,7.6
Annual,Percentage,Rural areas,Below 60%,France,2005,7.0
Annual,Percentage,Rural areas,Below 60%,France,2006,7.0
Annual,Percentage,Rural areas,Below 60%,France,2007,4.6
Annual,Percentage,Rural areas,Below 60%,France,2008,3.8
Annual,Percentage,Rural areas,Below 60%,France,2009,4.8
Annual,Percentage,Rural areas,Below 60%,France,2010,9.3
Annual,Percentage,Rural areas,Below 60%,France,2011,6.8
Annual,Percentage,Rural areas,Below 60%,France,2012,8.4
Annual,Percentage,Rural areas,Below 60%,France,2013,8.7
Annual,Percentage,Rural areas,Below 60%,France,2014,6.6
Annual,Percentage,Rural areas,Below 60%,France,2015,7.0
Annual,Percentage,Rural areas,Below 60%,France,2016,6.4
Annual,Percentage,Rural areas,Below 60%,France,2017,6.2
Annual,Percentage,Rural areas,Below 60%,France,2018,7.7
Annual,Percentage,Rural areas,Below 60%,France,2019,8.4
Annual,Percentage,Rural areas,Below 60%,France,2020,10.2
Annual,Percentage,Rural areas,Below 60%,France,2023,9.8
Annual,Percentage,Rural areas,Below 60%,Croatia,2010,4.2
Annual,Percentage,Rural areas,Below 60%,Croatia,2011,2.4
Annual,Percentage,Rural areas,Below 60%,Croatia,2012,3.1
Annual,Percentage,Rural areas,Below 60%,Croatia,2013,3.6
Annual,Percentage,Rural areas,Below 60%,Croatia,2014,0.6
Annual,Percentage,Rural areas,Below 60%,Croatia,2015,1.1
Annual,Percentage,Rural areas,Below 60%,Croatia,2016,1.6
Annual,Percentage,Rural areas,Below 60%,Croatia,2017,1.2
Annual,Percentage,Rural areas,Below 60%,Croatia,2018,1.3
Annual,Percentage,Rural areas,Below 60%,Croatia,2019,0.7
Annual,Percentage,Rural areas,Below 60%,Croatia,2020,0.7
Annual,Percentage,Rural areas,Below 60%,Croatia,2023,0.6
Annual,Percentage,Rural areas,Below 60%,Italy,2004,3.4
Annual,Percentage,Rural areas,Below 60%,Italy,2005,2.7
Annual,Percentage,Rural areas,Below 60%,Italy,2006,3.3
Annual,Percentage,Rural areas,Below 60%,Italy,2007,3.1
Annual,Percentage,Rural areas,Below 60%,Italy,2008,4.0
Annual,Percentage,Rural areas,Below 60%,Italy,2009,4.5
Annual,Percentage,Rural areas,Below 60%,Italy,2010,2.6
Annual,Percentage,Rural areas,Below 60%,Italy,2011,2.7
Annual,Percentage,Rural areas,Below 60%,Italy,2012,4.2
Annual,Percentage,Rural areas,Below 60%,Italy,2013,5.7
Annual,Percentage,Rural areas,Below 60%,Italy,2014,6.0
Annual,Percentage,Rural areas,Below 60%,Italy,2015,6.9
Annual,Percentage,Rural areas,Below 60%,Italy,2016,6.2
Annual,Percentage,Rural areas,Below 60%,Italy,2017,5.8
Annual,Percentage,Rural areas,Below 60%,Italy,2018,6.1
Annual,Percentage,Rural areas,Below 60%,Italy,2019,4.0
Annual,Percentage,Rural areas,Below 60%,Italy,2020,3.5
Annual,Percentage,Rural areas,Below 60%,Italy,2023,2.4
Annual,Percentage,Rural areas,Below 60%,Cyprus,2005,10.6
Annual,Percentage,Rural areas,Below 60%,Cyprus,2006,14.8
Annual,Percentage,Rural areas,Below 60%,Cyprus,2007,14.9
Annual,Percentage,Rural areas,Below 60%,Cyprus,2008,7.3
Annual,Percentage,Rural areas,Below 60%,Cyprus,2009,5.4
Annual,Percentage,Rural areas,Below 60%,Cyprus,2010,6.5
Annual,Percentage,Rural areas,Below 60%,Cyprus,2011,12.1
Annual,Percentage,Rural areas,Below 60%,Cyprus,2012,9.9
Annual,Percentage,Rural areas,Below 60%,Cyprus,2013,11.7
Annual,Percentage,Rural areas,Below 60%,Cyprus,2014,5.2
Annual,Percentage,Rural areas,Below 60%,Cyprus,2015,13.3
Annual,Percentage,Rural areas,Below 60%,Cyprus,2016,7.3
Annual,Percentage,Rural areas,Below 60%,Cyprus,2017,13.3
Annual,Percentage,Rural areas,Below 60%,Cyprus,2018,7.7
Annual,Percentage,Rural areas,Below 60%,Cyprus,2019,7.2
Annual,Percentage,Rural areas,Below 60%,Cyprus,2020,9.4
Annual,Percentage,Rural areas,Below 60%,Cyprus,2023,6.7
Annual,Percentage,Rural areas,Below 60%,Latvia,2005,12.9
Annual,Percentage,Rural areas,Below 60%,Latvia,2006,24.5
Annual,Percentage,Rural areas,Below 60%,Latvia,2007,19.9
Annual,Percentage,Rural areas,Below 60%,Latvia,2008,24.2
Annual,Percentage,Rural areas,Below 60%,Latvia,2009,22.8
Annual,Percentage,Rural areas,Below 60%,Latvia,2010,16.7
Annual,Percentage,Rural areas,Below 60%,Latvia,2011,11.2
Annual,Percentage,Rural areas,Below 60%,Latvia,2012,12.5
Annual,Percentage,Rural areas,Below 60%,Latvia,2013,6.9
Annual,Percentage,Rural areas,Below 60%,Latvia,2014,6.7
Annual,Percentage,Rural areas,Below 60%,Latvia,2015,4.9
Annual,Percentage,Rural areas,Below 60%,Latvia,2016,3.3
Annual,Percentage,Rural areas,Below 60%,Latvia,2017,4.7
Annual,Percentage,Rural areas,Below 60%,Latvia,2018,2.2
Annual,Percentage,Rural areas,Below 60%,Latvia,2019,2.0
Annual,Percentage,Rural areas,Below 60%,Latvia,2020,3.5
Annual,Percentage,Rural areas,Below 60%,Latvia,2023,1.7
Annual,Percentage,Rural areas,Below 60%,Lithuania,2005,4.0
Annual,Percentage,Rural areas,Below 60%,Lithuania,2006,4.7
Annual,Percentage,Rural areas,Below 60%,Lithuania,2007,2.1
Annual,Percentage,Rural areas,Below 60%,Lithuania,2008,1.7
Annual,Percentage,Rural areas,Below 60%,Lithuania,2009,4.0
Annual,Percentage,Rural areas,Below 60%,Lithuania,2010,1.6
Annual,Percentage,Rural areas,Below 60%,Lithuania,2011,3.2
Annual,Percentage,Rural areas,Below 60%,Lithuania,2012,1.7
Annual,Percentage,Rural areas,Below 60%,Lithuania,2013,5.3
Annual,Percentage,Rural areas,Below 60%,Lithuania,2014,2.8
Annual,Percentage,Rural areas,Below 60%,Lithuania,2015,2.1
Annual,Percentage,Rural areas,Below 60%,Lithuania,2016,2.1
Annual,Percentage,Rural areas,Below 60%,Lithuania,2017,5.9
Annual,Percentage,Rural areas,Below 60%,Lithuania,2018,4.4
Annual,Percentage,Rural areas,Below 60%,Lithuania,2019,1.9
Annual,Percentage,Rural areas,Below 60%,Lithuania,2020,1.9
Annual,Percentage,Rural areas,Below 60%,Lithuania,2023,1.2
Annual,Percentage,Rural areas,Below 60%,Luxembourg,2003,16.8
Annual,Percentage,Rural areas,Below 60%,Luxembourg,2004,10.3
Annual,Percentage,Rural areas,Below 60%,Luxembourg,2005,9.0
Annual,Percentage,Rural areas,Below 60%,Luxembourg,2006,1.0
Annual,Percentage,Rural areas,Below 60%,Luxembourg,2007,4.9
Annual,Percentage,Rural areas,Below 60%,Luxembourg,2008,0.6
Annual,Percentage,Rural areas,Below 60%,Luxembourg,2009,0.5
Annual,Percentage,Rural areas,Below 60%,Luxembourg,2010,6.7
Annual,Percentage,Rural areas,Below 60%,Luxembourg,2011,5.1
Annual,Percentage,Rural areas,Below 60%,Luxembourg,2012,6.7
Annual,Percentage,Rural areas,Below 60%,Luxembourg,2013,7.0
Annual,Percentage,Rural areas,Below 60%,Luxembourg,2014,10.3
Annual,Percentage,Rural areas,Below 60%,Luxembourg,2015,5.2
Annual,Percentage,Rural areas,Below 60%,Luxembourg,2016,9.9
Annual,Percentage,Rural areas,Below 60%,Luxembourg,2017,8.5
Annual,Percentage,Rural areas,Below 60%,Luxembourg,2018,7.6
Annual,Percentage,Rural areas,Below 60%,Luxembourg,2019,8.1
Annual,Percentage,Rural areas,Below 60%,Luxembourg,2020,5.7
Annual,Percentage,Rural areas,Below 60%,Luxembourg,2023,1.9
Annual,Percentage,Rural areas,Below 60%,Hungary,2005,9.4
Annual,Percentage,Rural areas,Below 60%,Hungary,2006,10.6
Annual,Percentage,Rural areas,Below 60%,Hungary,2007,16.9
Annual,Percentage,Rural areas,Below 60%,Hungary,2008,16.5
Annual,Percentage,Rural areas,Below 60%,Hungary,2009,16.1
Annual,Percentage,Rural areas,Below 60%,Hungary,2010,14.4
Annual,Percentage,Rural areas,Below 60%,Hungary,2011,16.3
Annual,Percentage,Rural areas,Below 60%,Hungary,2012,16.1
Annual,Percentage,Rural areas,Below 60%,Hungary,2013,17.2
Annual,Percentage,Rural areas,Below 60%,Hungary,2014,19.9
Annual,Percentage,Rural areas,Below 60%,Hungary,2015,18.5
Annual,Percentage,Rural areas,Below 60%,Hungary,2016,13.9
Annual,Percentage,Rural areas,Below 60%,Hungary,2017,10.8
Annual,Percentage,Rural areas,Below 60%,Hungary,2018,7.4
Annual,Percentage,Rural areas,Below 60%,Hungary,2019,9.1
Annual,Percentage,Rural areas,Below 60%,Hungary,2020,13.9
Annual,Percentage,Rural areas,Below 60%,Hungary,2023,10.8
Annual,Percentage,Rural areas,Below 60%,Malta,2023,6.5
Annual,Percentage,Rural areas,Below 60%,Netherlands,2005,12.1
Annual,Percentage,Rural areas,Below 60%,Netherlands,2006,21.1
Annual,Percentage,Rural areas,Below 60%,Netherlands,2007,3.3
Annual,Percentage,Rural areas,Below 60%,Netherlands,2008,0.5
Annual,Percentage,Rural areas,Below 60%,Netherlands,2009,24.0
Annual,Percentage,Rural areas,Below 60%,Netherlands,2010,1.9
Annual,Percentage,Rural areas,Below 60%,Netherlands,2011,0.0
Annual,Percentage,Rural areas,Below 60%,Netherlands,2012,8.8
Annual,Percentage,Rural areas,Below 60%,Netherlands,2013,9.3
Annual,Percentage,Rural areas,Below 60%,Netherlands,2014,13.8
Annual,Percentage,Rural areas,Below 60%,Netherlands,2015,12.7
Annual,Percentage,Rural areas,Below 60%,Netherlands,2016,8.5
Annual,Percentage,Rural areas,Below 60%,Netherlands,2017,9.8
Annual,Percentage,Rural areas,Below 60%,Netherlands,2018,8.3
Annual,Percentage,Rural areas,Below 60%,Netherlands,2019,9.4
Annual,Percentage,Rural areas,Below 60%,Netherlands,2020,9.8
Annual,Percentage,Rural areas,Below 60%,Netherlands,2023,15.9
Annual,Percentage,Rural areas,Below 60%,Austria,2004,4.1
Annual,Percentage,Rural areas,Below 60%,Austria,2005,5.7
Annual,Percentage,Rural areas,Below 60%,Austria,2006,4.1
Annual,Percentage,Rural areas,Below 60%,Austria,2007,4.4
Annual,Percentage,Rural areas,Below 60%,Austria,2008,3.8
Annual,Percentage,Rural areas,Below 60%,Austria,2009,5.4
Annual,Percentage,Rural areas,Below 60%,Austria,2010,2.1
Annual,Percentage,Rural areas,Below 60%,Austria,2011,4.9
Annual,Percentage,Rural areas,Below 60%,Austria,2012,2.5
Annual,Percentage,Rural areas,Below 60%,Austria,2013,2.5
Annual,Percentage,Rural areas,Below 60%,Austria,2014,5.4
Annual,Percentage,Rural areas,Below 60%,Austria,2015,3.7
Annual,Percentage,Rural areas,Below 60%,Austria,2016,3.8
Annual,Percentage,Rural areas,Below 60%,Austria,2017,5.9
Annual,Percentage,Rural areas,Below 60%,Austria,2018,3.7
Annual,Percentage,Rural areas,Below 60%,Austria,2019,2.6
Annual,Percentage,Rural areas,Below 60%,Austria,2020,1.0
Annual,Percentage,Rural areas,Below 60%,Austria,2023,1.0
Annual,Percentage,Rural areas,Below 60%,Poland,2005,4.3
Annual,Percentage,Rural areas,Below 60%,Poland,2006,3.8
Annual,Percentage,Rural areas,Below 60%,Poland,2007,4.6
Annual,Percentage,Rural areas,Below 60%,Poland,2008,4.0
Annual,Percentage,Rural areas,Below 60%,Poland,2009,4.8
Annual,Percentage,Rural areas,Below 60%,Poland,2010,3.5
Annual,Percentage,Rural areas,Below 60%,Poland,2011,3.5
Annual,Percentage,Rural areas,Below 60%,Poland,2012,1.7
Annual,Percentage,Rural areas,Below 60%,Poland,2013,2.8
Annual,Percentage,Rural areas,Below 60%,Poland,2014,2.2
Annual,Percentage,Rural areas,Below 60%,Poland,2015,2.1
Annual,Percentage,Rural areas,Below 60%,Poland,2016,1.8
Annual,Percentage,Rural areas,Below 60%,Poland,2017,1.3
Annual,Percentage,Rural areas,Below 60%,Poland,2018,2.4
Annual,Percentage,Rural areas,Below 60%,Poland,2019,1.4
Annual,Percentage,Rural areas,Below 60%,Poland,2023,0.4
Annual,Percentage,Rural areas,Below 60%,Portugal,2004,1.8
Annual,Percentage,Rural areas,Below 60%,Portugal,2005,2.8
Annual,Percentage,Rural areas,Below 60%,Portugal,2006,3.1
Annual,Percentage,Rural areas,Below 60%,Portugal,2007,3.2
Annual,Percentage,Rural areas,Below 60%,Portugal,2008,1.4
Annual,Percentage,Rural areas,Below 60%,Portugal,2009,2.1
Annual,Percentage,Rural areas,Below 60%,Portugal,2010,2.0
Annual,Percentage,Rural areas,Below 60%,Portugal,2011,1.9
Annual,Percentage,Rural areas,Below 60%,Portugal,2012,2.4
Annual,Percentage,Rural areas,Below 60%,Portugal,2013,6.9
Annual,Percentage,Rural areas,Below 60%,Portugal,2014,4.2
Annual,Percentage,Rural areas,Below 60%,Portugal,2015,5.2
Annual,Percentage,Rural areas,Below 60%,Portugal,2016,2.6
Annual,Percentage,Rural areas,Below 60%,Portugal,2017,3.1
Annual,Percentage,Rural areas,Below 60%,Portugal,2018,2.9
Annual,Percentage,Rural areas,Below 60%,Portugal,2019,4.0
Annual,Percentage,Rural areas,Below 60%,Portugal,2020,3.4
Annual,Percentage,Rural areas,Below 60%,Portugal,2023,4.5
Annual,Percentage,Rural areas,Below 60%,Romania,2007,15.9
Annual,Percentage,Rural areas,Below 60%,Romania,2008,12.0
Annual,Percentage,Rural areas,Below 60%,Romania,2009,13.1
Annual,Percentage,Rural areas,Below 60%,Romania,2010,13.2
Annual,Percentage,Rural areas,Below 60%,Romania,2011,14.3
Annual,Percentage,Rural areas,Below 60%,Romania,2012,12.1
Annual,Percentage,Rural areas,Below 60%,Romania,2013,13.7
Annual,Percentage,Rural areas,Below 60%,Romania,2014,13.4
Annual,Percentage,Rural areas,Below 60%,Romania,2015,11.3
Annual,Percentage,Rural areas,Below 60%,Romania,2016,11.8
Annual,Percentage,Rural areas,Below 60%,Romania,2017,12.0
Annual,Percentage,Rural areas,Below 60%,Romania,2018,10.9
Annual,Percentage,Rural areas,Below 60%,Romania,2019,10.8
Annual,Percentage,Rural areas,Below 60%,Romania,2020,9.9
Annual,Percentage,Rural areas,Below 60%,Romania,2023,6.5
Annual,Percentage,Rural areas,Below 60%,Slovenia,2005,3.8
Annual,Percentage,Rural areas,Below 60%,Slovenia,2006,5.3
Annual,Percentage,Rural areas,Below 60%,Slovenia,2007,5.0
Annual,Percentage,Rural areas,Below 60%,Slovenia,2008,4.2
Annual,Percentage,Rural areas,Below 60%,Slovenia,2009,6.3
Annual,Percentage,Rural areas,Below 60%,Slovenia,2010,5.1
Annual,Percentage,Rural areas,Below 60%,Slovenia,2011,5.8
Annual,Percentage,Rural areas,Below 60%,Slovenia,2012,5.7
Annual,Percentage,Rural areas,Below 60%,Slovenia,2013,3.9
Annual,Percentage,Rural areas,Below 60%,Slovenia,2014,5.5
Annual,Percentage,Rural areas,Below 60%,Slovenia,2015,5.7
Annual,Percentage,Rural areas,Below 60%,Slovenia,2016,5.4
Annual,Percentage,Rural areas,Below 60%,Slovenia,2017,4.8
Annual,Percentage,Rural areas,Below 60%,Slovenia,2018,5.0
Annual,Percentage,Rural areas,Below 60%,Slovenia,2019,4.1
Annual,Percentage,Rural areas,Below 60%,Slovenia,2020,6.1
Annual,Percentage,Rural areas,Below 60%,Slovenia,2023,5.1
Annual,Percentage,Rural areas,Below 60%,Slovakia,2005,6.4
Annual,Percentage,Rural areas,Below 60%,Slovakia,2006,5.5
Annual,Percentage,Rural areas,Below 60%,Slovakia,2007,6.0
Annual,Percentage,Rural areas,Below 60%,Slovakia,2008,10.9
Annual,Percentage,Rural areas,Below 60%,Slovakia,2009,8.8
Annual,Percentage,Rural areas,Below 60%,Slovakia,2010,6.0
Annual,Percentage,Rural areas,Below 60%,Slovakia,2011,5.8
Annual,Percentage,Rural areas,Below 60%,Slovakia,2012,6.6
Annual,Percentage,Rural areas,Below 60%,Slovakia,2013,10.8
Annual,Percentage,Rural areas,Below 60%,Slovakia,2014,7.5
Annual,Percentage,Rural areas,Below 60%,Slovakia,2015,9.8
Annual,Percentage,Rural areas,Below 60%,Slovakia,2016,9.5
Annual,Percentage,Rural areas,Below 60%,Slovakia,2017,7.8
Annual,Percentage,Rural areas,Below 60%,Slovakia,2018,7.9
Annual,Percentage,Rural areas,Below 60%,Slovakia,2019,10.0
Annual,Percentage,Rural areas,Below 60%,Slovakia,2020,8.1
Annual,Percentage,Rural areas,Below 60%,Slovakia,2023,7.4
Annual,Percentage,Rural areas,Below 60%,Finland,2004,13.5
Annual,Percentage,Rural areas,Below 60%,Finland,2005,13.0
Annual,Percentage,Rural areas,Below 60%,Finland,2006,13.0
Annual,Percentage,Rural areas,Below 60%,Finland,2007,11.4
Annual,Percentage,Rural areas,Below 60%,Finland,2008,11.7
Annual,Percentage,Rural areas,Below 60%,Finland,2009,14.2
Annual,Percentage,Rural areas,Below 60%,Finland,2010,10.0
Annual,Percentage,Rural areas,Below 60%,Finland,2011,8.5
Annual,Percentage,Rural areas,Below 60%,Finland,2012,9.7
Annual,Percentage,Rural areas,Below 60%,Finland,2013,8.4
Annual,Percentage,Rural areas,Below 60%,Finland,2014,5.0
Annual,Percentage,Rural areas,Below 60%,Finland,2015,4.6
Annual,Percentage,Rural areas,Below 60%,Finland,2016,6.2
Annual,Percentage,Rural areas,Below 60%,Finland,2017,5.0
Annual,Percentage,Rural areas,Below 60%,Finland,2018,3.9
Annual,Percentage,Rural areas,Below 60%,Finland,2019,3.9
Annual,Percentage,Rural areas,Below 60%,Finland,2020,6.6
Annual,Percentage,Rural areas,Below 60%,Finland,2023,6.5
Annual,Percentage,Rural areas,Below 60%,Sweden,2004,12.9
Annual,Percentage,Rural areas,Below 60%,Sweden,2005,9.6
Annual,Percentage,Rural areas,Below 60%,Sweden,2006,11.6
Annual,Percentage,Rural areas,Below 60%,Sweden,2007,15.3
Annual,Percentage,Rural areas,Below 60%,Sweden,2008,16.7
Annual,Percentage,Rural areas,Below 60%,Sweden,2009,13.6
Annual,Percentage,Rural areas,Below 60%,Sweden,2010,12.9
Annual,Percentage,Rural areas,Below 60%,Sweden,2011,14.9
Annual,Percentage,Rural areas,Below 60%,Sweden,2012,11.5
Annual,Percentage,Rural areas,Below 60%,Sweden,2013,11.4
Annual,Percentage,Rural areas,Below 60%,Sweden,2014,9.9
Annual,Percentage,Rural areas,Below 60%,Sweden,2015,14.9
Annual,Percentage,Rural areas,Below 60%,Sweden,2016,12.0
Annual,Percentage,Rural areas,Below 60%,Sweden,2017,10.2
Annual,Percentage,Rural areas,Below 60%,Sweden,2018,12.1
Annual,Percentage,Rural areas,Below 60%,Sweden,2019,9.0
Annual,Percentage,Rural areas,Below 60%,Sweden,2020,9.3
Annual,Percentage,Rural areas,Below 60%,Sweden,2023,6.0
Annual,Percentage,Rural areas,Below 60%,Iceland,2004,1.1
Annual,Percentage,Rural areas,Below 60%,Iceland,2005,0.4
Annual,Percentage,Rural areas,Below 60%,Iceland,2006,1.5
Annual,Percentage,Rural areas,Below 60%,Iceland,2007,4.2
Annual,Percentage,Rural areas,Below 60%,Iceland,2008,1.2
Annual,Percentage,Rural areas,Below 60%,Iceland,2009,3.5
Annual,Percentage,Rural areas,Below 60%,Iceland,2010,0.9
Annual,Percentage,Rural areas,Below 60%,Iceland,2011,0.7
Annual,Percentage,Rural areas,Below 60%,Iceland,2012,1.5
Annual,Percentage,Rural areas,Below 60%,Iceland,2013,0.0
Annual,Percentage,Rural areas,Below 60%,Iceland,2014,0.0
Annual,Percentage,Rural areas,Below 60%,Iceland,2015,0.0
Annual,Percentage,Rural areas,Below 60%,Iceland,2016,0.0
Annual,Percentage,Rural areas,Below 60%,Iceland,2017,1.0
Annual,Percentage,Rural areas,Below 60%,Iceland,2018,0.0
Annual,Percentage,Rural areas,Below 60%,Iceland,2019,1.3
Annual,Percentage,Rural areas,Below 60%,Iceland,2020,0.0
Annual,Percentage,Rural areas,Below 60%,Norway,2004,6.6
Annual,Percentage,Rural areas,Below 60%,Norway,2005,2.2
Annual,Percentage,Rural areas,Below 60%,Norway,2006,4.1
Annual,Percentage,Rural areas,Below 60%,Norway,2007,2.6
Annual,Percentage,Rural areas,Below 60%,Norway,2008,5.1
Annual,Percentage,Rural areas,Below 60%,Norway,2009,4.3
Annual,Percentage,Rural areas,Below 60%,Norway,2010,1.3
Annual,Percentage,Rural areas,Below 60%,Norway,2011,4.0
Annual,Percentage,Rural areas,Below 60%,Norway,2012,7.9
Annual,Percentage,Rural areas,Below 60%,Norway,2013,3.5
Annual,Percentage,Rural areas,Below 60%,Norway,2015,2.7
Annual,Percentage,Rural areas,Below 60%,Norway,2016,4.3
Annual,Percentage,Rural areas,Below 60%,Norway,2017,4.6
Annual,Percentage,Rural areas,Below 60%,Norway,2018,1.7
Annual,Percentage,Rural areas,Below 60%,Norway,2019,1.6
Annual,Percentage,Rural areas,Below 60%,Norway,2020,3.9
Annual,Percentage,Rural areas,Below 60%,Norway,2023,6.5
Annual,Percentage,Rural areas,Below 60%,Switzerland,2007,8.8
Annual,Percentage,Rural areas,Below 60%,Switzerland,2008,7.0
Annual,Percentage,Rural areas,Below 60%,Switzerland,2009,7.7
Annual,Percentage,Rural areas,Below 60%,Switzerland,2010,6.2
Annual,Percentage,Rural areas,Below 60%,Switzerland,2011,5.8
Annual,Percentage,Rural areas,Below 60%,Switzerland,2012,9.3
Annual,Percentage,Rural areas,Below 60%,Switzerland,2013,9.9
Annual,Percentage,Rural areas,Below 60%,Switzerland,2014,11.5
Annual,Percentage,Rural areas,Below 60%,Switzerland,2015,7.6
Annual,Percentage,Rural areas,Below 60%,Switzerland,2016,6.4
Annual,Percentage,Rural areas,Below 60%,Switzerland,2017,7.9
Annual,Percentage,Rural areas,Below 60%,Switzerland,2018,5.9
Annual,Percentage,Rural areas,Below 60%,Switzerland,2019,3.2
Annual,Percentage,Rural areas,Below 60%,Switzerland,2020,3.3
Annual,Percentage,Rural areas,Below 60%,Switzerland,2023,4.2
Annual,Percentage,Rural areas,Below 60%,United Kingdom,2005,7.9
Annual,Percentage,Rural areas,Below 60%,United Kingdom,2006,11.0
Annual,Percentage,Rural areas,Below 60%,United Kingdom,2007,11.5
Annual,Percentage,Rural areas,Below 60%,United Kingdom,2008,12.5
Annual,Percentage,Rural areas,Below 60%,United Kingdom,2009,12.9
Annual,Percentage,Rural areas,Below 60%,United Kingdom,2010,12.7
Annual,Percentage,Rural areas,Below 60%,United Kingdom,2011,14.4
Annual,Percentage,Rural areas,Below 60%,United Kingdom,2012,9.2
Annual,Percentage,Rural areas,Below 60%,United Kingdom,2013,10.2
Annual,Percentage,Rural areas,Below 60%,United Kingdom,2014,6.1
Annual,Percentage,Rural areas,Below 60%,United Kingdom,2015,11.0
Annual,Percentage,Rural areas,Below 60%,United Kingdom,2016,11.5
Annual,Percentage,Rural areas,Below 60%,United Kingdom,2017,6.0
Annual,Percentage,Rural areas,Below 60%,United Kingdom,2018,6.8
Annual,Percentage,Rural areas,Below 60%,North Macedonia,2016,2.8
Annual,Percentage,Rural areas,Below 60%,North Macedonia,2017,1.6
Annual,Percentage,Rural areas,Below 60%,North Macedonia,2018,1.2
Annual,Percentage,Rural areas,Below 60%,North Macedonia,2019,6.3
Annual,Percentage,Rural areas,Below 60%,North Macedonia,2020,2.8
Annual,Percentage,Rural areas,Below 60%,North Macedonia,2023,3.4
Annual,Percentage,Rural areas,Below 60%,Albania,2017,0.7
Annual,Percentage,Rural areas,Below 60%,Albania,2018,2.0
Annual,Percentage,Rural areas,Below 60%,Albania,2019,0.5
Annual,Percentage,Rural areas,Below 60%,Albania,2020,0.5
Annual,Percentage,Rural areas,Below 60%,Serbia,2013,13.9
Annual,Percentage,Rural areas,Below 60%,Serbia,2014,11.4
Annual,Percentage,Rural areas,Below 60%,Serbia,2015,7.2
Annual,Percentage,Rural areas,Below 60%,Serbia,2016,7.2
Annual,Percentage,Rural areas,Below 60%,Serbia,2017,7.9
Annual,Percentage,Rural areas,Below 60%,Serbia,2018,9.5
Annual,Percentage,Rural areas,Below 60%,Serbia,2019,4.5
Annual,Percentage,Rural areas,Below 60%,Serbia,2020,4.5
Annual,Percentage,Rural areas,Below 60%,Serbia,2023,5.3
Annual,Percentage,Rural areas,Above 60%,Belgium,2003,11.9
Annual,Percentage,Rural areas,Above 60%,Belgium,2004,8.0
Annual,Percentage,Rural areas,Above 60%,Belgium,2005,14.3
Annual,Percentage,Rural areas,Above 60%,Belgium,2006,16.0
Annual,Percentage,Rural areas,Above 60%,Belgium,2007,15.5
Annual,Percentage,Rural areas,Above 60%,Belgium,2008,14.5
Annual,Percentage,Rural areas,Above 60%,Belgium,2009,7.1
Annual,Percentage,Rural areas,Above 60%,Belgium,2010,10.6
Annual,Percentage,Rural areas,Above 60%,Belgium,2011,7.1
Annual,Percentage,Rural areas,Above 60%,Belgium,2012,8.1
Annual,Percentage,Rural areas,Above 60%,Belgium,2013,13.4
Annual,Percentage,Rural areas,Above 60%,Belgium,2014,10.1
Annual,Percentage,Rural areas,Above 60%,Belgium,2015,11.8
Annual,Percentage,Rural areas,Above 60%,Belgium,2016,8.1
Annual,Percentage,Rural areas,Above 60%,Belgium,2017,8.4
Annual,Percentage,Rural areas,Above 60%,Belgium,2018,10.8
Annual,Percentage,Rural areas,Above 60%,Belgium,2019,10.0
Annual,Percentage,Rural areas,Above 60%,Belgium,2020,8.6
Annual,Percentage,Rural areas,Above 60%,Belgium,2023,5.7
Annual,Percentage,Rural areas,Above 60%,Bulgaria,2005,13.5
Annual,Percentage,Rural areas,Above 60%,Bulgaria,2006,13.5
Annual,Percentage,Rural areas,Above 60%,Bulgaria,2007,18.0
Annual,Percentage,Rural areas,Above 60%,Bulgaria,2008,15.0
Annual,Percentage,Rural areas,Above 60%,Bulgaria,2009,19.7
Annual,Percentage,Rural areas,Above 60%,Bulgaria,2010,18.7
Annual,Percentage,Rural areas,Above 60%,Bulgaria,2011,17.6
Annual,Percentage,Rural areas,Above 60%,Bulgaria,2012,15.8
Annual,Percentage,Rural areas,Above 60%,Bulgaria,2013,16.0
Annual,Percentage,Rural areas,Above 60%,Bulgaria,2014,18.7
Annual,Percentage,Rural areas,Above 60%,Bulgaria,2015,18.1
Annual,Percentage,Rural areas,Above 60%,Bulgaria,2016,16.5
Annual,Percentage,Rural areas,Above 60%,Bulgaria,2017,15.3
Annual,Percentage,Rural areas,Above 60%,Bulgaria,2018,14.8
Annual,Percentage,Rural areas,Above 60%,Bulgaria,2019,12.9
Annual,Percentage,Rural areas,Above 60%,Bulgaria,2020,10.2
Annual,Percentage,Rural areas,Above 60%,Bulgaria,2023,8.9
Annual,Percentage,Rural areas,Above 60%,Czechia,2005,9.0
Annual,Percentage,Rural areas,Above 60%,Czechia,2006,6.9
Annual,Percentage,Rural areas,Above 60%,Czechia,2007,6.7
Annual,Percentage,Rural areas,Above 60%,Czechia,2008,7.0
Annual,Percentage,Rural areas,Above 60%,Czechia,2009,10.7
Annual,Percentage,Rural areas,Above 60%,Czechia,2010,9.6
Annual,Percentage,Rural areas,Above 60%,Czechia,2011,9.9
Annual,Percentage,Rural areas,Above 60%,Czechia,2012,8.5
Annual,Percentage,Rural areas,Above 60%,Czechia,2013,9.6
Annual,Percentage,Rural areas,Above 60%,Czechia,2014,7.7
Annual,Percentage,Rural areas,Above 60%,Czechia,2015,6.9
Annual,Percentage,Rural areas,Above 60%,Czechia,2016,6.4
Annual,Percentage,Rural areas,Above 60%,Czechia,2017,4.3
Annual,Percentage,Rural areas,Above 60%,Czechia,2018,2.8
Annual,Percentage,Rural areas,Above 60%,Czechia,2019,2.8
Annual,Percentage,Rural areas,Above 60%,Czechia,2020,3.2
Annual,Percentage,Rural areas,Above 60%,Czechia,2023,2.5
Annual,Percentage,Rural areas,Above 60%,Denmark,2003,7.4
Annual,Percentage,Rural areas,Above 60%,Denmark,2004,9.4
Annual,Percentage,Rural areas,Above 60%,Denmark,2005,10.3
Annual,Percentage,Rural areas,Above 60%,Denmark,2006,9.3
Annual,Percentage,Rural areas,Above 60%,Denmark,2007,10.2
Annual,Percentage,Rural areas,Above 60%,Denmark,2008,11.4
Annual,Percentage,Rural areas,Above 60%,Denmark,2009,11.2
Annual,Percentage,Rural areas,Above 60%,Denmark,2010,10.8
Annual,Percentage,Rural areas,Above 60%,Denmark,2011,11.2
Annual,Percentage,Rural areas,Above 60%,Denmark,2012,6.5
Annual,Percentage,Rural areas,Above 60%,Denmark,2013,5.8
Annual,Percentage,Rural areas,Above 60%,Denmark,2014,5.4
Annual,Percentage,Rural areas,Above 60%,Denmark,2015,4.8
Annual,Percentage,Rural areas,Above 60%,Denmark,2016,4.1
Annual,Percentage,Rural areas,Above 60%,Denmark,2017,3.8
Annual,Percentage,Rural areas,Above 60%,Denmark,2018,3.7
Annual,Percentage,Rural areas,Above 60%,Denmark,2019,3.7
Annual,Percentage,Rural areas,Above 60%,Denmark,2020,4.6
Annual,Percentage,Rural areas,Above 60%,Denmark,2023,2.3
Annual,Percentage,Rural areas,Above 60%,Germany,2005,6.3
Annual,Percentage,Rural areas,Above 60%,Germany,2006,6.0
Annual,Percentage,Rural areas,Above 60%,Germany,2007,6.1
Annual,Percentage,Rural areas,Above 60%,Germany,2008,4.9
Annual,Percentage,Rural areas,Above 60%,Germany,2009,5.1
Annual,Percentage,Rural areas,Above 60%,Germany,2010,5.5
Annual,Percentage,Rural areas,Above 60%,Germany,2011,5.7
Annual,Percentage,Rural areas,Above 60%,Germany,2012,4.8
Annual,Percentage,Rural areas,Above 60%,Germany,2013,4.2
Annual,Percentage,Rural areas,Above 60%,Germany,2014,4.7
Annual,Percentage,Rural areas,Above 60%,Germany,2015,4.8
Annual,Percentage,Rural areas,Above 60%,Germany,2016,5.3
Annual,Percentage,Rural areas,Above 60%,Germany,2017,4.9
Annual,Percentage,Rural areas,Above 60%,Germany,2018,4.3
Annual,Percentage,Rural areas,Above 60%,Germany,2019,4.3
Annual,Percentage,Rural areas,Above 60%,Germany,2020,1.4
Annual,Percentage,Rural areas,Above 60%,Germany,2023,3.1
Annual,Percentage,Rural areas,Above 60%,Estonia,2004,19.9
Annual,Percentage,Rural areas,Above 60%,Estonia,2005,17.9
Annual,Percentage,Rural areas,Above 60%,Estonia,2006,13.0
Annual,Percentage,Rural areas,Above 60%,Estonia,2007,12.4
Annual,Percentage,Rural areas,Above 60%,Estonia,2008,11.8
Annual,Percentage,Rural areas,Above 60%,Estonia,2009,12.8
Annual,Percentage,Rural areas,Above 60%,Estonia,2010,12.3
Annual,Percentage,Rural areas,Above 60%,Estonia,2011,9.4
Annual,Percentage,Rural areas,Above 60%,Estonia,2012,9.5
Annual,Percentage,Rural areas,Above 60%,Estonia,2013,9.0
Annual,Percentage,Rural areas,Above 60%,Estonia,2014,6.9
Annual,Percentage,Rural areas,Above 60%,Estonia,2015,6.7
Annual,Percentage,Rural areas,Above 60%,Estonia,2016,5.4
Annual,Percentage,Rural areas,Above 60%,Estonia,2017,4.2
Annual,Percentage,Rural areas,Above 60%,Estonia,2018,5.4
Annual,Percentage,Rural areas,Above 60%,Estonia,2019,4.8
Annual,Percentage,Rural areas,Above 60%,Estonia,2020,3.9
Annual,Percentage,Rural areas,Above 60%,Estonia,2023,2.5
Annual,Percentage,Rural areas,Above 60%,Ireland,2003,5.6
Annual,Percentage,Rural areas,Above 60%,Ireland,2004,4.7
Annual,Percentage,Rural areas,Above 60%,Ireland,2005,4.2
Annual,Percentage,Rural areas,Above 60%,Ireland,2006,5.7
Annual,Percentage,Rural areas,Above 60%,Ireland,2007,4.8
Annual,Percentage,Rural areas,Above 60%,Ireland,2008,4.1
Annual,Percentage,Rural areas,Above 60%,Ireland,2009,8.3
Annual,Percentage,Rural areas,Above 60%,Ireland,2010,4.4
Annual,Percentage,Rural areas,Above 60%,Ireland,2011,4.7
Annual,Percentage,Rural areas,Above 60%,Ireland,2012,6.2
Annual,Percentage,Rural areas,Above 60%,Ireland,2013,9.0
Annual,Percentage,Rural areas,Above 60%,Ireland,2014,7.5
Annual,Percentage,Rural areas,Above 60%,Ireland,2015,7.0
Annual,Percentage,Rural areas,Above 60%,Ireland,2016,5.4
Annual,Percentage,Rural areas,Above 60%,Ireland,2017,4.9
Annual,Percentage,Rural areas,Above 60%,Ireland,2018,4.1
Annual,Percentage,Rural areas,Above 60%,Ireland,2019,3.4
Annual,Percentage,Rural areas,Above 60%,Ireland,2020,5.2
Annual,Percentage,Rural areas,Above 60%,Ireland,2023,6.1
Annual,Percentage,Rural areas,Above 60%,Greece,2003,4.9
Annual,Percentage,Rural areas,Above 60%,Greece,2004,5.1
Annual,Percentage,Rural areas,Above 60%,Greece,2005,4.7
Annual,Percentage,Rural areas,Above 60%,Greece,2006,2.8
Annual,Percentage,Rural areas,Above 60%,Greece,2007,2.7
Annual,Percentage,Rural areas,Above 60%,Greece,2008,4.3
Annual,Percentage,Rural areas,Above 60%,Greece,2009,8.3
Annual,Percentage,Rural areas,Above 60%,Greece,2010,6.0
Annual,Percentage,Rural areas,Above 60%,Greece,2011,11.7
Annual,Percentage,Rural areas,Above 60%,Greece,2012,10.4
Annual,Percentage,Rural areas,Above 60%,Greece,2013,8.6
Annual,Percentage,Rural areas,Above 60%,Greece,2014,10.4
Annual,Percentage,Rural areas,Above 60%,Greece,2015,5.0
Annual,Percentage,Rural areas,Above 60%,Greece,2016,5.0
Annual,Percentage,Rural areas,Above 60%,Greece,2017,4.4
Annual,Percentage,Rural areas,Above 60%,Greece,2018,2.7
Annual,Percentage,Rural areas,Above 60%,Greece,2019,5.6
Annual,Percentage,Rural areas,Above 60%,Greece,2020,6.3
Annual,Percentage,Rural areas,Above 60%,Greece,2023,14.6
Annual,Percentage,Rural areas,Above 60%,Spain,2004,8.7
Annual,Percentage,Rural areas,Above 60%,Spain,2005,9.3
Annual,Percentage,Rural areas,Above 60%,Spain,2006,9.7
Annual,Percentage,Rural areas,Above 60%,Spain,2007,11.2
Annual,Percentage,Rural areas,Above 60%,Spain,2008,9.0
Annual,Percentage,Rural areas,Above 60%,Spain,2009,10.3
Annual,Percentage,Rural areas,Above 60%,Spain,2010,7.0
Annual,Percentage,Rural areas,Above 60%,Spain,2011,5.9
Annual,Percentage,Rural areas,Above 60%,Spain,2012,5.6
Annual,Percentage,Rural areas,Above 60%,Spain,2013,8.7
Annual,Percentage,Rural areas,Above 60%,Spain,2014,7.4
Annual,Percentage,Rural areas,Above 60%,Spain,2015,5.0
Annual,Percentage,Rural areas,Above 60%,Spain,2016,5.8
Annual,Percentage,Rural areas,Above 60%,Spain,2017,4.5
Annual,Percentage,Rural areas,Above 60%,Spain,2018,6.2
Annual,Percentage,Rural areas,Above 60%,Spain,2019,7.0
Annual,Percentage,Rural areas,Above 60%,Spain,2020,9.5
Annual,Percentage,Rural areas,Above 60%,Spain,2023,7.7
Annual,Percentage,Rural areas,Above 60%,France,2004,9.4
Annual,Percentage,Rural areas,Above 60%,France,2005,5.4
Annual,Percentage,Rural areas,Above 60%,France,2006,5.8
Annual,Percentage,Rural areas,Above 60%,France,2007,6.9
Annual,Percentage,Rural areas,Above 60%,France,2008,6.4
Annual,Percentage,Rural areas,Above 60%,France,2009,5.8
Annual,Percentage,Rural areas,Above 60%,France,2010,5.7
Annual,Percentage,Rural areas,Above 60%,France,2011,5.6
Annual,Percentage,Rural areas,Above 60%,France,2012,8.0
Annual,Percentage,Rural areas,Above 60%,France,2013,8.5
Annual,Percentage,Rural areas,Above 60%,France,2014,8.9
Annual,Percentage,Rural areas,Above 60%,France,2015,6.9
Annual,Percentage,Rural areas,Above 60%,France,2016,8.1
Annual,Percentage,Rural areas,Above 60%,France,2017,6.9
Annual,Percentage,Rural areas,Above 60%,France,2018,7.2
Annual,Percentage,Rural areas,Above 60%,France,2019,7.4
Annual,Percentage,Rural areas,Above 60%,France,2020,9.1
Annual,Percentage,Rural areas,Above 60%,France,2023,6.7
Annual,Percentage,Rural areas,Above 60%,Croatia,2010,1.2
Annual,Percentage,Rural areas,Above 60%,Croatia,2011,1.6
Annual,Percentage,Rural areas,Above 60%,Croatia,2012,1.0
Annual,Percentage,Rural areas,Above 60%,Croatia,2013,1.5
Annual,Percentage,Rural areas,Above 60%,Croatia,2014,1.1
Annual,Percentage,Rural areas,Above 60%,Croatia,2015,0.7
Annual,Percentage,Rural areas,Above 60%,Croatia,2016,0.5
Annual,Percentage,Rural areas,Above 60%,Croatia,2017,1.3
Annual,Percentage,Rural areas,Above 60%,Croatia,2018,0.9
Annual,Percentage,Rural areas,Above 60%,Croatia,2019,1.2
Annual,Percentage,Rural areas,Above 60%,Croatia,2020,0.9
Annual,Percentage,Rural areas,Above 60%,Croatia,2023,0.3
Annual,Percentage,Rural areas,Above 60%,Italy,2004,3.3
Annual,Percentage,Rural areas,Above 60%,Italy,2005,2.7
Annual,Percentage,Rural areas,Above 60%,Italy,2006,3.1
Annual,Percentage,Rural areas,Above 60%,Italy,2007,3.6
Annual,Percentage,Rural areas,Above 60%,Italy,2008,3.0
Annual,Percentage,Rural areas,Above 60%,Italy,2009,3.7
Annual,Percentage,Rural areas,Above 60%,Italy,2010,3.4
Annual,Percentage,Rural areas,Above 60%,Italy,2011,4.7
Annual,Percentage,Rural areas,Above 60%,Italy,2012,3.9
Annual,Percentage,Rural areas,Above 60%,Italy,2013,5.3
Annual,Percentage,Rural areas,Above 60%,Italy,2014,8.4
Annual,Percentage,Rural areas,Above 60%,Italy,2015,14.7
Annual,Percentage,Rural areas,Above 60%,Italy,2016,9.0
Annual,Percentage,Rural areas,Above 60%,Italy,2017,7.3
Annual,Percentage,Rural areas,Above 60%,Italy,2018,6.3
Annual,Percentage,Rural areas,Above 60%,Italy,2019,5.8
Annual,Percentage,Rural areas,Above 60%,Italy,2020,4.4
Annual,Percentage,Rural areas,Above 60%,Italy,2023,2.8
Annual,Percentage,Rural areas,Above 60%,Cyprus,2005,11.2
Annual,Percentage,Rural areas,Above 60%,Cyprus,2006,12.7
Annual,Percentage,Rural areas,Above 60%,Cyprus,2007,13.2
Annual,Percentage,Rural areas,Above 60%,Cyprus,2008,11.3
Annual,Percentage,Rural areas,Above 60%,Cyprus,2009,7.0
Annual,Percentage,Rural areas,Above 60%,Cyprus,2010,10.8
Annual,Percentage,Rural areas,Above 60%,Cyprus,2011,13.0
Annual,Percentage,Rural areas,Above 60%,Cyprus,2012,11.1
Annual,Percentage,Rural areas,Above 60%,Cyprus,2013,16.3
Annual,Percentage,Rural areas,Above 60%,Cyprus,2014,8.2
Annual,Percentage,Rural areas,Above 60%,Cyprus,2015,10.1
Annual,Percentage,Rural areas,Above 60%,Cyprus,2016,7.8
Annual,Percentage,Rural areas,Above 60%,Cyprus,2017,8.3
Annual,Percentage,Rural areas,Above 60%,Cyprus,2018,7.8
Annual,Percentage,Rural areas,Above 60%,Cyprus,2019,7.9
Annual,Percentage,Rural areas,Above 60%,Cyprus,2020,9.5
Annual,Percentage,Rural areas,Above 60%,Cyprus,2023,10.4
Annual,Percentage,Rural areas,Above 60%,Latvia,2005,14.7
Annual,Percentage,Rural areas,Above 60%,Latvia,2006,24.6
Annual,Percentage,Rural areas,Above 60%,Latvia,2007,22.6
Annual,Percentage,Rural areas,Above 60%,Latvia,2008,22.9
Annual,Percentage,Rural areas,Above 60%,Latvia,2009,19.2
Annual,Percentage,Rural areas,Above 60%,Latvia,2010,15.1
Annual,Percentage,Rural areas,Above 60%,Latvia,2011,12.9
Annual,Percentage,Rural areas,Above 60%,Latvia,2012,13.3
Annual,Percentage,Rural areas,Above 60%,Latvia,2013,5.8
Annual,Percentage,Rural areas,Above 60%,Latvia,2014,7.0
Annual,Percentage,Rural areas,Above 60%,Latvia,2015,4.5
Annual,Percentage,Rural areas,Above 60%,Latvia,2016,3.4
Annual,Percentage,Rural areas,Above 60%,Latvia,2017,3.0
Annual,Percentage,Rural areas,Above 60%,Latvia,2018,1.1
Annual,Percentage,Rural areas,Above 60%,Latvia,2019,1.0
Annual,Percentage,Rural areas,Above 60%,Latvia,2020,2.3
Annual,Percentage,Rural areas,Above 60%,Latvia,2023,1.3
Annual,Percentage,Rural areas,Above 60%,Lithuania,2005,6.0
Annual,Percentage,Rural areas,Above 60%,Lithuania,2006,4.7
Annual,Percentage,Rural areas,Above 60%,Lithuania,2007,3.2
Annual,Percentage,Rural areas,Above 60%,Lithuania,2008,3.2
Annual,Percentage,Rural areas,Above 60%,Lithuania,2009,3.3
Annual,Percentage,Rural areas,Above 60%,Lithuania,2010,2.8
Annual,Percentage,Rural areas,Above 60%,Lithuania,2011,1.5
Annual,Percentage,Rural areas,Above 60%,Lithuania,2012,1.4
Annual,Percentage,Rural areas,Above 60%,Lithuania,2013,2.5
Annual,Percentage,Rural areas,Above 60%,Lithuania,2014,3.5
Annual,Percentage,Rural areas,Above 60%,Lithuania,2015,3.3
Annual,Percentage,Rural areas,Above 60%,Lithuania,2016,2.0
Annual,Percentage,Rural areas,Above 60%,Lithuania,2017,4.0
Annual,Percentage,Rural areas,Above 60%,Lithuania,2018,2.1
Annual,Percentage,Rural areas,Above 60%,Lithuania,2019,1.8
Annual,Percentage,Rural areas,Above 60%,Lithuania,2020,2.2
Annual,Percentage,Rural areas,Above 60%,Lithuania,2023,1.3
Annual,Percentage,Rural areas,Above 60%,Luxembourg,2003,11.6
Annual,Percentage,Rural areas,Above 60%,Luxembourg,2004,11.5
Annual,Percentage,Rural areas,Above 60%,Luxembourg,2005,11.9
Annual,Percentage,Rural areas,Above 60%,Luxembourg,2006,5.1
Annual,Percentage,Rural areas,Above 60%,Luxembourg,2007,5.0
Annual,Percentage,Rural areas,Above 60%,Luxembourg,2008,6.1
Annual,Percentage,Rural areas,Above 60%,Luxembourg,2009,5.6
Annual,Percentage,Rural areas,Above 60%,Luxembourg,2010,2.2
Annual,Percentage,Rural areas,Above 60%,Luxembourg,2011,3.7
Annual,Percentage,Rural areas,Above 60%,Luxembourg,2012,7.5
Annual,Percentage,Rural areas,Above 60%,Luxembourg,2013,10.0
Annual,Percentage,Rural areas,Above 60%,Luxembourg,2014,12.2
Annual,Percentage,Rural areas,Above 60%,Luxembourg,2015,12.0
Annual,Percentage,Rural areas,Above 60%,Luxembourg,2016,9.3
Annual,Percentage,Rural areas,Above 60%,Luxembourg,2017,9.5
Annual,Percentage,Rural areas,Above 60%,Luxembourg,2018,8.8
Annual,Percentage,Rural areas,Above 60%,Luxembourg,2019,6.7
Annual,Percentage,Rural areas,Above 60%,Luxembourg,2020,7.5
Annual,Percentage,Rural areas,Above 60%,Luxembourg,2023,3.1
Annual,Percentage,Rural areas,Above 60%,Hungary,2005,5.0
Annual,Percentage,Rural areas,Above 60%,Hungary,2006,5.0
Annual,Percentage,Rural areas,Above 60%,Hungary,2007,8.6
Annual,Percentage,Rural areas,Above 60%,Hungary,2008,10.2
Annual,Percentage,Rural areas,Above 60%,Hungary,2009,7.6
Annual,Percentage,Rural areas,Above 60%,Hungary,2010,9.4
Annual,Percentage,Rural areas,Above 60%,Hungary,2011,7.4
Annual,Percentage,Rural areas,Above 60%,Hungary,2012,7.9
Annual,Percentage,Rural areas,Above 60%,Hungary,2013,9.9
Annual,Percentage,Rural areas,Above 60%,Hungary,2014,11.4
Annual,Percentage,Rural areas,Above 60%,Hungary,2015,7.3
Annual,Percentage,Rural areas,Above 60%,Hungary,2016,7.1
Annual,Percentage,Rural areas,Above 60%,Hungary,2017,4.7
Annual,Percentage,Rural areas,Above 60%,Hungary,2018,3.3
Annual,Percentage,Rural areas,Above 60%,Hungary,2019,4.8
Annual,Percentage,Rural areas,Above 60%,Hungary,2020,3.7
Annual,Percentage,Rural areas,Above 60%,Hungary,2023,5.2
Annual,Percentage,Rural areas,Above 60%,Malta,2016,0.0
Annual,Percentage,Rural areas,Above 60%,Malta,2023,3.9
Annual,Percentage,Rural areas,Above 60%,Netherlands,2005,11.5
Annual,Percentage,Rural areas,Above 60%,Netherlands,2006,6.6
Annual,Percentage,Rural areas,Above 60%,Netherlands,2007,8.7
Annual,Percentage,Rural areas,Above 60%,Netherlands,2008,8.6
Annual,Percentage,Rural areas,Above 60%,Netherlands,2009,8.1
Annual,Percentage,Rural areas,Above 60%,Netherlands,2010,9.1
Annual,Percentage,Rural areas,Above 60%,Netherlands,2011,10.9
Annual,Percentage,Rural areas,Above 60%,Netherlands,2012,8.8
Annual,Percentage,Rural areas,Above 60%,Netherlands,2013,9.0
Annual,Percentage,Rural areas,Above 60%,Netherlands,2014,10.4
Annual,Percentage,Rural areas,Above 60%,Netherlands,2015,8.8
Annual,Percentage,Rural areas,Above 60%,Netherlands,2016,8.0
Annual,Percentage,Rural areas,Above 60%,Netherlands,2017,7.9
Annual,Percentage,Rural areas,Above 60%,Netherlands,2018,8.1
Annual,Percentage,Rural areas,Above 60%,Netherlands,2019,9.4
Annual,Percentage,Rural areas,Above 60%,Netherlands,2020,7.3
Annual,Percentage,Rural areas,Above 60%,Netherlands,2023,8.9
Annual,Percentage,Rural areas,Above 60%,Austria,2004,2.8
Annual,Percentage,Rural areas,Above 60%,Austria,2005,4.6
Annual,Percentage,Rural areas,Above 60%,Austria,2006,4.6
Annual,Percentage,Rural areas,Above 60%,Austria,2007,4.7
Annual,Percentage,Rural areas,Above 60%,Austria,2008,3.3
Annual,Percentage,Rural areas,Above 60%,Austria,2009,6.9
Annual,Percentage,Rural areas,Above 60%,Austria,2010,7.2
Annual,Percentage,Rural areas,Above 60%,Austria,2011,5.8
Annual,Percentage,Rural areas,Above 60%,Austria,2012,6.4
Annual,Percentage,Rural areas,Above 60%,Austria,2013,5.9
Annual,Percentage,Rural areas,Above 60%,Austria,2014,7.1
Annual,Percentage,Rural areas,Above 60%,Austria,2015,7.7
Annual,Percentage,Rural areas,Above 60%,Austria,2016,6.5
Annual,Percentage,Rural areas,Above 60%,Austria,2017,5.5
Annual,Percentage,Rural areas,Above 60%,Austria,2018,5.4
Annual,Percentage,Rural areas,Above 60%,Austria,2019,3.0
Annual,Percentage,Rural areas,Above 60%,Austria,2020,2.6
Annual,Percentage,Rural areas,Above 60%,Austria,2023,2.6
Annual,Percentage,Rural areas,Above 60%,Poland,2005,3.6
Annual,Percentage,Rural areas,Above 60%,Poland,2006,3.1
Annual,Percentage,Rural areas,Above 60%,Poland,2007,2.9
Annual,Percentage,Rural areas,Above 60%,Poland,2008,3.4
Annual,Percentage,Rural areas,Above 60%,Poland,2009,2.9
Annual,Percentage,Rural areas,Above 60%,Poland,2010,2.6
Annual,Percentage,Rural areas,Above 60%,Poland,2011,2.5
Annual,Percentage,Rural areas,Above 60%,Poland,2012,2.0
Annual,Percentage,Rural areas,Above 60%,Poland,2013,2.1
Annual,Percentage,Rural areas,Above 60%,Poland,2014,2.6
Annual,Percentage,Rural areas,Above 60%,Poland,2015,2.0
Annual,Percentage,Rural areas,Above 60%,Poland,2016,2.1
Annual,Percentage,Rural areas,Above 60%,Poland,2017,1.7
Annual,Percentage,Rural areas,Above 60%,Poland,2018,2.0
Annual,Percentage,Rural areas,Above 60%,Poland,2019,1.6
Annual,Percentage,Rural areas,Above 60%,Poland,2023,1.2
Annual,Percentage,Rural areas,Above 60%,Portugal,2004,3.9
Annual,Percentage,Rural areas,Above 60%,Portugal,2005,3.9
Annual,Percentage,Rural areas,Above 60%,Portugal,2006,3.0
Annual,Percentage,Rural areas,Above 60%,Portugal,2007,3.0
Annual,Percentage,Rural areas,Above 60%,Portugal,2008,1.6
Annual,Percentage,Rural areas,Above 60%,Portugal,2009,3.3
Annual,Percentage,Rural areas,Above 60%,Portugal,2010,2.5
Annual,Percentage,Rural areas,Above 60%,Portugal,2011,2.8
Annual,Percentage,Rural areas,Above 60%,Portugal,2012,5.7
Annual,Percentage,Rural areas,Above 60%,Portugal,2013,6.7
Annual,Percentage,Rural areas,Above 60%,Portugal,2014,5.7
Annual,Percentage,Rural areas,Above 60%,Portugal,2015,4.6
Annual,Percentage,Rural areas,Above 60%,Portugal,2016,3.7
Annual,Percentage,Rural areas,Above 60%,Portugal,2017,4.4
Annual,Percentage,Rural areas,Above 60%,Portugal,2018,2.9
Annual,Percentage,Rural areas,Above 60%,Portugal,2019,3.1
Annual,Percentage,Rural areas,Above 60%,Portugal,2020,4.6
Annual,Percentage,Rural areas,Above 60%,Portugal,2023,2.6
Annual,Percentage,Rural areas,Above 60%,Romania,2007,11.3
Annual,Percentage,Rural areas,Above 60%,Romania,2008,8.4
Annual,Percentage,Rural areas,Above 60%,Romania,2009,11.6
Annual,Percentage,Rural areas,Above 60%,Romania,2010,10.7
Annual,Percentage,Rural areas,Above 60%,Romania,2011,11.8
Annual,Percentage,Rural areas,Above 60%,Romania,2012,9.0
Annual,Percentage,Rural areas,Above 60%,Romania,2013,15.4
Annual,Percentage,Rural areas,Above 60%,Romania,2014,11.5
Annual,Percentage,Rural areas,Above 60%,Romania,2015,9.8
Annual,Percentage,Rural areas,Above 60%,Romania,2016,10.1
Annual,Percentage,Rural areas,Above 60%,Romania,2017,7.0
Annual,Percentage,Rural areas,Above 60%,Romania,2018,9.4
Annual,Percentage,Rural areas,Above 60%,Romania,2019,6.7
Annual,Percentage,Rural areas,Above 60%,Romania,2020,7.2
Annual,Percentage,Rural areas,Above 60%,Romania,2023,4.0
Annual,Percentage,Rural areas,Above 60%,Slovenia,2005,4.9
Annual,Percentage,Rural areas,Above 60%,Slovenia,2006,5.5
Annual,Percentage,Rural areas,Above 60%,Slovenia,2007,5.4
Annual,Percentage,Rural areas,Above 60%,Slovenia,2008,4.4
Annual,Percentage,Rural areas,Above 60%,Slovenia,2009,6.3
Annual,Percentage,Rural areas,Above 60%,Slovenia,2010,5.3
Annual,Percentage,Rural areas,Above 60%,Slovenia,2011,5.3
Annual,Percentage,Rural areas,Above 60%,Slovenia,2012,5.3
Annual,Percentage,Rural areas,Above 60%,Slovenia,2013,6.8
Annual,Percentage,Rural areas,Above 60%,Slovenia,2014,7.6
Annual,Percentage,Rural areas,Above 60%,Slovenia,2015,6.4
Annual,Percentage,Rural areas,Above 60%,Slovenia,2016,5.5
Annual,Percentage,Rural areas,Above 60%,Slovenia,2017,5.4
Annual,Percentage,Rural areas,Above 60%,Slovenia,2018,6.1
Annual,Percentage,Rural areas,Above 60%,Slovenia,2019,6.5
Annual,Percentage,Rural areas,Above 60%,Slovenia,2020,5.3
Annual,Percentage,Rural areas,Above 60%,Slovenia,2023,5.1
Annual,Percentage,Rural areas,Above 60%,Slovakia,2005,5.3
Annual,Percentage,Rural areas,Above 60%,Slovakia,2006,4.7
Annual,Percentage,Rural areas,Above 60%,Slovakia,2007,4.4
Annual,Percentage,Rural areas,Above 60%,Slovakia,2008,6.1
Annual,Percentage,Rural areas,Above 60%,Slovakia,2009,6.8
Annual,Percentage,Rural areas,Above 60%,Slovakia,2010,5.8
Annual,Percentage,Rural areas,Above 60%,Slovakia,2011,5.9
Annual,Percentage,Rural areas,Above 60%,Slovakia,2012,6.3
Annual,Percentage,Rural areas,Above 60%,Slovakia,2013,5.2
Annual,Percentage,Rural areas,Above 60%,Slovakia,2014,4.5
Annual,Percentage,Rural areas,Above 60%,Slovakia,2015,4.1
Annual,Percentage,Rural areas,Above 60%,Slovakia,2016,3.2
Annual,Percentage,Rural areas,Above 60%,Slovakia,2017,2.8
Annual,Percentage,Rural areas,Above 60%,Slovakia,2018,2.1
Annual,Percentage,Rural areas,Above 60%,Slovakia,2019,3.0
Annual,Percentage,Rural areas,Above 60%,Slovakia,2020,2.4
Annual,Percentage,Rural areas,Above 60%,Slovakia,2023,1.8
Annual,Percentage,Rural areas,Above 60%,Finland,2004,10.6
Annual,Percentage,Rural areas,Above 60%,Finland,2005,10.2
Annual,Percentage,Rural areas,Above 60%,Finland,2006,9.5
Annual,Percentage,Rural areas,Above 60%,Finland,2007,7.8
Annual,Percentage,Rural areas,Above 60%,Finland,2008,7.8
Annual,Percentage,Rural areas,Above 60%,Finland,2009,7.9
Annual,Percentage,Rural areas,Above 60%,Finland,2010,4.4
Annual,Percentage,Rural areas,Above 60%,Finland,2011,4.9
Annual,Percentage,Rural areas,Above 60%,Finland,2012,5.2
Annual,Percentage,Rural areas,Above 60%,Finland,2013,5.2
Annual,Percentage,Rural areas,Above 60%,Finland,2014,3.8
Annual,Percentage,Rural areas,Above 60%,Finland,2015,3.6
Annual,Percentage,Rural areas,Above 60%,Finland,2016,3.1
Annual,Percentage,Rural areas,Above 60%,Finland,2017,2.8
Annual,Percentage,Rural areas,Above 60%,Finland,2018,3.0
Annual,Percentage,Rural areas,Above 60%,Finland,2019,3.7
Annual,Percentage,Rural areas,Above 60%,Finland,2020,2.8
Annual,Percentage,Rural areas,Above 60%,Finland,2023,5.4
Annual,Percentage,Rural areas,Above 60%,Sweden,2004,7.9
Annual,Percentage,Rural areas,Above 60%,Sweden,2005,8.1
Annual,Percentage,Rural areas,Above 60%,Sweden,2006,10.8
Annual,Percentage,Rural areas,Above 60%,Sweden,2007,10.9
Annual,Percentage,Rural areas,Above 60%,Sweden,2008,10.5
Annual,Percentage,Rural areas,Above 60%,Sweden,2009,10.1
Annual,Percentage,Rural areas,Above 60%,Sweden,2010,7.3
Annual,Percentage,Rural areas,Above 60%,Sweden,2011,7.2
Annual,Percentage,Rural areas,Above 60%,Sweden,2012,7.1
Annual,Percentage,Rural areas,Above 60%,Sweden,2013,5.7
Annual,Percentage,Rural areas,Above 60%,Sweden,2014,5.0
Annual,Percentage,Rural areas,Above 60%,Sweden,2015,6.5
Annual,Percentage,Rural areas,Above 60%,Sweden,2016,8.9
Annual,Percentage,Rural areas,Above 60%,Sweden,2017,9.3
Annual,Percentage,Rural areas,Above 60%,Sweden,2018,10.0
Annual,Percentage,Rural areas,Above 60%,Sweden,2019,9.1
Annual,Percentage,Rural areas,Above 60%,Sweden,2020,8.3
Annual,Percentage,Rural areas,Above 60%,Sweden,2023,6.0
Annual,Percentage,Rural areas,Above 60%,Iceland,2004,2.0
Annual,Percentage,Rural areas,Above 60%,Iceland,2005,1.9
Annual,Percentage,Rural areas,Above 60%,Iceland,2006,0.9
Annual,Percentage,Rural areas,Above 60%,Iceland,2007,1.5
Annual,Percentage,Rural areas,Above 60%,Iceland,2008,1.4
Annual,Percentage,Rural areas,Above 60%,Iceland,2009,1.9
Annual,Percentage,Rural areas,Above 60%,Iceland,2010,1.4
Annual,Percentage,Rural areas,Above 60%,Iceland,2011,0.9
Annual,Percentage,Rural areas,Above 60%,Iceland,2012,1.7
Annual,Percentage,Rural areas,Above 60%,Iceland,2013,1.7
Annual,Percentage,Rural areas,Above 60%,Iceland,2014,0.1
Annual,Percentage,Rural areas,Above 60%,Iceland,2015,0.2
Annual,Percentage,Rural areas,Above 60%,Iceland,2016,0.6
Annual,Percentage,Rural areas,Above 60%,Iceland,2017,1.1
Annual,Percentage,Rural areas,Above 60%,Iceland,2018,1.0
Annual,Percentage,Rural areas,Above 60%,Iceland,2019,0.8
Annual,Percentage,Rural areas,Above 60%,Iceland,2020,0.7
Annual,Percentage,Rural areas,Above 60%,Norway,2004,2.4
Annual,Percentage,Rural areas,Above 60%,Norway,2005,1.6
Annual,Percentage,Rural areas,Above 60%,Norway,2006,1.2
Annual,Percentage,Rural areas,Above 60%,Norway,2007,1.7
Annual,Percentage,Rural areas,Above 60%,Norway,2008,2.0
Annual,Percentage,Rural areas,Above 60%,Norway,2009,2.1
Annual,Percentage,Rural areas,Above 60%,Norway,2010,2.4
Annual,Percentage,Rural areas,Above 60%,Norway,2011,2.4
Annual,Percentage,Rural areas,Above 60%,Norway,2012,2.6
Annual,Percentage,Rural areas,Above 60%,Norway,2013,2.7
Annual,Percentage,Rural areas,Above 60%,Norway,2015,3.4
Annual,Percentage,Rural areas,Above 60%,Norway,2016,2.1
Annual,Percentage,Rural areas,Above 60%,Norway,2017,1.7
Annual,Percentage,Rural areas,Above 60%,Norway,2018,1.9
Annual,Percentage,Rural areas,Above 60%,Norway,2019,1.6
Annual,Percentage,Rural areas,Above 60%,Norway,2020,1.9
Annual,Percentage,Rural areas,Above 60%,Norway,2023,2.0
Annual,Percentage,Rural areas,Above 60%,Switzerland,2007,5.9
Annual,Percentage,Rural areas,Above 60%,Switzerland,2008,5.9
Annual,Percentage,Rural areas,Above 60%,Switzerland,2009,4.8
Annual,Percentage,Rural areas,Above 60%,Switzerland,2010,4.8
Annual,Percentage,Rural areas,Above 60%,Switzerland,2011,4.2
Annual,Percentage,Rural areas,Above 60%,Switzerland,2012,10.0
Annual,Percentage,Rural areas,Above 60%,Switzerland,2013,9.5
Annual,Percentage,Rural areas,Above 60%,Switzerland,2014,9.9
Annual,Percentage,Rural areas,Above 60%,Switzerland,2015,6.6
Annual,Percentage,Rural areas,Above 60%,Switzerland,2016,7.5
Annual,Percentage,Rural areas,Above 60%,Switzerland,2017,5.7
Annual,Percentage,Rural areas,Above 60%,Switzerland,2018,3.6
Annual,Percentage,Rural areas,Above 60%,Switzerland,2019,2.5
Annual,Percentage,Rural areas,Above 60%,Switzerland,2020,2.9
Annual,Percentage,Rural areas,Above 60%,Switzerland,2023,5.0
Annual,Percentage,Rural areas,Above 60%,United Kingdom,2005,13.0
Annual,Percentage,Rural areas,Above 60%,United Kingdom,2006,12.6
Annual,Percentage,Rural areas,Above 60%,United Kingdom,2007,13.9
Annual,Percentage,Rural areas,Above 60%,United Kingdom,2008,14.5
Annual,Percentage,Rural areas,Above 60%,United Kingdom,2009,14.5
Annual,Percentage,Rural areas,Above 60%,United Kingdom,2010,13.0
Annual,Percentage,Rural areas,Above 60%,United Kingdom,2011,11.6
Annual,Percentage,Rural areas,Above 60%,United Kingdom,2012,9.5
Annual,Percentage,Rural areas,Above 60%,United Kingdom,2013,8.2
Annual,Percentage,Rural areas,Above 60%,United Kingdom,2014,7.9
Annual,Percentage,Rural areas,Above 60%,United Kingdom,2015,9.6
Annual,Percentage,Rural areas,Above 60%,United Kingdom,2016,6.9
Annual,Percentage,Rural areas,Above 60%,United Kingdom,2017,7.6
Annual,Percentage,Rural areas,Above 60%,United Kingdom,2018,11.3
Annual,Percentage,Rural areas,Above 60%,North Macedonia,2016,2.9
Annual,Percentage,Rural areas,Above 60%,North Macedonia,2017,2.3
Annual,Percentage,Rural areas,Above 60%,North Macedonia,2018,2.5
Annual,Percentage,Rural areas,Above 60%,North Macedonia,2019,5.0
Annual,Percentage,Rural areas,Above 60%,North Macedonia,2020,4.2
Annual,Percentage,Rural areas,Above 60%,North Macedonia,2023,3.4
Annual,Percentage,Rural areas,Above 60%,Albania,2017,0.7
Annual,Percentage,Rural areas,Above 60%,Albania,2018,0.9
Annual,Percentage,Rural areas,Above 60%,Albania,2019,0.4
Annual,Percentage,Rural areas,Above 60%,Albania,2020,0.3
Annual,Percentage,Rural areas,Above 60%,Serbia,2013,12.2
Annual,Percentage,Rural areas,Above 60%,Serbia,2014,9.9
Annual,Percentage,Rural areas,Above 60%,Serbia,2015,9.4
Annual,Percentage,Rural areas,Above 60%,Serbia,2016,8.5
Annual,Percentage,Rural areas,Above 60%,Serbia,2017,8.2
Annual,Percentage,Rural areas,Above 60%,Serbia,2018,8.5
Annual,Percentage,Rural areas,Above 60%,Serbia,2019,5.4
Annual,Percentage,Rural areas,Above 60%,Serbia,2020,5.3
Annual,Percentage,Rural areas,Above 60%,Serbia,2023,3.8
Annual,Percentage,Rural areas,Total,Belgium,2003,11.6
Annual,Percentage,Rural areas,Total,Belgium,2004,9.0
Annual,Percentage,Rural areas,Total,Belgium,2005,14.7
Annual,Percentage,Rural areas,Total,Belgium,2006,15.0
Annual,Percentage,Rural areas,Total,Belgium,2007,16.6
Annual,Percentage,Rural areas,Total,Belgium,2008,14.2
Annual,Percentage,Rural areas,Total,Belgium,2009,7.0
Annual,Percentage,Rural areas,Total,Belgium,2010,11.0
Annual,Percentage,Rural areas,Total,Belgium,2011,6.3
Annual,Percentage,Rural areas,Total,Belgium,2012,8.1
Annual,Percentage,Rural areas,Total,Belgium,2013,13.4
Annual,Percentage,Rural areas,Total,Belgium,2014,10.1
Annual,Percentage,Rural areas,Total,Belgium,2015,12.1
Annual,Percentage,Rural areas,Total,Belgium,2016,9.0
Annual,Percentage,Rural areas,Total,Belgium,2017,10.0
Annual,Percentage,Rural areas,Total,Belgium,2018,12.0
Annual,Percentage,Rural areas,Total,Belgium,2019,10.9
Annual,Percentage,Rural areas,Total,Belgium,2020,8.1
Annual,Percentage,Rural areas,Total,Belgium,2023,6.1
Annual,Percentage,Rural areas,Total,Bulgaria,2005,14.7
Annual,Percentage,Rural areas,Total,Bulgaria,2006,14.7
Annual,Percentage,Rural areas,Total,Bulgaria,2007,19.7
Annual,Percentage,Rural areas,Total,Bulgaria,2008,17.2
Annual,Percentage,Rural areas,Total,Bulgaria,2009,21.6
Annual,Percentage,Rural areas,Total,Bulgaria,2010,21.3
Annual,Percentage,Rural areas,Total,Bulgaria,2011,19.8
Annual,Percentage,Rural areas,Total,Bulgaria,2012,17.5
Annual,Percentage,Rural areas,Total,Bulgaria,2013,18.7
Annual,Percentage,Rural areas,Total,Bulgaria,2014,19.9
Annual,Percentage,Rural areas,Total,Bulgaria,2015,19.7
Annual,Percentage,Rural areas,Total,Bulgaria,2016,17.2
Annual,Percentage,Rural areas,Total,Bulgaria,2017,17.8
Annual,Percentage,Rural areas,Total,Bulgaria,2018,17.5
Annual,Percentage,Rural areas,Total,Bulgaria,2019,14.3
Annual,Percentage,Rural areas,Total,Bulgaria,2020,12.9
Annual,Percentage,Rural areas,Total,Bulgaria,2023,9.3
Annual,Percentage,Rural areas,Total,Czechia,2005,10.4
Annual,Percentage,Rural areas,Total,Czechia,2006,7.8
Annual,Percentage,Rural areas,Total,Czechia,2007,7.2
Annual,Percentage,Rural areas,Total,Czechia,2008,7.6
Annual,Percentage,Rural areas,Total,Czechia,2009,10.9
Annual,Percentage,Rural areas,Total,Czechia,2010,9.5
Annual,Percentage,Rural areas,Total,Czechia,2011,9.9
Annual,Percentage,Rural areas,Total,Czechia,2012,8.7
Annual,Percentage,Rural areas,Total,Czechia,2013,9.4
Annual,Percentage,Rural areas,Total,Czechia,2014,7.6
Annual,Percentage,Rural areas,Total,Czechia,2015,6.8
Annual,Percentage,Rural areas,Total,Czechia,2016,6.6
Annual,Percentage,Rural areas,Total,Czechia,2017,4.2
Annual,Percentage,Rural areas,Total,Czechia,2018,3.4
Annual,Percentage,Rural areas,Total,Czechia,2019,3.2
Annual,Percentage,Rural areas,Total,Czechia,2020,3.1
Annual,Percentage,Rural areas,Total,Czechia,2023,2.6
Annual,Percentage,Rural areas,Total,Denmark,2003,6.8
Annual,Percentage,Rural areas,Total,Denmark,2004,9.7
Annual,Percentage,Rural areas,Total,Denmark,2005,10.1
Annual,Percentage,Rural areas,Total,Denmark,2006,9.6
Annual,Percentage,Rural areas,Total,Denmark,2007,10.9
Annual,Percentage,Rural areas,Total,Denmark,2008,11.4
Annual,Percentage,Rural areas,Total,Denmark,2009,10.8
Annual,Percentage,Rural areas,Total,Denmark,2010,10.3
Annual,Percentage,Rural areas,Total,Denmark,2011,11.6
Annual,Percentage,Rural areas,Total,Denmark,2012,6.3
Annual,Percentage,Rural areas,Total,Denmark,2013,5.3
Annual,Percentage,Rural areas,Total,Denmark,2014,5.3
Annual,Percentage,Rural areas,Total,Denmark,2015,5.0
Annual,Percentage,Rural areas,Total,Denmark,2016,4.0
Annual,Percentage,Rural areas,Total,Denmark,2017,4.0
Annual,Percentage,Rural areas,Total,Denmark,2018,3.8
Annual,Percentage,Rural areas,Total,Denmark,2019,3.9
Annual,Percentage,Rural areas,Total,Denmark,2020,4.6
Annual,Percentage,Rural areas,Total,Denmark,2023,2.4
Annual,Percentage,Rural areas,Total,Germany,2005,6.7
Annual,Percentage,Rural areas,Total,Germany,2006,6.2
Annual,Percentage,Rural areas,Total,Germany,2007,6.9
Annual,Percentage,Rural areas,Total,Germany,2008,6.1
Annual,Percentage,Rural areas,Total,Germany,2009,7.1
Annual,Percentage,Rural areas,Total,Germany,2010,6.5
Annual,Percentage,Rural areas,Total,Germany,2011,6.6
Annual,Percentage,Rural areas,Total,Germany,2012,5.5
Annual,Percentage,Rural areas,Total,Germany,2013,4.8
Annual,Percentage,Rural areas,Total,Germany,2014,5.3
Annual,Percentage,Rural areas,Total,Germany,2015,5.1
Annual,Percentage,Rural areas,Total,Germany,2016,5.9
Annual,Percentage,Rural areas,Total,Germany,2017,5.7
Annual,Percentage,Rural areas,Total,Germany,2018,5.2
Annual,Percentage,Rural areas,Total,Germany,2019,5.2
Annual,Percentage,Rural areas,Total,Germany,2020,1.5
Annual,Percentage,Rural areas,Total,Germany,2023,3.2
Annual,Percentage,Rural areas,Total,Estonia,2004,20.1
Annual,Percentage,Rural areas,Total,Estonia,2005,16.6
Annual,Percentage,Rural areas,Total,Estonia,2006,13.2
Annual,Percentage,Rural areas,Total,Estonia,2007,12.6
Annual,Percentage,Rural areas,Total,Estonia,2008,12.1
Annual,Percentage,Rural areas,Total,Estonia,2009,12.3
Annual,Percentage,Rural areas,Total,Estonia,2010,12.4
Annual,Percentage,Rural areas,Total,Estonia,2011,9.5
Annual,Percentage,Rural areas,Total,Estonia,2012,9.8
Annual,Percentage,Rural areas,Total,Estonia,2013,10.1
Annual,Percentage,Rural areas,Total,Estonia,2014,7.3
Annual,Percentage,Rural areas,Total,Estonia,2015,6.9
Annual,Percentage,Rural areas,Total,Estonia,2016,5.3
Annual,Percentage,Rural areas,Total,Estonia,2017,4.2
Annual,Percentage,Rural areas,Total,Estonia,2018,5.4
Annual,Percentage,Rural areas,Total,Estonia,2019,4.7
Annual,Percentage,Rural areas,Total,Estonia,2020,4.3
Annual,Percentage,Rural areas,Total,Estonia,2023,2.4
Annual,Percentage,Rural areas,Total,Ireland,2003,5.0
Annual,Percentage,Rural areas,Total,Ireland,2004,5.0
Annual,Percentage,Rural areas,Total,Ireland,2005,4.4
Annual,Percentage,Rural areas,Total,Ireland,2006,5.3
Annual,Percentage,Rural areas,Total,Ireland,2007,5.3
Annual,Percentage,Rural areas,Total,Ireland,2008,4.3
Annual,Percentage,Rural areas,Total,Ireland,2009,7.5
Annual,Percentage,Rural areas,Total,Ireland,2010,4.8
Annual,Percentage,Rural areas,Total,Ireland,2011,4.8
Annual,Percentage,Rural areas,Total,Ireland,2012,6.4
Annual,Percentage,Rural areas,Total,Ireland,2013,8.6
Annual,Percentage,Rural areas,Total,Ireland,2014,7.6
Annual,Percentage,Rural areas,Total,Ireland,2015,7.3
Annual,Percentage,Rural areas,Total,Ireland,2016,5.7
Annual,Percentage,Rural areas,Total,Ireland,2017,5.0
Annual,Percentage,Rural areas,Total,Ireland,2018,4.7
Annual,Percentage,Rural areas,Total,Ireland,2019,3.5
Annual,Percentage,Rural areas,Total,Ireland,2020,5.4
Annual,Percentage,Rural areas,Total,Ireland,2023,6.5
Annual,Percentage,Rural areas,Total,Greece,2003,4.1
Annual,Percentage,Rural areas,Total,Greece,2004,4.6
Annual,Percentage,Rural areas,Total,Greece,2005,4.2
Annual,Percentage,Rural areas,Total,Greece,2006,2.4
Annual,Percentage,Rural areas,Total,Greece,2007,2.4
Annual,Percentage,Rural areas,Total,Greece,2008,3.9
Annual,Percentage,Rural areas,Total,Greece,2009,7.8
Annual,Percentage,Rural areas,Total,Greece,2010,5.5
Annual,Percentage,Rural areas,Total,Greece,2011,10.6
Annual,Percentage,Rural areas,Total,Greece,2012,9.9
Annual,Percentage,Rural areas,Total,Greece,2013,8.7
Annual,Percentage,Rural areas,Total,Greece,2014,9.5
Annual,Percentage,Rural areas,Total,Greece,2015,5.0
Annual,Percentage,Rural areas,Total,Greece,2016,4.7
Annual,Percentage,Rural areas,Total,Greece,2017,4.6
Annual,Percentage,Rural areas,Total,Greece,2018,2.9
Annual,Percentage,Rural areas,Total,Greece,2019,5.7
Annual,Percentage,Rural areas,Total,Greece,2020,6.2
Annual,Percentage,Rural areas,Total,Greece,2023,16.4
Annual,Percentage,Rural areas,Total,Spain,2004,8.9
Annual,Percentage,Rural areas,Total,Spain,2005,8.9
Annual,Percentage,Rural areas,Total,Spain,2006,9.6
Annual,Percentage,Rural areas,Total,Spain,2007,11.1
Annual,Percentage,Rural areas,Total,Spain,2008,8.5
Annual,Percentage,Rural areas,Total,Spain,2009,9.9
Annual,Percentage,Rural areas,Total,Spain,2010,7.0
Annual,Percentage,Rural areas,Total,Spain,2011,6.0
Annual,Percentage,Rural areas,Total,Spain,2012,5.5
Annual,Percentage,Rural areas,Total,Spain,2013,8.4
Annual,Percentage,Rural areas,Total,Spain,2014,7.7
Annual,Percentage,Rural areas,Total,Spain,2015,4.9
Annual,Percentage,Rural areas,Total,Spain,2016,6.3
Annual,Percentage,Rural areas,Total,Spain,2017,4.7
Annual,Percentage,Rural areas,Total,Spain,2018,6.1
Annual,Percentage,Rural areas,Total,Spain,2019,6.6
Annual,Percentage,Rural areas,Total,Spain,2020,9.5
Annual,Percentage,Rural areas,Total,Spain,2023,7.9
Annual,Percentage,Rural areas,Total,France,2004,9.2
Annual,Percentage,Rural areas,Total,France,2005,5.7
Annual,Percentage,Rural areas,Total,France,2006,6.0
Annual,Percentage,Rural areas,Total,France,2007,6.6
Annual,Percentage,Rural areas,Total,France,2008,6.1
Annual,Percentage,Rural areas,Total,France,2009,5.6
Annual,Percentage,Rural areas,Total,France,2010,6.2
Annual,Percentage,Rural areas,Total,France,2011,5.7
Annual,Percentage,Rural areas,Total,France,2012,8.0
Annual,Percentage,Rural areas,Total,France,2013,8.5
Annual,Percentage,Rural areas,Total,France,2014,8.6
Annual,Percentage,Rural areas,Total,France,2015,6.9
Annual,Percentage,Rural areas,Total,France,2016,7.9
Annual,Percentage,Rural areas,Total,France,2017,6.8
Annual,Percentage,Rural areas,Total,France,2018,7.2
Annual,Percentage,Rural areas,Total,France,2019,7.5
Annual,Percentage,Rural areas,Total,France,2020,9.2
Annual,Percentage,Rural areas,Total,France,2023,7.0
Annual,Percentage,Rural areas,Total,Croatia,2010,2.0
Annual,Percentage,Rural areas,Total,Croatia,2011,1.8
Annual,Percentage,Rural areas,Total,Croatia,2012,1.5
Annual,Percentage,Rural areas,Total,Croatia,2013,2.0
Annual,Percentage,Rural areas,Total,Croatia,2014,1.0
Annual,Percentage,Rural areas,Total,Croatia,2015,0.8
Annual,Percentage,Rural areas,Total,Croatia,2016,0.8
Annual,Percentage,Rural areas,Total,Croatia,2017,1.3
Annual,Percentage,Rural areas,Total,Croatia,2018,1.0
Annual,Percentage,Rural areas,Total,Croatia,2019,1.1
Annual,Percentage,Rural areas,Total,Croatia,2020,0.9
Annual,Percentage,Rural areas,Total,Croatia,2023,0.4
Annual,Percentage,Rural areas,Total,Italy,2004,3.3
Annual,Percentage,Rural areas,Total,Italy,2005,2.7
Annual,Percentage,Rural areas,Total,Italy,2006,3.2
Annual,Percentage,Rural areas,Total,Italy,2007,3.5
Annual,Percentage,Rural areas,Total,Italy,2008,3.2
Annual,Percentage,Rural areas,Total,Italy,2009,3.9
Annual,Percentage,Rural areas,Total,Italy,2010,3.2
Annual,Percentage,Rural areas,Total,Italy,2011,4.2
Annual,Percentage,Rural areas,Total,Italy,2012,4.0
Annual,Percentage,Rural areas,Total,Italy,2013,5.4
Annual,Percentage,Rural areas,Total,Italy,2014,7.8
Annual,Percentage,Rural areas,Total,Italy,2015,13.1
Annual,Percentage,Rural areas,Total,Italy,2016,8.4
Annual,Percentage,Rural areas,Total,Italy,2017,7.0
Annual,Percentage,Rural areas,Total,Italy,2018,6.3
Annual,Percentage,Rural areas,Total,Italy,2019,5.4
Annual,Percentage,Rural areas,Total,Italy,2020,4.2
Annual,Percentage,Rural areas,Total,Italy,2023,2.7
Annual,Percentage,Rural areas,Total,Cyprus,2005,11.1
Annual,Percentage,Rural areas,Total,Cyprus,2006,13.1
Annual,Percentage,Rural areas,Total,Cyprus,2007,13.5
Annual,Percentage,Rural areas,Total,Cyprus,2008,10.5
Annual,Percentage,Rural areas,Total,Cyprus,2009,6.7
Annual,Percentage,Rural areas,Total,Cyprus,2010,10.0
Annual,Percentage,Rural areas,Total,Cyprus,2011,12.9
Annual,Percentage,Rural areas,Total,Cyprus,2012,10.9
Annual,Percentage,Rural areas,Total,Cyprus,2013,15.5
Annual,Percentage,Rural areas,Total,Cyprus,2014,7.7
Annual,Percentage,Rural areas,Total,Cyprus,2015,10.6
Annual,Percentage,Rural areas,Total,Cyprus,2016,7.7
Annual,Percentage,Rural areas,Total,Cyprus,2017,9.2
Annual,Percentage,Rural areas,Total,Cyprus,2018,7.8
Annual,Percentage,Rural areas,Total,Cyprus,2019,7.8
Annual,Percentage,Rural areas,Total,Cyprus,2020,9.5
Annual,Percentage,Rural areas,Total,Cyprus,2023,9.7
Annual,Percentage,Rural areas,Total,Latvia,2005,14.2
Annual,Percentage,Rural areas,Total,Latvia,2006,24.6
Annual,Percentage,Rural areas,Total,Latvia,2007,21.9
Annual,Percentage,Rural areas,Total,Latvia,2008,23.3
Annual,Percentage,Rural areas,Total,Latvia,2009,20.4
Annual,Percentage,Rural areas,Total,Latvia,2010,15.5
Annual,Percentage,Rural areas,Total,Latvia,2011,12.5
Annual,Percentage,Rural areas,Total,Latvia,2012,13.1
Annual,Percentage,Rural areas,Total,Latvia,2013,6.1
Annual,Percentage,Rural areas,Total,Latvia,2014,6.9
Annual,Percentage,Rural areas,Total,Latvia,2015,4.6
Annual,Percentage,Rural areas,Total,Latvia,2016,3.4
Annual,Percentage,Rural areas,Total,Latvia,2017,3.5
Annual,Percentage,Rural areas,Total,Latvia,2018,1.4
Annual,Percentage,Rural areas,Total,Latvia,2019,1.3
Annual,Percentage,Rural areas,Total,Latvia,2020,2.6
Annual,Percentage,Rural areas,Total,Latvia,2023,1.4
Annual,Percentage,Rural areas,Total,Lithuania,2005,5.5
Annual,Percentage,Rural areas,Total,Lithuania,2006,4.7
Annual,Percentage,Rural areas,Total,Lithuania,2007,2.9
Annual,Percentage,Rural areas,Total,Lithuania,2008,2.8
Annual,Percentage,Rural areas,Total,Lithuania,2009,3.5
Annual,Percentage,Rural areas,Total,Lithuania,2010,2.5
Annual,Percentage,Rural areas,Total,Lithuania,2011,1.9
Annual,Percentage,Rural areas,Total,Lithuania,2012,1.5
Annual,Percentage,Rural areas,Total,Lithuania,2013,3.3
Annual,Percentage,Rural areas,Total,Lithuania,2014,3.3
Annual,Percentage,Rural areas,Total,Lithuania,2015,3.0
Annual,Percentage,Rural areas,Total,Lithuania,2016,2.0
Annual,Percentage,Rural areas,Total,Lithuania,2017,4.6
Annual,Percentage,Rural areas,Total,Lithuania,2018,2.8
Annual,Percentage,Rural areas,Total,Lithuania,2019,1.9
Annual,Percentage,Rural areas,Total,Lithuania,2020,2.1
Annual,Percentage,Rural areas,Total,Lithuania,2023,1.3
Annual,Percentage,Rural areas,Total,Luxembourg,2003,12.1
Annual,Percentage,Rural areas,Total,Luxembourg,2004,11.4
Annual,Percentage,Rural areas,Total,Luxembourg,2005,11.6
Annual,Percentage,Rural areas,Total,Luxembourg,2006,4.7
Annual,Percentage,Rural areas,Total,Luxembourg,2007,5.0
Annual,Percentage,Rural areas,Total,Luxembourg,2008,5.5
Annual,Percentage,Rural areas,Total,Luxembourg,2009,5.0
Annual,Percentage,Rural areas,Total,Luxembourg,2010,2.8
Annual,Percentage,Rural areas,Total,Luxembourg,2011,3.9
Annual,Percentage,Rural areas,Total,Luxembourg,2012,7.4
Annual,Percentage,Rural areas,Total,Luxembourg,2013,9.6
Annual,Percentage,Rural areas,Total,Luxembourg,2014,11.9
Annual,Percentage,Rural areas,Total,Luxembourg,2015,11.2
Annual,Percentage,Rural areas,Total,Luxembourg,2016,9.4
Annual,Percentage,Rural areas,Total,Luxembourg,2017,9.3
Annual,Percentage,Rural areas,Total,Luxembourg,2018,8.6
Annual,Percentage,Rural areas,Total,Luxembourg,2019,6.9
Annual,Percentage,Rural areas,Total,Luxembourg,2020,7.2
Annual,Percentage,Rural areas,Total,Luxembourg,2023,2.9
Annual,Percentage,Rural areas,Total,Hungary,2005,5.8
Annual,Percentage,Rural areas,Total,Hungary,2006,6.3
Annual,Percentage,Rural areas,Total,Hungary,2007,10.0
Annual,Percentage,Rural areas,Total,Hungary,2008,11.2
Annual,Percentage,Rural areas,Total,Hungary,2009,9.0
Annual,Percentage,Rural areas,Total,Hungary,2010,10.3
Annual,Percentage,Rural areas,Total,Hungary,2011,9.1
Annual,Percentage,Rural areas,Total,Hungary,2012,9.7
Annual,Percentage,Rural areas,Total,Hungary,2013,11.5
Annual,Percentage,Rural areas,Total,Hungary,2014,13.2
Annual,Percentage,Rural areas,Total,Hungary,2015,9.4
Annual,Percentage,Rural areas,Total,Hungary,2016,8.4
Annual,Percentage,Rural areas,Total,Hungary,2017,5.7
Annual,Percentage,Rural areas,Total,Hungary,2018,4.0
Annual,Percentage,Rural areas,Total,Hungary,2019,5.6
Annual,Percentage,Rural areas,Total,Hungary,2020,5.7
Annual,Percentage,Rural areas,Total,Hungary,2023,6.3
Annual,Percentage,Rural areas,Total,Malta,2014,0.0
Annual,Percentage,Rural areas,Total,Malta,2015,0.0
Annual,Percentage,Rural areas,Total,Malta,2016,0.0
Annual,Percentage,Rural areas,Total,Malta,2023,4.8
Annual,Percentage,Rural areas,Total,Netherlands,2005,11.6
Annual,Percentage,Rural areas,Total,Netherlands,2006,8.0
Annual,Percentage,Rural areas,Total,Netherlands,2007,7.5
Annual,Percentage,Rural areas,Total,Netherlands,2008,7.2
Annual,Percentage,Rural areas,Total,Netherlands,2009,10.3
Annual,Percentage,Rural areas,Total,Netherlands,2010,8.6
Annual,Percentage,Rural areas,Total,Netherlands,2011,10.3
Annual,Percentage,Rural areas,Total,Netherlands,2012,8.8
Annual,Percentage,Rural areas,Total,Netherlands,2013,9.0
Annual,Percentage,Rural areas,Total,Netherlands,2014,10.8
Annual,Percentage,Rural areas,Total,Netherlands,2015,9.2
Annual,Percentage,Rural areas,Total,Netherlands,2016,8.1
Annual,Percentage,Rural areas,Total,Netherlands,2017,8.1
Annual,Percentage,Rural areas,Total,Netherlands,2018,8.1
Annual,Percentage,Rural areas,Total,Netherlands,2019,9.4
Annual,Percentage,Rural areas,Total,Netherlands,2020,7.5
Annual,Percentage,Rural areas,Total,Netherlands,2023,9.7
Annual,Percentage,Rural areas,Total,Austria,2004,2.9
Annual,Percentage,Rural areas,Total,Austria,2005,4.8
Annual,Percentage,Rural areas,Total,Austria,2006,4.6
Annual,Percentage,Rural areas,Total,Austria,2007,4.7
Annual,Percentage,Rural areas,Total,Austria,2008,3.4
Annual,Percentage,Rural areas,Total,Austria,2009,6.7
Annual,Percentage,Rural areas,Total,Austria,2010,6.6
Annual,Percentage,Rural areas,Total,Austria,2011,5.7
Annual,Percentage,Rural areas,Total,Austria,2012,5.9
Annual,Percentage,Rural areas,Total,Austria,2013,5.5
Annual,Percentage,Rural areas,Total,Austria,2014,6.9
Annual,Percentage,Rural areas,Total,Austria,2015,7.3
Annual,Percentage,Rural areas,Total,Austria,2016,6.2
Annual,Percentage,Rural areas,Total,Austria,2017,5.6
Annual,Percentage,Rural areas,Total,Austria,2018,5.2
Annual,Percentage,Rural areas,Total,Austria,2019,3.0
Annual,Percentage,Rural areas,Total,Austria,2020,2.4
Annual,Percentage,Rural areas,Total,Austria,2023,2.4
Annual,Percentage,Rural areas,Total,Poland,2005,3.8
Annual,Percentage,Rural areas,Total,Poland,2006,3.2
Annual,Percentage,Rural areas,Total,Poland,2007,3.3
Annual,Percentage,Rural areas,Total,Poland,2008,3.6
Annual,Percentage,Rural areas,Total,Poland,2009,3.3
Annual,Percentage,Rural areas,Total,Poland,2010,2.8
Annual,Percentage,Rural areas,Total,Poland,2011,2.7
Annual,Percentage,Rural areas,Total,Poland,2012,2.0
Annual,Percentage,Rural areas,Total,Poland,2013,2.3
Annual,Percentage,Rural areas,Total,Poland,2014,2.5
Annual,Percentage,Rural areas,Total,Poland,2015,2.0
Annual,Percentage,Rural areas,Total,Poland,2016,2.0
Annual,Percentage,Rural areas,Total,Poland,2017,1.6
Annual,Percentage,Rural areas,Total,Poland,2018,2.1
Annual,Percentage,Rural areas,Total,Poland,2019,1.6
Annual,Percentage,Rural areas,Total,Poland,2023,1.0
Annual,Percentage,Rural areas,Total,Portugal,2004,3.3
Annual,Percentage,Rural areas,Total,Portugal,2005,3.6
Annual,Percentage,Rural areas,Total,Portugal,2006,3.0
Annual,Percentage,Rural areas,Total,Portugal,2007,3.0
Annual,Percentage,Rural areas,Total,Portugal,2008,1.6
Annual,Percentage,Rural areas,Total,Portugal,2009,3.0
Annual,Percentage,Rural areas,Total,Portugal,2010,2.4
Annual,Percentage,Rural areas,Total,Portugal,2011,2.6
Annual,Percentage,Rural areas,Total,Portugal,2012,4.9
Annual,Percentage,Rural areas,Total,Portugal,2013,6.7
Annual,Percentage,Rural areas,Total,Portugal,2014,5.3
Annual,Percentage,Rural areas,Total,Portugal,2015,4.8
Annual,Percentage,Rural areas,Total,Portugal,2016,3.5
Annual,Percentage,Rural areas,Total,Portugal,2017,4.1
Annual,Percentage,Rural areas,Total,Portugal,2018,2.9
Annual,Percentage,Rural areas,Total,Portugal,2019,3.3
Annual,Percentage,Rural areas,Total,Portugal,2020,4.4
Annual,Percentage,Rural areas,Total,Portugal,2023,3.0
Annual,Percentage,Rural areas,Total,Romania,2007,12.9
Annual,Percentage,Rural areas,Total,Romania,2008,9.6
Annual,Percentage,Rural areas,Total,Romania,2009,12.1
Annual,Percentage,Rural areas,Total,Romania,2010,11.5
Annual,Percentage,Rural areas,Total,Romania,2011,12.5
Annual,Percentage,Rural areas,Total,Romania,2012,10.2
Annual,Percentage,Rural areas,Total,Romania,2013,14.8
Annual,Percentage,Rural areas,Total,Romania,2014,12.2
Annual,Percentage,Rural areas,Total,Romania,2015,10.4
Annual,Percentage,Rural areas,Total,Romania,2016,10.8
Annual,Percentage,Rural areas,Total,Romania,2017,8.8
Annual,Percentage,Rural areas,Total,Romania,2018,10.0
Annual,Percentage,Rural areas,Total,Romania,2019,8.2
Annual,Percentage,Rural areas,Total,Romania,2020,8.2
Annual,Percentage,Rural areas,Total,Romania,2023,4.9
Annual,Percentage,Rural areas,Total,Slovenia,2005,4.7
Annual,Percentage,Rural areas,Total,Slovenia,2006,5.5
Annual,Percentage,Rural areas,Total,Slovenia,2007,5.4
Annual,Percentage,Rural areas,Total,Slovenia,2008,4.4
Annual,Percentage,Rural areas,Total,Slovenia,2009,6.3
Annual,Percentage,Rural areas,Total,Slovenia,2010,5.3
Annual,Percentage,Rural areas,Total,Slovenia,2011,5.4
Annual,Percentage,Rural areas,Total,Slovenia,2012,5.3
Annual,Percentage,Rural areas,Total,Slovenia,2013,6.3
Annual,Percentage,Rural areas,Total,Slovenia,2014,7.2
Annual,Percentage,Rural areas,Total,Slovenia,2015,6.3
Annual,Percentage,Rural areas,Total,Slovenia,2016,5.5
Annual,Percentage,Rural areas,Total,Slovenia,2017,5.3
Annual,Percentage,Rural areas,Total,Slovenia,2018,6.0
Annual,Percentage,Rural areas,Total,Slovenia,2019,6.2
Annual,Percentage,Rural areas,Total,Slovenia,2020,5.4
Annual,Percentage,Rural areas,Total,Slovenia,2023,5.1
Annual,Percentage,Rural areas,Total,Slovakia,2005,5.5
Annual,Percentage,Rural areas,Total,Slovakia,2006,4.8
Annual,Percentage,Rural areas,Total,Slovakia,2007,4.6
Annual,Percentage,Rural areas,Total,Slovakia,2008,6.8
Annual,Percentage,Rural areas,Total,Slovakia,2009,7.1
Annual,Percentage,Rural areas,Total,Slovakia,2010,5.8
Annual,Percentage,Rural areas,Total,Slovakia,2011,5.9
Annual,Percentage,Rural areas,Total,Slovakia,2012,6.4
Annual,Percentage,Rural areas,Total,Slovakia,2013,6.1
Annual,Percentage,Rural areas,Total,Slovakia,2014,5.0
Annual,Percentage,Rural areas,Total,Slovakia,2015,5.0
Annual,Percentage,Rural areas,Total,Slovakia,2016,4.3
Annual,Percentage,Rural areas,Total,Slovakia,2017,3.5
Annual,Percentage,Rural areas,Total,Slovakia,2018,3.0
Annual,Percentage,Rural areas,Total,Slovakia,2019,4.0
Annual,Percentage,Rural areas,Total,Slovakia,2020,3.2
Annual,Percentage,Rural areas,Total,Slovakia,2023,2.6
Annual,Percentage,Rural areas,Total,Finland,2004,10.9
Annual,Percentage,Rural areas,Total,Finland,2005,10.6
Annual,Percentage,Rural areas,Total,Finland,2006,10.0
Annual,Percentage,Rural areas,Total,Finland,2007,8.3
Annual,Percentage,Rural areas,Total,Finland,2008,8.4
Annual,Percentage,Rural areas,Total,Finland,2009,8.8
Annual,Percentage,Rural areas,Total,Finland,2010,5.2
Annual,Percentage,Rural areas,Total,Finland,2011,5.4
Annual,Percentage,Rural areas,Total,Finland,2012,5.9
Annual,Percentage,Rural areas,Total,Finland,2013,5.7
Annual,Percentage,Rural areas,Total,Finland,2014,4.0
Annual,Percentage,Rural areas,Total,Finland,2015,3.7
Annual,Percentage,Rural areas,Total,Finland,2016,3.5
Annual,Percentage,Rural areas,Total,Finland,2017,3.1
Annual,Percentage,Rural areas,Total,Finland,2018,3.2
Annual,Percentage,Rural areas,Total,Finland,2019,3.7
Annual,Percentage,Rural areas,Total,Finland,2020,3.3
Annual,Percentage,Rural areas,Total,Finland,2023,5.5
Annual,Percentage,Rural areas,Total,Sweden,2004,8.5
Annual,Percentage,Rural areas,Total,Sweden,2005,8.2
Annual,Percentage,Rural areas,Total,Sweden,2006,10.9
Annual,Percentage,Rural areas,Total,Sweden,2007,11.4
Annual,Percentage,Rural areas,Total,Sweden,2008,11.4
Annual,Percentage,Rural areas,Total,Sweden,2009,10.6
Annual,Percentage,Rural areas,Total,Sweden,2010,8.1
Annual,Percentage,Rural areas,Total,Sweden,2011,8.3
Annual,Percentage,Rural areas,Total,Sweden,2012,7.8
Annual,Percentage,Rural areas,Total,Sweden,2013,6.7
Annual,Percentage,Rural areas,Total,Sweden,2014,5.8
Annual,Percentage,Rural areas,Total,Sweden,2015,7.8
Annual,Percentage,Rural areas,Total,Sweden,2016,9.4
Annual,Percentage,Rural areas,Total,Sweden,2017,9.5
Annual,Percentage,Rural areas,Total,Sweden,2018,10.4
Annual,Percentage,Rural areas,Total,Sweden,2019,9.1
Annual,Percentage,Rural areas,Total,Sweden,2020,8.4
Annual,Percentage,Rural areas,Total,Sweden,2023,6.0
Annual,Percentage,Rural areas,Total,Iceland,2004,1.9
Annual,Percentage,Rural areas,Total,Iceland,2005,1.8
Annual,Percentage,Rural areas,Total,Iceland,2006,0.9
Annual,Percentage,Rural areas,Total,Iceland,2007,1.8
Annual,Percentage,Rural areas,Total,Iceland,2008,1.4
Annual,Percentage,Rural areas,Total,Iceland,2009,2.1
Annual,Percentage,Rural areas,Total,Iceland,2010,1.4
Annual,Percentage,Rural areas,Total,Iceland,2011,0.9
Annual,Percentage,Rural areas,Total,Iceland,2012,1.6
Annual,Percentage,Rural areas,Total,Iceland,2013,1.6
Annual,Percentage,Rural areas,Total,Iceland,2014,0.1
Annual,Percentage,Rural areas,Total,Iceland,2015,0.2
Annual,Percentage,Rural areas,Total,Iceland,2016,0.5
Annual,Percentage,Rural areas,Total,Iceland,2017,1.1
Annual,Percentage,Rural areas,Total,Iceland,2018,0.9
Annual,Percentage,Rural areas,Total,Iceland,2019,0.9
Annual,Percentage,Rural areas,Total,Iceland,2020,0.6
Annual,Percentage,Rural areas,Total,Norway,2004,2.9
Annual,Percentage,Rural areas,Total,Norway,2005,1.7
Annual,Percentage,Rural areas,Total,Norway,2006,1.6
Annual,Percentage,Rural areas,Total,Norway,2007,1.8
Annual,Percentage,Rural areas,Total,Norway,2008,2.3
Annual,Percentage,Rural areas,Total,Norway,2009,2.3
Annual,Percentage,Rural areas,Total,Norway,2010,2.3
Annual,Percentage,Rural areas,Total,Norway,2011,2.6
Annual,Percentage,Rural areas,Total,Norway,2012,3.1
Annual,Percentage,Rural areas,Total,Norway,2013,2.8
Annual,Percentage,Rural areas,Total,Norway,2015,3.3
Annual,Percentage,Rural areas,Total,Norway,2016,2.3
Annual,Percentage,Rural areas,Total,Norway,2017,2.1
Annual,Percentage,Rural areas,Total,Norway,2018,1.9
Annual,Percentage,Rural areas,Total,Norway,2019,1.6
Annual,Percentage,Rural areas,Total,Norway,2020,2.1
Annual,Percentage,Rural areas,Total,Norway,2023,2.4
Annual,Percentage,Rural areas,Total,Switzerland,2007,6.4
Annual,Percentage,Rural areas,Total,Switzerland,2008,6.2
Annual,Percentage,Rural areas,Total,Switzerland,2009,5.3
Annual,Percentage,Rural areas,Total,Switzerland,2010,5.1
Annual,Percentage,Rural areas,Total,Switzerland,2011,4.5
Annual,Percentage,Rural areas,Total,Switzerland,2012,9.9
Annual,Percentage,Rural areas,Total,Switzerland,2013,9.6
Annual,Percentage,Rural areas,Total,Switzerland,2014,10.2
Annual,Percentage,Rural areas,Total,Switzerland,2015,6.7
Annual,Percentage,Rural areas,Total,Switzerland,2016,7.3
Annual,Percentage,Rural areas,Total,Switzerland,2017,6.0
Annual,Percentage,Rural areas,Total,Switzerland,2018,3.9
Annual,Percentage,Rural areas,Total,Switzerland,2019,2.6
Annual,Percentage,Rural areas,Total,Switzerland,2020,2.9
Annual,Percentage,Rural areas,Total,Switzerland,2023,4.8
Annual,Percentage,Rural areas,Total,United Kingdom,2005,12.2
Annual,Percentage,Rural areas,Total,United Kingdom,2006,12.3
Annual,Percentage,Rural areas,Total,United Kingdom,2007,13.4
Annual,Percentage,Rural areas,Total,United Kingdom,2008,14.2
Annual,Percentage,Rural areas,Total,United Kingdom,2009,14.2
Annual,Percentage,Rural areas,Total,United Kingdom,2010,12.9
Annual,Percentage,Rural areas,Total,United Kingdom,2011,12.0
Annual,Percentage,Rural areas,Total,United Kingdom,2012,9.4
Annual,Percentage,Rural areas,Total,United Kingdom,2013,8.5
Annual,Percentage,Rural areas,Total,United Kingdom,2014,7.6
Annual,Percentage,Rural areas,Total,United Kingdom,2015,9.8
Annual,Percentage,Rural areas,Total,United Kingdom,2016,7.5
Annual,Percentage,Rural areas,Total,United Kingdom,2017,7.3
Annual,Percentage,Rural areas,Total,United Kingdom,2018,10.4
Annual,Percentage,Rural areas,Total,North Macedonia,2016,2.9
Annual,Percentage,Rural areas,Total,North Macedonia,2017,2.2
Annual,Percentage,Rural areas,Total,North Macedonia,2018,2.2
Annual,Percentage,Rural areas,Total,North Macedonia,2019,5.3
Annual,Percentage,Rural areas,Total,North Macedonia,2020,3.9
Annual,Percentage,Rural areas,Total,North Macedonia,2023,3.4
Annual,Percentage,Rural areas,Total,Albania,2017,0.7
Annual,Percentage,Rural areas,Total,Albania,2018,1.2
Annual,Percentage,Rural areas,Total,Albania,2019,0.5
Annual,Percentage,Rural areas,Total,Albania,2020,0.4
Annual,Percentage,Rural areas,Total,Serbia,2013,12.8
Annual,Percentage,Rural areas,Total,Serbia,2014,10.5
Annual,Percentage,Rural areas,Total,Serbia,2015,8.6
Annual,Percentage,Rural areas,Total,Serbia,2016,8.1
Annual,Percentage,Rural areas,Total,Serbia,2017,8.1
Annual,Percentage,Rural areas,Total,Serbia,2018,8.8
Annual,Percentage,Rural areas,Total,Serbia,2019,5.1
Annual,Percentage,Rural areas,Total,Serbia,2020,5.1
Annual,Percentage,Rural areas,Total,Serbia,2023,4.2
