freq,age,rskpovth,sex,unit,geo,time,value
Annual,Total,Total,Total,Percentage,European Union - 27 countries (from 2020),2003,
Annual,Total,Total,Total,Percentage,European Union - 27 countries (from 2020),2004,
Annual,Total,Total,Total,Percentage,European Union - 27 countries (from 2020),2005,
Annual,Total,Total,Total,Percentage,European Union - 27 countries (from 2020),2006,
Annual,Total,Total,Total,Percentage,European Union - 27 countries (from 2020),2007,
Annual,Total,Total,Total,Percentage,European Union - 27 countries (from 2020),2008,
Annual,Total,Total,Total,Percentage,European Union - 27 countries (from 2020),2009,
Annual,Total,Total,Total,Percentage,European Union - 27 countries (from 2020),2010,6.1
Annual,Total,Total,Total,Percentage,European Union - 27 countries (from 2020),2011,5.8
Annual,Total,Total,Total,Percentage,European Union - 27 countries (from 2020),2012,5.5
Annual,Total,Total,Total,Percentage,European Union - 27 countries (from 2020),2013,5.5
Annual,Total,Total,Total,Percentage,European Union - 27 countries (from 2020),2014,5.4
Annual,Total,Total,Total,Percentage,European Union - 27 countries (from 2020),2015,5.3
Annual,Total,Total,Total,Percentage,European Union - 27 countries (from 2020),2016,5.1
Annual,Total,Total,Total,Percentage,European Union - 27 countries (from 2020),2017,4.5
Annual,Total,Total,Total,Percentage,European Union - 27 countries (from 2020),2018,4.3
Annual,Total,Total,Total,Percentage,European Union - 27 countries (from 2020),2019,4.0
Annual,Total,Total,Total,Percentage,European Union - 27 countries (from 2020),2020,4.0
Annual,Total,Total,Total,Percentage,European Union - 27 countries (from 2020),2023,4.0
Annual,Total,Total,Total,Percentage,Euro area – 21 countries (from 2026),2003,
Annual,Total,Total,Total,Percentage,Euro area – 21 countries (from 2026),2004,
Annual,Total,Total,Total,Percentage,Euro area – 21 countries (from 2026),2005,
Annual,Total,Total,Total,Percentage,Euro area – 21 countries (from 2026),2006,
Annual,Total,Total,Total,Percentage,Euro area – 21 countries (from 2026),2007,
Annual,Total,Total,Total,Percentage,Euro area – 21 countries (from 2026),2008,
Annual,Total,Total,Total,Percentage,Euro area – 21 countries (from 2026),2009,
Annual,Total,Total,Total,Percentage,Euro area – 21 countries (from 2026),2010,
Annual,Total,Total,Total,Percentage,Euro area – 21 countries (from 2026),2011,
Annual,Total,Total,Total,Percentage,Euro area – 21 countries (from 2026),2012,
Annual,Total,Total,Total,Percentage,Euro area – 21 countries (from 2026),2013,
Annual,Total,Total,Total,Percentage,Euro area – 21 countries (from 2026),2014,
Annual,Total,Total,Total,Percentage,Euro area – 21 countries (from 2026),2015,
Annual,Total,Total,Total,Percentage,Euro area – 21 countries (from 2026),2016,
Annual,Total,Total,Total,Percentage,Euro area – 21 countries (from 2026),2017,
Annual,Total,Total,Total,Percentage,Euro area – 21 countries (from 2026),2018,
Annual,Total,Total,Total,Percentage,Euro area – 21 countries (from 2026),2019,
Annual,Total,Total,Total,Percentage,Euro area – 21 countries (from 2026),2020,
Annual,Total,Total,Total,Percentage,Euro area – 21 countries (from 2026),2023,
Annual,Total,Total,Total,Percentage,Euro area – 20 countries (2023-2025),2003,
Annual,Total,Total,Total,Percentage,Euro area – 20 countries (2023-2025),2004,
Annual,Total,Total,Total,Percentage,Euro area – 20 countries (2023-2025),2005,
Annual,Total,Total,Total,Percentage,Euro area – 20 countries (2023-2025),2006,
Annual,Total,Total,Total,Percentage,Euro area – 20 countries (2023-2025),2007,
Annual,Total,Total,Total,Percentage,Euro area – 20 countries (2023-2025),2008,
Annual,Total,Total,Total,Percentage,Euro area – 20 countries (2023-2025),2009,
Annual,Total,Total,Total,Percentage,Euro area – 20 countries (2023-2025),2010,
Annual,Total,Total,Total,Percentage,Euro area – 20 countries (2023-2025),2011,
Annual,Total,Total,Total,Percentage,Euro area – 20 countries (2023-2025),2012,
Annual,Total,Total,Total,Percentage,Euro area – 20 countries (2023-2025),2013,
Annual,Total,Total,Total,Percentage,Euro area – 20 countries (2023-2025),2014,
Annual,Total,Total,Total,Percentage,Euro area – 20 countries (2023-2025),2015,
Annual,Total,Total,Total,Percentage,Euro area – 20 countries (2023-2025),2016,
Annual,Total,Total,Total,Percentage,Euro area – 20 countries (2023-2025),2017,
Annual,Total,Total,Total,Percentage,Euro area – 20 countries (2023-2025),2018,
Annual,Total,Total,Total,Percentage,Euro area – 20 countries (2023-2025),2019,2.9
Annual,Total,Total,Total,Percentage,Euro area – 20 countries (2023-2025),2020,3.4
Annual,Total,Total,Total,Percentage,Euro area – 20 countries (2023-2025),2023,3.6
Annual,Total,Total,Total,Percentage,Belgium,2003,2.4
Annual,Total,Total,Total,Percentage,Belgium,2004,1.2
Annual,Total,Total,Total,Percentage,Belgium,2005,1.7
Annual,Total,Total,Total,Percentage,Belgium,2006,1.1
Annual,Total,Total,Total,Percentage,Belgium,2007,1.2
Annual,Total,Total,Total,Percentage,Belgium,2008,1.1
Annual,Total,Total,Total,Percentage,Belgium,2009,1.3
Annual,Total,Total,Total,Percentage,Belgium,2010,1.9
Annual,Total,Total,Total,Percentage,Belgium,2011,1.0
Annual,Total,Total,Total,Percentage,Belgium,2012,0.6
Annual,Total,Total,Total,Percentage,Belgium,2013,0.9
Annual,Total,Total,Total,Percentage,Belgium,2014,0.9
Annual,Total,Total,Total,Percentage,Belgium,2015,0.9
Annual,Total,Total,Total,Percentage,Belgium,2016,1.7
Annual,Total,Total,Total,Percentage,Belgium,2017,2.3
Annual,Total,Total,Total,Percentage,Belgium,2018,2.2
Annual,Total,Total,Total,Percentage,Belgium,2019,1.9
Annual,Total,Total,Total,Percentage,Belgium,2020,2.3
Annual,Total,Total,Total,Percentage,Belgium,2023,1.7
Annual,Total,Total,Total,Percentage,Bulgaria,2003,
Annual,Total,Total,Total,Percentage,Bulgaria,2004,
Annual,Total,Total,Total,Percentage,Bulgaria,2005,
Annual,Total,Total,Total,Percentage,Bulgaria,2006,22.8
Annual,Total,Total,Total,Percentage,Bulgaria,2007,18.2
Annual,Total,Total,Total,Percentage,Bulgaria,2008,23.5
Annual,Total,Total,Total,Percentage,Bulgaria,2009,18.8
Annual,Total,Total,Total,Percentage,Bulgaria,2010,14.7
Annual,Total,Total,Total,Percentage,Bulgaria,2011,14.3
Annual,Total,Total,Total,Percentage,Bulgaria,2012,12.9
Annual,Total,Total,Total,Percentage,Bulgaria,2013,13.0
Annual,Total,Total,Total,Percentage,Bulgaria,2014,12.9
Annual,Total,Total,Total,Percentage,Bulgaria,2015,11.4
Annual,Total,Total,Total,Percentage,Bulgaria,2016,11.6
Annual,Total,Total,Total,Percentage,Bulgaria,2017,10.6
Annual,Total,Total,Total,Percentage,Bulgaria,2018,10.1
Annual,Total,Total,Total,Percentage,Bulgaria,2019,8.9
Annual,Total,Total,Total,Percentage,Bulgaria,2020,8.6
Annual,Total,Total,Total,Percentage,Bulgaria,2023,6.0
Annual,Total,Total,Total,Percentage,Czechia,2003,
Annual,Total,Total,Total,Percentage,Czechia,2004,
Annual,Total,Total,Total,Percentage,Czechia,2005,9.8
Annual,Total,Total,Total,Percentage,Czechia,2006,10.7
Annual,Total,Total,Total,Percentage,Czechia,2007,8.1
Annual,Total,Total,Total,Percentage,Czechia,2008,6.5
Annual,Total,Total,Total,Percentage,Czechia,2009,6.2
Annual,Total,Total,Total,Percentage,Czechia,2010,4.5
Annual,Total,Total,Total,Percentage,Czechia,2011,4.8
Annual,Total,Total,Total,Percentage,Czechia,2012,3.9
Annual,Total,Total,Total,Percentage,Czechia,2013,4.0
Annual,Total,Total,Total,Percentage,Czechia,2014,3.5
Annual,Total,Total,Total,Percentage,Czechia,2015,3.3
Annual,Total,Total,Total,Percentage,Czechia,2016,3.0
Annual,Total,Total,Total,Percentage,Czechia,2017,2.1
Annual,Total,Total,Total,Percentage,Czechia,2018,2.3
Annual,Total,Total,Total,Percentage,Czechia,2019,1.9
Annual,Total,Total,Total,Percentage,Czechia,2020,2.0
Annual,Total,Total,Total,Percentage,Czechia,2023,2.6
Annual,Total,Total,Total,Percentage,Denmark,2003,2.4
Annual,Total,Total,Total,Percentage,Denmark,2004,1.8
Annual,Total,Total,Total,Percentage,Denmark,2005,1.2
Annual,Total,Total,Total,Percentage,Denmark,2006,1.3
Annual,Total,Total,Total,Percentage,Denmark,2007,1.7
Annual,Total,Total,Total,Percentage,Denmark,2008,1.1
Annual,Total,Total,Total,Percentage,Denmark,2009,1.3
Annual,Total,Total,Total,Percentage,Denmark,2010,1.3
Annual,Total,Total,Total,Percentage,Denmark,2011,2.6
Annual,Total,Total,Total,Percentage,Denmark,2012,2.3
Annual,Total,Total,Total,Percentage,Denmark,2013,2.3
Annual,Total,Total,Total,Percentage,Denmark,2014,2.3
Annual,Total,Total,Total,Percentage,Denmark,2015,2.8
Annual,Total,Total,Total,Percentage,Denmark,2016,1.7
Annual,Total,Total,Total,Percentage,Denmark,2017,2.7
Annual,Total,Total,Total,Percentage,Denmark,2018,3.2
Annual,Total,Total,Total,Percentage,Denmark,2019,2.8
Annual,Total,Total,Total,Percentage,Denmark,2020,2.8
Annual,Total,Total,Total,Percentage,Denmark,2023,1.8
Annual,Total,Total,Total,Percentage,Germany,2003,
Annual,Total,Total,Total,Percentage,Germany,2004,
Annual,Total,Total,Total,Percentage,Germany,2005,1.8
Annual,Total,Total,Total,Percentage,Germany,2006,2.5
Annual,Total,Total,Total,Percentage,Germany,2007,1.8
Annual,Total,Total,Total,Percentage,Germany,2008,2.0
Annual,Total,Total,Total,Percentage,Germany,2009,2.1
Annual,Total,Total,Total,Percentage,Germany,2010,2.1
Annual,Total,Total,Total,Percentage,Germany,2011,2.1
Annual,Total,Total,Total,Percentage,Germany,2012,1.9
Annual,Total,Total,Total,Percentage,Germany,2013,1.6
Annual,Total,Total,Total,Percentage,Germany,2014,1.9
Annual,Total,Total,Total,Percentage,Germany,2015,1.8
Annual,Total,Total,Total,Percentage,Germany,2016,1.9
Annual,Total,Total,Total,Percentage,Germany,2017,1.8
Annual,Total,Total,Total,Percentage,Germany,2018,2.3
Annual,Total,Total,Total,Percentage,Germany,2019,2.1
Annual,Total,Total,Total,Percentage,Germany,2020,1.2
Annual,Total,Total,Total,Percentage,Germany,2023,1.9
Annual,Total,Total,Total,Percentage,Estonia,2003,
Annual,Total,Total,Total,Percentage,Estonia,2004,21.3
Annual,Total,Total,Total,Percentage,Estonia,2005,17.5
Annual,Total,Total,Total,Percentage,Estonia,2006,15.3
Annual,Total,Total,Total,Percentage,Estonia,2007,14.6
Annual,Total,Total,Total,Percentage,Estonia,2008,10.4
Annual,Total,Total,Total,Percentage,Estonia,2009,12.2
Annual,Total,Total,Total,Percentage,Estonia,2010,11.4
Annual,Total,Total,Total,Percentage,Estonia,2011,4.9
Annual,Total,Total,Total,Percentage,Estonia,2012,4.7
Annual,Total,Total,Total,Percentage,Estonia,2013,5.8
Annual,Total,Total,Total,Percentage,Estonia,2014,3.9
Annual,Total,Total,Total,Percentage,Estonia,2015,2.8
Annual,Total,Total,Total,Percentage,Estonia,2016,3.3
Annual,Total,Total,Total,Percentage,Estonia,2017,3.3
Annual,Total,Total,Total,Percentage,Estonia,2018,2.9
Annual,Total,Total,Total,Percentage,Estonia,2019,2.7
Annual,Total,Total,Total,Percentage,Estonia,2020,2.1
Annual,Total,Total,Total,Percentage,Estonia,2023,2.9
Annual,Total,Total,Total,Percentage,Ireland,2003,1.6
Annual,Total,Total,Total,Percentage,Ireland,2004,2.0
Annual,Total,Total,Total,Percentage,Ireland,2005,1.6
Annual,Total,Total,Total,Percentage,Ireland,2006,2.4
Annual,Total,Total,Total,Percentage,Ireland,2007,1.7
Annual,Total,Total,Total,Percentage,Ireland,2008,0.8
Annual,Total,Total,Total,Percentage,Ireland,2009,1.0
Annual,Total,Total,Total,Percentage,Ireland,2010,0.5
Annual,Total,Total,Total,Percentage,Ireland,2011,0.7
Annual,Total,Total,Total,Percentage,Ireland,2012,0.6
Annual,Total,Total,Total,Percentage,Ireland,2013,1.4
Annual,Total,Total,Total,Percentage,Ireland,2014,1.3
Annual,Total,Total,Total,Percentage,Ireland,2015,1.2
Annual,Total,Total,Total,Percentage,Ireland,2016,1.0
Annual,Total,Total,Total,Percentage,Ireland,2017,0.7
Annual,Total,Total,Total,Percentage,Ireland,2018,0.8
Annual,Total,Total,Total,Percentage,Ireland,2019,1.2
Annual,Total,Total,Total,Percentage,Ireland,2020,1.3
Annual,Total,Total,Total,Percentage,Ireland,2023,
Annual,Total,Total,Total,Percentage,Greece,2003,9.6
Annual,Total,Total,Total,Percentage,Greece,2004,8.2
Annual,Total,Total,Total,Percentage,Greece,2005,9.1
Annual,Total,Total,Total,Percentage,Greece,2006,9.1
Annual,Total,Total,Total,Percentage,Greece,2007,8.5
Annual,Total,Total,Total,Percentage,Greece,2008,8.1
Annual,Total,Total,Total,Percentage,Greece,2009,7.6
Annual,Total,Total,Total,Percentage,Greece,2010,7.6
Annual,Total,Total,Total,Percentage,Greece,2011,7.2
Annual,Total,Total,Total,Percentage,Greece,2012,7.0
Annual,Total,Total,Total,Percentage,Greece,2013,7.0
Annual,Total,Total,Total,Percentage,Greece,2014,6.0
Annual,Total,Total,Total,Percentage,Greece,2015,6.7
Annual,Total,Total,Total,Percentage,Greece,2016,6.3
Annual,Total,Total,Total,Percentage,Greece,2017,6.0
Annual,Total,Total,Total,Percentage,Greece,2018,5.9
Annual,Total,Total,Total,Percentage,Greece,2019,6.0
Annual,Total,Total,Total,Percentage,Greece,2020,5.8
Annual,Total,Total,Total,Percentage,Greece,2023,6.9
Annual,Total,Total,Total,Percentage,Spain,2003,
Annual,Total,Total,Total,Percentage,Spain,2004,4.8
Annual,Total,Total,Total,Percentage,Spain,2005,2.9
Annual,Total,Total,Total,Percentage,Spain,2006,2.6
Annual,Total,Total,Total,Percentage,Spain,2007,2.6
Annual,Total,Total,Total,Percentage,Spain,2008,1.6
Annual,Total,Total,Total,Percentage,Spain,2009,1.8
Annual,Total,Total,Total,Percentage,Spain,2010,1.8
Annual,Total,Total,Total,Percentage,Spain,2011,2.1
Annual,Total,Total,Total,Percentage,Spain,2012,1.3
Annual,Total,Total,Total,Percentage,Spain,2013,1.8
Annual,Total,Total,Total,Percentage,Spain,2014,1.7
Annual,Total,Total,Total,Percentage,Spain,2015,1.5
Annual,Total,Total,Total,Percentage,Spain,2016,1.7
Annual,Total,Total,Total,Percentage,Spain,2017,1.0
Annual,Total,Total,Total,Percentage,Spain,2018,1.5
Annual,Total,Total,Total,Percentage,Spain,2019,1.7
Annual,Total,Total,Total,Percentage,Spain,2020,3.4
Annual,Total,Total,Total,Percentage,Spain,2023,2.9
Annual,Total,Total,Total,Percentage,France,2003,
Annual,Total,Total,Total,Percentage,France,2004,3.4
Annual,Total,Total,Total,Percentage,France,2005,3.0
Annual,Total,Total,Total,Percentage,France,2006,2.7
Annual,Total,Total,Total,Percentage,France,2007,3.3
Annual,Total,Total,Total,Percentage,France,2008,3.4
Annual,Total,Total,Total,Percentage,France,2009,3.0
Annual,Total,Total,Total,Percentage,France,2010,3.0
Annual,Total,Total,Total,Percentage,France,2011,2.5
Annual,Total,Total,Total,Percentage,France,2012,2.6
Annual,Total,Total,Total,Percentage,France,2013,2.1
Annual,Total,Total,Total,Percentage,France,2014,2.3
Annual,Total,Total,Total,Percentage,France,2015,2.3
Annual,Total,Total,Total,Percentage,France,2016,2.7
Annual,Total,Total,Total,Percentage,France,2017,2.1
Annual,Total,Total,Total,Percentage,France,2018,2.7
Annual,Total,Total,Total,Percentage,France,2019,2.3
Annual,Total,Total,Total,Percentage,France,2020,3.8
Annual,Total,Total,Total,Percentage,France,2023,4.6
Annual,Total,Total,Total,Percentage,Croatia,2003,
Annual,Total,Total,Total,Percentage,Croatia,2004,
Annual,Total,Total,Total,Percentage,Croatia,2005,
Annual,Total,Total,Total,Percentage,Croatia,2006,
Annual,Total,Total,Total,Percentage,Croatia,2007,
Annual,Total,Total,Total,Percentage,Croatia,2008,
Annual,Total,Total,Total,Percentage,Croatia,2009,
Annual,Total,Total,Total,Percentage,Croatia,2010,12.3
Annual,Total,Total,Total,Percentage,Croatia,2011,9.9
Annual,Total,Total,Total,Percentage,Croatia,2012,9.6
Annual,Total,Total,Total,Percentage,Croatia,2013,9.0
Annual,Total,Total,Total,Percentage,Croatia,2014,7.8
Annual,Total,Total,Total,Percentage,Croatia,2015,7.3
Annual,Total,Total,Total,Percentage,Croatia,2016,7.1
Annual,Total,Total,Total,Percentage,Croatia,2017,6.5
Annual,Total,Total,Total,Percentage,Croatia,2018,6.2
Annual,Total,Total,Total,Percentage,Croatia,2019,5.9
Annual,Total,Total,Total,Percentage,Croatia,2020,5.1
Annual,Total,Total,Total,Percentage,Croatia,2023,2.8
Annual,Total,Total,Total,Percentage,Italy,2003,
Annual,Total,Total,Total,Percentage,Italy,2004,9.0
Annual,Total,Total,Total,Percentage,Italy,2005,8.0
Annual,Total,Total,Total,Percentage,Italy,2006,8.1
Annual,Total,Total,Total,Percentage,Italy,2007,7.5
Annual,Total,Total,Total,Percentage,Italy,2008,7.3
Annual,Total,Total,Total,Percentage,Italy,2009,7.5
Annual,Total,Total,Total,Percentage,Italy,2010,7.0
Annual,Total,Total,Total,Percentage,Italy,2011,8.7
Annual,Total,Total,Total,Percentage,Italy,2012,8.4
Annual,Total,Total,Total,Percentage,Italy,2013,8.8
Annual,Total,Total,Total,Percentage,Italy,2014,9.5
Annual,Total,Total,Total,Percentage,Italy,2015,9.6
Annual,Total,Total,Total,Percentage,Italy,2016,7.6
Annual,Total,Total,Total,Percentage,Italy,2017,5.5
Annual,Total,Total,Total,Percentage,Italy,2018,5.0
Annual,Total,Total,Total,Percentage,Italy,2019,5.0
Annual,Total,Total,Total,Percentage,Italy,2020,6.1
Annual,Total,Total,Total,Percentage,Italy,2023,5.8
Annual,Total,Total,Total,Percentage,Cyprus,2003,
Annual,Total,Total,Total,Percentage,Cyprus,2004,
Annual,Total,Total,Total,Percentage,Cyprus,2005,1.6
Annual,Total,Total,Total,Percentage,Cyprus,2006,1.3
Annual,Total,Total,Total,Percentage,Cyprus,2007,0.8
Annual,Total,Total,Total,Percentage,Cyprus,2008,1.6
Annual,Total,Total,Total,Percentage,Cyprus,2009,1.1
Annual,Total,Total,Total,Percentage,Cyprus,2010,1.6
Annual,Total,Total,Total,Percentage,Cyprus,2011,1.6
Annual,Total,Total,Total,Percentage,Cyprus,2012,1.2
Annual,Total,Total,Total,Percentage,Cyprus,2013,1.4
Annual,Total,Total,Total,Percentage,Cyprus,2014,1.5
Annual,Total,Total,Total,Percentage,Cyprus,2015,0.5
Annual,Total,Total,Total,Percentage,Cyprus,2016,1.3
Annual,Total,Total,Total,Percentage,Cyprus,2017,0.9
Annual,Total,Total,Total,Percentage,Cyprus,2018,1.1
Annual,Total,Total,Total,Percentage,Cyprus,2019,1.9
Annual,Total,Total,Total,Percentage,Cyprus,2020,1.7
Annual,Total,Total,Total,Percentage,Cyprus,2023,1.2
Annual,Total,Total,Total,Percentage,Latvia,2003,
Annual,Total,Total,Total,Percentage,Latvia,2004,
Annual,Total,Total,Total,Percentage,Latvia,2005,31.6
Annual,Total,Total,Total,Percentage,Latvia,2006,26.9
Annual,Total,Total,Total,Percentage,Latvia,2007,25.2
Annual,Total,Total,Total,Percentage,Latvia,2008,22.3
Annual,Total,Total,Total,Percentage,Latvia,2009,22.3
Annual,Total,Total,Total,Percentage,Latvia,2010,21.9
Annual,Total,Total,Total,Percentage,Latvia,2011,17.5
Annual,Total,Total,Total,Percentage,Latvia,2012,16.4
Annual,Total,Total,Total,Percentage,Latvia,2013,16.3
Annual,Total,Total,Total,Percentage,Latvia,2014,16.6
Annual,Total,Total,Total,Percentage,Latvia,2015,15.5
Annual,Total,Total,Total,Percentage,Latvia,2016,14.6
Annual,Total,Total,Total,Percentage,Latvia,2017,15.2
Annual,Total,Total,Total,Percentage,Latvia,2018,14.9
Annual,Total,Total,Total,Percentage,Latvia,2019,12.7
Annual,Total,Total,Total,Percentage,Latvia,2020,11.5
Annual,Total,Total,Total,Percentage,Latvia,2023,11.6
Annual,Total,Total,Total,Percentage,Lithuania,2003,
Annual,Total,Total,Total,Percentage,Lithuania,2004,
Annual,Total,Total,Total,Percentage,Lithuania,2005,28.3
Annual,Total,Total,Total,Percentage,Lithuania,2006,26.0
Annual,Total,Total,Total,Percentage,Lithuania,2007,21.9
Annual,Total,Total,Total,Percentage,Lithuania,2008,18.8
Annual,Total,Total,Total,Percentage,Lithuania,2009,16.4
Annual,Total,Total,Total,Percentage,Lithuania,2010,13.5
Annual,Total,Total,Total,Percentage,Lithuania,2011,7.6
Annual,Total,Total,Total,Percentage,Lithuania,2012,7.1
Annual,Total,Total,Total,Percentage,Lithuania,2013,9.1
Annual,Total,Total,Total,Percentage,Lithuania,2014,10.1
Annual,Total,Total,Total,Percentage,Lithuania,2015,8.9
Annual,Total,Total,Total,Percentage,Lithuania,2016,8.6
Annual,Total,Total,Total,Percentage,Lithuania,2017,8.1
Annual,Total,Total,Total,Percentage,Lithuania,2018,6.9
Annual,Total,Total,Total,Percentage,Lithuania,2019,7.8
Annual,Total,Total,Total,Percentage,Lithuania,2020,5.4
Annual,Total,Total,Total,Percentage,Lithuania,2023,4.0
Annual,Total,Total,Total,Percentage,Luxembourg,2003,2.7
Annual,Total,Total,Total,Percentage,Luxembourg,2004,2.5
Annual,Total,Total,Total,Percentage,Luxembourg,2005,2.2
Annual,Total,Total,Total,Percentage,Luxembourg,2006,1.8
Annual,Total,Total,Total,Percentage,Luxembourg,2007,2.1
Annual,Total,Total,Total,Percentage,Luxembourg,2008,2.4
Annual,Total,Total,Total,Percentage,Luxembourg,2009,1.7
Annual,Total,Total,Total,Percentage,Luxembourg,2010,2.3
Annual,Total,Total,Total,Percentage,Luxembourg,2011,1.9
Annual,Total,Total,Total,Percentage,Luxembourg,2012,2.4
Annual,Total,Total,Total,Percentage,Luxembourg,2013,1.8
Annual,Total,Total,Total,Percentage,Luxembourg,2014,1.6
Annual,Total,Total,Total,Percentage,Luxembourg,2015,1.7
Annual,Total,Total,Total,Percentage,Luxembourg,2016,2.1
Annual,Total,Total,Total,Percentage,Luxembourg,2017,2.3
Annual,Total,Total,Total,Percentage,Luxembourg,2018,2.2
Annual,Total,Total,Total,Percentage,Luxembourg,2019,2.0
Annual,Total,Total,Total,Percentage,Luxembourg,2020,1.6
Annual,Total,Total,Total,Percentage,Luxembourg,2023,2.2
Annual,Total,Total,Total,Percentage,Hungary,2003,
Annual,Total,Total,Total,Percentage,Hungary,2004,
Annual,Total,Total,Total,Percentage,Hungary,2005,22.6
Annual,Total,Total,Total,Percentage,Hungary,2006,19.0
Annual,Total,Total,Total,Percentage,Hungary,2007,14.4
Annual,Total,Total,Total,Percentage,Hungary,2008,20.6
Annual,Total,Total,Total,Percentage,Hungary,2009,11.6
Annual,Total,Total,Total,Percentage,Hungary,2010,17.7
Annual,Total,Total,Total,Percentage,Hungary,2011,15.8
Annual,Total,Total,Total,Percentage,Hungary,2012,16.9
Annual,Total,Total,Total,Percentage,Hungary,2013,17.3
Annual,Total,Total,Total,Percentage,Hungary,2014,17.3
Annual,Total,Total,Total,Percentage,Hungary,2015,15.5
Annual,Total,Total,Total,Percentage,Hungary,2016,16.9
Annual,Total,Total,Total,Percentage,Hungary,2017,15.9
Annual,Total,Total,Total,Percentage,Hungary,2018,7.5
Annual,Total,Total,Total,Percentage,Hungary,2019,7.9
Annual,Total,Total,Total,Percentage,Hungary,2020,7.6
Annual,Total,Total,Total,Percentage,Hungary,2023,5.3
Annual,Total,Total,Total,Percentage,Malta,2003,
Annual,Total,Total,Total,Percentage,Malta,2004,
Annual,Total,Total,Total,Percentage,Malta,2005,1.0
Annual,Total,Total,Total,Percentage,Malta,2006,0.8
Annual,Total,Total,Total,Percentage,Malta,2007,0.9
Annual,Total,Total,Total,Percentage,Malta,2008,1.0
Annual,Total,Total,Total,Percentage,Malta,2009,1.3
Annual,Total,Total,Total,Percentage,Malta,2010,1.4
Annual,Total,Total,Total,Percentage,Malta,2011,1.6
Annual,Total,Total,Total,Percentage,Malta,2012,1.0
Annual,Total,Total,Total,Percentage,Malta,2013,1.3
Annual,Total,Total,Total,Percentage,Malta,2014,1.3
Annual,Total,Total,Total,Percentage,Malta,2015,1.3
Annual,Total,Total,Total,Percentage,Malta,2016,1.6
Annual,Total,Total,Total,Percentage,Malta,2017,1.4
Annual,Total,Total,Total,Percentage,Malta,2018,1.2
Annual,Total,Total,Total,Percentage,Malta,2019,1.3
Annual,Total,Total,Total,Percentage,Malta,2020,1.0
Annual,Total,Total,Total,Percentage,Malta,2023,0.5
Annual,Total,Total,Total,Percentage,Netherlands,2003,
Annual,Total,Total,Total,Percentage,Netherlands,2004,
Annual,Total,Total,Total,Percentage,Netherlands,2005,0.5
Annual,Total,Total,Total,Percentage,Netherlands,2006,0.5
Annual,Total,Total,Total,Percentage,Netherlands,2007,0.8
Annual,Total,Total,Total,Percentage,Netherlands,2008,0.6
Annual,Total,Total,Total,Percentage,Netherlands,2009,0.5
Annual,Total,Total,Total,Percentage,Netherlands,2010,0.5
Annual,Total,Total,Total,Percentage,Netherlands,2011,0.5
Annual,Total,Total,Total,Percentage,Netherlands,2012,0.9
Annual,Total,Total,Total,Percentage,Netherlands,2013,0.8
Annual,Total,Total,Total,Percentage,Netherlands,2014,0.6
Annual,Total,Total,Total,Percentage,Netherlands,2015,1.0
Annual,Total,Total,Total,Percentage,Netherlands,2016,1.4
Annual,Total,Total,Total,Percentage,Netherlands,2017,1.0
Annual,Total,Total,Total,Percentage,Netherlands,2018,1.3
Annual,Total,Total,Total,Percentage,Netherlands,2019,1.5
Annual,Total,Total,Total,Percentage,Netherlands,2020,1.5
Annual,Total,Total,Total,Percentage,Netherlands,2023,1.3
Annual,Total,Total,Total,Percentage,Austria,2003,1.6
Annual,Total,Total,Total,Percentage,Austria,2004,3.8
Annual,Total,Total,Total,Percentage,Austria,2005,3.7
Annual,Total,Total,Total,Percentage,Austria,2006,3.9
Annual,Total,Total,Total,Percentage,Austria,2007,3.8
Annual,Total,Total,Total,Percentage,Austria,2008,4.6
Annual,Total,Total,Total,Percentage,Austria,2009,4.1
Annual,Total,Total,Total,Percentage,Austria,2010,4.0
Annual,Total,Total,Total,Percentage,Austria,2011,3.8
Annual,Total,Total,Total,Percentage,Austria,2012,3.8
Annual,Total,Total,Total,Percentage,Austria,2013,3.9
Annual,Total,Total,Total,Percentage,Austria,2014,3.7
Annual,Total,Total,Total,Percentage,Austria,2015,4.3
Annual,Total,Total,Total,Percentage,Austria,2016,4.2
Annual,Total,Total,Total,Percentage,Austria,2017,4.4
Annual,Total,Total,Total,Percentage,Austria,2018,3.2
Annual,Total,Total,Total,Percentage,Austria,2019,3.0
Annual,Total,Total,Total,Percentage,Austria,2020,3.0
Annual,Total,Total,Total,Percentage,Austria,2023,4.5
Annual,Total,Total,Total,Percentage,Poland,2003,
Annual,Total,Total,Total,Percentage,Poland,2004,
Annual,Total,Total,Total,Percentage,Poland,2005,29.7
Annual,Total,Total,Total,Percentage,Poland,2006,28.6
Annual,Total,Total,Total,Percentage,Poland,2007,25.9
Annual,Total,Total,Total,Percentage,Poland,2008,18.1
Annual,Total,Total,Total,Percentage,Poland,2009,15.2
Annual,Total,Total,Total,Percentage,Poland,2010,13.3
Annual,Total,Total,Total,Percentage,Poland,2011,11.4
Annual,Total,Total,Total,Percentage,Poland,2012,10.5
Annual,Total,Total,Total,Percentage,Poland,2013,10.1
Annual,Total,Total,Total,Percentage,Poland,2014,9.1
Annual,Total,Total,Total,Percentage,Poland,2015,9.8
Annual,Total,Total,Total,Percentage,Poland,2016,9.4
Annual,Total,Total,Total,Percentage,Poland,2017,9.8
Annual,Total,Total,Total,Percentage,Poland,2018,8.6
Annual,Total,Total,Total,Percentage,Poland,2019,7.9
Annual,Total,Total,Total,Percentage,Poland,2020,
Annual,Total,Total,Total,Percentage,Poland,2023,4.6
Annual,Total,Total,Total,Percentage,Portugal,2003,
Annual,Total,Total,Total,Percentage,Portugal,2004,7.1
Annual,Total,Total,Total,Percentage,Portugal,2005,7.7
Annual,Total,Total,Total,Percentage,Portugal,2006,7.5
Annual,Total,Total,Total,Percentage,Portugal,2007,7.6
Annual,Total,Total,Total,Percentage,Portugal,2008,6.9
Annual,Total,Total,Total,Percentage,Portugal,2009,4.7
Annual,Total,Total,Total,Percentage,Portugal,2010,5.6
Annual,Total,Total,Total,Percentage,Portugal,2011,4.0
Annual,Total,Total,Total,Percentage,Portugal,2012,4.3
Annual,Total,Total,Total,Percentage,Portugal,2013,5.6
Annual,Total,Total,Total,Percentage,Portugal,2014,5.5
Annual,Total,Total,Total,Percentage,Portugal,2015,4.7
Annual,Total,Total,Total,Percentage,Portugal,2016,4.9
Annual,Total,Total,Total,Percentage,Portugal,2017,4.0
Annual,Total,Total,Total,Percentage,Portugal,2018,4.1
Annual,Total,Total,Total,Percentage,Portugal,2019,4.1
Annual,Total,Total,Total,Percentage,Portugal,2020,3.9
Annual,Total,Total,Total,Percentage,Portugal,2023,6.0
Annual,Total,Total,Total,Percentage,Romania,2003,
Annual,Total,Total,Total,Percentage,Romania,2004,
Annual,Total,Total,Total,Percentage,Romania,2005,
Annual,Total,Total,Total,Percentage,Romania,2006,
Annual,Total,Total,Total,Percentage,Romania,2007,32.0
Annual,Total,Total,Total,Percentage,Romania,2008,29.1
Annual,Total,Total,Total,Percentage,Romania,2009,27.2
Annual,Total,Total,Total,Percentage,Romania,2010,25.3
Annual,Total,Total,Total,Percentage,Romania,2011,24.0
Annual,Total,Total,Total,Percentage,Romania,2012,22.8
Annual,Total,Total,Total,Percentage,Romania,2013,22.8
Annual,Total,Total,Total,Percentage,Romania,2014,20.6
Annual,Total,Total,Total,Percentage,Romania,2015,19.8
Annual,Total,Total,Total,Percentage,Romania,2016,19.8
Annual,Total,Total,Total,Percentage,Romania,2017,17.2
Annual,Total,Total,Total,Percentage,Romania,2018,16.1
Annual,Total,Total,Total,Percentage,Romania,2019,14.2
Annual,Total,Total,Total,Percentage,Romania,2020,14.3
Annual,Total,Total,Total,Percentage,Romania,2023,9.6
Annual,Total,Total,Total,Percentage,Slovenia,2003,
Annual,Total,Total,Total,Percentage,Slovenia,2004,
Annual,Total,Total,Total,Percentage,Slovenia,2005,12.3
Annual,Total,Total,Total,Percentage,Slovenia,2006,13.1
Annual,Total,Total,Total,Percentage,Slovenia,2007,12.3
Annual,Total,Total,Total,Percentage,Slovenia,2008,16.6
Annual,Total,Total,Total,Percentage,Slovenia,2009,17.5
Annual,Total,Total,Total,Percentage,Slovenia,2010,15.4
Annual,Total,Total,Total,Percentage,Slovenia,2011,8.7
Annual,Total,Total,Total,Percentage,Slovenia,2012,8.1
Annual,Total,Total,Total,Percentage,Slovenia,2013,6.5
Annual,Total,Total,Total,Percentage,Slovenia,2014,6.5
Annual,Total,Total,Total,Percentage,Slovenia,2015,5.6
Annual,Total,Total,Total,Percentage,Slovenia,2016,4.5
Annual,Total,Total,Total,Percentage,Slovenia,2017,4.4
Annual,Total,Total,Total,Percentage,Slovenia,2018,4.8
Annual,Total,Total,Total,Percentage,Slovenia,2019,3.9
Annual,Total,Total,Total,Percentage,Slovenia,2020,3.1
Annual,Total,Total,Total,Percentage,Slovenia,2023,3.5
Annual,Total,Total,Total,Percentage,Slovakia,2003,
Annual,Total,Total,Total,Percentage,Slovakia,2004,
Annual,Total,Total,Total,Percentage,Slovakia,2005,6.3
Annual,Total,Total,Total,Percentage,Slovakia,2006,5.4
Annual,Total,Total,Total,Percentage,Slovakia,2007,4.5
Annual,Total,Total,Total,Percentage,Slovakia,2008,5.5
Annual,Total,Total,Total,Percentage,Slovakia,2009,4.2
Annual,Total,Total,Total,Percentage,Slovakia,2010,3.8
Annual,Total,Total,Total,Percentage,Slovakia,2011,4.8
Annual,Total,Total,Total,Percentage,Slovakia,2012,5.1
Annual,Total,Total,Total,Percentage,Slovakia,2013,4.5
Annual,Total,Total,Total,Percentage,Slovakia,2014,4.3
Annual,Total,Total,Total,Percentage,Slovakia,2015,4.2
Annual,Total,Total,Total,Percentage,Slovakia,2016,4.3
Annual,Total,Total,Total,Percentage,Slovakia,2017,5.2
Annual,Total,Total,Total,Percentage,Slovakia,2018,3.7
Annual,Total,Total,Total,Percentage,Slovakia,2019,3.6
Annual,Total,Total,Total,Percentage,Slovakia,2020,3.2
Annual,Total,Total,Total,Percentage,Slovakia,2023,4.0
Annual,Total,Total,Total,Percentage,Finland,2003,
Annual,Total,Total,Total,Percentage,Finland,2004,0.9
Annual,Total,Total,Total,Percentage,Finland,2005,1.0
Annual,Total,Total,Total,Percentage,Finland,2006,0.8
Annual,Total,Total,Total,Percentage,Finland,2007,0.7
Annual,Total,Total,Total,Percentage,Finland,2008,0.7
Annual,Total,Total,Total,Percentage,Finland,2009,0.7
Annual,Total,Total,Total,Percentage,Finland,2010,0.9
Annual,Total,Total,Total,Percentage,Finland,2011,0.7
Annual,Total,Total,Total,Percentage,Finland,2012,0.8
Annual,Total,Total,Total,Percentage,Finland,2013,0.7
Annual,Total,Total,Total,Percentage,Finland,2014,0.7
Annual,Total,Total,Total,Percentage,Finland,2015,0.7
Annual,Total,Total,Total,Percentage,Finland,2016,0.7
Annual,Total,Total,Total,Percentage,Finland,2017,0.7
Annual,Total,Total,Total,Percentage,Finland,2018,0.9
Annual,Total,Total,Total,Percentage,Finland,2019,0.9
Annual,Total,Total,Total,Percentage,Finland,2020,1.0
Annual,Total,Total,Total,Percentage,Finland,2023,1.0
Annual,Total,Total,Total,Percentage,Sweden,2003,
Annual,Total,Total,Total,Percentage,Sweden,2004,1.4
Annual,Total,Total,Total,Percentage,Sweden,2005,1.0
Annual,Total,Total,Total,Percentage,Sweden,2006,1.4
Annual,Total,Total,Total,Percentage,Sweden,2007,1.2
Annual,Total,Total,Total,Percentage,Sweden,2008,1.6
Annual,Total,Total,Total,Percentage,Sweden,2009,1.5
Annual,Total,Total,Total,Percentage,Sweden,2010,2.0
Annual,Total,Total,Total,Percentage,Sweden,2011,2.1
Annual,Total,Total,Total,Percentage,Sweden,2012,1.7
Annual,Total,Total,Total,Percentage,Sweden,2013,1.8
Annual,Total,Total,Total,Percentage,Sweden,2014,2.1
Annual,Total,Total,Total,Percentage,Sweden,2015,2.6
Annual,Total,Total,Total,Percentage,Sweden,2016,2.7
Annual,Total,Total,Total,Percentage,Sweden,2017,2.5
Annual,Total,Total,Total,Percentage,Sweden,2018,2.9
Annual,Total,Total,Total,Percentage,Sweden,2019,2.6
Annual,Total,Total,Total,Percentage,Sweden,2020,2.5
Annual,Total,Total,Total,Percentage,Sweden,2023,2.3
Annual,Total,Total,Total,Percentage,Iceland,2003,
Annual,Total,Total,Total,Percentage,Iceland,2004,2.1
Annual,Total,Total,Total,Percentage,Iceland,2005,1.5
Annual,Total,Total,Total,Percentage,Iceland,2006,1.4
Annual,Total,Total,Total,Percentage,Iceland,2007,1.6
Annual,Total,Total,Total,Percentage,Iceland,2008,1.2
Annual,Total,Total,Total,Percentage,Iceland,2009,1.7
Annual,Total,Total,Total,Percentage,Iceland,2010,1.6
Annual,Total,Total,Total,Percentage,Iceland,2011,2.0
Annual,Total,Total,Total,Percentage,Iceland,2012,2.4
Annual,Total,Total,Total,Percentage,Iceland,2013,2.8
Annual,Total,Total,Total,Percentage,Iceland,2014,2.2
Annual,Total,Total,Total,Percentage,Iceland,2015,2.5
Annual,Total,Total,Total,Percentage,Iceland,2016,1.5
Annual,Total,Total,Total,Percentage,Iceland,2017,1.6
Annual,Total,Total,Total,Percentage,Iceland,2018,1.6
Annual,Total,Total,Total,Percentage,Iceland,2019,3.3
Annual,Total,Total,Total,Percentage,Iceland,2020,2.8
Annual,Total,Total,Total,Percentage,Iceland,2023,
Annual,Total,Total,Total,Percentage,Norway,2003,1.2
Annual,Total,Total,Total,Percentage,Norway,2004,1.3
Annual,Total,Total,Total,Percentage,Norway,2005,1.4
Annual,Total,Total,Total,Percentage,Norway,2006,1.3
Annual,Total,Total,Total,Percentage,Norway,2007,1.2
Annual,Total,Total,Total,Percentage,Norway,2008,1.3
Annual,Total,Total,Total,Percentage,Norway,2009,1.0
Annual,Total,Total,Total,Percentage,Norway,2010,1.3
Annual,Total,Total,Total,Percentage,Norway,2011,1.3
Annual,Total,Total,Total,Percentage,Norway,2012,1.2
Annual,Total,Total,Total,Percentage,Norway,2013,1.3
Annual,Total,Total,Total,Percentage,Norway,2014,0.7
Annual,Total,Total,Total,Percentage,Norway,2015,0.7
Annual,Total,Total,Total,Percentage,Norway,2016,1.0
Annual,Total,Total,Total,Percentage,Norway,2017,0.8
Annual,Total,Total,Total,Percentage,Norway,2018,0.9
Annual,Total,Total,Total,Percentage,Norway,2019,1.0
Annual,Total,Total,Total,Percentage,Norway,2020,1.0
Annual,Total,Total,Total,Percentage,Norway,2023,1.0
Annual,Total,Total,Total,Percentage,Switzerland,2003,
Annual,Total,Total,Total,Percentage,Switzerland,2004,
Annual,Total,Total,Total,Percentage,Switzerland,2005,
Annual,Total,Total,Total,Percentage,Switzerland,2006,
Annual,Total,Total,Total,Percentage,Switzerland,2007,2.2
Annual,Total,Total,Total,Percentage,Switzerland,2008,1.1
Annual,Total,Total,Total,Percentage,Switzerland,2009,1.5
Annual,Total,Total,Total,Percentage,Switzerland,2010,1.2
Annual,Total,Total,Total,Percentage,Switzerland,2011,1.4
Annual,Total,Total,Total,Percentage,Switzerland,2012,1.8
Annual,Total,Total,Total,Percentage,Switzerland,2013,2.0
Annual,Total,Total,Total,Percentage,Switzerland,2014,1.4
Annual,Total,Total,Total,Percentage,Switzerland,2015,1.7
Annual,Total,Total,Total,Percentage,Switzerland,2016,2.3
Annual,Total,Total,Total,Percentage,Switzerland,2017,2.2
Annual,Total,Total,Total,Percentage,Switzerland,2018,2.3
Annual,Total,Total,Total,Percentage,Switzerland,2019,1.6
Annual,Total,Total,Total,Percentage,Switzerland,2020,1.8
Annual,Total,Total,Total,Percentage,Switzerland,2023,1.3
Annual,Total,Total,Total,Percentage,Albania,2003,
Annual,Total,Total,Total,Percentage,Albania,2004,
Annual,Total,Total,Total,Percentage,Albania,2005,
Annual,Total,Total,Total,Percentage,Albania,2006,
Annual,Total,Total,Total,Percentage,Albania,2007,
Annual,Total,Total,Total,Percentage,Albania,2008,
Annual,Total,Total,Total,Percentage,Albania,2009,
Annual,Total,Total,Total,Percentage,Albania,2010,
Annual,Total,Total,Total,Percentage,Albania,2011,
Annual,Total,Total,Total,Percentage,Albania,2012,
Annual,Total,Total,Total,Percentage,Albania,2013,
Annual,Total,Total,Total,Percentage,Albania,2014,
Annual,Total,Total,Total,Percentage,Albania,2015,
Annual,Total,Total,Total,Percentage,Albania,2016,
Annual,Total,Total,Total,Percentage,Albania,2017,22.4
Annual,Total,Total,Total,Percentage,Albania,2018,24.0
Annual,Total,Total,Total,Percentage,Albania,2019,21.0
Annual,Total,Total,Total,Percentage,Albania,2020,15.3
Annual,Total,Total,Total,Percentage,Albania,2023,12.7
Annual,Total,Total,Total,Percentage,Euro area - 19 countries  (2015-2022),2003,
Annual,Total,Total,Total,Percentage,Euro area - 19 countries  (2015-2022),2004,
Annual,Total,Total,Total,Percentage,Euro area - 19 countries  (2015-2022),2005,4.4
Annual,Total,Total,Total,Percentage,Euro area - 19 countries  (2015-2022),2006,4.4
Annual,Total,Total,Total,Percentage,Euro area - 19 countries  (2015-2022),2007,4.1
Annual,Total,Total,Total,Percentage,Euro area - 19 countries  (2015-2022),2008,3.9
Annual,Total,Total,Total,Percentage,Euro area - 19 countries  (2015-2022),2009,3.7
Annual,Total,Total,Total,Percentage,Euro area - 19 countries  (2015-2022),2010,3.7
Annual,Total,Total,Total,Percentage,Euro area - 19 countries  (2015-2022),2011,3.7
Annual,Total,Total,Total,Percentage,Euro area - 19 countries  (2015-2022),2012,3.5
Annual,Total,Total,Total,Percentage,Euro area - 19 countries  (2015-2022),2013,3.6
Annual,Total,Total,Total,Percentage,Euro area - 19 countries  (2015-2022),2014,3.7
Annual,Total,Total,Total,Percentage,Euro area - 19 countries  (2015-2022),2015,3.7
Annual,Total,Total,Total,Percentage,Euro area - 19 countries  (2015-2022),2016,3.5
Annual,Total,Total,Total,Percentage,Euro area - 19 countries  (2015-2022),2017,2.8
Annual,Total,Total,Total,Percentage,Euro area - 19 countries  (2015-2022),2018,3.0
Annual,Total,Total,Total,Percentage,Euro area - 19 countries  (2015-2022),2019,2.9
Annual,Total,Total,Total,Percentage,Euro area - 19 countries  (2015-2022),2020,3.3
Annual,Total,Total,Total,Percentage,Euro area - 19 countries  (2015-2022),2023,
Annual,Total,Total,Total,Percentage,"European Union (EU6-1958, EU9-1973, EU10-1981, EU12-1986, EU15-1995, EU25-2004, EU27-2007, EU28-2013, EU27-2020)",2003,
Annual,Total,Total,Total,Percentage,"European Union (EU6-1958, EU9-1973, EU10-1981, EU12-1986, EU15-1995, EU25-2004, EU27-2007, EU28-2013, EU27-2020)",2004,
Annual,Total,Total,Total,Percentage,"European Union (EU6-1958, EU9-1973, EU10-1981, EU12-1986, EU15-1995, EU25-2004, EU27-2007, EU28-2013, EU27-2020)",2005,
Annual,Total,Total,Total,Percentage,"European Union (EU6-1958, EU9-1973, EU10-1981, EU12-1986, EU15-1995, EU25-2004, EU27-2007, EU28-2013, EU27-2020)",2006,
Annual,Total,Total,Total,Percentage,"European Union (EU6-1958, EU9-1973, EU10-1981, EU12-1986, EU15-1995, EU25-2004, EU27-2007, EU28-2013, EU27-2020)",2007,
Annual,Total,Total,Total,Percentage,"European Union (EU6-1958, EU9-1973, EU10-1981, EU12-1986, EU15-1995, EU25-2004, EU27-2007, EU28-2013, EU27-2020)",2008,6.5
Annual,Total,Total,Total,Percentage,"European Union (EU6-1958, EU9-1973, EU10-1981, EU12-1986, EU15-1995, EU25-2004, EU27-2007, EU28-2013, EU27-2020)",2009,5.9
Annual,Total,Total,Total,Percentage,"European Union (EU6-1958, EU9-1973, EU10-1981, EU12-1986, EU15-1995, EU25-2004, EU27-2007, EU28-2013, EU27-2020)",2010,5.7
Annual,Total,Total,Total,Percentage,"European Union (EU6-1958, EU9-1973, EU10-1981, EU12-1986, EU15-1995, EU25-2004, EU27-2007, EU28-2013, EU27-2020)",2011,5.4
Annual,Total,Total,Total,Percentage,"European Union (EU6-1958, EU9-1973, EU10-1981, EU12-1986, EU15-1995, EU25-2004, EU27-2007, EU28-2013, EU27-2020)",2012,5.0
Annual,Total,Total,Total,Percentage,"European Union (EU6-1958, EU9-1973, EU10-1981, EU12-1986, EU15-1995, EU25-2004, EU27-2007, EU28-2013, EU27-2020)",2013,5.1
Annual,Total,Total,Total,Percentage,"European Union (EU6-1958, EU9-1973, EU10-1981, EU12-1986, EU15-1995, EU25-2004, EU27-2007, EU28-2013, EU27-2020)",2014,5.0
Annual,Total,Total,Total,Percentage,"European Union (EU6-1958, EU9-1973, EU10-1981, EU12-1986, EU15-1995, EU25-2004, EU27-2007, EU28-2013, EU27-2020)",2015,4.9
Annual,Total,Total,Total,Percentage,"European Union (EU6-1958, EU9-1973, EU10-1981, EU12-1986, EU15-1995, EU25-2004, EU27-2007, EU28-2013, EU27-2020)",2016,4.8
Annual,Total,Total,Total,Percentage,"European Union (EU6-1958, EU9-1973, EU10-1981, EU12-1986, EU15-1995, EU25-2004, EU27-2007, EU28-2013, EU27-2020)",2017,4.0
Annual,Total,Total,Total,Percentage,"European Union (EU6-1958, EU9-1973, EU10-1981, EU12-1986, EU15-1995, EU25-2004, EU27-2007, EU28-2013, EU27-2020)",2018,4.0
Annual,Total,Total,Total,Percentage,"European Union (EU6-1958, EU9-1973, EU10-1981, EU12-1986, EU15-1995, EU25-2004, EU27-2007, EU28-2013, EU27-2020)",2019,3.7
Annual,Total,Total,Total,Percentage,"European Union (EU6-1958, EU9-1973, EU10-1981, EU12-1986, EU15-1995, EU25-2004, EU27-2007, EU28-2013, EU27-2020)",2020,
Annual,Total,Total,Total,Percentage,"European Union (EU6-1958, EU9-1973, EU10-1981, EU12-1986, EU15-1995, EU25-2004, EU27-2007, EU28-2013, EU27-2020)",2023,
Annual,Total,Total,Total,Percentage,European Union - 27 countries (2007-2013),2003,
Annual,Total,Total,Total,Percentage,European Union - 27 countries (2007-2013),2004,
Annual,Total,Total,Total,Percentage,European Union - 27 countries (2007-2013),2005,8.2
Annual,Total,Total,Total,Percentage,European Union - 27 countries (2007-2013),2006,7.8
Annual,Total,Total,Total,Percentage,European Union - 27 countries (2007-2013),2007,7.2
Annual,Total,Total,Total,Percentage,European Union - 27 countries (2007-2013),2008,6.5
Annual,Total,Total,Total,Percentage,European Union - 27 countries (2007-2013),2009,5.9
Annual,Total,Total,Total,Percentage,European Union - 27 countries (2007-2013),2010,5.6
Annual,Total,Total,Total,Percentage,European Union - 27 countries (2007-2013),2011,5.3
Annual,Total,Total,Total,Percentage,European Union - 27 countries (2007-2013),2012,5.0
Annual,Total,Total,Total,Percentage,European Union - 27 countries (2007-2013),2013,5.1
Annual,Total,Total,Total,Percentage,European Union - 27 countries (2007-2013),2014,5.0
Annual,Total,Total,Total,Percentage,European Union - 27 countries (2007-2013),2015,4.9
Annual,Total,Total,Total,Percentage,European Union - 27 countries (2007-2013),2016,4.7
Annual,Total,Total,Total,Percentage,European Union - 27 countries (2007-2013),2017,4.0
Annual,Total,Total,Total,Percentage,European Union - 27 countries (2007-2013),2018,4.0
Annual,Total,Total,Total,Percentage,European Union - 27 countries (2007-2013),2019,3.7
Annual,Total,Total,Total,Percentage,European Union - 27 countries (2007-2013),2020,
Annual,Total,Total,Total,Percentage,European Union - 27 countries (2007-2013),2023,
Annual,Total,Total,Total,Percentage,Montenegro,2003,
Annual,Total,Total,Total,Percentage,Montenegro,2004,
Annual,Total,Total,Total,Percentage,Montenegro,2005,
Annual,Total,Total,Total,Percentage,Montenegro,2006,
Annual,Total,Total,Total,Percentage,Montenegro,2007,
Annual,Total,Total,Total,Percentage,Montenegro,2008,
Annual,Total,Total,Total,Percentage,Montenegro,2009,
Annual,Total,Total,Total,Percentage,Montenegro,2010,
Annual,Total,Total,Total,Percentage,Montenegro,2011,
Annual,Total,Total,Total,Percentage,Montenegro,2012,
Annual,Total,Total,Total,Percentage,Montenegro,2013,23.3
Annual,Total,Total,Total,Percentage,Montenegro,2014,21.2
Annual,Total,Total,Total,Percentage,Montenegro,2015,24.2
Annual,Total,Total,Total,Percentage,Montenegro,2016,18.3
Annual,Total,Total,Total,Percentage,Montenegro,2017,16.6
Annual,Total,Total,Total,Percentage,Montenegro,2018,18.3
Annual,Total,Total,Total,Percentage,Montenegro,2019,19.0
Annual,Total,Total,Total,Percentage,Montenegro,2020,18.2
Annual,Total,Total,Total,Percentage,Montenegro,2023,14.6
Annual,Total,Total,Total,Percentage,North Macedonia,2003,
Annual,Total,Total,Total,Percentage,North Macedonia,2004,
Annual,Total,Total,Total,Percentage,North Macedonia,2005,
Annual,Total,Total,Total,Percentage,North Macedonia,2006,
Annual,Total,Total,Total,Percentage,North Macedonia,2007,
Annual,Total,Total,Total,Percentage,North Macedonia,2008,
Annual,Total,Total,Total,Percentage,North Macedonia,2009,
Annual,Total,Total,Total,Percentage,North Macedonia,2010,
Annual,Total,Total,Total,Percentage,North Macedonia,2011,13.8
Annual,Total,Total,Total,Percentage,North Macedonia,2012,12.3
Annual,Total,Total,Total,Percentage,North Macedonia,2013,11.6
Annual,Total,Total,Total,Percentage,North Macedonia,2014,11.8
Annual,Total,Total,Total,Percentage,North Macedonia,2015,9.8
Annual,Total,Total,Total,Percentage,North Macedonia,2016,12.2
Annual,Total,Total,Total,Percentage,North Macedonia,2017,10.1
Annual,Total,Total,Total,Percentage,North Macedonia,2018,11.1
Annual,Total,Total,Total,Percentage,North Macedonia,2019,9.7
Annual,Total,Total,Total,Percentage,North Macedonia,2020,9.9
Annual,Total,Total,Total,Percentage,North Macedonia,2023,7.1
Annual,Total,Total,Total,Percentage,Serbia,2003,
Annual,Total,Total,Total,Percentage,Serbia,2004,
Annual,Total,Total,Total,Percentage,Serbia,2005,
Annual,Total,Total,Total,Percentage,Serbia,2006,
Annual,Total,Total,Total,Percentage,Serbia,2007,
Annual,Total,Total,Total,Percentage,Serbia,2008,
Annual,Total,Total,Total,Percentage,Serbia,2009,
Annual,Total,Total,Total,Percentage,Serbia,2010,
Annual,Total,Total,Total,Percentage,Serbia,2011,
Annual,Total,Total,Total,Percentage,Serbia,2012,
Annual,Total,Total,Total,Percentage,Serbia,2013,16.4
Annual,Total,Total,Total,Percentage,Serbia,2014,17.5
Annual,Total,Total,Total,Percentage,Serbia,2015,16.6
Annual,Total,Total,Total,Percentage,Serbia,2016,15.7
Annual,Total,Total,Total,Percentage,Serbia,2017,15.2
Annual,Total,Total,Total,Percentage,Serbia,2018,11.8
Annual,Total,Total,Total,Percentage,Serbia,2019,13.5
Annual,Total,Total,Total,Percentage,Serbia,2020,8.9
Annual,Total,Total,Total,Percentage,Serbia,2023,7.4
Annual,Total,Total,Total,Percentage,Türkiye,2003,
Annual,Total,Total,Total,Percentage,Türkiye,2004,
Annual,Total,Total,Total,Percentage,Türkiye,2005,
Annual,Total,Total,Total,Percentage,Türkiye,2006,32.2
Annual,Total,Total,Total,Percentage,Türkiye,2007,29.2
Annual,Total,Total,Total,Percentage,Türkiye,2008,28.0
Annual,Total,Total,Total,Percentage,Türkiye,2009,30.9
Annual,Total,Total,Total,Percentage,Türkiye,2010,30.5
Annual,Total,Total,Total,Percentage,Türkiye,2011,28.9
Annual,Total,Total,Total,Percentage,Türkiye,2012,29.1
Annual,Total,Total,Total,Percentage,Türkiye,2013,27.4
Annual,Total,Total,Total,Percentage,Türkiye,2014,27.0
Annual,Total,Total,Total,Percentage,Türkiye,2015,26.4
Annual,Total,Total,Total,Percentage,Türkiye,2016,26.1
Annual,Total,Total,Total,Percentage,Türkiye,2017,25.1
Annual,Total,Total,Total,Percentage,Türkiye,2018,23.9
Annual,Total,Total,Total,Percentage,Türkiye,2019,23.4
Annual,Total,Total,Total,Percentage,Türkiye,2020,21.9
Annual,Total,Total,Total,Percentage,Türkiye,2023,19.7
Annual,Total,Total,Total,Percentage,United Kingdom,2003,
Annual,Total,Total,Total,Percentage,United Kingdom,2004,
Annual,Total,Total,Total,Percentage,United Kingdom,2005,2.3
Annual,Total,Total,Total,Percentage,United Kingdom,2006,2.1
Annual,Total,Total,Total,Percentage,United Kingdom,2007,2.2
Annual,Total,Total,Total,Percentage,United Kingdom,2008,2.3
Annual,Total,Total,Total,Percentage,United Kingdom,2009,2.9
Annual,Total,Total,Total,Percentage,United Kingdom,2010,2.8
Annual,Total,Total,Total,Percentage,United Kingdom,2011,2.6
Annual,Total,Total,Total,Percentage,United Kingdom,2012,2.0
Annual,Total,Total,Total,Percentage,United Kingdom,2013,2.5
Annual,Total,Total,Total,Percentage,United Kingdom,2014,2.4
Annual,Total,Total,Total,Percentage,United Kingdom,2015,2.2
Annual,Total,Total,Total,Percentage,United Kingdom,2016,2.2
Annual,Total,Total,Total,Percentage,United Kingdom,2017,1.0
Annual,Total,Total,Total,Percentage,United Kingdom,2018,1.9
Annual,Total,Total,Total,Percentage,United Kingdom,2019,
Annual,Total,Total,Total,Percentage,United Kingdom,2020,
Annual,Total,Total,Total,Percentage,United Kingdom,2023,
Annual,Total,Total,Total,Percentage,Kosovo*,2003,
Annual,Total,Total,Total,Percentage,Kosovo*,2004,
Annual,Total,Total,Total,Percentage,Kosovo*,2005,
Annual,Total,Total,Total,Percentage,Kosovo*,2006,
Annual,Total,Total,Total,Percentage,Kosovo*,2007,
Annual,Total,Total,Total,Percentage,Kosovo*,2008,
Annual,Total,Total,Total,Percentage,Kosovo*,2009,
Annual,Total,Total,Total,Percentage,Kosovo*,2010,
Annual,Total,Total,Total,Percentage,Kosovo*,2011,
Annual,Total,Total,Total,Percentage,Kosovo*,2012,
Annual,Total,Total,Total,Percentage,Kosovo*,2013,
Annual,Total,Total,Total,Percentage,Kosovo*,2014,
Annual,Total,Total,Total,Percentage,Kosovo*,2015,
Annual,Total,Total,Total,Percentage,Kosovo*,2016,
Annual,Total,Total,Total,Percentage,Kosovo*,2017,
Annual,Total,Total,Total,Percentage,Kosovo*,2018,20.3
Annual,Total,Total,Total,Percentage,Kosovo*,2019,
Annual,Total,Total,Total,Percentage,Kosovo*,2020,
Annual,Total,Total,Total,Percentage,Kosovo*,2023,
Annual,Total,Below 60%,Total,Percentage,European Union - 27 countries (from 2020),2003,
Annual,Total,Below 60%,Total,Percentage,European Union - 27 countries (from 2020),2004,
Annual,Total,Below 60%,Total,Percentage,European Union - 27 countries (from 2020),2005,
Annual,Total,Below 60%,Total,Percentage,European Union - 27 countries (from 2020),2006,
Annual,Total,Below 60%,Total,Percentage,European Union - 27 countries (from 2020),2007,
Annual,Total,Below 60%,Total,Percentage,European Union - 27 countries (from 2020),2008,
Annual,Total,Below 60%,Total,Percentage,European Union - 27 countries (from 2020),2009,
Annual,Total,Below 60%,Total,Percentage,European Union - 27 countries (from 2020),2010,14.4
Annual,Total,Below 60%,Total,Percentage,European Union - 27 countries (from 2020),2011,14.3
Annual,Total,Below 60%,Total,Percentage,European Union - 27 countries (from 2020),2012,13.7
Annual,Total,Below 60%,Total,Percentage,European Union - 27 countries (from 2020),2013,13.8
Annual,Total,Below 60%,Total,Percentage,European Union - 27 countries (from 2020),2014,13.8
Annual,Total,Below 60%,Total,Percentage,European Union - 27 countries (from 2020),2015,13.3
Annual,Total,Below 60%,Total,Percentage,European Union - 27 countries (from 2020),2016,12.8
Annual,Total,Below 60%,Total,Percentage,European Union - 27 countries (from 2020),2017,10.1
Annual,Total,Below 60%,Total,Percentage,European Union - 27 countries (from 2020),2018,10.5
Annual,Total,Below 60%,Total,Percentage,European Union - 27 countries (from 2020),2019,9.6
Annual,Total,Below 60%,Total,Percentage,European Union - 27 countries (from 2020),2020,10.2
Annual,Total,Below 60%,Total,Percentage,European Union - 27 countries (from 2020),2023,9.9
Annual,Total,Below 60%,Total,Percentage,Euro area – 21 countries (from 2026),2003,
Annual,Total,Below 60%,Total,Percentage,Euro area – 21 countries (from 2026),2004,
Annual,Total,Below 60%,Total,Percentage,Euro area – 21 countries (from 2026),2005,
Annual,Total,Below 60%,Total,Percentage,Euro area – 21 countries (from 2026),2006,
Annual,Total,Below 60%,Total,Percentage,Euro area – 21 countries (from 2026),2007,
Annual,Total,Below 60%,Total,Percentage,Euro area – 21 countries (from 2026),2008,
Annual,Total,Below 60%,Total,Percentage,Euro area – 21 countries (from 2026),2009,
Annual,Total,Below 60%,Total,Percentage,Euro area – 21 countries (from 2026),2010,
Annual,Total,Below 60%,Total,Percentage,Euro area – 21 countries (from 2026),2011,
Annual,Total,Below 60%,Total,Percentage,Euro area – 21 countries (from 2026),2012,
Annual,Total,Below 60%,Total,Percentage,Euro area – 21 countries (from 2026),2013,
Annual,Total,Below 60%,Total,Percentage,Euro area – 21 countries (from 2026),2014,
Annual,Total,Below 60%,Total,Percentage,Euro area – 21 countries (from 2026),2015,
Annual,Total,Below 60%,Total,Percentage,Euro area – 21 countries (from 2026),2016,
Annual,Total,Below 60%,Total,Percentage,Euro area – 21 countries (from 2026),2017,
Annual,Total,Below 60%,Total,Percentage,Euro area – 21 countries (from 2026),2018,
Annual,Total,Below 60%,Total,Percentage,Euro area – 21 countries (from 2026),2019,
Annual,Total,Below 60%,Total,Percentage,Euro area – 21 countries (from 2026),2020,
Annual,Total,Below 60%,Total,Percentage,Euro area – 21 countries (from 2026),2023,
Annual,Total,Below 60%,Total,Percentage,Euro area – 20 countries (2023-2025),2003,
Annual,Total,Below 60%,Total,Percentage,Euro area – 20 countries (2023-2025),2004,
Annual,Total,Below 60%,Total,Percentage,Euro area – 20 countries (2023-2025),2005,
Annual,Total,Below 60%,Total,Percentage,Euro area – 20 countries (2023-2025),2006,
Annual,Total,Below 60%,Total,Percentage,Euro area – 20 countries (2023-2025),2007,
Annual,Total,Below 60%,Total,Percentage,Euro area – 20 countries (2023-2025),2008,
Annual,Total,Below 60%,Total,Percentage,Euro area – 20 countries (2023-2025),2009,
Annual,Total,Below 60%,Total,Percentage,Euro area – 20 countries (2023-2025),2010,
Annual,Total,Below 60%,Total,Percentage,Euro area – 20 countries (2023-2025),2011,
Annual,Total,Below 60%,Total,Percentage,Euro area – 20 countries (2023-2025),2012,
Annual,Total,Below 60%,Total,Percentage,Euro area – 20 countries (2023-2025),2013,
Annual,Total,Below 60%,Total,Percentage,Euro area – 20 countries (2023-2025),2014,
Annual,Total,Below 60%,Total,Percentage,Euro area – 20 countries (2023-2025),2015,
Annual,Total,Below 60%,Total,Percentage,Euro area – 20 countries (2023-2025),2016,
Annual,Total,Below 60%,Total,Percentage,Euro area – 20 countries (2023-2025),2017,
Annual,Total,Below 60%,Total,Percentage,Euro area – 20 countries (2023-2025),2018,
Annual,Total,Below 60%,Total,Percentage,Euro area – 20 countries (2023-2025),2019,6.6
Annual,Total,Below 60%,Total,Percentage,Euro area – 20 countries (2023-2025),2020,7.7
Annual,Total,Below 60%,Total,Percentage,Euro area – 20 countries (2023-2025),2023,8.7
Annual,Total,Below 60%,Total,Percentage,Belgium,2003,6.9
Annual,Total,Below 60%,Total,Percentage,Belgium,2004,3.1
Annual,Total,Below 60%,Total,Percentage,Belgium,2005,7.2
Annual,Total,Below 60%,Total,Percentage,Belgium,2006,4.8
Annual,Total,Below 60%,Total,Percentage,Belgium,2007,4.7
Annual,Total,Below 60%,Total,Percentage,Belgium,2008,5.0
Annual,Total,Below 60%,Total,Percentage,Belgium,2009,5.6
Annual,Total,Below 60%,Total,Percentage,Belgium,2010,5.9
Annual,Total,Below 60%,Total,Percentage,Belgium,2011,4.6
Annual,Total,Below 60%,Total,Percentage,Belgium,2012,1.9
Annual,Total,Below 60%,Total,Percentage,Belgium,2013,4.7
Annual,Total,Below 60%,Total,Percentage,Belgium,2014,3.8
Annual,Total,Below 60%,Total,Percentage,Belgium,2015,4.1
Annual,Total,Below 60%,Total,Percentage,Belgium,2016,6.1
Annual,Total,Below 60%,Total,Percentage,Belgium,2017,7.7
Annual,Total,Below 60%,Total,Percentage,Belgium,2018,8.1
Annual,Total,Below 60%,Total,Percentage,Belgium,2019,5.4
Annual,Total,Below 60%,Total,Percentage,Belgium,2020,5.8
Annual,Total,Below 60%,Total,Percentage,Belgium,2023,6.2
Annual,Total,Below 60%,Total,Percentage,Bulgaria,2003,
Annual,Total,Below 60%,Total,Percentage,Bulgaria,2004,
Annual,Total,Below 60%,Total,Percentage,Bulgaria,2005,
Annual,Total,Below 60%,Total,Percentage,Bulgaria,2006,45.2
Annual,Total,Below 60%,Total,Percentage,Bulgaria,2007,44.1
Annual,Total,Below 60%,Total,Percentage,Bulgaria,2008,41.5
Annual,Total,Below 60%,Total,Percentage,Bulgaria,2009,35.6
Annual,Total,Below 60%,Total,Percentage,Bulgaria,2010,34.8
Annual,Total,Below 60%,Total,Percentage,Bulgaria,2011,34.9
Annual,Total,Below 60%,Total,Percentage,Bulgaria,2012,32.3
Annual,Total,Below 60%,Total,Percentage,Bulgaria,2013,35.7
Annual,Total,Below 60%,Total,Percentage,Bulgaria,2014,34.4
Annual,Total,Below 60%,Total,Percentage,Bulgaria,2015,27.2
Annual,Total,Below 60%,Total,Percentage,Bulgaria,2016,29.2
Annual,Total,Below 60%,Total,Percentage,Bulgaria,2017,27.2
Annual,Total,Below 60%,Total,Percentage,Bulgaria,2018,26.2
Annual,Total,Below 60%,Total,Percentage,Bulgaria,2019,22.8
Annual,Total,Below 60%,Total,Percentage,Bulgaria,2020,20.9
Annual,Total,Below 60%,Total,Percentage,Bulgaria,2023,15.8
Annual,Total,Below 60%,Total,Percentage,Czechia,2003,
Annual,Total,Below 60%,Total,Percentage,Czechia,2004,
Annual,Total,Below 60%,Total,Percentage,Czechia,2005,21.5
Annual,Total,Below 60%,Total,Percentage,Czechia,2006,30.4
Annual,Total,Below 60%,Total,Percentage,Czechia,2007,25.1
Annual,Total,Below 60%,Total,Percentage,Czechia,2008,18.4
Annual,Total,Below 60%,Total,Percentage,Czechia,2009,18.1
Annual,Total,Below 60%,Total,Percentage,Czechia,2010,12.8
Annual,Total,Below 60%,Total,Percentage,Czechia,2011,12.5
Annual,Total,Below 60%,Total,Percentage,Czechia,2012,13.5
Annual,Total,Below 60%,Total,Percentage,Czechia,2013,13.2
Annual,Total,Below 60%,Total,Percentage,Czechia,2014,12.9
Annual,Total,Below 60%,Total,Percentage,Czechia,2015,11.0
Annual,Total,Below 60%,Total,Percentage,Czechia,2016,9.9
Annual,Total,Below 60%,Total,Percentage,Czechia,2017,4.8
Annual,Total,Below 60%,Total,Percentage,Czechia,2018,5.3
Annual,Total,Below 60%,Total,Percentage,Czechia,2019,7.6
Annual,Total,Below 60%,Total,Percentage,Czechia,2020,5.2
Annual,Total,Below 60%,Total,Percentage,Czechia,2023,10.9
Annual,Total,Below 60%,Total,Percentage,Denmark,2003,9.1
Annual,Total,Below 60%,Total,Percentage,Denmark,2004,5.6
Annual,Total,Below 60%,Total,Percentage,Denmark,2005,3.6
Annual,Total,Below 60%,Total,Percentage,Denmark,2006,3.8
Annual,Total,Below 60%,Total,Percentage,Denmark,2007,5.7
Annual,Total,Below 60%,Total,Percentage,Denmark,2008,4.7
Annual,Total,Below 60%,Total,Percentage,Denmark,2009,4.5
Annual,Total,Below 60%,Total,Percentage,Denmark,2010,4.2
Annual,Total,Below 60%,Total,Percentage,Denmark,2011,6.9
Annual,Total,Below 60%,Total,Percentage,Denmark,2012,8.5
Annual,Total,Below 60%,Total,Percentage,Denmark,2013,8.4
Annual,Total,Below 60%,Total,Percentage,Denmark,2014,6.9
Annual,Total,Below 60%,Total,Percentage,Denmark,2015,10.4
Annual,Total,Below 60%,Total,Percentage,Denmark,2016,4.3
Annual,Total,Below 60%,Total,Percentage,Denmark,2017,9.7
Annual,Total,Below 60%,Total,Percentage,Denmark,2018,12.4
Annual,Total,Below 60%,Total,Percentage,Denmark,2019,11.7
Annual,Total,Below 60%,Total,Percentage,Denmark,2020,11.8
Annual,Total,Below 60%,Total,Percentage,Denmark,2023,5.0
Annual,Total,Below 60%,Total,Percentage,Germany,2003,
Annual,Total,Below 60%,Total,Percentage,Germany,2004,
Annual,Total,Below 60%,Total,Percentage,Germany,2005,4.6
Annual,Total,Below 60%,Total,Percentage,Germany,2006,4.5
Annual,Total,Below 60%,Total,Percentage,Germany,2007,4.9
Annual,Total,Below 60%,Total,Percentage,Germany,2008,5.2
Annual,Total,Below 60%,Total,Percentage,Germany,2009,7.6
Annual,Total,Below 60%,Total,Percentage,Germany,2010,6.3
Annual,Total,Below 60%,Total,Percentage,Germany,2011,7.4
Annual,Total,Below 60%,Total,Percentage,Germany,2012,5.3
Annual,Total,Below 60%,Total,Percentage,Germany,2013,4.8
Annual,Total,Below 60%,Total,Percentage,Germany,2014,6.1
Annual,Total,Below 60%,Total,Percentage,Germany,2015,5.2
Annual,Total,Below 60%,Total,Percentage,Germany,2016,6.0
Annual,Total,Below 60%,Total,Percentage,Germany,2017,5.4
Annual,Total,Below 60%,Total,Percentage,Germany,2018,5.9
Annual,Total,Below 60%,Total,Percentage,Germany,2019,5.5
Annual,Total,Below 60%,Total,Percentage,Germany,2020,2.6
Annual,Total,Below 60%,Total,Percentage,Germany,2023,4.8
Annual,Total,Below 60%,Total,Percentage,Estonia,2003,
Annual,Total,Below 60%,Total,Percentage,Estonia,2004,31.2
Annual,Total,Below 60%,Total,Percentage,Estonia,2005,29.1
Annual,Total,Below 60%,Total,Percentage,Estonia,2006,25.4
Annual,Total,Below 60%,Total,Percentage,Estonia,2007,24.1
Annual,Total,Below 60%,Total,Percentage,Estonia,2008,16.8
Annual,Total,Below 60%,Total,Percentage,Estonia,2009,20.8
Annual,Total,Below 60%,Total,Percentage,Estonia,2010,20.9
Annual,Total,Below 60%,Total,Percentage,Estonia,2011,12.1
Annual,Total,Below 60%,Total,Percentage,Estonia,2012,9.6
Annual,Total,Below 60%,Total,Percentage,Estonia,2013,7.6
Annual,Total,Below 60%,Total,Percentage,Estonia,2014,6.9
Annual,Total,Below 60%,Total,Percentage,Estonia,2015,4.5
Annual,Total,Below 60%,Total,Percentage,Estonia,2016,4.6
Annual,Total,Below 60%,Total,Percentage,Estonia,2017,4.0
Annual,Total,Below 60%,Total,Percentage,Estonia,2018,2.8
Annual,Total,Below 60%,Total,Percentage,Estonia,2019,4.5
Annual,Total,Below 60%,Total,Percentage,Estonia,2020,3.7
Annual,Total,Below 60%,Total,Percentage,Estonia,2023,4.5
Annual,Total,Below 60%,Total,Percentage,Ireland,2003,3.5
Annual,Total,Below 60%,Total,Percentage,Ireland,2004,5.2
Annual,Total,Below 60%,Total,Percentage,Ireland,2005,4.3
Annual,Total,Below 60%,Total,Percentage,Ireland,2006,3.8
Annual,Total,Below 60%,Total,Percentage,Ireland,2007,5.3
Annual,Total,Below 60%,Total,Percentage,Ireland,2008,2.4
Annual,Total,Below 60%,Total,Percentage,Ireland,2009,3.2
Annual,Total,Below 60%,Total,Percentage,Ireland,2010,0.7
Annual,Total,Below 60%,Total,Percentage,Ireland,2011,1.6
Annual,Total,Below 60%,Total,Percentage,Ireland,2012,1.5
Annual,Total,Below 60%,Total,Percentage,Ireland,2013,1.7
Annual,Total,Below 60%,Total,Percentage,Ireland,2014,2.7
Annual,Total,Below 60%,Total,Percentage,Ireland,2015,2.2
Annual,Total,Below 60%,Total,Percentage,Ireland,2016,3.0
Annual,Total,Below 60%,Total,Percentage,Ireland,2017,1.7
Annual,Total,Below 60%,Total,Percentage,Ireland,2018,1.5
Annual,Total,Below 60%,Total,Percentage,Ireland,2019,4.1
Annual,Total,Below 60%,Total,Percentage,Ireland,2020,5.2
Annual,Total,Below 60%,Total,Percentage,Ireland,2023,
Annual,Total,Below 60%,Total,Percentage,Greece,2003,15.7
Annual,Total,Below 60%,Total,Percentage,Greece,2004,11.3
Annual,Total,Below 60%,Total,Percentage,Greece,2005,14.7
Annual,Total,Below 60%,Total,Percentage,Greece,2006,14.7
Annual,Total,Below 60%,Total,Percentage,Greece,2007,14.5
Annual,Total,Below 60%,Total,Percentage,Greece,2008,13.6
Annual,Total,Below 60%,Total,Percentage,Greece,2009,13.0
Annual,Total,Below 60%,Total,Percentage,Greece,2010,14.0
Annual,Total,Below 60%,Total,Percentage,Greece,2011,14.2
Annual,Total,Below 60%,Total,Percentage,Greece,2012,13.2
Annual,Total,Below 60%,Total,Percentage,Greece,2013,11.8
Annual,Total,Below 60%,Total,Percentage,Greece,2014,11.6
Annual,Total,Below 60%,Total,Percentage,Greece,2015,12.1
Annual,Total,Below 60%,Total,Percentage,Greece,2016,11.9
Annual,Total,Below 60%,Total,Percentage,Greece,2017,12.1
Annual,Total,Below 60%,Total,Percentage,Greece,2018,12.1
Annual,Total,Below 60%,Total,Percentage,Greece,2019,11.7
Annual,Total,Below 60%,Total,Percentage,Greece,2020,13.7
Annual,Total,Below 60%,Total,Percentage,Greece,2023,14.8
Annual,Total,Below 60%,Total,Percentage,Spain,2003,
Annual,Total,Below 60%,Total,Percentage,Spain,2004,6.8
Annual,Total,Below 60%,Total,Percentage,Spain,2005,6.4
Annual,Total,Below 60%,Total,Percentage,Spain,2006,5.5
Annual,Total,Below 60%,Total,Percentage,Spain,2007,6.1
Annual,Total,Below 60%,Total,Percentage,Spain,2008,3.4
Annual,Total,Below 60%,Total,Percentage,Spain,2009,4.6
Annual,Total,Below 60%,Total,Percentage,Spain,2010,3.3
Annual,Total,Below 60%,Total,Percentage,Spain,2011,5.1
Annual,Total,Below 60%,Total,Percentage,Spain,2012,3.5
Annual,Total,Below 60%,Total,Percentage,Spain,2013,4.4
Annual,Total,Below 60%,Total,Percentage,Spain,2014,5.2
Annual,Total,Below 60%,Total,Percentage,Spain,2015,3.4
Annual,Total,Below 60%,Total,Percentage,Spain,2016,4.6
Annual,Total,Below 60%,Total,Percentage,Spain,2017,2.7
Annual,Total,Below 60%,Total,Percentage,Spain,2018,4.9
Annual,Total,Below 60%,Total,Percentage,Spain,2019,4.6
Annual,Total,Below 60%,Total,Percentage,Spain,2020,9.2
Annual,Total,Below 60%,Total,Percentage,Spain,2023,6.7
Annual,Total,Below 60%,Total,Percentage,France,2003,
Annual,Total,Below 60%,Total,Percentage,France,2004,9.6
Annual,Total,Below 60%,Total,Percentage,France,2005,8.2
Annual,Total,Below 60%,Total,Percentage,France,2006,6.9
Annual,Total,Below 60%,Total,Percentage,France,2007,8.7
Annual,Total,Below 60%,Total,Percentage,France,2008,10.0
Annual,Total,Below 60%,Total,Percentage,France,2009,10.4
Annual,Total,Below 60%,Total,Percentage,France,2010,9.8
Annual,Total,Below 60%,Total,Percentage,France,2011,8.8
Annual,Total,Below 60%,Total,Percentage,France,2012,8.7
Annual,Total,Below 60%,Total,Percentage,France,2013,8.0
Annual,Total,Below 60%,Total,Percentage,France,2014,8.3
Annual,Total,Below 60%,Total,Percentage,France,2015,7.8
Annual,Total,Below 60%,Total,Percentage,France,2016,9.8
Annual,Total,Below 60%,Total,Percentage,France,2017,5.4
Annual,Total,Below 60%,Total,Percentage,France,2018,8.3
Annual,Total,Below 60%,Total,Percentage,France,2019,7.3
Annual,Total,Below 60%,Total,Percentage,France,2020,10.6
Annual,Total,Below 60%,Total,Percentage,France,2023,13.7
Annual,Total,Below 60%,Total,Percentage,Croatia,2003,
Annual,Total,Below 60%,Total,Percentage,Croatia,2004,
Annual,Total,Below 60%,Total,Percentage,Croatia,2005,
Annual,Total,Below 60%,Total,Percentage,Croatia,2006,
Annual,Total,Below 60%,Total,Percentage,Croatia,2007,
Annual,Total,Below 60%,Total,Percentage,Croatia,2008,
Annual,Total,Below 60%,Total,Percentage,Croatia,2009,
Annual,Total,Below 60%,Total,Percentage,Croatia,2010,19.5
Annual,Total,Below 60%,Total,Percentage,Croatia,2011,15.4
Annual,Total,Below 60%,Total,Percentage,Croatia,2012,13.7
Annual,Total,Below 60%,Total,Percentage,Croatia,2013,14.9
Annual,Total,Below 60%,Total,Percentage,Croatia,2014,13.1
Annual,Total,Below 60%,Total,Percentage,Croatia,2015,13.9
Annual,Total,Below 60%,Total,Percentage,Croatia,2016,12.8
Annual,Total,Below 60%,Total,Percentage,Croatia,2017,12.6
Annual,Total,Below 60%,Total,Percentage,Croatia,2018,10.9
Annual,Total,Below 60%,Total,Percentage,Croatia,2019,11.6
Annual,Total,Below 60%,Total,Percentage,Croatia,2020,7.8
Annual,Total,Below 60%,Total,Percentage,Croatia,2023,6.0
Annual,Total,Below 60%,Total,Percentage,Italy,2003,
Annual,Total,Below 60%,Total,Percentage,Italy,2004,18.0
Annual,Total,Below 60%,Total,Percentage,Italy,2005,15.1
Annual,Total,Below 60%,Total,Percentage,Italy,2006,15.3
Annual,Total,Below 60%,Total,Percentage,Italy,2007,14.7
Annual,Total,Below 60%,Total,Percentage,Italy,2008,13.4
Annual,Total,Below 60%,Total,Percentage,Italy,2009,14.8
Annual,Total,Below 60%,Total,Percentage,Italy,2010,15.1
Annual,Total,Below 60%,Total,Percentage,Italy,2011,16.2
Annual,Total,Below 60%,Total,Percentage,Italy,2012,17.3
Annual,Total,Below 60%,Total,Percentage,Italy,2013,16.8
Annual,Total,Below 60%,Total,Percentage,Italy,2014,17.6
Annual,Total,Below 60%,Total,Percentage,Italy,2015,18.9
Annual,Total,Below 60%,Total,Percentage,Italy,2016,14.3
Annual,Total,Below 60%,Total,Percentage,Italy,2017,9.3
Annual,Total,Below 60%,Total,Percentage,Italy,2018,9.7
Annual,Total,Below 60%,Total,Percentage,Italy,2019,7.1
Annual,Total,Below 60%,Total,Percentage,Italy,2020,10.0
Annual,Total,Below 60%,Total,Percentage,Italy,2023,8.9
Annual,Total,Below 60%,Total,Percentage,Cyprus,2003,
Annual,Total,Below 60%,Total,Percentage,Cyprus,2004,
Annual,Total,Below 60%,Total,Percentage,Cyprus,2005,4.2
Annual,Total,Below 60%,Total,Percentage,Cyprus,2006,3.7
Annual,Total,Below 60%,Total,Percentage,Cyprus,2007,2.2
Annual,Total,Below 60%,Total,Percentage,Cyprus,2008,2.7
Annual,Total,Below 60%,Total,Percentage,Cyprus,2009,0.8
Annual,Total,Below 60%,Total,Percentage,Cyprus,2010,4.4
Annual,Total,Below 60%,Total,Percentage,Cyprus,2011,5.7
Annual,Total,Below 60%,Total,Percentage,Cyprus,2012,3.6
Annual,Total,Below 60%,Total,Percentage,Cyprus,2013,3.2
Annual,Total,Below 60%,Total,Percentage,Cyprus,2014,2.9
Annual,Total,Below 60%,Total,Percentage,Cyprus,2015,1.0
Annual,Total,Below 60%,Total,Percentage,Cyprus,2016,3.7
Annual,Total,Below 60%,Total,Percentage,Cyprus,2017,3.9
Annual,Total,Below 60%,Total,Percentage,Cyprus,2018,3.2
Annual,Total,Below 60%,Total,Percentage,Cyprus,2019,5.0
Annual,Total,Below 60%,Total,Percentage,Cyprus,2020,3.2
Annual,Total,Below 60%,Total,Percentage,Cyprus,2023,2.9
Annual,Total,Below 60%,Total,Percentage,Latvia,2003,
Annual,Total,Below 60%,Total,Percentage,Latvia,2004,
Annual,Total,Below 60%,Total,Percentage,Latvia,2005,45.0
Annual,Total,Below 60%,Total,Percentage,Latvia,2006,37.4
Annual,Total,Below 60%,Total,Percentage,Latvia,2007,35.5
Annual,Total,Below 60%,Total,Percentage,Latvia,2008,31.9
Annual,Total,Below 60%,Total,Percentage,Latvia,2009,33.3
Annual,Total,Below 60%,Total,Percentage,Latvia,2010,39.4
Annual,Total,Below 60%,Total,Percentage,Latvia,2011,32.2
Annual,Total,Below 60%,Total,Percentage,Latvia,2012,31.5
Annual,Total,Below 60%,Total,Percentage,Latvia,2013,29.7
Annual,Total,Below 60%,Total,Percentage,Latvia,2014,27.3
Annual,Total,Below 60%,Total,Percentage,Latvia,2015,27.3
Annual,Total,Below 60%,Total,Percentage,Latvia,2016,24.2
Annual,Total,Below 60%,Total,Percentage,Latvia,2017,23.4
Annual,Total,Below 60%,Total,Percentage,Latvia,2018,21.1
Annual,Total,Below 60%,Total,Percentage,Latvia,2019,16.7
Annual,Total,Below 60%,Total,Percentage,Latvia,2020,16.5
Annual,Total,Below 60%,Total,Percentage,Latvia,2023,16.5
Annual,Total,Below 60%,Total,Percentage,Lithuania,2003,
Annual,Total,Below 60%,Total,Percentage,Lithuania,2004,
Annual,Total,Below 60%,Total,Percentage,Lithuania,2005,44.9
Annual,Total,Below 60%,Total,Percentage,Lithuania,2006,42.4
Annual,Total,Below 60%,Total,Percentage,Lithuania,2007,35.4
Annual,Total,Below 60%,Total,Percentage,Lithuania,2008,32.0
Annual,Total,Below 60%,Total,Percentage,Lithuania,2009,28.0
Annual,Total,Below 60%,Total,Percentage,Lithuania,2010,22.4
Annual,Total,Below 60%,Total,Percentage,Lithuania,2011,15.1
Annual,Total,Below 60%,Total,Percentage,Lithuania,2012,14.2
Annual,Total,Below 60%,Total,Percentage,Lithuania,2013,18.5
Annual,Total,Below 60%,Total,Percentage,Lithuania,2014,18.2
Annual,Total,Below 60%,Total,Percentage,Lithuania,2015,19.1
Annual,Total,Below 60%,Total,Percentage,Lithuania,2016,19.1
Annual,Total,Below 60%,Total,Percentage,Lithuania,2017,16.2
Annual,Total,Below 60%,Total,Percentage,Lithuania,2018,10.5
Annual,Total,Below 60%,Total,Percentage,Lithuania,2019,12.4
Annual,Total,Below 60%,Total,Percentage,Lithuania,2020,9.2
Annual,Total,Below 60%,Total,Percentage,Lithuania,2023,4.3
Annual,Total,Below 60%,Total,Percentage,Luxembourg,2003,10.3
Annual,Total,Below 60%,Total,Percentage,Luxembourg,2004,6.2
Annual,Total,Below 60%,Total,Percentage,Luxembourg,2005,8.8
Annual,Total,Below 60%,Total,Percentage,Luxembourg,2006,8.1
Annual,Total,Below 60%,Total,Percentage,Luxembourg,2007,8.5
Annual,Total,Below 60%,Total,Percentage,Luxembourg,2008,8.3
Annual,Total,Below 60%,Total,Percentage,Luxembourg,2009,6.8
Annual,Total,Below 60%,Total,Percentage,Luxembourg,2010,8.5
Annual,Total,Below 60%,Total,Percentage,Luxembourg,2011,8.4
Annual,Total,Below 60%,Total,Percentage,Luxembourg,2012,9.4
Annual,Total,Below 60%,Total,Percentage,Luxembourg,2013,8.0
Annual,Total,Below 60%,Total,Percentage,Luxembourg,2014,5.4
Annual,Total,Below 60%,Total,Percentage,Luxembourg,2015,6.8
Annual,Total,Below 60%,Total,Percentage,Luxembourg,2016,7.0
Annual,Total,Below 60%,Total,Percentage,Luxembourg,2017,5.8
Annual,Total,Below 60%,Total,Percentage,Luxembourg,2018,5.3
Annual,Total,Below 60%,Total,Percentage,Luxembourg,2019,6.9
Annual,Total,Below 60%,Total,Percentage,Luxembourg,2020,4.3
Annual,Total,Below 60%,Total,Percentage,Luxembourg,2023,5.4
Annual,Total,Below 60%,Total,Percentage,Hungary,2003,
Annual,Total,Below 60%,Total,Percentage,Hungary,2004,
Annual,Total,Below 60%,Total,Percentage,Hungary,2005,40.4
Annual,Total,Below 60%,Total,Percentage,Hungary,2006,36.6
Annual,Total,Below 60%,Total,Percentage,Hungary,2007,29.6
Annual,Total,Below 60%,Total,Percentage,Hungary,2008,40.0
Annual,Total,Below 60%,Total,Percentage,Hungary,2009,30.3
Annual,Total,Below 60%,Total,Percentage,Hungary,2010,42.3
Annual,Total,Below 60%,Total,Percentage,Hungary,2011,40.8
Annual,Total,Below 60%,Total,Percentage,Hungary,2012,46.5
Annual,Total,Below 60%,Total,Percentage,Hungary,2013,43.0
Annual,Total,Below 60%,Total,Percentage,Hungary,2014,42.1
Annual,Total,Below 60%,Total,Percentage,Hungary,2015,35.0
Annual,Total,Below 60%,Total,Percentage,Hungary,2016,32.7
Annual,Total,Below 60%,Total,Percentage,Hungary,2017,25.0
Annual,Total,Below 60%,Total,Percentage,Hungary,2018,14.5
Annual,Total,Below 60%,Total,Percentage,Hungary,2019,18.8
Annual,Total,Below 60%,Total,Percentage,Hungary,2020,23.3
Annual,Total,Below 60%,Total,Percentage,Hungary,2023,16.1
Annual,Total,Below 60%,Total,Percentage,Malta,2003,
Annual,Total,Below 60%,Total,Percentage,Malta,2004,
Annual,Total,Below 60%,Total,Percentage,Malta,2005,1.5
Annual,Total,Below 60%,Total,Percentage,Malta,2006,0.5
Annual,Total,Below 60%,Total,Percentage,Malta,2007,2.3
Annual,Total,Below 60%,Total,Percentage,Malta,2008,1.6
Annual,Total,Below 60%,Total,Percentage,Malta,2009,3.2
Annual,Total,Below 60%,Total,Percentage,Malta,2010,1.7
Annual,Total,Below 60%,Total,Percentage,Malta,2011,3.9
Annual,Total,Below 60%,Total,Percentage,Malta,2012,1.6
Annual,Total,Below 60%,Total,Percentage,Malta,2013,2.5
Annual,Total,Below 60%,Total,Percentage,Malta,2014,2.8
Annual,Total,Below 60%,Total,Percentage,Malta,2015,3.1
Annual,Total,Below 60%,Total,Percentage,Malta,2016,4.3
Annual,Total,Below 60%,Total,Percentage,Malta,2017,5.6
Annual,Total,Below 60%,Total,Percentage,Malta,2018,4.3
Annual,Total,Below 60%,Total,Percentage,Malta,2019,3.5
Annual,Total,Below 60%,Total,Percentage,Malta,2020,1.4
Annual,Total,Below 60%,Total,Percentage,Malta,2023,0.3
Annual,Total,Below 60%,Total,Percentage,Netherlands,2003,
Annual,Total,Below 60%,Total,Percentage,Netherlands,2004,
Annual,Total,Below 60%,Total,Percentage,Netherlands,2005,1.0
Annual,Total,Below 60%,Total,Percentage,Netherlands,2006,1.7
Annual,Total,Below 60%,Total,Percentage,Netherlands,2007,3.4
Annual,Total,Below 60%,Total,Percentage,Netherlands,2008,1.7
Annual,Total,Below 60%,Total,Percentage,Netherlands,2009,1.4
Annual,Total,Below 60%,Total,Percentage,Netherlands,2010,1.2
Annual,Total,Below 60%,Total,Percentage,Netherlands,2011,0.7
Annual,Total,Below 60%,Total,Percentage,Netherlands,2012,2.5
Annual,Total,Below 60%,Total,Percentage,Netherlands,2013,5.6
Annual,Total,Below 60%,Total,Percentage,Netherlands,2014,2.3
Annual,Total,Below 60%,Total,Percentage,Netherlands,2015,4.9
Annual,Total,Below 60%,Total,Percentage,Netherlands,2016,4.3
Annual,Total,Below 60%,Total,Percentage,Netherlands,2017,4.3
Annual,Total,Below 60%,Total,Percentage,Netherlands,2018,3.5
Annual,Total,Below 60%,Total,Percentage,Netherlands,2019,4.4
Annual,Total,Below 60%,Total,Percentage,Netherlands,2020,5.6
Annual,Total,Below 60%,Total,Percentage,Netherlands,2023,5.4
Annual,Total,Below 60%,Total,Percentage,Austria,2003,4.1
Annual,Total,Below 60%,Total,Percentage,Austria,2004,9.3
Annual,Total,Below 60%,Total,Percentage,Austria,2005,9.3
Annual,Total,Below 60%,Total,Percentage,Austria,2006,7.8
Annual,Total,Below 60%,Total,Percentage,Austria,2007,9.4
Annual,Total,Below 60%,Total,Percentage,Austria,2008,11.8
Annual,Total,Below 60%,Total,Percentage,Austria,2009,10.9
Annual,Total,Below 60%,Total,Percentage,Austria,2010,11.0
Annual,Total,Below 60%,Total,Percentage,Austria,2011,9.1
Annual,Total,Below 60%,Total,Percentage,Austria,2012,10.9
Annual,Total,Below 60%,Total,Percentage,Austria,2013,11.0
Annual,Total,Below 60%,Total,Percentage,Austria,2014,9.3
Annual,Total,Below 60%,Total,Percentage,Austria,2015,11.4
Annual,Total,Below 60%,Total,Percentage,Austria,2016,10.3
Annual,Total,Below 60%,Total,Percentage,Austria,2017,10.9
Annual,Total,Below 60%,Total,Percentage,Austria,2018,10.6
Annual,Total,Below 60%,Total,Percentage,Austria,2019,6.0
Annual,Total,Below 60%,Total,Percentage,Austria,2020,6.3
Annual,Total,Below 60%,Total,Percentage,Austria,2023,14.2
Annual,Total,Below 60%,Total,Percentage,Poland,2003,
Annual,Total,Below 60%,Total,Percentage,Poland,2004,
Annual,Total,Below 60%,Total,Percentage,Poland,2005,47.0
Annual,Total,Below 60%,Total,Percentage,Poland,2006,49.1
Annual,Total,Below 60%,Total,Percentage,Poland,2007,46.6
Annual,Total,Below 60%,Total,Percentage,Poland,2008,33.5
Annual,Total,Below 60%,Total,Percentage,Poland,2009,29.9
Annual,Total,Below 60%,Total,Percentage,Poland,2010,28.0
Annual,Total,Below 60%,Total,Percentage,Poland,2011,23.8
Annual,Total,Below 60%,Total,Percentage,Poland,2012,22.9
Annual,Total,Below 60%,Total,Percentage,Poland,2013,20.8
Annual,Total,Below 60%,Total,Percentage,Poland,2014,19.9
Annual,Total,Below 60%,Total,Percentage,Poland,2015,19.8
Annual,Total,Below 60%,Total,Percentage,Poland,2016,19.7
Annual,Total,Below 60%,Total,Percentage,Poland,2017,16.0
Annual,Total,Below 60%,Total,Percentage,Poland,2018,15.8
Annual,Total,Below 60%,Total,Percentage,Poland,2019,13.0
Annual,Total,Below 60%,Total,Percentage,Poland,2020,
Annual,Total,Below 60%,Total,Percentage,Poland,2023,8.0
Annual,Total,Below 60%,Total,Percentage,Portugal,2003,
Annual,Total,Below 60%,Total,Percentage,Portugal,2004,13.0
Annual,Total,Below 60%,Total,Percentage,Portugal,2005,13.8
Annual,Total,Below 60%,Total,Percentage,Portugal,2006,11.8
Annual,Total,Below 60%,Total,Percentage,Portugal,2007,13.4
Annual,Total,Below 60%,Total,Percentage,Portugal,2008,12.4
Annual,Total,Below 60%,Total,Percentage,Portugal,2009,10.6
Annual,Total,Below 60%,Total,Percentage,Portugal,2010,10.6
Annual,Total,Below 60%,Total,Percentage,Portugal,2011,8.2
Annual,Total,Below 60%,Total,Percentage,Portugal,2012,7.8
Annual,Total,Below 60%,Total,Percentage,Portugal,2013,11.4
Annual,Total,Below 60%,Total,Percentage,Portugal,2014,13.1
Annual,Total,Below 60%,Total,Percentage,Portugal,2015,11.2
Annual,Total,Below 60%,Total,Percentage,Portugal,2016,11.3
Annual,Total,Below 60%,Total,Percentage,Portugal,2017,9.3
Annual,Total,Below 60%,Total,Percentage,Portugal,2018,8.7
Annual,Total,Below 60%,Total,Percentage,Portugal,2019,10.4
Annual,Total,Below 60%,Total,Percentage,Portugal,2020,7.2
Annual,Total,Below 60%,Total,Percentage,Portugal,2023,14.8
Annual,Total,Below 60%,Total,Percentage,Romania,2003,
Annual,Total,Below 60%,Total,Percentage,Romania,2004,
Annual,Total,Below 60%,Total,Percentage,Romania,2005,
Annual,Total,Below 60%,Total,Percentage,Romania,2006,
Annual,Total,Below 60%,Total,Percentage,Romania,2007,52.8
Annual,Total,Below 60%,Total,Percentage,Romania,2008,53.3
Annual,Total,Below 60%,Total,Percentage,Romania,2009,52.1
Annual,Total,Below 60%,Total,Percentage,Romania,2010,50.6
Annual,Total,Below 60%,Total,Percentage,Romania,2011,50.0
Annual,Total,Below 60%,Total,Percentage,Romania,2012,47.9
Annual,Total,Below 60%,Total,Percentage,Romania,2013,48.8
Annual,Total,Below 60%,Total,Percentage,Romania,2014,45.2
Annual,Total,Below 60%,Total,Percentage,Romania,2015,44.7
Annual,Total,Below 60%,Total,Percentage,Romania,2016,42.7
Annual,Total,Below 60%,Total,Percentage,Romania,2017,36.7
Annual,Total,Below 60%,Total,Percentage,Romania,2018,37.4
Annual,Total,Below 60%,Total,Percentage,Romania,2019,34.9
Annual,Total,Below 60%,Total,Percentage,Romania,2020,35.7
Annual,Total,Below 60%,Total,Percentage,Romania,2023,26.2
Annual,Total,Below 60%,Total,Percentage,Slovenia,2003,
Annual,Total,Below 60%,Total,Percentage,Slovenia,2004,
Annual,Total,Below 60%,Total,Percentage,Slovenia,2005,21.1
Annual,Total,Below 60%,Total,Percentage,Slovenia,2006,19.2
Annual,Total,Below 60%,Total,Percentage,Slovenia,2007,22.6
Annual,Total,Below 60%,Total,Percentage,Slovenia,2008,26.8
Annual,Total,Below 60%,Total,Percentage,Slovenia,2009,24.6
Annual,Total,Below 60%,Total,Percentage,Slovenia,2010,25.4
Annual,Total,Below 60%,Total,Percentage,Slovenia,2011,16.2
Annual,Total,Below 60%,Total,Percentage,Slovenia,2012,16.9
Annual,Total,Below 60%,Total,Percentage,Slovenia,2013,14.1
Annual,Total,Below 60%,Total,Percentage,Slovenia,2014,12.5
Annual,Total,Below 60%,Total,Percentage,Slovenia,2015,12.5
Annual,Total,Below 60%,Total,Percentage,Slovenia,2016,9.6
Annual,Total,Below 60%,Total,Percentage,Slovenia,2017,7.9
Annual,Total,Below 60%,Total,Percentage,Slovenia,2018,8.6
Annual,Total,Below 60%,Total,Percentage,Slovenia,2019,7.2
Annual,Total,Below 60%,Total,Percentage,Slovenia,2020,6.5
Annual,Total,Below 60%,Total,Percentage,Slovenia,2023,8.5
Annual,Total,Below 60%,Total,Percentage,Slovakia,2003,
Annual,Total,Below 60%,Total,Percentage,Slovakia,2004,
Annual,Total,Below 60%,Total,Percentage,Slovakia,2005,13.1
Annual,Total,Below 60%,Total,Percentage,Slovakia,2006,11.7
Annual,Total,Below 60%,Total,Percentage,Slovakia,2007,12.4
Annual,Total,Below 60%,Total,Percentage,Slovakia,2008,11.9
Annual,Total,Below 60%,Total,Percentage,Slovakia,2009,11.3
Annual,Total,Below 60%,Total,Percentage,Slovakia,2010,10.7
Annual,Total,Below 60%,Total,Percentage,Slovakia,2011,14.4
Annual,Total,Below 60%,Total,Percentage,Slovakia,2012,15.3
Annual,Total,Below 60%,Total,Percentage,Slovakia,2013,16.3
Annual,Total,Below 60%,Total,Percentage,Slovakia,2014,19.7
Annual,Total,Below 60%,Total,Percentage,Slovakia,2015,15.2
Annual,Total,Below 60%,Total,Percentage,Slovakia,2016,16.0
Annual,Total,Below 60%,Total,Percentage,Slovakia,2017,20.7
Annual,Total,Below 60%,Total,Percentage,Slovakia,2018,14.3
Annual,Total,Below 60%,Total,Percentage,Slovakia,2019,14.9
Annual,Total,Below 60%,Total,Percentage,Slovakia,2020,11.5
Annual,Total,Below 60%,Total,Percentage,Slovakia,2023,15.2
Annual,Total,Below 60%,Total,Percentage,Finland,2003,
Annual,Total,Below 60%,Total,Percentage,Finland,2004,2.3
Annual,Total,Below 60%,Total,Percentage,Finland,2005,3.5
Annual,Total,Below 60%,Total,Percentage,Finland,2006,2.7
Annual,Total,Below 60%,Total,Percentage,Finland,2007,2.2
Annual,Total,Below 60%,Total,Percentage,Finland,2008,1.6
Annual,Total,Below 60%,Total,Percentage,Finland,2009,2.5
Annual,Total,Below 60%,Total,Percentage,Finland,2010,2.2
Annual,Total,Below 60%,Total,Percentage,Finland,2011,1.8
Annual,Total,Below 60%,Total,Percentage,Finland,2012,2.8
Annual,Total,Below 60%,Total,Percentage,Finland,2013,2.7
Annual,Total,Below 60%,Total,Percentage,Finland,2014,1.9
Annual,Total,Below 60%,Total,Percentage,Finland,2015,2.0
Annual,Total,Below 60%,Total,Percentage,Finland,2016,3.2
Annual,Total,Below 60%,Total,Percentage,Finland,2017,2.4
Annual,Total,Below 60%,Total,Percentage,Finland,2018,2.3
Annual,Total,Below 60%,Total,Percentage,Finland,2019,1.6
Annual,Total,Below 60%,Total,Percentage,Finland,2020,3.2
Annual,Total,Below 60%,Total,Percentage,Finland,2023,3.1
Annual,Total,Below 60%,Total,Percentage,Sweden,2003,
Annual,Total,Below 60%,Total,Percentage,Sweden,2004,5.4
Annual,Total,Below 60%,Total,Percentage,Sweden,2005,3.4
Annual,Total,Below 60%,Total,Percentage,Sweden,2006,4.7
Annual,Total,Below 60%,Total,Percentage,Sweden,2007,4.2
Annual,Total,Below 60%,Total,Percentage,Sweden,2008,6.0
Annual,Total,Below 60%,Total,Percentage,Sweden,2009,3.1
Annual,Total,Below 60%,Total,Percentage,Sweden,2010,5.6
Annual,Total,Below 60%,Total,Percentage,Sweden,2011,6.2
Annual,Total,Below 60%,Total,Percentage,Sweden,2012,4.5
Annual,Total,Below 60%,Total,Percentage,Sweden,2013,5.6
Annual,Total,Below 60%,Total,Percentage,Sweden,2014,6.9
Annual,Total,Below 60%,Total,Percentage,Sweden,2015,7.9
Annual,Total,Below 60%,Total,Percentage,Sweden,2016,6.8
Annual,Total,Below 60%,Total,Percentage,Sweden,2017,7.4
Annual,Total,Below 60%,Total,Percentage,Sweden,2018,8.4
Annual,Total,Below 60%,Total,Percentage,Sweden,2019,8.1
Annual,Total,Below 60%,Total,Percentage,Sweden,2020,5.4
Annual,Total,Below 60%,Total,Percentage,Sweden,2023,6.4
Annual,Total,Below 60%,Total,Percentage,Iceland,2003,
Annual,Total,Below 60%,Total,Percentage,Iceland,2004,4.5
Annual,Total,Below 60%,Total,Percentage,Iceland,2005,2.5
Annual,Total,Below 60%,Total,Percentage,Iceland,2006,2.9
Annual,Total,Below 60%,Total,Percentage,Iceland,2007,4.7
Annual,Total,Below 60%,Total,Percentage,Iceland,2008,2.8
Annual,Total,Below 60%,Total,Percentage,Iceland,2009,2.5
Annual,Total,Below 60%,Total,Percentage,Iceland,2010,3.9
Annual,Total,Below 60%,Total,Percentage,Iceland,2011,4.1
Annual,Total,Below 60%,Total,Percentage,Iceland,2012,5.9
Annual,Total,Below 60%,Total,Percentage,Iceland,2013,7.6
Annual,Total,Below 60%,Total,Percentage,Iceland,2014,4.4
Annual,Total,Below 60%,Total,Percentage,Iceland,2015,7.2
Annual,Total,Below 60%,Total,Percentage,Iceland,2016,1.8
Annual,Total,Below 60%,Total,Percentage,Iceland,2017,2.3
Annual,Total,Below 60%,Total,Percentage,Iceland,2018,4.6
Annual,Total,Below 60%,Total,Percentage,Iceland,2019,10.1
Annual,Total,Below 60%,Total,Percentage,Iceland,2020,3.4
Annual,Total,Below 60%,Total,Percentage,Iceland,2023,
Annual,Total,Below 60%,Total,Percentage,Norway,2003,4.2
Annual,Total,Below 60%,Total,Percentage,Norway,2004,4.5
Annual,Total,Below 60%,Total,Percentage,Norway,2005,4.7
Annual,Total,Below 60%,Total,Percentage,Norway,2006,5.3
Annual,Total,Below 60%,Total,Percentage,Norway,2007,5.1
Annual,Total,Below 60%,Total,Percentage,Norway,2008,4.9
Annual,Total,Below 60%,Total,Percentage,Norway,2009,3.5
Annual,Total,Below 60%,Total,Percentage,Norway,2010,7.9
Annual,Total,Below 60%,Total,Percentage,Norway,2011,7.4
Annual,Total,Below 60%,Total,Percentage,Norway,2012,5.3
Annual,Total,Below 60%,Total,Percentage,Norway,2013,6.5
Annual,Total,Below 60%,Total,Percentage,Norway,2014,4.4
Annual,Total,Below 60%,Total,Percentage,Norway,2015,3.7
Annual,Total,Below 60%,Total,Percentage,Norway,2016,5.3
Annual,Total,Below 60%,Total,Percentage,Norway,2017,3.7
Annual,Total,Below 60%,Total,Percentage,Norway,2018,2.7
Annual,Total,Below 60%,Total,Percentage,Norway,2019,3.9
Annual,Total,Below 60%,Total,Percentage,Norway,2020,5.8
Annual,Total,Below 60%,Total,Percentage,Norway,2023,4.2
Annual,Total,Below 60%,Total,Percentage,Switzerland,2003,
Annual,Total,Below 60%,Total,Percentage,Switzerland,2004,
Annual,Total,Below 60%,Total,Percentage,Switzerland,2005,
Annual,Total,Below 60%,Total,Percentage,Switzerland,2006,
Annual,Total,Below 60%,Total,Percentage,Switzerland,2007,5.2
Annual,Total,Below 60%,Total,Percentage,Switzerland,2008,1.9
Annual,Total,Below 60%,Total,Percentage,Switzerland,2009,3.5
Annual,Total,Below 60%,Total,Percentage,Switzerland,2010,4.0
Annual,Total,Below 60%,Total,Percentage,Switzerland,2011,2.5
Annual,Total,Below 60%,Total,Percentage,Switzerland,2012,3.5
Annual,Total,Below 60%,Total,Percentage,Switzerland,2013,2.7
Annual,Total,Below 60%,Total,Percentage,Switzerland,2014,4.9
Annual,Total,Below 60%,Total,Percentage,Switzerland,2015,4.3
Annual,Total,Below 60%,Total,Percentage,Switzerland,2016,6.1
Annual,Total,Below 60%,Total,Percentage,Switzerland,2017,6.3
Annual,Total,Below 60%,Total,Percentage,Switzerland,2018,4.4
Annual,Total,Below 60%,Total,Percentage,Switzerland,2019,2.4
Annual,Total,Below 60%,Total,Percentage,Switzerland,2020,3.9
Annual,Total,Below 60%,Total,Percentage,Switzerland,2023,1.6
Annual,Total,Below 60%,Total,Percentage,Albania,2003,
Annual,Total,Below 60%,Total,Percentage,Albania,2004,
Annual,Total,Below 60%,Total,Percentage,Albania,2005,
Annual,Total,Below 60%,Total,Percentage,Albania,2006,
Annual,Total,Below 60%,Total,Percentage,Albania,2007,
Annual,Total,Below 60%,Total,Percentage,Albania,2008,
Annual,Total,Below 60%,Total,Percentage,Albania,2009,
Annual,Total,Below 60%,Total,Percentage,Albania,2010,
Annual,Total,Below 60%,Total,Percentage,Albania,2011,
Annual,Total,Below 60%,Total,Percentage,Albania,2012,
Annual,Total,Below 60%,Total,Percentage,Albania,2013,
Annual,Total,Below 60%,Total,Percentage,Albania,2014,
Annual,Total,Below 60%,Total,Percentage,Albania,2015,
Annual,Total,Below 60%,Total,Percentage,Albania,2016,
Annual,Total,Below 60%,Total,Percentage,Albania,2017,34.3
Annual,Total,Below 60%,Total,Percentage,Albania,2018,39.1
Annual,Total,Below 60%,Total,Percentage,Albania,2019,33.0
Annual,Total,Below 60%,Total,Percentage,Albania,2020,26.1
Annual,Total,Below 60%,Total,Percentage,Albania,2023,20.6
Annual,Total,Below 60%,Total,Percentage,Euro area - 19 countries  (2015-2022),2003,
Annual,Total,Below 60%,Total,Percentage,Euro area - 19 countries  (2015-2022),2004,
Annual,Total,Below 60%,Total,Percentage,Euro area - 19 countries  (2015-2022),2005,9.9
Annual,Total,Below 60%,Total,Percentage,Euro area - 19 countries  (2015-2022),2006,9.2
Annual,Total,Below 60%,Total,Percentage,Euro area - 19 countries  (2015-2022),2007,9.4
Annual,Total,Below 60%,Total,Percentage,Euro area - 19 countries  (2015-2022),2008,8.8
Annual,Total,Below 60%,Total,Percentage,Euro area - 19 countries  (2015-2022),2009,9.5
Annual,Total,Below 60%,Total,Percentage,Euro area - 19 countries  (2015-2022),2010,8.9
Annual,Total,Below 60%,Total,Percentage,Euro area - 19 countries  (2015-2022),2011,9.3
Annual,Total,Below 60%,Total,Percentage,Euro area - 19 countries  (2015-2022),2012,8.8
Annual,Total,Below 60%,Total,Percentage,Euro area - 19 countries  (2015-2022),2013,8.9
Annual,Total,Below 60%,Total,Percentage,Euro area - 19 countries  (2015-2022),2014,9.4
Annual,Total,Below 60%,Total,Percentage,Euro area - 19 countries  (2015-2022),2015,9.1
Annual,Total,Below 60%,Total,Percentage,Euro area - 19 countries  (2015-2022),2016,8.9
Annual,Total,Below 60%,Total,Percentage,Euro area - 19 countries  (2015-2022),2017,6.6
Annual,Total,Below 60%,Total,Percentage,Euro area - 19 countries  (2015-2022),2018,7.4
Annual,Total,Below 60%,Total,Percentage,Euro area - 19 countries  (2015-2022),2019,6.5
Annual,Total,Below 60%,Total,Percentage,Euro area - 19 countries  (2015-2022),2020,7.7
Annual,Total,Below 60%,Total,Percentage,Euro area - 19 countries  (2015-2022),2023,
Annual,Total,Below 60%,Total,Percentage,"European Union (EU6-1958, EU9-1973, EU10-1981, EU12-1986, EU15-1995, EU25-2004, EU27-2007, EU28-2013, EU27-2020)",2003,
Annual,Total,Below 60%,Total,Percentage,"European Union (EU6-1958, EU9-1973, EU10-1981, EU12-1986, EU15-1995, EU25-2004, EU27-2007, EU28-2013, EU27-2020)",2004,
Annual,Total,Below 60%,Total,Percentage,"European Union (EU6-1958, EU9-1973, EU10-1981, EU12-1986, EU15-1995, EU25-2004, EU27-2007, EU28-2013, EU27-2020)",2005,
Annual,Total,Below 60%,Total,Percentage,"European Union (EU6-1958, EU9-1973, EU10-1981, EU12-1986, EU15-1995, EU25-2004, EU27-2007, EU28-2013, EU27-2020)",2006,
Annual,Total,Below 60%,Total,Percentage,"European Union (EU6-1958, EU9-1973, EU10-1981, EU12-1986, EU15-1995, EU25-2004, EU27-2007, EU28-2013, EU27-2020)",2007,
Annual,Total,Below 60%,Total,Percentage,"European Union (EU6-1958, EU9-1973, EU10-1981, EU12-1986, EU15-1995, EU25-2004, EU27-2007, EU28-2013, EU27-2020)",2008,14.0
Annual,Total,Below 60%,Total,Percentage,"European Union (EU6-1958, EU9-1973, EU10-1981, EU12-1986, EU15-1995, EU25-2004, EU27-2007, EU28-2013, EU27-2020)",2009,14.0
Annual,Total,Below 60%,Total,Percentage,"European Union (EU6-1958, EU9-1973, EU10-1981, EU12-1986, EU15-1995, EU25-2004, EU27-2007, EU28-2013, EU27-2020)",2010,13.4
Annual,Total,Below 60%,Total,Percentage,"European Union (EU6-1958, EU9-1973, EU10-1981, EU12-1986, EU15-1995, EU25-2004, EU27-2007, EU28-2013, EU27-2020)",2011,12.9
Annual,Total,Below 60%,Total,Percentage,"European Union (EU6-1958, EU9-1973, EU10-1981, EU12-1986, EU15-1995, EU25-2004, EU27-2007, EU28-2013, EU27-2020)",2012,12.6
Annual,Total,Below 60%,Total,Percentage,"European Union (EU6-1958, EU9-1973, EU10-1981, EU12-1986, EU15-1995, EU25-2004, EU27-2007, EU28-2013, EU27-2020)",2013,12.6
Annual,Total,Below 60%,Total,Percentage,"European Union (EU6-1958, EU9-1973, EU10-1981, EU12-1986, EU15-1995, EU25-2004, EU27-2007, EU28-2013, EU27-2020)",2014,12.8
Annual,Total,Below 60%,Total,Percentage,"European Union (EU6-1958, EU9-1973, EU10-1981, EU12-1986, EU15-1995, EU25-2004, EU27-2007, EU28-2013, EU27-2020)",2015,12.3
Annual,Total,Below 60%,Total,Percentage,"European Union (EU6-1958, EU9-1973, EU10-1981, EU12-1986, EU15-1995, EU25-2004, EU27-2007, EU28-2013, EU27-2020)",2016,11.8
Annual,Total,Below 60%,Total,Percentage,"European Union (EU6-1958, EU9-1973, EU10-1981, EU12-1986, EU15-1995, EU25-2004, EU27-2007, EU28-2013, EU27-2020)",2017,9.1
Annual,Total,Below 60%,Total,Percentage,"European Union (EU6-1958, EU9-1973, EU10-1981, EU12-1986, EU15-1995, EU25-2004, EU27-2007, EU28-2013, EU27-2020)",2018,9.6
Annual,Total,Below 60%,Total,Percentage,"European Union (EU6-1958, EU9-1973, EU10-1981, EU12-1986, EU15-1995, EU25-2004, EU27-2007, EU28-2013, EU27-2020)",2019,8.7
Annual,Total,Below 60%,Total,Percentage,"European Union (EU6-1958, EU9-1973, EU10-1981, EU12-1986, EU15-1995, EU25-2004, EU27-2007, EU28-2013, EU27-2020)",2020,
Annual,Total,Below 60%,Total,Percentage,"European Union (EU6-1958, EU9-1973, EU10-1981, EU12-1986, EU15-1995, EU25-2004, EU27-2007, EU28-2013, EU27-2020)",2023,
Annual,Total,Below 60%,Total,Percentage,European Union - 27 countries (2007-2013),2003,
Annual,Total,Below 60%,Total,Percentage,European Union - 27 countries (2007-2013),2004,
Annual,Total,Below 60%,Total,Percentage,European Union - 27 countries (2007-2013),2005,17.5
Annual,Total,Below 60%,Total,Percentage,European Union - 27 countries (2007-2013),2006,16.3
Annual,Total,Below 60%,Total,Percentage,European Union - 27 countries (2007-2013),2007,15.6
Annual,Total,Below 60%,Total,Percentage,European Union - 27 countries (2007-2013),2008,14.0
Annual,Total,Below 60%,Total,Percentage,European Union - 27 countries (2007-2013),2009,14.0
Annual,Total,Below 60%,Total,Percentage,European Union - 27 countries (2007-2013),2010,13.4
Annual,Total,Below 60%,Total,Percentage,European Union - 27 countries (2007-2013),2011,12.8
Annual,Total,Below 60%,Total,Percentage,European Union - 27 countries (2007-2013),2012,12.6
Annual,Total,Below 60%,Total,Percentage,European Union - 27 countries (2007-2013),2013,12.5
Annual,Total,Below 60%,Total,Percentage,European Union - 27 countries (2007-2013),2014,12.8
Annual,Total,Below 60%,Total,Percentage,European Union - 27 countries (2007-2013),2015,12.3
Annual,Total,Below 60%,Total,Percentage,European Union - 27 countries (2007-2013),2016,11.8
Annual,Total,Below 60%,Total,Percentage,European Union - 27 countries (2007-2013),2017,9.0
Annual,Total,Below 60%,Total,Percentage,European Union - 27 countries (2007-2013),2018,9.6
Annual,Total,Below 60%,Total,Percentage,European Union - 27 countries (2007-2013),2019,8.7
Annual,Total,Below 60%,Total,Percentage,European Union - 27 countries (2007-2013),2020,
Annual,Total,Below 60%,Total,Percentage,European Union - 27 countries (2007-2013),2023,
Annual,Total,Below 60%,Total,Percentage,Montenegro,2003,
Annual,Total,Below 60%,Total,Percentage,Montenegro,2004,
Annual,Total,Below 60%,Total,Percentage,Montenegro,2005,
Annual,Total,Below 60%,Total,Percentage,Montenegro,2006,
Annual,Total,Below 60%,Total,Percentage,Montenegro,2007,
Annual,Total,Below 60%,Total,Percentage,Montenegro,2008,
Annual,Total,Below 60%,Total,Percentage,Montenegro,2009,
Annual,Total,Below 60%,Total,Percentage,Montenegro,2010,
Annual,Total,Below 60%,Total,Percentage,Montenegro,2011,
Annual,Total,Below 60%,Total,Percentage,Montenegro,2012,
Annual,Total,Below 60%,Total,Percentage,Montenegro,2013,38.1
Annual,Total,Below 60%,Total,Percentage,Montenegro,2014,36.5
Annual,Total,Below 60%,Total,Percentage,Montenegro,2015,35.0
Annual,Total,Below 60%,Total,Percentage,Montenegro,2016,30.6
Annual,Total,Below 60%,Total,Percentage,Montenegro,2017,28.6
Annual,Total,Below 60%,Total,Percentage,Montenegro,2018,30.9
Annual,Total,Below 60%,Total,Percentage,Montenegro,2019,31.1
Annual,Total,Below 60%,Total,Percentage,Montenegro,2020,31.9
Annual,Total,Below 60%,Total,Percentage,Montenegro,2023,22.2
Annual,Total,Below 60%,Total,Percentage,North Macedonia,2003,
Annual,Total,Below 60%,Total,Percentage,North Macedonia,2004,
Annual,Total,Below 60%,Total,Percentage,North Macedonia,2005,
Annual,Total,Below 60%,Total,Percentage,North Macedonia,2006,
Annual,Total,Below 60%,Total,Percentage,North Macedonia,2007,
Annual,Total,Below 60%,Total,Percentage,North Macedonia,2008,
Annual,Total,Below 60%,Total,Percentage,North Macedonia,2009,
Annual,Total,Below 60%,Total,Percentage,North Macedonia,2010,
Annual,Total,Below 60%,Total,Percentage,North Macedonia,2011,24.7
Annual,Total,Below 60%,Total,Percentage,North Macedonia,2012,22.5
Annual,Total,Below 60%,Total,Percentage,North Macedonia,2013,25.6
Annual,Total,Below 60%,Total,Percentage,North Macedonia,2014,25.5
Annual,Total,Below 60%,Total,Percentage,North Macedonia,2015,20.7
Annual,Total,Below 60%,Total,Percentage,North Macedonia,2016,27.5
Annual,Total,Below 60%,Total,Percentage,North Macedonia,2017,22.0
Annual,Total,Below 60%,Total,Percentage,North Macedonia,2018,25.6
Annual,Total,Below 60%,Total,Percentage,North Macedonia,2019,21.9
Annual,Total,Below 60%,Total,Percentage,North Macedonia,2020,23.2
Annual,Total,Below 60%,Total,Percentage,North Macedonia,2023,16.6
Annual,Total,Below 60%,Total,Percentage,Serbia,2003,
Annual,Total,Below 60%,Total,Percentage,Serbia,2004,
Annual,Total,Below 60%,Total,Percentage,Serbia,2005,
Annual,Total,Below 60%,Total,Percentage,Serbia,2006,
Annual,Total,Below 60%,Total,Percentage,Serbia,2007,
Annual,Total,Below 60%,Total,Percentage,Serbia,2008,
Annual,Total,Below 60%,Total,Percentage,Serbia,2009,
Annual,Total,Below 60%,Total,Percentage,Serbia,2010,
Annual,Total,Below 60%,Total,Percentage,Serbia,2011,
Annual,Total,Below 60%,Total,Percentage,Serbia,2012,
Annual,Total,Below 60%,Total,Percentage,Serbia,2013,27.3
Annual,Total,Below 60%,Total,Percentage,Serbia,2014,25.6
Annual,Total,Below 60%,Total,Percentage,Serbia,2015,25.4
Annual,Total,Below 60%,Total,Percentage,Serbia,2016,25.2
Annual,Total,Below 60%,Total,Percentage,Serbia,2017,25.1
Annual,Total,Below 60%,Total,Percentage,Serbia,2018,22.5
Annual,Total,Below 60%,Total,Percentage,Serbia,2019,23.1
Annual,Total,Below 60%,Total,Percentage,Serbia,2020,18.6
Annual,Total,Below 60%,Total,Percentage,Serbia,2023,13.8
Annual,Total,Below 60%,Total,Percentage,Türkiye,2003,
Annual,Total,Below 60%,Total,Percentage,Türkiye,2004,
Annual,Total,Below 60%,Total,Percentage,Türkiye,2005,
Annual,Total,Below 60%,Total,Percentage,Türkiye,2006,57.0
Annual,Total,Below 60%,Total,Percentage,Türkiye,2007,56.9
Annual,Total,Below 60%,Total,Percentage,Türkiye,2008,55.2
Annual,Total,Below 60%,Total,Percentage,Türkiye,2009,56.9
Annual,Total,Below 60%,Total,Percentage,Türkiye,2010,59.1
Annual,Total,Below 60%,Total,Percentage,Türkiye,2011,55.0
Annual,Total,Below 60%,Total,Percentage,Türkiye,2012,54.7
Annual,Total,Below 60%,Total,Percentage,Türkiye,2013,52.1
Annual,Total,Below 60%,Total,Percentage,Türkiye,2014,51.2
Annual,Total,Below 60%,Total,Percentage,Türkiye,2015,50.5
Annual,Total,Below 60%,Total,Percentage,Türkiye,2016,50.0
Annual,Total,Below 60%,Total,Percentage,Türkiye,2017,49.7
Annual,Total,Below 60%,Total,Percentage,Türkiye,2018,47.3
Annual,Total,Below 60%,Total,Percentage,Türkiye,2019,46.0
Annual,Total,Below 60%,Total,Percentage,Türkiye,2020,42.0
Annual,Total,Below 60%,Total,Percentage,Türkiye,2023,36.9
Annual,Total,Below 60%,Total,Percentage,United Kingdom,2003,
Annual,Total,Below 60%,Total,Percentage,United Kingdom,2004,
Annual,Total,Below 60%,Total,Percentage,United Kingdom,2005,6.1
Annual,Total,Below 60%,Total,Percentage,United Kingdom,2006,3.8
Annual,Total,Below 60%,Total,Percentage,United Kingdom,2007,3.7
Annual,Total,Below 60%,Total,Percentage,United Kingdom,2008,4.7
Annual,Total,Below 60%,Total,Percentage,United Kingdom,2009,6.6
Annual,Total,Below 60%,Total,Percentage,United Kingdom,2010,6.6
Annual,Total,Below 60%,Total,Percentage,United Kingdom,2011,2.6
Annual,Total,Below 60%,Total,Percentage,United Kingdom,2012,4.2
Annual,Total,Below 60%,Total,Percentage,United Kingdom,2013,3.7
Annual,Total,Below 60%,Total,Percentage,United Kingdom,2014,5.4
Annual,Total,Below 60%,Total,Percentage,United Kingdom,2015,5.1
Annual,Total,Below 60%,Total,Percentage,United Kingdom,2016,4.0
Annual,Total,Below 60%,Total,Percentage,United Kingdom,2017,2.2
Annual,Total,Below 60%,Total,Percentage,United Kingdom,2018,4.0
Annual,Total,Below 60%,Total,Percentage,United Kingdom,2019,
Annual,Total,Below 60%,Total,Percentage,United Kingdom,2020,
Annual,Total,Below 60%,Total,Percentage,United Kingdom,2023,
Annual,Total,Below 60%,Total,Percentage,Kosovo*,2003,
Annual,Total,Below 60%,Total,Percentage,Kosovo*,2004,
Annual,Total,Below 60%,Total,Percentage,Kosovo*,2005,
Annual,Total,Below 60%,Total,Percentage,Kosovo*,2006,
Annual,Total,Below 60%,Total,Percentage,Kosovo*,2007,
Annual,Total,Below 60%,Total,Percentage,Kosovo*,2008,
Annual,Total,Below 60%,Total,Percentage,Kosovo*,2009,
Annual,Total,Below 60%,Total,Percentage,Kosovo*,2010,
Annual,Total,Below 60%,Total,Percentage,Kosovo*,2011,
Annual,Total,Below 60%,Total,Percentage,Kosovo*,2012,
Annual,Total,Below 60%,Total,Percentage,Kosovo*,2013,
Annual,Total,Below 60%,Total,Percentage,Kosovo*,2014,
Annual,Total,Below 60%,Total,Percentage,Kosovo*,2015,
Annual,Total,Below 60%,Total,Percentage,Kosovo*,2016,
Annual,Total,Below 60%,Total,Percentage,Kosovo*,2017,
Annual,Total,Below 60%,Total,Percentage,Kosovo*,2018,31.5
Annual,Total,Below 60%,Total,Percentage,Kosovo*,2019,
Annual,Total,Below 60%,Total,Percentage,Kosovo*,2020,
Annual,Total,Below 60%,Total,Percentage,Kosovo*,2023,
Annual,Total,Above 60%,Total,Percentage,European Union - 27 countries (from 2020),2003,
Annual,Total,Above 60%,Total,Percentage,European Union - 27 countries (from 2020),2004,
Annual,Total,Above 60%,Total,Percentage,European Union - 27 countries (from 2020),2005,
Annual,Total,Above 60%,Total,Percentage,European Union - 27 countries (from 2020),2006,
Annual,Total,Above 60%,Total,Percentage,European Union - 27 countries (from 2020),2007,
Annual,Total,Above 60%,Total,Percentage,European Union - 27 countries (from 2020),2008,
Annual,Total,Above 60%,Total,Percentage,European Union - 27 countries (from 2020),2009,
Annual,Total,Above 60%,Total,Percentage,European Union - 27 countries (from 2020),2010,4.4
Annual,Total,Above 60%,Total,Percentage,European Union - 27 countries (from 2020),2011,4.1
Annual,Total,Above 60%,Total,Percentage,European Union - 27 countries (from 2020),2012,3.8
Annual,Total,Above 60%,Total,Percentage,European Union - 27 countries (from 2020),2013,3.8
Annual,Total,Above 60%,Total,Percentage,European Union - 27 countries (from 2020),2014,3.6
Annual,Total,Above 60%,Total,Percentage,European Union - 27 countries (from 2020),2015,3.7
Annual,Total,Above 60%,Total,Percentage,European Union - 27 countries (from 2020),2016,3.5
Annual,Total,Above 60%,Total,Percentage,European Union - 27 countries (from 2020),2017,3.4
Annual,Total,Above 60%,Total,Percentage,European Union - 27 countries (from 2020),2018,3.0
Annual,Total,Above 60%,Total,Percentage,European Union - 27 countries (from 2020),2019,2.9
Annual,Total,Above 60%,Total,Percentage,European Union - 27 countries (from 2020),2020,2.8
Annual,Total,Above 60%,Total,Percentage,European Union - 27 countries (from 2020),2023,2.8
Annual,Total,Above 60%,Total,Percentage,Euro area – 21 countries (from 2026),2003,
Annual,Total,Above 60%,Total,Percentage,Euro area – 21 countries (from 2026),2004,
Annual,Total,Above 60%,Total,Percentage,Euro area – 21 countries (from 2026),2005,
Annual,Total,Above 60%,Total,Percentage,Euro area – 21 countries (from 2026),2006,
Annual,Total,Above 60%,Total,Percentage,Euro area – 21 countries (from 2026),2007,
Annual,Total,Above 60%,Total,Percentage,Euro area – 21 countries (from 2026),2008,
Annual,Total,Above 60%,Total,Percentage,Euro area – 21 countries (from 2026),2009,
Annual,Total,Above 60%,Total,Percentage,Euro area – 21 countries (from 2026),2010,
Annual,Total,Above 60%,Total,Percentage,Euro area – 21 countries (from 2026),2011,
Annual,Total,Above 60%,Total,Percentage,Euro area – 21 countries (from 2026),2012,
Annual,Total,Above 60%,Total,Percentage,Euro area – 21 countries (from 2026),2013,
Annual,Total,Above 60%,Total,Percentage,Euro area – 21 countries (from 2026),2014,
Annual,Total,Above 60%,Total,Percentage,Euro area – 21 countries (from 2026),2015,
Annual,Total,Above 60%,Total,Percentage,Euro area – 21 countries (from 2026),2016,
Annual,Total,Above 60%,Total,Percentage,Euro area – 21 countries (from 2026),2017,
Annual,Total,Above 60%,Total,Percentage,Euro area – 21 countries (from 2026),2018,
Annual,Total,Above 60%,Total,Percentage,Euro area – 21 countries (from 2026),2019,
Annual,Total,Above 60%,Total,Percentage,Euro area – 21 countries (from 2026),2020,
Annual,Total,Above 60%,Total,Percentage,Euro area – 21 countries (from 2026),2023,
Annual,Total,Above 60%,Total,Percentage,Euro area – 20 countries (2023-2025),2003,
Annual,Total,Above 60%,Total,Percentage,Euro area – 20 countries (2023-2025),2004,
Annual,Total,Above 60%,Total,Percentage,Euro area – 20 countries (2023-2025),2005,
Annual,Total,Above 60%,Total,Percentage,Euro area – 20 countries (2023-2025),2006,
Annual,Total,Above 60%,Total,Percentage,Euro area – 20 countries (2023-2025),2007,
Annual,Total,Above 60%,Total,Percentage,Euro area – 20 countries (2023-2025),2008,
Annual,Total,Above 60%,Total,Percentage,Euro area – 20 countries (2023-2025),2009,
Annual,Total,Above 60%,Total,Percentage,Euro area – 20 countries (2023-2025),2010,
Annual,Total,Above 60%,Total,Percentage,Euro area – 20 countries (2023-2025),2011,
Annual,Total,Above 60%,Total,Percentage,Euro area – 20 countries (2023-2025),2012,
Annual,Total,Above 60%,Total,Percentage,Euro area – 20 countries (2023-2025),2013,
Annual,Total,Above 60%,Total,Percentage,Euro area – 20 countries (2023-2025),2014,
Annual,Total,Above 60%,Total,Percentage,Euro area – 20 countries (2023-2025),2015,
Annual,Total,Above 60%,Total,Percentage,Euro area – 20 countries (2023-2025),2016,
Annual,Total,Above 60%,Total,Percentage,Euro area – 20 countries (2023-2025),2017,
Annual,Total,Above 60%,Total,Percentage,Euro area – 20 countries (2023-2025),2018,
Annual,Total,Above 60%,Total,Percentage,Euro area – 20 countries (2023-2025),2019,2.2
Annual,Total,Above 60%,Total,Percentage,Euro area – 20 countries (2023-2025),2020,2.5
Annual,Total,Above 60%,Total,Percentage,Euro area – 20 countries (2023-2025),2023,2.6
Annual,Total,Above 60%,Total,Percentage,Belgium,2003,1.6
Annual,Total,Above 60%,Total,Percentage,Belgium,2004,0.9
Annual,Total,Above 60%,Total,Percentage,Belgium,2005,0.7
Annual,Total,Above 60%,Total,Percentage,Belgium,2006,0.5
Annual,Total,Above 60%,Total,Percentage,Belgium,2007,0.6
Annual,Total,Above 60%,Total,Percentage,Belgium,2008,0.4
Annual,Total,Above 60%,Total,Percentage,Belgium,2009,0.6
Annual,Total,Above 60%,Total,Percentage,Belgium,2010,1.2
Annual,Total,Above 60%,Total,Percentage,Belgium,2011,0.4
Annual,Total,Above 60%,Total,Percentage,Belgium,2012,0.3
Annual,Total,Above 60%,Total,Percentage,Belgium,2013,0.2
Annual,Total,Above 60%,Total,Percentage,Belgium,2014,0.3
Annual,Total,Above 60%,Total,Percentage,Belgium,2015,0.3
Annual,Total,Above 60%,Total,Percentage,Belgium,2016,0.9
Annual,Total,Above 60%,Total,Percentage,Belgium,2017,1.2
Annual,Total,Above 60%,Total,Percentage,Belgium,2018,1.0
Annual,Total,Above 60%,Total,Percentage,Belgium,2019,1.3
Annual,Total,Above 60%,Total,Percentage,Belgium,2020,1.7
Annual,Total,Above 60%,Total,Percentage,Belgium,2023,1.1
Annual,Total,Above 60%,Total,Percentage,Bulgaria,2003,
Annual,Total,Above 60%,Total,Percentage,Bulgaria,2004,
Annual,Total,Above 60%,Total,Percentage,Bulgaria,2005,
Annual,Total,Above 60%,Total,Percentage,Bulgaria,2006,17.7
Annual,Total,Above 60%,Total,Percentage,Bulgaria,2007,11.0
Annual,Total,Above 60%,Total,Percentage,Bulgaria,2008,18.6
Annual,Total,Above 60%,Total,Percentage,Bulgaria,2009,14.1
Annual,Total,Above 60%,Total,Percentage,Bulgaria,2010,9.4
Annual,Total,Above 60%,Total,Percentage,Bulgaria,2011,8.4
Annual,Total,Above 60%,Total,Percentage,Bulgaria,2012,7.7
Annual,Total,Above 60%,Total,Percentage,Bulgaria,2013,7.0
Annual,Total,Above 60%,Total,Percentage,Bulgaria,2014,6.9
Annual,Total,Above 60%,Total,Percentage,Bulgaria,2015,6.9
Annual,Total,Above 60%,Total,Percentage,Bulgaria,2016,6.3
Annual,Total,Above 60%,Total,Percentage,Bulgaria,2017,5.5
Annual,Total,Above 60%,Total,Percentage,Bulgaria,2018,5.6
Annual,Total,Above 60%,Total,Percentage,Bulgaria,2019,4.8
Annual,Total,Above 60%,Total,Percentage,Bulgaria,2020,4.7
Annual,Total,Above 60%,Total,Percentage,Bulgaria,2023,3.5
Annual,Total,Above 60%,Total,Percentage,Czechia,2003,
Annual,Total,Above 60%,Total,Percentage,Czechia,2004,
Annual,Total,Above 60%,Total,Percentage,Czechia,2005,8.4
Annual,Total,Above 60%,Total,Percentage,Czechia,2006,8.6
Annual,Total,Above 60%,Total,Percentage,Czechia,2007,6.3
Annual,Total,Above 60%,Total,Percentage,Czechia,2008,5.3
Annual,Total,Above 60%,Total,Percentage,Czechia,2009,5.1
Annual,Total,Above 60%,Total,Percentage,Czechia,2010,3.7
Annual,Total,Above 60%,Total,Percentage,Czechia,2011,4.0
Annual,Total,Above 60%,Total,Percentage,Czechia,2012,2.9
Annual,Total,Above 60%,Total,Percentage,Czechia,2013,3.1
Annual,Total,Above 60%,Total,Percentage,Czechia,2014,2.5
Annual,Total,Above 60%,Total,Percentage,Czechia,2015,2.5
Annual,Total,Above 60%,Total,Percentage,Czechia,2016,2.3
Annual,Total,Above 60%,Total,Percentage,Czechia,2017,1.9
Annual,Total,Above 60%,Total,Percentage,Czechia,2018,2.0
Annual,Total,Above 60%,Total,Percentage,Czechia,2019,1.3
Annual,Total,Above 60%,Total,Percentage,Czechia,2020,1.7
Annual,Total,Above 60%,Total,Percentage,Czechia,2023,1.7
Annual,Total,Above 60%,Total,Percentage,Denmark,2003,1.5
Annual,Total,Above 60%,Total,Percentage,Denmark,2004,1.4
Annual,Total,Above 60%,Total,Percentage,Denmark,2005,0.9
Annual,Total,Above 60%,Total,Percentage,Denmark,2006,0.9
Annual,Total,Above 60%,Total,Percentage,Denmark,2007,1.2
Annual,Total,Above 60%,Total,Percentage,Denmark,2008,0.7
Annual,Total,Above 60%,Total,Percentage,Denmark,2009,0.9
Annual,Total,Above 60%,Total,Percentage,Denmark,2010,0.9
Annual,Total,Above 60%,Total,Percentage,Denmark,2011,2.0
Annual,Total,Above 60%,Total,Percentage,Denmark,2012,1.5
Annual,Total,Above 60%,Total,Percentage,Denmark,2013,1.5
Annual,Total,Above 60%,Total,Percentage,Denmark,2014,1.7
Annual,Total,Above 60%,Total,Percentage,Denmark,2015,1.7
Annual,Total,Above 60%,Total,Percentage,Denmark,2016,1.3
Annual,Total,Above 60%,Total,Percentage,Denmark,2017,1.8
Annual,Total,Above 60%,Total,Percentage,Denmark,2018,1.9
Annual,Total,Above 60%,Total,Percentage,Denmark,2019,1.6
Annual,Total,Above 60%,Total,Percentage,Denmark,2020,1.6
Annual,Total,Above 60%,Total,Percentage,Denmark,2023,1.4
Annual,Total,Above 60%,Total,Percentage,Germany,2003,
Annual,Total,Above 60%,Total,Percentage,Germany,2004,
Annual,Total,Above 60%,Total,Percentage,Germany,2005,1.4
Annual,Total,Above 60%,Total,Percentage,Germany,2006,2.2
Annual,Total,Above 60%,Total,Percentage,Germany,2007,1.3
Annual,Total,Above 60%,Total,Percentage,Germany,2008,1.5
Annual,Total,Above 60%,Total,Percentage,Germany,2009,1.1
Annual,Total,Above 60%,Total,Percentage,Germany,2010,1.4
Annual,Total,Above 60%,Total,Percentage,Germany,2011,1.1
Annual,Total,Above 60%,Total,Percentage,Germany,2012,1.2
Annual,Total,Above 60%,Total,Percentage,Germany,2013,1.0
Annual,Total,Above 60%,Total,Percentage,Germany,2014,1.0
Annual,Total,Above 60%,Total,Percentage,Germany,2015,1.1
Annual,Total,Above 60%,Total,Percentage,Germany,2016,1.1
Annual,Total,Above 60%,Total,Percentage,Germany,2017,1.1
Annual,Total,Above 60%,Total,Percentage,Germany,2018,1.6
Annual,Total,Above 60%,Total,Percentage,Germany,2019,1.4
Annual,Total,Above 60%,Total,Percentage,Germany,2020,0.9
Annual,Total,Above 60%,Total,Percentage,Germany,2023,1.5
Annual,Total,Above 60%,Total,Percentage,Estonia,2003,
Annual,Total,Above 60%,Total,Percentage,Estonia,2004,18.8
Annual,Total,Above 60%,Total,Percentage,Estonia,2005,14.9
Annual,Total,Above 60%,Total,Percentage,Estonia,2006,13.1
Annual,Total,Above 60%,Total,Percentage,Estonia,2007,12.3
Annual,Total,Above 60%,Total,Percentage,Estonia,2008,8.9
Annual,Total,Above 60%,Total,Percentage,Estonia,2009,10.1
Annual,Total,Above 60%,Total,Percentage,Estonia,2010,9.7
Annual,Total,Above 60%,Total,Percentage,Estonia,2011,3.4
Annual,Total,Above 60%,Total,Percentage,Estonia,2012,3.7
Annual,Total,Above 60%,Total,Percentage,Estonia,2013,5.4
Annual,Total,Above 60%,Total,Percentage,Estonia,2014,3.1
Annual,Total,Above 60%,Total,Percentage,Estonia,2015,2.3
Annual,Total,Above 60%,Total,Percentage,Estonia,2016,3.0
Annual,Total,Above 60%,Total,Percentage,Estonia,2017,3.1
Annual,Total,Above 60%,Total,Percentage,Estonia,2018,2.9
Annual,Total,Above 60%,Total,Percentage,Estonia,2019,2.2
Annual,Total,Above 60%,Total,Percentage,Estonia,2020,1.7
Annual,Total,Above 60%,Total,Percentage,Estonia,2023,2.4
Annual,Total,Above 60%,Total,Percentage,Ireland,2003,1.1
Annual,Total,Above 60%,Total,Percentage,Ireland,2004,1.1
Annual,Total,Above 60%,Total,Percentage,Ireland,2005,1.0
Annual,Total,Above 60%,Total,Percentage,Ireland,2006,2.1
Annual,Total,Above 60%,Total,Percentage,Ireland,2007,1.0
Annual,Total,Above 60%,Total,Percentage,Ireland,2008,0.5
Annual,Total,Above 60%,Total,Percentage,Ireland,2009,0.6
Annual,Total,Above 60%,Total,Percentage,Ireland,2010,0.4
Annual,Total,Above 60%,Total,Percentage,Ireland,2011,0.6
Annual,Total,Above 60%,Total,Percentage,Ireland,2012,0.4
Annual,Total,Above 60%,Total,Percentage,Ireland,2013,1.3
Annual,Total,Above 60%,Total,Percentage,Ireland,2014,1.0
Annual,Total,Above 60%,Total,Percentage,Ireland,2015,1.0
Annual,Total,Above 60%,Total,Percentage,Ireland,2016,0.6
Annual,Total,Above 60%,Total,Percentage,Ireland,2017,0.5
Annual,Total,Above 60%,Total,Percentage,Ireland,2018,0.7
Annual,Total,Above 60%,Total,Percentage,Ireland,2019,0.7
Annual,Total,Above 60%,Total,Percentage,Ireland,2020,0.8
Annual,Total,Above 60%,Total,Percentage,Ireland,2023,
Annual,Total,Above 60%,Total,Percentage,Greece,2003,8.0
Annual,Total,Above 60%,Total,Percentage,Greece,2004,7.4
Annual,Total,Above 60%,Total,Percentage,Greece,2005,7.7
Annual,Total,Above 60%,Total,Percentage,Greece,2006,7.7
Annual,Total,Above 60%,Total,Percentage,Greece,2007,7.0
Annual,Total,Above 60%,Total,Percentage,Greece,2008,6.6
Annual,Total,Above 60%,Total,Percentage,Greece,2009,6.3
Annual,Total,Above 60%,Total,Percentage,Greece,2010,5.9
Annual,Total,Above 60%,Total,Percentage,Greece,2011,5.3
Annual,Total,Above 60%,Total,Percentage,Greece,2012,5.1
Annual,Total,Above 60%,Total,Percentage,Greece,2013,5.5
Annual,Total,Above 60%,Total,Percentage,Greece,2014,4.4
Annual,Total,Above 60%,Total,Percentage,Greece,2015,5.2
Annual,Total,Above 60%,Total,Percentage,Greece,2016,4.8
Annual,Total,Above 60%,Total,Percentage,Greece,2017,4.5
Annual,Total,Above 60%,Total,Percentage,Greece,2018,4.5
Annual,Total,Above 60%,Total,Percentage,Greece,2019,4.7
Annual,Total,Above 60%,Total,Percentage,Greece,2020,4.1
Annual,Total,Above 60%,Total,Percentage,Greece,2023,5.0
Annual,Total,Above 60%,Total,Percentage,Spain,2003,
Annual,Total,Above 60%,Total,Percentage,Spain,2004,4.3
Annual,Total,Above 60%,Total,Percentage,Spain,2005,2.0
Annual,Total,Above 60%,Total,Percentage,Spain,2006,1.9
Annual,Total,Above 60%,Total,Percentage,Spain,2007,1.8
Annual,Total,Above 60%,Total,Percentage,Spain,2008,1.2
Annual,Total,Above 60%,Total,Percentage,Spain,2009,1.1
Annual,Total,Above 60%,Total,Percentage,Spain,2010,1.5
Annual,Total,Above 60%,Total,Percentage,Spain,2011,1.3
Annual,Total,Above 60%,Total,Percentage,Spain,2012,0.7
Annual,Total,Above 60%,Total,Percentage,Spain,2013,1.1
Annual,Total,Above 60%,Total,Percentage,Spain,2014,0.7
Annual,Total,Above 60%,Total,Percentage,Spain,2015,1.0
Annual,Total,Above 60%,Total,Percentage,Spain,2016,0.8
Annual,Total,Above 60%,Total,Percentage,Spain,2017,0.6
Annual,Total,Above 60%,Total,Percentage,Spain,2018,0.6
Annual,Total,Above 60%,Total,Percentage,Spain,2019,0.9
Annual,Total,Above 60%,Total,Percentage,Spain,2020,1.9
Annual,Total,Above 60%,Total,Percentage,Spain,2023,1.9
Annual,Total,Above 60%,Total,Percentage,France,2003,
Annual,Total,Above 60%,Total,Percentage,France,2004,2.5
Annual,Total,Above 60%,Total,Percentage,France,2005,2.2
Annual,Total,Above 60%,Total,Percentage,France,2006,2.1
Annual,Total,Above 60%,Total,Percentage,France,2007,2.5
Annual,Total,Above 60%,Total,Percentage,France,2008,2.5
Annual,Total,Above 60%,Total,Percentage,France,2009,1.9
Annual,Total,Above 60%,Total,Percentage,France,2010,2.0
Annual,Total,Above 60%,Total,Percentage,France,2011,1.5
Annual,Total,Above 60%,Total,Percentage,France,2012,1.5
Annual,Total,Above 60%,Total,Percentage,France,2013,1.2
Annual,Total,Above 60%,Total,Percentage,France,2014,1.4
Annual,Total,Above 60%,Total,Percentage,France,2015,1.5
Annual,Total,Above 60%,Total,Percentage,France,2016,1.6
Annual,Total,Above 60%,Total,Percentage,France,2017,1.6
Annual,Total,Above 60%,Total,Percentage,France,2018,1.9
Annual,Total,Above 60%,Total,Percentage,France,2019,1.5
Annual,Total,Above 60%,Total,Percentage,France,2020,2.7
Annual,Total,Above 60%,Total,Percentage,France,2023,2.9
Annual,Total,Above 60%,Total,Percentage,Croatia,2003,
Annual,Total,Above 60%,Total,Percentage,Croatia,2004,
Annual,Total,Above 60%,Total,Percentage,Croatia,2005,
Annual,Total,Above 60%,Total,Percentage,Croatia,2006,
Annual,Total,Above 60%,Total,Percentage,Croatia,2007,
Annual,Total,Above 60%,Total,Percentage,Croatia,2008,
Annual,Total,Above 60%,Total,Percentage,Croatia,2009,
Annual,Total,Above 60%,Total,Percentage,Croatia,2010,10.4
Annual,Total,Above 60%,Total,Percentage,Croatia,2011,8.5
Annual,Total,Above 60%,Total,Percentage,Croatia,2012,8.5
Annual,Total,Above 60%,Total,Percentage,Croatia,2013,7.6
Annual,Total,Above 60%,Total,Percentage,Croatia,2014,6.6
Annual,Total,Above 60%,Total,Percentage,Croatia,2015,5.6
Annual,Total,Above 60%,Total,Percentage,Croatia,2016,5.7
Annual,Total,Above 60%,Total,Percentage,Croatia,2017,5.0
Annual,Total,Above 60%,Total,Percentage,Croatia,2018,5.1
Annual,Total,Above 60%,Total,Percentage,Croatia,2019,4.6
Annual,Total,Above 60%,Total,Percentage,Croatia,2020,4.5
Annual,Total,Above 60%,Total,Percentage,Croatia,2023,2.1
Annual,Total,Above 60%,Total,Percentage,Italy,2003,
Annual,Total,Above 60%,Total,Percentage,Italy,2004,6.9
Annual,Total,Above 60%,Total,Percentage,Italy,2005,6.3
Annual,Total,Above 60%,Total,Percentage,Italy,2006,6.4
Annual,Total,Above 60%,Total,Percentage,Italy,2007,5.8
Annual,Total,Above 60%,Total,Percentage,Italy,2008,5.8
Annual,Total,Above 60%,Total,Percentage,Italy,2009,5.9
Annual,Total,Above 60%,Total,Percentage,Italy,2010,5.2
Annual,Total,Above 60%,Total,Percentage,Italy,2011,6.9
Annual,Total,Above 60%,Total,Percentage,Italy,2012,6.2
Annual,Total,Above 60%,Total,Percentage,Italy,2013,6.9
Annual,Total,Above 60%,Total,Percentage,Italy,2014,7.6
Annual,Total,Above 60%,Total,Percentage,Italy,2015,7.3
Annual,Total,Above 60%,Total,Percentage,Italy,2016,5.8
Annual,Total,Above 60%,Total,Percentage,Italy,2017,4.5
Annual,Total,Above 60%,Total,Percentage,Italy,2018,3.9
Annual,Total,Above 60%,Total,Percentage,Italy,2019,4.5
Annual,Total,Above 60%,Total,Percentage,Italy,2020,5.2
Annual,Total,Above 60%,Total,Percentage,Italy,2023,5.1
Annual,Total,Above 60%,Total,Percentage,Cyprus,2003,
Annual,Total,Above 60%,Total,Percentage,Cyprus,2004,
Annual,Total,Above 60%,Total,Percentage,Cyprus,2005,1.1
Annual,Total,Above 60%,Total,Percentage,Cyprus,2006,0.8
Annual,Total,Above 60%,Total,Percentage,Cyprus,2007,0.6
Annual,Total,Above 60%,Total,Percentage,Cyprus,2008,1.3
Annual,Total,Above 60%,Total,Percentage,Cyprus,2009,1.1
Annual,Total,Above 60%,Total,Percentage,Cyprus,2010,1.1
Annual,Total,Above 60%,Total,Percentage,Cyprus,2011,0.9
Annual,Total,Above 60%,Total,Percentage,Cyprus,2012,0.8
Annual,Total,Above 60%,Total,Percentage,Cyprus,2013,1.0
Annual,Total,Above 60%,Total,Percentage,Cyprus,2014,1.3
Annual,Total,Above 60%,Total,Percentage,Cyprus,2015,0.4
Annual,Total,Above 60%,Total,Percentage,Cyprus,2016,0.9
Annual,Total,Above 60%,Total,Percentage,Cyprus,2017,0.4
Annual,Total,Above 60%,Total,Percentage,Cyprus,2018,0.8
Annual,Total,Above 60%,Total,Percentage,Cyprus,2019,1.4
Annual,Total,Above 60%,Total,Percentage,Cyprus,2020,1.4
Annual,Total,Above 60%,Total,Percentage,Cyprus,2023,1.0
Annual,Total,Above 60%,Total,Percentage,Latvia,2003,
Annual,Total,Above 60%,Total,Percentage,Latvia,2004,
Annual,Total,Above 60%,Total,Percentage,Latvia,2005,28.3
Annual,Total,Above 60%,Total,Percentage,Latvia,2006,23.7
Annual,Total,Above 60%,Total,Percentage,Latvia,2007,22.4
Annual,Total,Above 60%,Total,Percentage,Latvia,2008,18.9
Annual,Total,Above 60%,Total,Percentage,Latvia,2009,18.3
Annual,Total,Above 60%,Total,Percentage,Latvia,2010,17.3
Annual,Total,Above 60%,Total,Percentage,Latvia,2011,14.1
Annual,Total,Above 60%,Total,Percentage,Latvia,2012,12.8
Annual,Total,Above 60%,Total,Percentage,Latvia,2013,13.1
Annual,Total,Above 60%,Total,Percentage,Latvia,2014,13.7
Annual,Total,Above 60%,Total,Percentage,Latvia,2015,12.1
Annual,Total,Above 60%,Total,Percentage,Latvia,2016,11.9
Annual,Total,Above 60%,Total,Percentage,Latvia,2017,12.9
Annual,Total,Above 60%,Total,Percentage,Latvia,2018,13.0
Annual,Total,Above 60%,Total,Percentage,Latvia,2019,11.6
Annual,Total,Above 60%,Total,Percentage,Latvia,2020,10.2
Annual,Total,Above 60%,Total,Percentage,Latvia,2023,10.2
Annual,Total,Above 60%,Total,Percentage,Lithuania,2003,
Annual,Total,Above 60%,Total,Percentage,Lithuania,2004,
Annual,Total,Above 60%,Total,Percentage,Lithuania,2005,24.1
Annual,Total,Above 60%,Total,Percentage,Lithuania,2006,21.9
Annual,Total,Above 60%,Total,Percentage,Lithuania,2007,18.7
Annual,Total,Above 60%,Total,Percentage,Lithuania,2008,15.3
Annual,Total,Above 60%,Total,Percentage,Lithuania,2009,13.4
Annual,Total,Above 60%,Total,Percentage,Lithuania,2010,11.2
Annual,Total,Above 60%,Total,Percentage,Lithuania,2011,5.8
Annual,Total,Above 60%,Total,Percentage,Lithuania,2012,5.5
Annual,Total,Above 60%,Total,Percentage,Lithuania,2013,6.6
Annual,Total,Above 60%,Total,Percentage,Lithuania,2014,8.2
Annual,Total,Above 60%,Total,Percentage,Lithuania,2015,6.0
Annual,Total,Above 60%,Total,Percentage,Lithuania,2016,5.7
Annual,Total,Above 60%,Total,Percentage,Lithuania,2017,5.7
Annual,Total,Above 60%,Total,Percentage,Lithuania,2018,5.8
Annual,Total,Above 60%,Total,Percentage,Lithuania,2019,6.6
Annual,Total,Above 60%,Total,Percentage,Lithuania,2020,4.4
Annual,Total,Above 60%,Total,Percentage,Lithuania,2023,3.9
Annual,Total,Above 60%,Total,Percentage,Luxembourg,2003,1.7
Annual,Total,Above 60%,Total,Percentage,Luxembourg,2004,2.0
Annual,Total,Above 60%,Total,Percentage,Luxembourg,2005,1.2
Annual,Total,Above 60%,Total,Percentage,Luxembourg,2006,0.8
Annual,Total,Above 60%,Total,Percentage,Luxembourg,2007,1.1
Annual,Total,Above 60%,Total,Percentage,Luxembourg,2008,1.5
Annual,Total,Above 60%,Total,Percentage,Luxembourg,2009,0.8
Annual,Total,Above 60%,Total,Percentage,Luxembourg,2010,1.2
Annual,Total,Above 60%,Total,Percentage,Luxembourg,2011,0.9
Annual,Total,Above 60%,Total,Percentage,Luxembourg,2012,1.2
Annual,Total,Above 60%,Total,Percentage,Luxembourg,2013,0.6
Annual,Total,Above 60%,Total,Percentage,Luxembourg,2014,0.9
Annual,Total,Above 60%,Total,Percentage,Luxembourg,2015,0.7
Annual,Total,Above 60%,Total,Percentage,Luxembourg,2016,1.2
Annual,Total,Above 60%,Total,Percentage,Luxembourg,2017,1.7
Annual,Total,Above 60%,Total,Percentage,Luxembourg,2018,1.6
Annual,Total,Above 60%,Total,Percentage,Luxembourg,2019,0.9
Annual,Total,Above 60%,Total,Percentage,Luxembourg,2020,1.0
Annual,Total,Above 60%,Total,Percentage,Luxembourg,2023,1.5
Annual,Total,Above 60%,Total,Percentage,Hungary,2003,
Annual,Total,Above 60%,Total,Percentage,Hungary,2004,
Annual,Total,Above 60%,Total,Percentage,Hungary,2005,19.8
Annual,Total,Above 60%,Total,Percentage,Hungary,2006,15.7
Annual,Total,Above 60%,Total,Percentage,Hungary,2007,12.2
Annual,Total,Above 60%,Total,Percentage,Hungary,2008,17.8
Annual,Total,Above 60%,Total,Percentage,Hungary,2009,8.9
Annual,Total,Above 60%,Total,Percentage,Hungary,2010,14.3
Annual,Total,Above 60%,Total,Percentage,Hungary,2011,11.7
Annual,Total,Above 60%,Total,Percentage,Hungary,2012,11.9
Annual,Total,Above 60%,Total,Percentage,Hungary,2013,12.8
Annual,Total,Above 60%,Total,Percentage,Hungary,2014,12.9
Annual,Total,Above 60%,Total,Percentage,Hungary,2015,12.0
Annual,Total,Above 60%,Total,Percentage,Hungary,2016,14.2
Annual,Total,Above 60%,Total,Percentage,Hungary,2017,14.5
Annual,Total,Above 60%,Total,Percentage,Hungary,2018,6.4
Annual,Total,Above 60%,Total,Percentage,Hungary,2019,6.2
Annual,Total,Above 60%,Total,Percentage,Hungary,2020,5.0
Annual,Total,Above 60%,Total,Percentage,Hungary,2023,3.6
Annual,Total,Above 60%,Total,Percentage,Malta,2003,
Annual,Total,Above 60%,Total,Percentage,Malta,2004,
Annual,Total,Above 60%,Total,Percentage,Malta,2005,0.9
Annual,Total,Above 60%,Total,Percentage,Malta,2006,0.8
Annual,Total,Above 60%,Total,Percentage,Malta,2007,0.6
Annual,Total,Above 60%,Total,Percentage,Malta,2008,0.9
Annual,Total,Above 60%,Total,Percentage,Malta,2009,0.9
Annual,Total,Above 60%,Total,Percentage,Malta,2010,1.3
Annual,Total,Above 60%,Total,Percentage,Malta,2011,1.1
Annual,Total,Above 60%,Total,Percentage,Malta,2012,0.9
Annual,Total,Above 60%,Total,Percentage,Malta,2013,1.1
Annual,Total,Above 60%,Total,Percentage,Malta,2014,1.0
Annual,Total,Above 60%,Total,Percentage,Malta,2015,0.9
Annual,Total,Above 60%,Total,Percentage,Malta,2016,1.0
Annual,Total,Above 60%,Total,Percentage,Malta,2017,0.6
Annual,Total,Above 60%,Total,Percentage,Malta,2018,0.5
Annual,Total,Above 60%,Total,Percentage,Malta,2019,0.8
Annual,Total,Above 60%,Total,Percentage,Malta,2020,0.9
Annual,Total,Above 60%,Total,Percentage,Malta,2023,0.5
Annual,Total,Above 60%,Total,Percentage,Netherlands,2003,
Annual,Total,Above 60%,Total,Percentage,Netherlands,2004,
Annual,Total,Above 60%,Total,Percentage,Netherlands,2005,0.5
Annual,Total,Above 60%,Total,Percentage,Netherlands,2006,0.4
Annual,Total,Above 60%,Total,Percentage,Netherlands,2007,0.5
Annual,Total,Above 60%,Total,Percentage,Netherlands,2008,0.4
Annual,Total,Above 60%,Total,Percentage,Netherlands,2009,0.4
Annual,Total,Above 60%,Total,Percentage,Netherlands,2010,0.4
Annual,Total,Above 60%,Total,Percentage,Netherlands,2011,0.4
Annual,Total,Above 60%,Total,Percentage,Netherlands,2012,0.7
Annual,Total,Above 60%,Total,Percentage,Netherlands,2013,0.3
Annual,Total,Above 60%,Total,Percentage,Netherlands,2014,0.4
Annual,Total,Above 60%,Total,Percentage,Netherlands,2015,0.5
Annual,Total,Above 60%,Total,Percentage,Netherlands,2016,0.9
Annual,Total,Above 60%,Total,Percentage,Netherlands,2017,0.6
Annual,Total,Above 60%,Total,Percentage,Netherlands,2018,0.9
Annual,Total,Above 60%,Total,Percentage,Netherlands,2019,1.0
Annual,Total,Above 60%,Total,Percentage,Netherlands,2020,0.9
Annual,Total,Above 60%,Total,Percentage,Netherlands,2023,0.8
Annual,Total,Above 60%,Total,Percentage,Austria,2003,1.3
Annual,Total,Above 60%,Total,Percentage,Austria,2004,3.0
Annual,Total,Above 60%,Total,Percentage,Austria,2005,2.9
Annual,Total,Above 60%,Total,Percentage,Austria,2006,3.3
Annual,Total,Above 60%,Total,Percentage,Austria,2007,3.1
Annual,Total,Above 60%,Total,Percentage,Austria,2008,3.3
Annual,Total,Above 60%,Total,Percentage,Austria,2009,2.9
Annual,Total,Above 60%,Total,Percentage,Austria,2010,2.8
Annual,Total,Above 60%,Total,Percentage,Austria,2011,2.9
Annual,Total,Above 60%,Total,Percentage,Austria,2012,2.6
Annual,Total,Above 60%,Total,Percentage,Austria,2013,2.7
Annual,Total,Above 60%,Total,Percentage,Austria,2014,2.8
Annual,Total,Above 60%,Total,Percentage,Austria,2015,3.1
Annual,Total,Above 60%,Total,Percentage,Austria,2016,3.2
Annual,Total,Above 60%,Total,Percentage,Austria,2017,3.3
Annual,Total,Above 60%,Total,Percentage,Austria,2018,1.9
Annual,Total,Above 60%,Total,Percentage,Austria,2019,2.5
Annual,Total,Above 60%,Total,Percentage,Austria,2020,2.4
Annual,Total,Above 60%,Total,Percentage,Austria,2023,2.8
Annual,Total,Above 60%,Total,Percentage,Poland,2003,
Annual,Total,Above 60%,Total,Percentage,Poland,2004,
Annual,Total,Above 60%,Total,Percentage,Poland,2005,25.3
Annual,Total,Above 60%,Total,Percentage,Poland,2006,23.8
Annual,Total,Above 60%,Total,Percentage,Poland,2007,21.6
Annual,Total,Above 60%,Total,Percentage,Poland,2008,14.9
Annual,Total,Above 60%,Total,Percentage,Poland,2009,12.1
Annual,Total,Above 60%,Total,Percentage,Poland,2010,10.2
Annual,Total,Above 60%,Total,Percentage,Poland,2011,8.7
Annual,Total,Above 60%,Total,Percentage,Poland,2012,7.9
Annual,Total,Above 60%,Total,Percentage,Poland,2013,7.9
Annual,Total,Above 60%,Total,Percentage,Poland,2014,6.9
Annual,Total,Above 60%,Total,Percentage,Poland,2015,7.6
Annual,Total,Above 60%,Total,Percentage,Poland,2016,7.3
Annual,Total,Above 60%,Total,Percentage,Poland,2017,8.7
Annual,Total,Above 60%,Total,Percentage,Poland,2018,7.3
Annual,Total,Above 60%,Total,Percentage,Poland,2019,7.0
Annual,Total,Above 60%,Total,Percentage,Poland,2020,
Annual,Total,Above 60%,Total,Percentage,Poland,2023,4.1
Annual,Total,Above 60%,Total,Percentage,Portugal,2003,
Annual,Total,Above 60%,Total,Percentage,Portugal,2004,5.6
Annual,Total,Above 60%,Total,Percentage,Portugal,2005,6.3
Annual,Total,Above 60%,Total,Percentage,Portugal,2006,6.6
Annual,Total,Above 60%,Total,Percentage,Portugal,2007,6.3
Annual,Total,Above 60%,Total,Percentage,Portugal,2008,5.7
Annual,Total,Above 60%,Total,Percentage,Portugal,2009,3.4
Annual,Total,Above 60%,Total,Percentage,Portugal,2010,4.5
Annual,Total,Above 60%,Total,Percentage,Portugal,2011,3.0
Annual,Total,Above 60%,Total,Percentage,Portugal,2012,3.6
Annual,Total,Above 60%,Total,Percentage,Portugal,2013,4.3
Annual,Total,Above 60%,Total,Percentage,Portugal,2014,3.7
Annual,Total,Above 60%,Total,Percentage,Portugal,2015,3.2
Annual,Total,Above 60%,Total,Percentage,Portugal,2016,3.4
Annual,Total,Above 60%,Total,Percentage,Portugal,2017,2.8
Annual,Total,Above 60%,Total,Percentage,Portugal,2018,3.2
Annual,Total,Above 60%,Total,Percentage,Portugal,2019,2.8
Annual,Total,Above 60%,Total,Percentage,Portugal,2020,3.3
Annual,Total,Above 60%,Total,Percentage,Portugal,2023,4.2
Annual,Total,Above 60%,Total,Percentage,Romania,2003,
Annual,Total,Above 60%,Total,Percentage,Romania,2004,
Annual,Total,Above 60%,Total,Percentage,Romania,2005,
Annual,Total,Above 60%,Total,Percentage,Romania,2006,
Annual,Total,Above 60%,Total,Percentage,Romania,2007,25.2
Annual,Total,Above 60%,Total,Percentage,Romania,2008,21.7
Annual,Total,Above 60%,Total,Percentage,Romania,2009,20.1
Annual,Total,Above 60%,Total,Percentage,Romania,2010,18.3
Annual,Total,Above 60%,Total,Percentage,Romania,2011,16.6
Annual,Total,Above 60%,Total,Percentage,Romania,2012,15.3
Annual,Total,Above 60%,Total,Percentage,Romania,2013,15.0
Annual,Total,Above 60%,Total,Percentage,Romania,2014,12.3
Annual,Total,Above 60%,Total,Percentage,Romania,2015,11.3
Annual,Total,Above 60%,Total,Percentage,Romania,2016,12.1
Annual,Total,Above 60%,Total,Percentage,Romania,2017,11.2
Annual,Total,Above 60%,Total,Percentage,Romania,2018,9.5
Annual,Total,Above 60%,Total,Percentage,Romania,2019,7.7
Annual,Total,Above 60%,Total,Percentage,Romania,2020,7.7
Annual,Total,Above 60%,Total,Percentage,Romania,2023,5.2
Annual,Total,Above 60%,Total,Percentage,Slovenia,2003,
Annual,Total,Above 60%,Total,Percentage,Slovenia,2004,
Annual,Total,Above 60%,Total,Percentage,Slovenia,2005,11.1
Annual,Total,Above 60%,Total,Percentage,Slovenia,2006,12.2
Annual,Total,Above 60%,Total,Percentage,Slovenia,2007,10.9
Annual,Total,Above 60%,Total,Percentage,Slovenia,2008,15.1
Annual,Total,Above 60%,Total,Percentage,Slovenia,2009,16.6
Annual,Total,Above 60%,Total,Percentage,Slovenia,2010,13.9
Annual,Total,Above 60%,Total,Percentage,Slovenia,2011,7.6
Annual,Total,Above 60%,Total,Percentage,Slovenia,2012,6.8
Annual,Total,Above 60%,Total,Percentage,Slovenia,2013,5.2
Annual,Total,Above 60%,Total,Percentage,Slovenia,2014,5.4
Annual,Total,Above 60%,Total,Percentage,Slovenia,2015,4.5
Annual,Total,Above 60%,Total,Percentage,Slovenia,2016,3.6
Annual,Total,Above 60%,Total,Percentage,Slovenia,2017,3.9
Annual,Total,Above 60%,Total,Percentage,Slovenia,2018,4.2
Annual,Total,Above 60%,Total,Percentage,Slovenia,2019,3.5
Annual,Total,Above 60%,Total,Percentage,Slovenia,2020,2.7
Annual,Total,Above 60%,Total,Percentage,Slovenia,2023,2.8
Annual,Total,Above 60%,Total,Percentage,Slovakia,2003,
Annual,Total,Above 60%,Total,Percentage,Slovakia,2004,
Annual,Total,Above 60%,Total,Percentage,Slovakia,2005,5.3
Annual,Total,Above 60%,Total,Percentage,Slovakia,2006,4.5
Annual,Total,Above 60%,Total,Percentage,Slovakia,2007,3.6
Annual,Total,Above 60%,Total,Percentage,Slovakia,2008,4.8
Annual,Total,Above 60%,Total,Percentage,Slovakia,2009,3.3
Annual,Total,Above 60%,Total,Percentage,Slovakia,2010,2.9
Annual,Total,Above 60%,Total,Percentage,Slovakia,2011,3.3
Annual,Total,Above 60%,Total,Percentage,Slovakia,2012,3.6
Annual,Total,Above 60%,Total,Percentage,Slovakia,2013,2.7
Annual,Total,Above 60%,Total,Percentage,Slovakia,2014,2.0
Annual,Total,Above 60%,Total,Percentage,Slovakia,2015,2.6
Annual,Total,Above 60%,Total,Percentage,Slovakia,2016,2.5
Annual,Total,Above 60%,Total,Percentage,Slovakia,2017,3.0
Annual,Total,Above 60%,Total,Percentage,Slovakia,2018,2.2
Annual,Total,Above 60%,Total,Percentage,Slovakia,2019,2.0
Annual,Total,Above 60%,Total,Percentage,Slovakia,2020,2.1
Annual,Total,Above 60%,Total,Percentage,Slovakia,2023,2.1
Annual,Total,Above 60%,Total,Percentage,Finland,2003,
Annual,Total,Above 60%,Total,Percentage,Finland,2004,0.8
Annual,Total,Above 60%,Total,Percentage,Finland,2005,0.7
Annual,Total,Above 60%,Total,Percentage,Finland,2006,0.5
Annual,Total,Above 60%,Total,Percentage,Finland,2007,0.5
Annual,Total,Above 60%,Total,Percentage,Finland,2008,0.5
Annual,Total,Above 60%,Total,Percentage,Finland,2009,0.5
Annual,Total,Above 60%,Total,Percentage,Finland,2010,0.7
Annual,Total,Above 60%,Total,Percentage,Finland,2011,0.5
Annual,Total,Above 60%,Total,Percentage,Finland,2012,0.5
Annual,Total,Above 60%,Total,Percentage,Finland,2013,0.5
Annual,Total,Above 60%,Total,Percentage,Finland,2014,0.5
Annual,Total,Above 60%,Total,Percentage,Finland,2015,0.5
Annual,Total,Above 60%,Total,Percentage,Finland,2016,0.4
Annual,Total,Above 60%,Total,Percentage,Finland,2017,0.5
Annual,Total,Above 60%,Total,Percentage,Finland,2018,0.7
Annual,Total,Above 60%,Total,Percentage,Finland,2019,0.8
Annual,Total,Above 60%,Total,Percentage,Finland,2020,0.8
Annual,Total,Above 60%,Total,Percentage,Finland,2023,0.7
Annual,Total,Above 60%,Total,Percentage,Sweden,2003,
Annual,Total,Above 60%,Total,Percentage,Sweden,2004,0.9
Annual,Total,Above 60%,Total,Percentage,Sweden,2005,0.8
Annual,Total,Above 60%,Total,Percentage,Sweden,2006,0.9
Annual,Total,Above 60%,Total,Percentage,Sweden,2007,0.8
Annual,Total,Above 60%,Total,Percentage,Sweden,2008,0.9
Annual,Total,Above 60%,Total,Percentage,Sweden,2009,1.2
Annual,Total,Above 60%,Total,Percentage,Sweden,2010,1.4
Annual,Total,Above 60%,Total,Percentage,Sweden,2011,1.4
Annual,Total,Above 60%,Total,Percentage,Sweden,2012,1.2
Annual,Total,Above 60%,Total,Percentage,Sweden,2013,1.1
Annual,Total,Above 60%,Total,Percentage,Sweden,2014,1.2
Annual,Total,Above 60%,Total,Percentage,Sweden,2015,1.5
Annual,Total,Above 60%,Total,Percentage,Sweden,2016,1.9
Annual,Total,Above 60%,Total,Percentage,Sweden,2017,1.6
Annual,Total,Above 60%,Total,Percentage,Sweden,2018,1.8
Annual,Total,Above 60%,Total,Percentage,Sweden,2019,1.5
Annual,Total,Above 60%,Total,Percentage,Sweden,2020,2.0
Annual,Total,Above 60%,Total,Percentage,Sweden,2023,1.5
Annual,Total,Above 60%,Total,Percentage,Iceland,2003,
Annual,Total,Above 60%,Total,Percentage,Iceland,2004,1.8
Annual,Total,Above 60%,Total,Percentage,Iceland,2005,1.3
Annual,Total,Above 60%,Total,Percentage,Iceland,2006,1.3
Annual,Total,Above 60%,Total,Percentage,Iceland,2007,1.3
Annual,Total,Above 60%,Total,Percentage,Iceland,2008,1.1
Annual,Total,Above 60%,Total,Percentage,Iceland,2009,1.6
Annual,Total,Above 60%,Total,Percentage,Iceland,2010,1.3
Annual,Total,Above 60%,Total,Percentage,Iceland,2011,1.8
Annual,Total,Above 60%,Total,Percentage,Iceland,2012,2.1
Annual,Total,Above 60%,Total,Percentage,Iceland,2013,2.3
Annual,Total,Above 60%,Total,Percentage,Iceland,2014,2.0
Annual,Total,Above 60%,Total,Percentage,Iceland,2015,2.1
Annual,Total,Above 60%,Total,Percentage,Iceland,2016,1.5
Annual,Total,Above 60%,Total,Percentage,Iceland,2017,1.6
Annual,Total,Above 60%,Total,Percentage,Iceland,2018,1.3
Annual,Total,Above 60%,Total,Percentage,Iceland,2019,2.7
Annual,Total,Above 60%,Total,Percentage,Iceland,2020,2.7
Annual,Total,Above 60%,Total,Percentage,Iceland,2023,
Annual,Total,Above 60%,Total,Percentage,Norway,2003,0.9
Annual,Total,Above 60%,Total,Percentage,Norway,2004,0.9
Annual,Total,Above 60%,Total,Percentage,Norway,2005,1.0
Annual,Total,Above 60%,Total,Percentage,Norway,2006,0.7
Annual,Total,Above 60%,Total,Percentage,Norway,2007,0.6
Annual,Total,Above 60%,Total,Percentage,Norway,2008,0.8
Annual,Total,Above 60%,Total,Percentage,Norway,2009,0.6
Annual,Total,Above 60%,Total,Percentage,Norway,2010,0.5
Annual,Total,Above 60%,Total,Percentage,Norway,2011,0.6
Annual,Total,Above 60%,Total,Percentage,Norway,2012,0.7
Annual,Total,Above 60%,Total,Percentage,Norway,2013,0.7
Annual,Total,Above 60%,Total,Percentage,Norway,2014,0.3
Annual,Total,Above 60%,Total,Percentage,Norway,2015,0.3
Annual,Total,Above 60%,Total,Percentage,Norway,2016,0.4
Annual,Total,Above 60%,Total,Percentage,Norway,2017,0.4
Annual,Total,Above 60%,Total,Percentage,Norway,2018,0.6
Annual,Total,Above 60%,Total,Percentage,Norway,2019,0.6
Annual,Total,Above 60%,Total,Percentage,Norway,2020,0.3
Annual,Total,Above 60%,Total,Percentage,Norway,2023,0.6
Annual,Total,Above 60%,Total,Percentage,Switzerland,2003,
Annual,Total,Above 60%,Total,Percentage,Switzerland,2004,
Annual,Total,Above 60%,Total,Percentage,Switzerland,2005,
Annual,Total,Above 60%,Total,Percentage,Switzerland,2006,
Annual,Total,Above 60%,Total,Percentage,Switzerland,2007,1.6
Annual,Total,Above 60%,Total,Percentage,Switzerland,2008,1.0
Annual,Total,Above 60%,Total,Percentage,Switzerland,2009,1.1
Annual,Total,Above 60%,Total,Percentage,Switzerland,2010,0.7
Annual,Total,Above 60%,Total,Percentage,Switzerland,2011,1.2
Annual,Total,Above 60%,Total,Percentage,Switzerland,2012,1.4
Annual,Total,Above 60%,Total,Percentage,Switzerland,2013,1.9
Annual,Total,Above 60%,Total,Percentage,Switzerland,2014,0.9
Annual,Total,Above 60%,Total,Percentage,Switzerland,2015,1.2
Annual,Total,Above 60%,Total,Percentage,Switzerland,2016,1.6
Annual,Total,Above 60%,Total,Percentage,Switzerland,2017,1.5
Annual,Total,Above 60%,Total,Percentage,Switzerland,2018,2.0
Annual,Total,Above 60%,Total,Percentage,Switzerland,2019,1.5
Annual,Total,Above 60%,Total,Percentage,Switzerland,2020,1.4
Annual,Total,Above 60%,Total,Percentage,Switzerland,2023,1.2
Annual,Total,Above 60%,Total,Percentage,Albania,2003,
Annual,Total,Above 60%,Total,Percentage,Albania,2004,
Annual,Total,Above 60%,Total,Percentage,Albania,2005,
Annual,Total,Above 60%,Total,Percentage,Albania,2006,
Annual,Total,Above 60%,Total,Percentage,Albania,2007,
Annual,Total,Above 60%,Total,Percentage,Albania,2008,
Annual,Total,Above 60%,Total,Percentage,Albania,2009,
Annual,Total,Above 60%,Total,Percentage,Albania,2010,
Annual,Total,Above 60%,Total,Percentage,Albania,2011,
Annual,Total,Above 60%,Total,Percentage,Albania,2012,
Annual,Total,Above 60%,Total,Percentage,Albania,2013,
Annual,Total,Above 60%,Total,Percentage,Albania,2014,
Annual,Total,Above 60%,Total,Percentage,Albania,2015,
Annual,Total,Above 60%,Total,Percentage,Albania,2016,
Annual,Total,Above 60%,Total,Percentage,Albania,2017,18.7
Annual,Total,Above 60%,Total,Percentage,Albania,2018,19.4
Annual,Total,Above 60%,Total,Percentage,Albania,2019,17.4
Annual,Total,Above 60%,Total,Percentage,Albania,2020,12.3
Annual,Total,Above 60%,Total,Percentage,Albania,2023,10.7
Annual,Total,Above 60%,Total,Percentage,Euro area - 19 countries  (2015-2022),2003,
Annual,Total,Above 60%,Total,Percentage,Euro area - 19 countries  (2015-2022),2004,
Annual,Total,Above 60%,Total,Percentage,Euro area - 19 countries  (2015-2022),2005,3.3
Annual,Total,Above 60%,Total,Percentage,Euro area - 19 countries  (2015-2022),2006,3.5
Annual,Total,Above 60%,Total,Percentage,Euro area - 19 countries  (2015-2022),2007,3.1
Annual,Total,Above 60%,Total,Percentage,Euro area - 19 countries  (2015-2022),2008,3.0
Annual,Total,Above 60%,Total,Percentage,Euro area - 19 countries  (2015-2022),2009,2.6
Annual,Total,Above 60%,Total,Percentage,Euro area - 19 countries  (2015-2022),2010,2.6
Annual,Total,Above 60%,Total,Percentage,Euro area - 19 countries  (2015-2022),2011,2.5
Annual,Total,Above 60%,Total,Percentage,Euro area - 19 countries  (2015-2022),2012,2.4
Annual,Total,Above 60%,Total,Percentage,Euro area - 19 countries  (2015-2022),2013,2.5
Annual,Total,Above 60%,Total,Percentage,Euro area - 19 countries  (2015-2022),2014,2.6
Annual,Total,Above 60%,Total,Percentage,Euro area - 19 countries  (2015-2022),2015,2.6
Annual,Total,Above 60%,Total,Percentage,Euro area - 19 countries  (2015-2022),2016,2.3
Annual,Total,Above 60%,Total,Percentage,Euro area - 19 countries  (2015-2022),2017,2.1
Annual,Total,Above 60%,Total,Percentage,Euro area - 19 countries  (2015-2022),2018,2.1
Annual,Total,Above 60%,Total,Percentage,Euro area - 19 countries  (2015-2022),2019,2.1
Annual,Total,Above 60%,Total,Percentage,Euro area - 19 countries  (2015-2022),2020,2.5
Annual,Total,Above 60%,Total,Percentage,Euro area - 19 countries  (2015-2022),2023,
Annual,Total,Above 60%,Total,Percentage,"European Union (EU6-1958, EU9-1973, EU10-1981, EU12-1986, EU15-1995, EU25-2004, EU27-2007, EU28-2013, EU27-2020)",2003,
Annual,Total,Above 60%,Total,Percentage,"European Union (EU6-1958, EU9-1973, EU10-1981, EU12-1986, EU15-1995, EU25-2004, EU27-2007, EU28-2013, EU27-2020)",2004,
Annual,Total,Above 60%,Total,Percentage,"European Union (EU6-1958, EU9-1973, EU10-1981, EU12-1986, EU15-1995, EU25-2004, EU27-2007, EU28-2013, EU27-2020)",2005,
Annual,Total,Above 60%,Total,Percentage,"European Union (EU6-1958, EU9-1973, EU10-1981, EU12-1986, EU15-1995, EU25-2004, EU27-2007, EU28-2013, EU27-2020)",2006,
Annual,Total,Above 60%,Total,Percentage,"European Union (EU6-1958, EU9-1973, EU10-1981, EU12-1986, EU15-1995, EU25-2004, EU27-2007, EU28-2013, EU27-2020)",2007,
Annual,Total,Above 60%,Total,Percentage,"European Union (EU6-1958, EU9-1973, EU10-1981, EU12-1986, EU15-1995, EU25-2004, EU27-2007, EU28-2013, EU27-2020)",2008,5.0
Annual,Total,Above 60%,Total,Percentage,"European Union (EU6-1958, EU9-1973, EU10-1981, EU12-1986, EU15-1995, EU25-2004, EU27-2007, EU28-2013, EU27-2020)",2009,4.3
Annual,Total,Above 60%,Total,Percentage,"European Union (EU6-1958, EU9-1973, EU10-1981, EU12-1986, EU15-1995, EU25-2004, EU27-2007, EU28-2013, EU27-2020)",2010,4.1
Annual,Total,Above 60%,Total,Percentage,"European Union (EU6-1958, EU9-1973, EU10-1981, EU12-1986, EU15-1995, EU25-2004, EU27-2007, EU28-2013, EU27-2020)",2011,3.9
Annual,Total,Above 60%,Total,Percentage,"European Union (EU6-1958, EU9-1973, EU10-1981, EU12-1986, EU15-1995, EU25-2004, EU27-2007, EU28-2013, EU27-2020)",2012,3.5
Annual,Total,Above 60%,Total,Percentage,"European Union (EU6-1958, EU9-1973, EU10-1981, EU12-1986, EU15-1995, EU25-2004, EU27-2007, EU28-2013, EU27-2020)",2013,3.6
Annual,Total,Above 60%,Total,Percentage,"European Union (EU6-1958, EU9-1973, EU10-1981, EU12-1986, EU15-1995, EU25-2004, EU27-2007, EU28-2013, EU27-2020)",2014,3.4
Annual,Total,Above 60%,Total,Percentage,"European Union (EU6-1958, EU9-1973, EU10-1981, EU12-1986, EU15-1995, EU25-2004, EU27-2007, EU28-2013, EU27-2020)",2015,3.4
Annual,Total,Above 60%,Total,Percentage,"European Union (EU6-1958, EU9-1973, EU10-1981, EU12-1986, EU15-1995, EU25-2004, EU27-2007, EU28-2013, EU27-2020)",2016,3.3
Annual,Total,Above 60%,Total,Percentage,"European Union (EU6-1958, EU9-1973, EU10-1981, EU12-1986, EU15-1995, EU25-2004, EU27-2007, EU28-2013, EU27-2020)",2017,3.0
Annual,Total,Above 60%,Total,Percentage,"European Union (EU6-1958, EU9-1973, EU10-1981, EU12-1986, EU15-1995, EU25-2004, EU27-2007, EU28-2013, EU27-2020)",2018,2.8
Annual,Total,Above 60%,Total,Percentage,"European Union (EU6-1958, EU9-1973, EU10-1981, EU12-1986, EU15-1995, EU25-2004, EU27-2007, EU28-2013, EU27-2020)",2019,2.7
Annual,Total,Above 60%,Total,Percentage,"European Union (EU6-1958, EU9-1973, EU10-1981, EU12-1986, EU15-1995, EU25-2004, EU27-2007, EU28-2013, EU27-2020)",2020,
Annual,Total,Above 60%,Total,Percentage,"European Union (EU6-1958, EU9-1973, EU10-1981, EU12-1986, EU15-1995, EU25-2004, EU27-2007, EU28-2013, EU27-2020)",2023,
Annual,Total,Above 60%,Total,Percentage,European Union - 27 countries (2007-2013),2003,
Annual,Total,Above 60%,Total,Percentage,European Union - 27 countries (2007-2013),2004,
Annual,Total,Above 60%,Total,Percentage,European Union - 27 countries (2007-2013),2005,6.4
Annual,Total,Above 60%,Total,Percentage,European Union - 27 countries (2007-2013),2006,6.2
Annual,Total,Above 60%,Total,Percentage,European Union - 27 countries (2007-2013),2007,5.6
Annual,Total,Above 60%,Total,Percentage,European Union - 27 countries (2007-2013),2008,5.0
Annual,Total,Above 60%,Total,Percentage,European Union - 27 countries (2007-2013),2009,4.3
Annual,Total,Above 60%,Total,Percentage,European Union - 27 countries (2007-2013),2010,4.1
Annual,Total,Above 60%,Total,Percentage,European Union - 27 countries (2007-2013),2011,3.8
Annual,Total,Above 60%,Total,Percentage,European Union - 27 countries (2007-2013),2012,3.5
Annual,Total,Above 60%,Total,Percentage,European Union - 27 countries (2007-2013),2013,3.6
Annual,Total,Above 60%,Total,Percentage,European Union - 27 countries (2007-2013),2014,3.4
Annual,Total,Above 60%,Total,Percentage,European Union - 27 countries (2007-2013),2015,3.4
Annual,Total,Above 60%,Total,Percentage,European Union - 27 countries (2007-2013),2016,3.3
Annual,Total,Above 60%,Total,Percentage,European Union - 27 countries (2007-2013),2017,3.0
Annual,Total,Above 60%,Total,Percentage,European Union - 27 countries (2007-2013),2018,2.8
Annual,Total,Above 60%,Total,Percentage,European Union - 27 countries (2007-2013),2019,2.7
Annual,Total,Above 60%,Total,Percentage,European Union - 27 countries (2007-2013),2020,
Annual,Total,Above 60%,Total,Percentage,European Union - 27 countries (2007-2013),2023,
Annual,Total,Above 60%,Total,Percentage,Montenegro,2003,
Annual,Total,Above 60%,Total,Percentage,Montenegro,2004,
Annual,Total,Above 60%,Total,Percentage,Montenegro,2005,
Annual,Total,Above 60%,Total,Percentage,Montenegro,2006,
Annual,Total,Above 60%,Total,Percentage,Montenegro,2007,
Annual,Total,Above 60%,Total,Percentage,Montenegro,2008,
Annual,Total,Above 60%,Total,Percentage,Montenegro,2009,
Annual,Total,Above 60%,Total,Percentage,Montenegro,2010,
Annual,Total,Above 60%,Total,Percentage,Montenegro,2011,
Annual,Total,Above 60%,Total,Percentage,Montenegro,2012,
Annual,Total,Above 60%,Total,Percentage,Montenegro,2013,18.3
Annual,Total,Above 60%,Total,Percentage,Montenegro,2014,16.4
Annual,Total,Above 60%,Total,Percentage,Montenegro,2015,20.7
Annual,Total,Above 60%,Total,Percentage,Montenegro,2016,14.5
Annual,Total,Above 60%,Total,Percentage,Montenegro,2017,12.8
Annual,Total,Above 60%,Total,Percentage,Montenegro,2018,14.4
Annual,Total,Above 60%,Total,Percentage,Montenegro,2019,15.1
Annual,Total,Above 60%,Total,Percentage,Montenegro,2020,14.2
Annual,Total,Above 60%,Total,Percentage,Montenegro,2023,12.7
Annual,Total,Above 60%,Total,Percentage,North Macedonia,2003,
Annual,Total,Above 60%,Total,Percentage,North Macedonia,2004,
Annual,Total,Above 60%,Total,Percentage,North Macedonia,2005,
Annual,Total,Above 60%,Total,Percentage,North Macedonia,2006,
Annual,Total,Above 60%,Total,Percentage,North Macedonia,2007,
Annual,Total,Above 60%,Total,Percentage,North Macedonia,2008,
Annual,Total,Above 60%,Total,Percentage,North Macedonia,2009,
Annual,Total,Above 60%,Total,Percentage,North Macedonia,2010,
Annual,Total,Above 60%,Total,Percentage,North Macedonia,2011,9.8
Annual,Total,Above 60%,Total,Percentage,North Macedonia,2012,8.6
Annual,Total,Above 60%,Total,Percentage,North Macedonia,2013,7.1
Annual,Total,Above 60%,Total,Percentage,North Macedonia,2014,7.9
Annual,Total,Above 60%,Total,Percentage,North Macedonia,2015,6.8
Annual,Total,Above 60%,Total,Percentage,North Macedonia,2016,8.0
Annual,Total,Above 60%,Total,Percentage,North Macedonia,2017,6.7
Annual,Total,Above 60%,Total,Percentage,North Macedonia,2018,7.0
Annual,Total,Above 60%,Total,Percentage,North Macedonia,2019,6.4
Annual,Total,Above 60%,Total,Percentage,North Macedonia,2020,6.1
Annual,Total,Above 60%,Total,Percentage,North Macedonia,2023,4.3
Annual,Total,Above 60%,Total,Percentage,Serbia,2003,
Annual,Total,Above 60%,Total,Percentage,Serbia,2004,
Annual,Total,Above 60%,Total,Percentage,Serbia,2005,
Annual,Total,Above 60%,Total,Percentage,Serbia,2006,
Annual,Total,Above 60%,Total,Percentage,Serbia,2007,
Annual,Total,Above 60%,Total,Percentage,Serbia,2008,
Annual,Total,Above 60%,Total,Percentage,Serbia,2009,
Annual,Total,Above 60%,Total,Percentage,Serbia,2010,
Annual,Total,Above 60%,Total,Percentage,Serbia,2011,
Annual,Total,Above 60%,Total,Percentage,Serbia,2012,
Annual,Total,Above 60%,Total,Percentage,Serbia,2013,12.8
Annual,Total,Above 60%,Total,Percentage,Serbia,2014,14.7
Annual,Total,Above 60%,Total,Percentage,Serbia,2015,13.4
Annual,Total,Above 60%,Total,Percentage,Serbia,2016,12.4
Annual,Total,Above 60%,Total,Percentage,Serbia,2017,11.8
Annual,Total,Above 60%,Total,Percentage,Serbia,2018,8.4
Annual,Total,Above 60%,Total,Percentage,Serbia,2019,10.7
Annual,Total,Above 60%,Total,Percentage,Serbia,2020,6.0
Annual,Total,Above 60%,Total,Percentage,Serbia,2023,5.8
Annual,Total,Above 60%,Total,Percentage,Türkiye,2003,
Annual,Total,Above 60%,Total,Percentage,Türkiye,2004,
Annual,Total,Above 60%,Total,Percentage,Türkiye,2005,
Annual,Total,Above 60%,Total,Percentage,Türkiye,2006,23.2
Annual,Total,Above 60%,Total,Percentage,Türkiye,2007,20.1
Annual,Total,Above 60%,Total,Percentage,Türkiye,2008,19.1
Annual,Total,Above 60%,Total,Percentage,Türkiye,2009,22.1
Annual,Total,Above 60%,Total,Percentage,Türkiye,2010,21.3
Annual,Total,Above 60%,Total,Percentage,Türkiye,2011,21.0
Annual,Total,Above 60%,Total,Percentage,Türkiye,2012,21.1
Annual,Total,Above 60%,Total,Percentage,Türkiye,2013,19.9
Annual,Total,Above 60%,Total,Percentage,Türkiye,2014,19.7
Annual,Total,Above 60%,Total,Percentage,Türkiye,2015,19.4
Annual,Total,Above 60%,Total,Percentage,Türkiye,2016,19.1
Annual,Total,Above 60%,Total,Percentage,Türkiye,2017,18.1
Annual,Total,Above 60%,Total,Percentage,Türkiye,2018,17.2
Annual,Total,Above 60%,Total,Percentage,Türkiye,2019,16.9
Annual,Total,Above 60%,Total,Percentage,Türkiye,2020,15.9
Annual,Total,Above 60%,Total,Percentage,Türkiye,2023,15.2
Annual,Total,Above 60%,Total,Percentage,United Kingdom,2003,
Annual,Total,Above 60%,Total,Percentage,United Kingdom,2004,
Annual,Total,Above 60%,Total,Percentage,United Kingdom,2005,1.4
Annual,Total,Above 60%,Total,Percentage,United Kingdom,2006,1.7
Annual,Total,Above 60%,Total,Percentage,United Kingdom,2007,1.8
Annual,Total,Above 60%,Total,Percentage,United Kingdom,2008,1.8
Annual,Total,Above 60%,Total,Percentage,United Kingdom,2009,2.1
Annual,Total,Above 60%,Total,Percentage,United Kingdom,2010,2.1
Annual,Total,Above 60%,Total,Percentage,United Kingdom,2011,2.6
Annual,Total,Above 60%,Total,Percentage,United Kingdom,2012,1.6
Annual,Total,Above 60%,Total,Percentage,United Kingdom,2013,2.3
Annual,Total,Above 60%,Total,Percentage,United Kingdom,2014,1.8
Annual,Total,Above 60%,Total,Percentage,United Kingdom,2015,1.6
Annual,Total,Above 60%,Total,Percentage,United Kingdom,2016,1.8
Annual,Total,Above 60%,Total,Percentage,United Kingdom,2017,0.7
Annual,Total,Above 60%,Total,Percentage,United Kingdom,2018,1.5
Annual,Total,Above 60%,Total,Percentage,United Kingdom,2019,
Annual,Total,Above 60%,Total,Percentage,United Kingdom,2020,
Annual,Total,Above 60%,Total,Percentage,United Kingdom,2023,
Annual,Total,Above 60%,Total,Percentage,Kosovo*,2003,
Annual,Total,Above 60%,Total,Percentage,Kosovo*,2004,
Annual,Total,Above 60%,Total,Percentage,Kosovo*,2005,
Annual,Total,Above 60%,Total,Percentage,Kosovo*,2006,
Annual,Total,Above 60%,Total,Percentage,Kosovo*,2007,
Annual,Total,Above 60%,Total,Percentage,Kosovo*,2008,
Annual,Total,Above 60%,Total,Percentage,Kosovo*,2009,
Annual,Total,Above 60%,Total,Percentage,Kosovo*,2010,
Annual,Total,Above 60%,Total,Percentage,Kosovo*,2011,
Annual,Total,Above 60%,Total,Percentage,Kosovo*,2012,
Annual,Total,Above 60%,Total,Percentage,Kosovo*,2013,
Annual,Total,Above 60%,Total,Percentage,Kosovo*,2014,
Annual,Total,Above 60%,Total,Percentage,Kosovo*,2015,
Annual,Total,Above 60%,Total,Percentage,Kosovo*,2016,
Annual,Total,Above 60%,Total,Percentage,Kosovo*,2017,
Annual,Total,Above 60%,Total,Percentage,Kosovo*,2018,15.9
Annual,Total,Above 60%,Total,Percentage,Kosovo*,2019,
Annual,Total,Above 60%,Total,Percentage,Kosovo*,2020,
Annual,Total,Above 60%,Total,Percentage,Kosovo*,2023,
