freq,unit,na_item,geo,time,value
Annual,"Chain linked volumes (2015), euro per capita",Gross domestic product at market prices,European Union - 27 countries (from 2020),1995,20910.0
Annual,"Chain linked volumes (2015), euro per capita",Gross domestic product at market prices,European Union - 27 countries (from 2020),1996,21260.0
Annual,"Chain linked volumes (2015), euro per capita",Gross domestic product at market prices,European Union - 27 countries (from 2020),1997,21810.0
Annual,"Chain linked volumes (2015), euro per capita",Gross domestic product at market prices,European Union - 27 countries (from 2020),1998,22430.0
Annual,"Chain linked volumes (2015), euro per capita",Gross domestic product at market prices,European Union - 27 countries (from 2020),1999,23080.0
Annual,"Chain linked volumes (2015), euro per capita",Gross domestic product at market prices,European Union - 27 countries (from 2020),2000,23930.0
Annual,"Chain linked volumes (2015), euro per capita",Gross domestic product at market prices,European Union - 27 countries (from 2020),2001,24400.0
Annual,"Chain linked volumes (2015), euro per capita",Gross domestic product at market prices,European Union - 27 countries (from 2020),2002,24610.0
Annual,"Chain linked volumes (2015), euro per capita",Gross domestic product at market prices,European Union - 27 countries (from 2020),2003,24740.0
Annual,"Chain linked volumes (2015), euro per capita",Gross domestic product at market prices,European Union - 27 countries (from 2020),2004,25280.0
Annual,"Chain linked volumes (2015), euro per capita",Gross domestic product at market prices,European Union - 27 countries (from 2020),2005,25670.0
Annual,"Chain linked volumes (2015), euro per capita",Gross domestic product at market prices,European Union - 27 countries (from 2020),2006,26500.0
Annual,"Chain linked volumes (2015), euro per capita",Gross domestic product at market prices,European Union - 27 countries (from 2020),2007,27230.0
Annual,"Chain linked volumes (2015), euro per capita",Gross domestic product at market prices,European Union - 27 countries (from 2020),2008,27310.0
Annual,"Chain linked volumes (2015), euro per capita",Gross domestic product at market prices,European Union - 27 countries (from 2020),2009,26080.0
Annual,"Chain linked volumes (2015), euro per capita",Gross domestic product at market prices,European Union - 27 countries (from 2020),2010,26600.0
Annual,"Chain linked volumes (2015), euro per capita",Gross domestic product at market prices,European Union - 27 countries (from 2020),2011,27070.0
Annual,"Chain linked volumes (2015), euro per capita",Gross domestic product at market prices,European Union - 27 countries (from 2020),2012,26820.0
Annual,"Chain linked volumes (2015), euro per capita",Gross domestic product at market prices,European Union - 27 countries (from 2020),2013,26800.0
Annual,"Chain linked volumes (2015), euro per capita",Gross domestic product at market prices,European Union - 27 countries (from 2020),2014,27210.0
Annual,"Chain linked volumes (2015), euro per capita",Gross domestic product at market prices,European Union - 27 countries (from 2020),2015,27800.0
Annual,"Chain linked volumes (2015), euro per capita",Gross domestic product at market prices,European Union - 27 countries (from 2020),2016,28280.0
Annual,"Chain linked volumes (2015), euro per capita",Gross domestic product at market prices,European Union - 27 countries (from 2020),2017,29040.0
Annual,"Chain linked volumes (2015), euro per capita",Gross domestic product at market prices,European Union - 27 countries (from 2020),2018,29590.0
Annual,"Chain linked volumes (2015), euro per capita",Gross domestic product at market prices,European Union - 27 countries (from 2020),2019,30090.0
Annual,"Chain linked volumes (2015), euro per capita",Gross domestic product at market prices,European Union - 27 countries (from 2020),2020,28450.0
Annual,"Chain linked volumes (2015), euro per capita",Gross domestic product at market prices,European Union - 27 countries (from 2020),2021,30280.0
Annual,"Chain linked volumes (2015), euro per capita",Gross domestic product at market prices,European Union - 27 countries (from 2020),2022,31160.0
Annual,"Chain linked volumes (2015), euro per capita",Gross domestic product at market prices,European Union - 27 countries (from 2020),2023,31140.0
Annual,"Chain linked volumes (2015), euro per capita",Gross domestic product at market prices,European Union - 27 countries (from 2020),2024,31400.0
Annual,"Chain linked volumes (2015), euro per capita",Gross domestic product at market prices,European Union - 27 countries (from 2020),2025,31820.0
Annual,"Chain linked volumes (2015), euro per capita",Gross domestic product at market prices,Euro area – 21 countries (from 2026),1995,24080.0
Annual,"Chain linked volumes (2015), euro per capita",Gross domestic product at market prices,Euro area – 21 countries (from 2026),1996,24440.0
Annual,"Chain linked volumes (2015), euro per capita",Gross domestic product at market prices,Euro area – 21 countries (from 2026),1997,25040.0
Annual,"Chain linked volumes (2015), euro per capita",Gross domestic product at market prices,Euro area – 21 countries (from 2026),1998,25740.0
Annual,"Chain linked volumes (2015), euro per capita",Gross domestic product at market prices,Euro area – 21 countries (from 2026),1999,26450.0
Annual,"Chain linked volumes (2015), euro per capita",Gross domestic product at market prices,Euro area – 21 countries (from 2026),2000,27400.0
Annual,"Chain linked volumes (2015), euro per capita",Gross domestic product at market prices,Euro area – 21 countries (from 2026),2001,27940.0
Annual,"Chain linked volumes (2015), euro per capita",Gross domestic product at market prices,Euro area – 21 countries (from 2026),2002,28060.0
Annual,"Chain linked volumes (2015), euro per capita",Gross domestic product at market prices,Euro area – 21 countries (from 2026),2003,28130.0
Annual,"Chain linked volumes (2015), euro per capita",Gross domestic product at market prices,Euro area – 21 countries (from 2026),2004,28630.0
Annual,"Chain linked volumes (2015), euro per capita",Gross domestic product at market prices,Euro area – 21 countries (from 2026),2005,28990.0
Annual,"Chain linked volumes (2015), euro per capita",Gross domestic product at market prices,Euro area – 21 countries (from 2026),2006,29830.0
Annual,"Chain linked volumes (2015), euro per capita",Gross domestic product at market prices,Euro area – 21 countries (from 2026),2007,30580.0
Annual,"Chain linked volumes (2015), euro per capita",Gross domestic product at market prices,Euro area – 21 countries (from 2026),2008,30570.0
Annual,"Chain linked volumes (2015), euro per capita",Gross domestic product at market prices,Euro area – 21 countries (from 2026),2009,29120.0
Annual,"Chain linked volumes (2015), euro per capita",Gross domestic product at market prices,Euro area – 21 countries (from 2026),2010,29660.0
Annual,"Chain linked volumes (2015), euro per capita",Gross domestic product at market prices,Euro area – 21 countries (from 2026),2011,30120.0
Annual,"Chain linked volumes (2015), euro per capita",Gross domestic product at market prices,Euro area – 21 countries (from 2026),2012,29780.0
Annual,"Chain linked volumes (2015), euro per capita",Gross domestic product at market prices,Euro area – 21 countries (from 2026),2013,29700.0
Annual,"Chain linked volumes (2015), euro per capita",Gross domestic product at market prices,Euro area – 21 countries (from 2026),2014,30090.0
Annual,"Chain linked volumes (2015), euro per capita",Gross domestic product at market prices,Euro area – 21 countries (from 2026),2015,30660.0
Annual,"Chain linked volumes (2015), euro per capita",Gross domestic product at market prices,Euro area – 21 countries (from 2026),2016,31150.0
Annual,"Chain linked volumes (2015), euro per capita",Gross domestic product at market prices,Euro area – 21 countries (from 2026),2017,31920.0
Annual,"Chain linked volumes (2015), euro per capita",Gross domestic product at market prices,Euro area – 21 countries (from 2026),2018,32430.0
Annual,"Chain linked volumes (2015), euro per capita",Gross domestic product at market prices,Euro area – 21 countries (from 2026),2019,32890.0
Annual,"Chain linked volumes (2015), euro per capita",Gross domestic product at market prices,Euro area – 21 countries (from 2026),2020,30870.0
Annual,"Chain linked volumes (2015), euro per capita",Gross domestic product at market prices,Euro area – 21 countries (from 2026),2021,32860.0
Annual,"Chain linked volumes (2015), euro per capita",Gross domestic product at market prices,Euro area – 21 countries (from 2026),2022,33900.0
Annual,"Chain linked volumes (2015), euro per capita",Gross domestic product at market prices,Euro area – 21 countries (from 2026),2023,33840.0
Annual,"Chain linked volumes (2015), euro per capita",Gross domestic product at market prices,Euro area – 21 countries (from 2026),2024,34030.0
Annual,"Chain linked volumes (2015), euro per capita",Gross domestic product at market prices,Euro area – 21 countries (from 2026),2025,34410.0
Annual,"Chain linked volumes (2015), euro per capita",Gross domestic product at market prices,Euro area – 20 countries (2023-2025),1995,24620.0
Annual,"Chain linked volumes (2015), euro per capita",Gross domestic product at market prices,Euro area – 20 countries (2023-2025),1996,24980.0
Annual,"Chain linked volumes (2015), euro per capita",Gross domestic product at market prices,Euro area – 20 countries (2023-2025),1997,25600.0
Annual,"Chain linked volumes (2015), euro per capita",Gross domestic product at market prices,Euro area – 20 countries (2023-2025),1998,26310.0
Annual,"Chain linked volumes (2015), euro per capita",Gross domestic product at market prices,Euro area – 20 countries (2023-2025),1999,27030.0
Annual,"Chain linked volumes (2015), euro per capita",Gross domestic product at market prices,Euro area – 20 countries (2023-2025),2000,28000.0
Annual,"Chain linked volumes (2015), euro per capita",Gross domestic product at market prices,Euro area – 20 countries (2023-2025),2001,28520.0
Annual,"Chain linked volumes (2015), euro per capita",Gross domestic product at market prices,Euro area – 20 countries (2023-2025),2002,28640.0
Annual,"Chain linked volumes (2015), euro per capita",Gross domestic product at market prices,Euro area – 20 countries (2023-2025),2003,28690.0
Annual,"Chain linked volumes (2015), euro per capita",Gross domestic product at market prices,Euro area – 20 countries (2023-2025),2004,29200.0
Annual,"Chain linked volumes (2015), euro per capita",Gross domestic product at market prices,Euro area – 20 countries (2023-2025),2005,29560.0
Annual,"Chain linked volumes (2015), euro per capita",Gross domestic product at market prices,Euro area – 20 countries (2023-2025),2006,30400.0
Annual,"Chain linked volumes (2015), euro per capita",Gross domestic product at market prices,Euro area – 20 countries (2023-2025),2007,31150.0
Annual,"Chain linked volumes (2015), euro per capita",Gross domestic product at market prices,Euro area – 20 countries (2023-2025),2008,31130.0
Annual,"Chain linked volumes (2015), euro per capita",Gross domestic product at market prices,Euro area – 20 countries (2023-2025),2009,29650.0
Annual,"Chain linked volumes (2015), euro per capita",Gross domestic product at market prices,Euro area – 20 countries (2023-2025),2010,30190.0
Annual,"Chain linked volumes (2015), euro per capita",Gross domestic product at market prices,Euro area – 20 countries (2023-2025),2011,30640.0
Annual,"Chain linked volumes (2015), euro per capita",Gross domestic product at market prices,Euro area – 20 countries (2023-2025),2012,30290.0
Annual,"Chain linked volumes (2015), euro per capita",Gross domestic product at market prices,Euro area – 20 countries (2023-2025),2013,30200.0
Annual,"Chain linked volumes (2015), euro per capita",Gross domestic product at market prices,Euro area – 20 countries (2023-2025),2014,30590.0
Annual,"Chain linked volumes (2015), euro per capita",Gross domestic product at market prices,Euro area – 20 countries (2023-2025),2015,31160.0
Annual,"Chain linked volumes (2015), euro per capita",Gross domestic product at market prices,Euro area – 20 countries (2023-2025),2016,31630.0
Annual,"Chain linked volumes (2015), euro per capita",Gross domestic product at market prices,Euro area – 20 countries (2023-2025),2017,32410.0
Annual,"Chain linked volumes (2015), euro per capita",Gross domestic product at market prices,Euro area – 20 countries (2023-2025),2018,32920.0
Annual,"Chain linked volumes (2015), euro per capita",Gross domestic product at market prices,Euro area – 20 countries (2023-2025),2019,33370.0
Annual,"Chain linked volumes (2015), euro per capita",Gross domestic product at market prices,Euro area – 20 countries (2023-2025),2020,31310.0
Annual,"Chain linked volumes (2015), euro per capita",Gross domestic product at market prices,Euro area – 20 countries (2023-2025),2021,33320.0
Annual,"Chain linked volumes (2015), euro per capita",Gross domestic product at market prices,Euro area – 20 countries (2023-2025),2022,34360.0
Annual,"Chain linked volumes (2015), euro per capita",Gross domestic product at market prices,Euro area – 20 countries (2023-2025),2023,34300.0
Annual,"Chain linked volumes (2015), euro per capita",Gross domestic product at market prices,Euro area – 20 countries (2023-2025),2024,34490.0
Annual,"Chain linked volumes (2015), euro per capita",Gross domestic product at market prices,Euro area – 20 countries (2023-2025),2025,34860.0
Annual,"Chain linked volumes (2015), euro per capita",Gross domestic product at market prices,Austria,1995,30290.0
Annual,"Chain linked volumes (2015), euro per capita",Gross domestic product at market prices,Austria,1996,30920.0
Annual,"Chain linked volumes (2015), euro per capita",Gross domestic product at market prices,Austria,1997,31540.0
Annual,"Chain linked volumes (2015), euro per capita",Gross domestic product at market prices,Austria,1998,32610.0
Annual,"Chain linked volumes (2015), euro per capita",Gross domestic product at market prices,Austria,1999,33770.0
Annual,"Chain linked volumes (2015), euro per capita",Gross domestic product at market prices,Austria,2000,34760.0
Annual,"Chain linked volumes (2015), euro per capita",Gross domestic product at market prices,Austria,2001,35090.0
Annual,"Chain linked volumes (2015), euro per capita",Gross domestic product at market prices,Austria,2002,35430.0
Annual,"Chain linked volumes (2015), euro per capita",Gross domestic product at market prices,Austria,2003,35680.0
Annual,"Chain linked volumes (2015), euro per capita",Gross domestic product at market prices,Austria,2004,36360.0
Annual,"Chain linked volumes (2015), euro per capita",Gross domestic product at market prices,Austria,2005,36950.0
Annual,"Chain linked volumes (2015), euro per capita",Gross domestic product at market prices,Austria,2006,37970.0
Annual,"Chain linked volumes (2015), euro per capita",Gross domestic product at market prices,Austria,2007,39270.0
Annual,"Chain linked volumes (2015), euro per capita",Gross domestic product at market prices,Austria,2008,39710.0
Annual,"Chain linked volumes (2015), euro per capita",Gross domestic product at market prices,Austria,2009,38200.0
Annual,"Chain linked volumes (2015), euro per capita",Gross domestic product at market prices,Austria,2010,38800.0
Annual,"Chain linked volumes (2015), euro per capita",Gross domestic product at market prices,Austria,2011,39800.0
Annual,"Chain linked volumes (2015), euro per capita",Gross domestic product at market prices,Austria,2012,39870.0
Annual,"Chain linked volumes (2015), euro per capita",Gross domestic product at market prices,Austria,2013,39540.0
Annual,"Chain linked volumes (2015), euro per capita",Gross domestic product at market prices,Austria,2014,39520.0
Annual,"Chain linked volumes (2015), euro per capita",Gross domestic product at market prices,Austria,2015,39640.0
Annual,"Chain linked volumes (2015), euro per capita",Gross domestic product at market prices,Austria,2016,39970.0
Annual,"Chain linked volumes (2015), euro per capita",Gross domestic product at market prices,Austria,2017,40620.0
Annual,"Chain linked volumes (2015), euro per capita",Gross domestic product at market prices,Austria,2018,41430.0
Annual,"Chain linked volumes (2015), euro per capita",Gross domestic product at market prices,Austria,2019,41970.0
Annual,"Chain linked volumes (2015), euro per capita",Gross domestic product at market prices,Austria,2020,39140.0
Annual,"Chain linked volumes (2015), euro per capita",Gross domestic product at market prices,Austria,2021,40910.0
Annual,"Chain linked volumes (2015), euro per capita",Gross domestic product at market prices,Austria,2022,42610.0
Annual,"Chain linked volumes (2015), euro per capita",Gross domestic product at market prices,Austria,2023,41910.0
Annual,"Chain linked volumes (2015), euro per capita",Gross domestic product at market prices,Austria,2024,41420.0
Annual,"Chain linked volumes (2015), euro per capita",Gross domestic product at market prices,Austria,2025,41650.0
Annual,"Chain linked volumes (2015), euro per capita",Gross domestic product at market prices,Belgium,1995,28400.0
Annual,"Chain linked volumes (2015), euro per capita",Gross domestic product at market prices,Belgium,1996,28720.0
Annual,"Chain linked volumes (2015), euro per capita",Gross domestic product at market prices,Belgium,1997,29740.0
Annual,"Chain linked volumes (2015), euro per capita",Gross domestic product at market prices,Belgium,1998,30260.0
Annual,"Chain linked volumes (2015), euro per capita",Gross domestic product at market prices,Belgium,1999,31250.0
Annual,"Chain linked volumes (2015), euro per capita",Gross domestic product at market prices,Belgium,2000,32340.0
Annual,"Chain linked volumes (2015), euro per capita",Gross domestic product at market prices,Belgium,2001,32580.0
Annual,"Chain linked volumes (2015), euro per capita",Gross domestic product at market prices,Belgium,2002,32990.0
Annual,"Chain linked volumes (2015), euro per capita",Gross domestic product at market prices,Belgium,2003,33190.0
Annual,"Chain linked volumes (2015), euro per capita",Gross domestic product at market prices,Belgium,2004,34230.0
Annual,"Chain linked volumes (2015), euro per capita",Gross domestic product at market prices,Belgium,2005,34830.0
Annual,"Chain linked volumes (2015), euro per capita",Gross domestic product at market prices,Belgium,2006,35480.0
Annual,"Chain linked volumes (2015), euro per capita",Gross domestic product at market prices,Belgium,2007,36520.0
Annual,"Chain linked volumes (2015), euro per capita",Gross domestic product at market prices,Belgium,2008,36400.0
Annual,"Chain linked volumes (2015), euro per capita",Gross domestic product at market prices,Belgium,2009,35420.0
Annual,"Chain linked volumes (2015), euro per capita",Gross domestic product at market prices,Belgium,2010,36040.0
Annual,"Chain linked volumes (2015), euro per capita",Gross domestic product at market prices,Belgium,2011,36270.0
Annual,"Chain linked volumes (2015), euro per capita",Gross domestic product at market prices,Belgium,2012,36120.0
Annual,"Chain linked volumes (2015), euro per capita",Gross domestic product at market prices,Belgium,2013,36060.0
Annual,"Chain linked volumes (2015), euro per capita",Gross domestic product at market prices,Belgium,2014,36530.0
Annual,"Chain linked volumes (2015), euro per capita",Gross domestic product at market prices,Belgium,2015,36860.0
Annual,"Chain linked volumes (2015), euro per capita",Gross domestic product at market prices,Belgium,2016,37110.0
Annual,"Chain linked volumes (2015), euro per capita",Gross domestic product at market prices,Belgium,2017,37510.0
Annual,"Chain linked volumes (2015), euro per capita",Gross domestic product at market prices,Belgium,2018,38040.0
Annual,"Chain linked volumes (2015), euro per capita",Gross domestic product at market prices,Belgium,2019,38760.0
Annual,"Chain linked volumes (2015), euro per capita",Gross domestic product at market prices,Belgium,2020,36740.0
Annual,"Chain linked volumes (2015), euro per capita",Gross domestic product at market prices,Belgium,2021,38880.0
Annual,"Chain linked volumes (2015), euro per capita",Gross domestic product at market prices,Belgium,2022,40120.0
Annual,"Chain linked volumes (2015), euro per capita",Gross domestic product at market prices,Belgium,2023,40400.0
Annual,"Chain linked volumes (2015), euro per capita",Gross domestic product at market prices,Belgium,2024,40600.0
Annual,"Chain linked volumes (2015), euro per capita",Gross domestic product at market prices,Belgium,2025,40820.0
Annual,"Chain linked volumes (2015), euro per capita",Gross domestic product at market prices,Bulgaria,1995,3630.0
Annual,"Chain linked volumes (2015), euro per capita",Gross domestic product at market prices,Bulgaria,1996,3840.0
Annual,"Chain linked volumes (2015), euro per capita",Gross domestic product at market prices,Bulgaria,1997,3320.0
Annual,"Chain linked volumes (2015), euro per capita",Gross domestic product at market prices,Bulgaria,1998,3460.0
Annual,"Chain linked volumes (2015), euro per capita",Gross domestic product at market prices,Bulgaria,1999,3190.0
Annual,"Chain linked volumes (2015), euro per capita",Gross domestic product at market prices,Bulgaria,2000,3350.0
Annual,"Chain linked volumes (2015), euro per capita",Gross domestic product at market prices,Bulgaria,2001,3600.0
Annual,"Chain linked volumes (2015), euro per capita",Gross domestic product at market prices,Bulgaria,2002,3830.0
Annual,"Chain linked volumes (2015), euro per capita",Gross domestic product at market prices,Bulgaria,2003,4050.0
Annual,"Chain linked volumes (2015), euro per capita",Gross domestic product at market prices,Bulgaria,2004,4340.0
Annual,"Chain linked volumes (2015), euro per capita",Gross domestic product at market prices,Bulgaria,2005,4670.0
Annual,"Chain linked volumes (2015), euro per capita",Gross domestic product at market prices,Bulgaria,2006,5010.0
Annual,"Chain linked volumes (2015), euro per capita",Gross domestic product at market prices,Bulgaria,2007,5380.0
Annual,"Chain linked volumes (2015), euro per capita",Gross domestic product at market prices,Bulgaria,2008,5730.0
Annual,"Chain linked volumes (2015), euro per capita",Gross domestic product at market prices,Bulgaria,2009,5570.0
Annual,"Chain linked volumes (2015), euro per capita",Gross domestic product at market prices,Bulgaria,2010,5690.0
Annual,"Chain linked volumes (2015), euro per capita",Gross domestic product at market prices,Bulgaria,2011,5960.0
Annual,"Chain linked volumes (2015), euro per capita",Gross domestic product at market prices,Bulgaria,2012,6070.0
Annual,"Chain linked volumes (2015), euro per capita",Gross domestic product at market prices,Bulgaria,2013,6130.0
Annual,"Chain linked volumes (2015), euro per capita",Gross domestic product at market prices,Bulgaria,2014,6260.0
Annual,"Chain linked volumes (2015), euro per capita",Gross domestic product at market prices,Bulgaria,2015,6560.0
Annual,"Chain linked volumes (2015), euro per capita",Gross domestic product at market prices,Bulgaria,2016,6840.0
Annual,"Chain linked volumes (2015), euro per capita",Gross domestic product at market prices,Bulgaria,2017,7130.0
Annual,"Chain linked volumes (2015), euro per capita",Gross domestic product at market prices,Bulgaria,2018,7390.0
Annual,"Chain linked volumes (2015), euro per capita",Gross domestic product at market prices,Bulgaria,2019,7780.0
Annual,"Chain linked volumes (2015), euro per capita",Gross domestic product at market prices,Bulgaria,2020,7610.0
Annual,"Chain linked volumes (2015), euro per capita",Gross domestic product at market prices,Bulgaria,2021,8260.0
Annual,"Chain linked volumes (2015), euro per capita",Gross domestic product at market prices,Bulgaria,2022,8660.0
Annual,"Chain linked volumes (2015), euro per capita",Gross domestic product at market prices,Bulgaria,2023,8830.0
Annual,"Chain linked volumes (2015), euro per capita",Gross domestic product at market prices,Bulgaria,2024,9140.0
Annual,"Chain linked volumes (2015), euro per capita",Gross domestic product at market prices,Bulgaria,2025,9440.0
Annual,"Chain linked volumes (2015), euro per capita",Gross domestic product at market prices,Cyprus,1995,17530.0
Annual,"Chain linked volumes (2015), euro per capita",Gross domestic product at market prices,Cyprus,1996,17470.0
Annual,"Chain linked volumes (2015), euro per capita",Gross domestic product at market prices,Cyprus,1997,17680.0
Annual,"Chain linked volumes (2015), euro per capita",Gross domestic product at market prices,Cyprus,1998,18530.0
Annual,"Chain linked volumes (2015), euro per capita",Gross domestic product at market prices,Cyprus,1999,19240.0
Annual,"Chain linked volumes (2015), euro per capita",Gross domestic product at market prices,Cyprus,2000,20180.0
Annual,"Chain linked volumes (2015), euro per capita",Gross domestic product at market prices,Cyprus,2001,20750.0
Annual,"Chain linked volumes (2015), euro per capita",Gross domestic product at market prices,Cyprus,2002,21270.0
Annual,"Chain linked volumes (2015), euro per capita",Gross domestic product at market prices,Cyprus,2003,21570.0
Annual,"Chain linked volumes (2015), euro per capita",Gross domestic product at market prices,Cyprus,2004,22350.0
Annual,"Chain linked volumes (2015), euro per capita",Gross domestic product at market prices,Cyprus,2005,23100.0
Annual,"Chain linked volumes (2015), euro per capita",Gross domestic product at market prices,Cyprus,2006,23790.0
Annual,"Chain linked volumes (2015), euro per capita",Gross domestic product at market prices,Cyprus,2007,24480.0
Annual,"Chain linked volumes (2015), euro per capita",Gross domestic product at market prices,Cyprus,2008,24740.0
Annual,"Chain linked volumes (2015), euro per capita",Gross domestic product at market prices,Cyprus,2009,23600.0
Annual,"Chain linked volumes (2015), euro per capita",Gross domestic product at market prices,Cyprus,2010,23510.0
Annual,"Chain linked volumes (2015), euro per capita",Gross domestic product at market prices,Cyprus,2011,23020.0
Annual,"Chain linked volumes (2015), euro per capita",Gross domestic product at market prices,Cyprus,2012,21930.0
Annual,"Chain linked volumes (2015), euro per capita",Gross domestic product at market prices,Cyprus,2013,20510.0
Annual,"Chain linked volumes (2015), euro per capita",Gross domestic product at market prices,Cyprus,2014,20170.0
Annual,"Chain linked volumes (2015), euro per capita",Gross domestic product at market prices,Cyprus,2015,20810.0
Annual,"Chain linked volumes (2015), euro per capita",Gross domestic product at market prices,Cyprus,2016,22060.0
Annual,"Chain linked volumes (2015), euro per capita",Gross domestic product at market prices,Cyprus,2017,23130.0
Annual,"Chain linked volumes (2015), euro per capita",Gross domestic product at market prices,Cyprus,2018,24300.0
Annual,"Chain linked volumes (2015), euro per capita",Gross domestic product at market prices,Cyprus,2019,25390.0
Annual,"Chain linked volumes (2015), euro per capita",Gross domestic product at market prices,Cyprus,2020,24240.0
Annual,"Chain linked volumes (2015), euro per capita",Gross domestic product at market prices,Cyprus,2021,26600.0
Annual,"Chain linked volumes (2015), euro per capita",Gross domestic product at market prices,Cyprus,2022,28390.0
Annual,"Chain linked volumes (2015), euro per capita",Gross domestic product at market prices,Cyprus,2023,28860.0
Annual,"Chain linked volumes (2015), euro per capita",Gross domestic product at market prices,Cyprus,2024,29480.0
Annual,"Chain linked volumes (2015), euro per capita",Gross domestic product at market prices,Cyprus,2025,30110.0
Annual,"Chain linked volumes (2015), euro per capita",Gross domestic product at market prices,Czechia,1995,10320.0
Annual,"Chain linked volumes (2015), euro per capita",Gross domestic product at market prices,Czechia,1996,10770.0
Annual,"Chain linked volumes (2015), euro per capita",Gross domestic product at market prices,Czechia,1997,10720.0
Annual,"Chain linked volumes (2015), euro per capita",Gross domestic product at market prices,Czechia,1998,10690.0
Annual,"Chain linked volumes (2015), euro per capita",Gross domestic product at market prices,Czechia,1999,10850.0
Annual,"Chain linked volumes (2015), euro per capita",Gross domestic product at market prices,Czechia,2000,11290.0
Annual,"Chain linked volumes (2015), euro per capita",Gross domestic product at market prices,Czechia,2001,11680.0
Annual,"Chain linked volumes (2015), euro per capita",Gross domestic product at market prices,Czechia,2002,11880.0
Annual,"Chain linked volumes (2015), euro per capita",Gross domestic product at market prices,Czechia,2003,12270.0
Annual,"Chain linked volumes (2015), euro per capita",Gross domestic product at market prices,Czechia,2004,12850.0
Annual,"Chain linked volumes (2015), euro per capita",Gross domestic product at market prices,Czechia,2005,13630.0
Annual,"Chain linked volumes (2015), euro per capita",Gross domestic product at market prices,Czechia,2006,14490.0
Annual,"Chain linked volumes (2015), euro per capita",Gross domestic product at market prices,Czechia,2007,15200.0
Annual,"Chain linked volumes (2015), euro per capita",Gross domestic product at market prices,Czechia,2008,15430.0
Annual,"Chain linked volumes (2015), euro per capita",Gross domestic product at market prices,Czechia,2009,14610.0
Annual,"Chain linked volumes (2015), euro per capita",Gross domestic product at market prices,Czechia,2010,14970.0
Annual,"Chain linked volumes (2015), euro per capita",Gross domestic product at market prices,Czechia,2011,15260.0
Annual,"Chain linked volumes (2015), euro per capita",Gross domestic product at market prices,Czechia,2012,15130.0
Annual,"Chain linked volumes (2015), euro per capita",Gross domestic product at market prices,Czechia,2013,15130.0
Annual,"Chain linked volumes (2015), euro per capita",Gross domestic product at market prices,Czechia,2014,15470.0
Annual,"Chain linked volumes (2015), euro per capita",Gross domestic product at market prices,Czechia,2015,16230.0
Annual,"Chain linked volumes (2015), euro per capita",Gross domestic product at market prices,Czechia,2016,16640.0
Annual,"Chain linked volumes (2015), euro per capita",Gross domestic product at market prices,Czechia,2017,17490.0
Annual,"Chain linked volumes (2015), euro per capita",Gross domestic product at market prices,Czechia,2018,17960.0
Annual,"Chain linked volumes (2015), euro per capita",Gross domestic product at market prices,Czechia,2019,18570.0
Annual,"Chain linked volumes (2015), euro per capita",Gross domestic product at market prices,Czechia,2020,17670.0
Annual,"Chain linked volumes (2015), euro per capita",Gross domestic product at market prices,Czechia,2021,18380.0
Annual,"Chain linked volumes (2015), euro per capita",Gross domestic product at market prices,Czechia,2022,18450.0
Annual,"Chain linked volumes (2015), euro per capita",Gross domestic product at market prices,Czechia,2023,18260.0
Annual,"Chain linked volumes (2015), euro per capita",Gross domestic product at market prices,Czechia,2024,18460.0
Annual,"Chain linked volumes (2015), euro per capita",Gross domestic product at market prices,Czechia,2025,18930.0
Annual,"Chain linked volumes (2015), euro per capita",Gross domestic product at market prices,Germany,1995,28980.0
Annual,"Chain linked volumes (2015), euro per capita",Gross domestic product at market prices,Germany,1996,29220.0
Annual,"Chain linked volumes (2015), euro per capita",Gross domestic product at market prices,Germany,1997,29750.0
Annual,"Chain linked volumes (2015), euro per capita",Gross domestic product at market prices,Germany,1998,30400.0
Annual,"Chain linked volumes (2015), euro per capita",Gross domestic product at market prices,Germany,1999,31050.0
Annual,"Chain linked volumes (2015), euro per capita",Gross domestic product at market prices,Germany,2000,31930.0
Annual,"Chain linked volumes (2015), euro per capita",Gross domestic product at market prices,Germany,2001,32430.0
Annual,"Chain linked volumes (2015), euro per capita",Gross domestic product at market prices,Germany,2002,32330.0
Annual,"Chain linked volumes (2015), euro per capita",Gross domestic product at market prices,Germany,2003,32170.0
Annual,"Chain linked volumes (2015), euro per capita",Gross domestic product at market prices,Germany,2004,32580.0
Annual,"Chain linked volumes (2015), euro per capita",Gross domestic product at market prices,Germany,2005,32920.0
Annual,"Chain linked volumes (2015), euro per capita",Gross domestic product at market prices,Germany,2006,34260.0
Annual,"Chain linked volumes (2015), euro per capita",Gross domestic product at market prices,Germany,2007,35330.0
Annual,"Chain linked volumes (2015), euro per capita",Gross domestic product at market prices,Germany,2008,35750.0
Annual,"Chain linked volumes (2015), euro per capita",Gross domestic product at market prices,Germany,2009,33880.0
Annual,"Chain linked volumes (2015), euro per capita",Gross domestic product at market prices,Germany,2010,35370.0
Annual,"Chain linked volumes (2015), euro per capita",Gross domestic product at market prices,Germany,2011,36700.0
Annual,"Chain linked volumes (2015), euro per capita",Gross domestic product at market prices,Germany,2012,36820.0
Annual,"Chain linked volumes (2015), euro per capita",Gross domestic product at market prices,Germany,2013,36910.0
Annual,"Chain linked volumes (2015), euro per capita",Gross domestic product at market prices,Germany,2014,37600.0
Annual,"Chain linked volumes (2015), euro per capita",Gross domestic product at market prices,Germany,2015,37950.0
Annual,"Chain linked volumes (2015), euro per capita",Gross domestic product at market prices,Germany,2016,38550.0
Annual,"Chain linked volumes (2015), euro per capita",Gross domestic product at market prices,Germany,2017,39540.0
Annual,"Chain linked volumes (2015), euro per capita",Gross domestic product at market prices,Germany,2018,39930.0
Annual,"Chain linked volumes (2015), euro per capita",Gross domestic product at market prices,Germany,2019,40300.0
Annual,"Chain linked volumes (2015), euro per capita",Gross domestic product at market prices,Germany,2020,38670.0
Annual,"Chain linked volumes (2015), euro per capita",Gross domestic product at market prices,Germany,2021,40250.0
Annual,"Chain linked volumes (2015), euro per capita",Gross domestic product at market prices,Germany,2022,40710.0
Annual,"Chain linked volumes (2015), euro per capita",Gross domestic product at market prices,Germany,2023,39990.0
Annual,"Chain linked volumes (2015), euro per capita",Gross domestic product at market prices,Germany,2024,39680.0
Annual,"Chain linked volumes (2015), euro per capita",Gross domestic product at market prices,Germany,2025,39770.0
Annual,"Chain linked volumes (2015), euro per capita",Gross domestic product at market prices,Denmark,1995,39110.0
Annual,"Chain linked volumes (2015), euro per capita",Gross domestic product at market prices,Denmark,1996,39990.0
Annual,"Chain linked volumes (2015), euro per capita",Gross domestic product at market prices,Denmark,1997,41080.0
Annual,"Chain linked volumes (2015), euro per capita",Gross domestic product at market prices,Denmark,1998,41900.0
Annual,"Chain linked volumes (2015), euro per capita",Gross domestic product at market prices,Denmark,1999,43000.0
Annual,"Chain linked volumes (2015), euro per capita",Gross domestic product at market prices,Denmark,2000,44450.0
Annual,"Chain linked volumes (2015), euro per capita",Gross domestic product at market prices,Denmark,2001,44710.0
Annual,"Chain linked volumes (2015), euro per capita",Gross domestic product at market prices,Denmark,2002,44770.0
Annual,"Chain linked volumes (2015), euro per capita",Gross domestic product at market prices,Denmark,2003,44850.0
Annual,"Chain linked volumes (2015), euro per capita",Gross domestic product at market prices,Denmark,2004,45980.0
Annual,"Chain linked volumes (2015), euro per capita",Gross domestic product at market prices,Denmark,2005,46930.0
Annual,"Chain linked volumes (2015), euro per capita",Gross domestic product at market prices,Denmark,2006,48550.0
Annual,"Chain linked volumes (2015), euro per capita",Gross domestic product at market prices,Denmark,2007,48820.0
Annual,"Chain linked volumes (2015), euro per capita",Gross domestic product at market prices,Denmark,2008,48330.0
Annual,"Chain linked volumes (2015), euro per capita",Gross domestic product at market prices,Denmark,2009,45680.0
Annual,"Chain linked volumes (2015), euro per capita",Gross domestic product at market prices,Denmark,2010,46190.0
Annual,"Chain linked volumes (2015), euro per capita",Gross domestic product at market prices,Denmark,2011,46610.0
Annual,"Chain linked volumes (2015), euro per capita",Gross domestic product at market prices,Denmark,2012,46430.0
Annual,"Chain linked volumes (2015), euro per capita",Gross domestic product at market prices,Denmark,2013,46890.0
Annual,"Chain linked volumes (2015), euro per capita",Gross domestic product at market prices,Denmark,2014,47240.0
Annual,"Chain linked volumes (2015), euro per capita",Gross domestic product at market prices,Denmark,2015,47900.0
Annual,"Chain linked volumes (2015), euro per capita",Gross domestic product at market prices,Denmark,2016,48970.0
Annual,"Chain linked volumes (2015), euro per capita",Gross domestic product at market prices,Denmark,2017,50150.0
Annual,"Chain linked volumes (2015), euro per capita",Gross domestic product at market prices,Denmark,2018,50830.0
Annual,"Chain linked volumes (2015), euro per capita",Gross domestic product at market prices,Denmark,2019,51500.0
Annual,"Chain linked volumes (2015), euro per capita",Gross domestic product at market prices,Denmark,2020,50470.0
Annual,"Chain linked volumes (2015), euro per capita",Gross domestic product at market prices,Denmark,2021,53520.0
Annual,"Chain linked volumes (2015), euro per capita",Gross domestic product at market prices,Denmark,2022,53290.0
Annual,"Chain linked volumes (2015), euro per capita",Gross domestic product at market prices,Denmark,2023,53230.0
Annual,"Chain linked volumes (2015), euro per capita",Gross domestic product at market prices,Denmark,2024,54820.0
Annual,"Chain linked volumes (2015), euro per capita",Gross domestic product at market prices,Denmark,2025,56130.0
Annual,"Chain linked volumes (2015), euro per capita",Gross domestic product at market prices,Estonia,1995,6410.0
Annual,"Chain linked volumes (2015), euro per capita",Gross domestic product at market prices,Estonia,1996,6840.0
Annual,"Chain linked volumes (2015), euro per capita",Gross domestic product at market prices,Estonia,1997,7830.0
Annual,"Chain linked volumes (2015), euro per capita",Gross domestic product at market prices,Estonia,1998,8250.0
Annual,"Chain linked volumes (2015), euro per capita",Gross domestic product at market prices,Estonia,1999,8300.0
Annual,"Chain linked volumes (2015), euro per capita",Gross domestic product at market prices,Estonia,2000,8990.0
Annual,"Chain linked volumes (2015), euro per capita",Gross domestic product at market prices,Estonia,2001,9580.0
Annual,"Chain linked volumes (2015), euro per capita",Gross domestic product at market prices,Estonia,2002,10310.0
Annual,"Chain linked volumes (2015), euro per capita",Gross domestic product at market prices,Estonia,2003,11160.0
Annual,"Chain linked volumes (2015), euro per capita",Gross domestic product at market prices,Estonia,2004,12000.0
Annual,"Chain linked volumes (2015), euro per capita",Gross domestic product at market prices,Estonia,2005,13210.0
Annual,"Chain linked volumes (2015), euro per capita",Gross domestic product at market prices,Estonia,2006,14590.0
Annual,"Chain linked volumes (2015), euro per capita",Gross domestic product at market prices,Estonia,2007,15790.0
Annual,"Chain linked volumes (2015), euro per capita",Gross domestic product at market prices,Estonia,2008,15030.0
Annual,"Chain linked volumes (2015), euro per capita",Gross domestic product at market prices,Estonia,2009,12850.0
Annual,"Chain linked volumes (2015), euro per capita",Gross domestic product at market prices,Estonia,2010,13190.0
Annual,"Chain linked volumes (2015), euro per capita",Gross domestic product at market prices,Estonia,2011,14240.0
Annual,"Chain linked volumes (2015), euro per capita",Gross domestic product at market prices,Estonia,2012,14810.0
Annual,"Chain linked volumes (2015), euro per capita",Gross domestic product at market prices,Estonia,2013,15130.0
Annual,"Chain linked volumes (2015), euro per capita",Gross domestic product at market prices,Estonia,2014,15680.0
Annual,"Chain linked volumes (2015), euro per capita",Gross domestic product at market prices,Estonia,2015,16000.0
Annual,"Chain linked volumes (2015), euro per capita",Gross domestic product at market prices,Estonia,2016,16460.0
Annual,"Chain linked volumes (2015), euro per capita",Gross domestic product at market prices,Estonia,2017,17390.0
Annual,"Chain linked volumes (2015), euro per capita",Gross domestic product at market prices,Estonia,2018,17990.0
Annual,"Chain linked volumes (2015), euro per capita",Gross domestic product at market prices,Estonia,2019,18580.0
Annual,"Chain linked volumes (2015), euro per capita",Gross domestic product at market prices,Estonia,2020,17990.0
Annual,"Chain linked volumes (2015), euro per capita",Gross domestic product at market prices,Estonia,2021,19450.0
Annual,"Chain linked volumes (2015), euro per capita",Gross domestic product at market prices,Estonia,2022,19190.0
Annual,"Chain linked volumes (2015), euro per capita",Gross domestic product at market prices,Estonia,2023,18200.0
Annual,"Chain linked volumes (2015), euro per capita",Gross domestic product at market prices,Estonia,2024,18070.0
Annual,"Chain linked volumes (2015), euro per capita",Gross domestic product at market prices,Estonia,2025,18230.0
Annual,"Chain linked volumes (2015), euro per capita",Gross domestic product at market prices,Greece,1995,14290.0
Annual,"Chain linked volumes (2015), euro per capita",Gross domestic product at market prices,Greece,1996,14430.0
Annual,"Chain linked volumes (2015), euro per capita",Gross domestic product at market prices,Greece,1997,14870.0
Annual,"Chain linked volumes (2015), euro per capita",Gross domestic product at market prices,Greece,1998,15300.0
Annual,"Chain linked volumes (2015), euro per capita",Gross domestic product at market prices,Greece,1999,15650.0
Annual,"Chain linked volumes (2015), euro per capita",Gross domestic product at market prices,Greece,2000,16230.0
Annual,"Chain linked volumes (2015), euro per capita",Gross domestic product at market prices,Greece,2001,16890.0
Annual,"Chain linked volumes (2015), euro per capita",Gross domestic product at market prices,Greece,2002,17620.0
Annual,"Chain linked volumes (2015), euro per capita",Gross domestic product at market prices,Greece,2003,18600.0
Annual,"Chain linked volumes (2015), euro per capita",Gross domestic product at market prices,Greece,2004,19550.0
Annual,"Chain linked volumes (2015), euro per capita",Gross domestic product at market prices,Greece,2005,19720.0
Annual,"Chain linked volumes (2015), euro per capita",Gross domestic product at market prices,Greece,2006,20930.0
Annual,"Chain linked volumes (2015), euro per capita",Gross domestic product at market prices,Greece,2007,21610.0
Annual,"Chain linked volumes (2015), euro per capita",Gross domestic product at market prices,Greece,2008,21560.0
Annual,"Chain linked volumes (2015), euro per capita",Gross domestic product at market prices,Greece,2009,20620.0
Annual,"Chain linked volumes (2015), euro per capita",Gross domestic product at market prices,Greece,2010,19420.0
Annual,"Chain linked volumes (2015), euro per capita",Gross domestic product at market prices,Greece,2011,17530.0
Annual,"Chain linked volumes (2015), euro per capita",Gross domestic product at market prices,Greece,2012,16160.0
Annual,"Chain linked volumes (2015), euro per capita",Gross domestic product at market prices,Greece,2013,15900.0
Annual,"Chain linked volumes (2015), euro per capita",Gross domestic product at market prices,Greece,2014,16140.0
Annual,"Chain linked volumes (2015), euro per capita",Gross domestic product at market prices,Greece,2015,16210.0
Annual,"Chain linked volumes (2015), euro per capita",Gross domestic product at market prices,Greece,2016,16270.0
Annual,"Chain linked volumes (2015), euro per capita",Gross domestic product at market prices,Greece,2017,16540.0
Annual,"Chain linked volumes (2015), euro per capita",Gross domestic product at market prices,Greece,2018,16920.0
Annual,"Chain linked volumes (2015), euro per capita",Gross domestic product at market prices,Greece,2019,17320.0
Annual,"Chain linked volumes (2015), euro per capita",Gross domestic product at market prices,Greece,2020,15760.0
Annual,"Chain linked volumes (2015), euro per capita",Gross domestic product at market prices,Greece,2021,17220.0
Annual,"Chain linked volumes (2015), euro per capita",Gross domestic product at market prices,Greece,2022,18270.0
Annual,"Chain linked volumes (2015), euro per capita",Gross domestic product at market prices,Greece,2023,18720.0
Annual,"Chain linked volumes (2015), euro per capita",Gross domestic product at market prices,Greece,2024,19140.0
Annual,"Chain linked volumes (2015), euro per capita",Gross domestic product at market prices,Greece,2025,19530.0
Annual,"Chain linked volumes (2015), euro per capita",Gross domestic product at market prices,Spain,1995,18220.0
Annual,"Chain linked volumes (2015), euro per capita",Gross domestic product at market prices,Spain,1996,18620.0
Annual,"Chain linked volumes (2015), euro per capita",Gross domestic product at market prices,Spain,1997,19210.0
Annual,"Chain linked volumes (2015), euro per capita",Gross domestic product at market prices,Spain,1998,19960.0
Annual,"Chain linked volumes (2015), euro per capita",Gross domestic product at market prices,Spain,1999,20750.0
Annual,"Chain linked volumes (2015), euro per capita",Gross domestic product at market prices,Spain,2000,21730.0
Annual,"Chain linked volumes (2015), euro per capita",Gross domestic product at market prices,Spain,2001,22470.0
Annual,"Chain linked volumes (2015), euro per capita",Gross domestic product at market prices,Spain,2002,22720.0
Annual,"Chain linked volumes (2015), euro per capita",Gross domestic product at market prices,Spain,2003,22960.0
Annual,"Chain linked volumes (2015), euro per capita",Gross domestic product at market prices,Spain,2004,23310.0
Annual,"Chain linked volumes (2015), euro per capita",Gross domestic product at market prices,Spain,2005,23690.0
Annual,"Chain linked volumes (2015), euro per capita",Gross domestic product at market prices,Spain,2006,24260.0
Annual,"Chain linked volumes (2015), euro per capita",Gross domestic product at market prices,Spain,2007,24640.0
Annual,"Chain linked volumes (2015), euro per capita",Gross domestic product at market prices,Spain,2008,24420.0
Annual,"Chain linked volumes (2015), euro per capita",Gross domestic product at market prices,Spain,2009,23310.0
Annual,"Chain linked volumes (2015), euro per capita",Gross domestic product at market prices,Spain,2010,23230.0
Annual,"Chain linked volumes (2015), euro per capita",Gross domestic product at market prices,Spain,2011,23000.0
Annual,"Chain linked volumes (2015), euro per capita",Gross domestic product at market prices,Spain,2012,22330.0
Annual,"Chain linked volumes (2015), euro per capita",Gross domestic product at market prices,Spain,2013,22090.0
Annual,"Chain linked volumes (2015), euro per capita",Gross domestic product at market prices,Spain,2014,22500.0
Annual,"Chain linked volumes (2015), euro per capita",Gross domestic product at market prices,Spain,2015,23440.0
Annual,"Chain linked volumes (2015), euro per capita",Gross domestic product at market prices,Spain,2016,24100.0
Annual,"Chain linked volumes (2015), euro per capita",Gross domestic product at market prices,Spain,2017,24750.0
Annual,"Chain linked volumes (2015), euro per capita",Gross domestic product at market prices,Spain,2018,25230.0
Annual,"Chain linked volumes (2015), euro per capita",Gross domestic product at market prices,Spain,2019,25520.0
Annual,"Chain linked volumes (2015), euro per capita",Gross domestic product at market prices,Spain,2020,22610.0
Annual,"Chain linked volumes (2015), euro per capita",Gross domestic product at market prices,Spain,2021,24120.0
Annual,"Chain linked volumes (2015), euro per capita",Gross domestic product at market prices,Spain,2022,25420.0
Annual,"Chain linked volumes (2015), euro per capita",Gross domestic product at market prices,Spain,2023,25740.0
Annual,"Chain linked volumes (2015), euro per capita",Gross domestic product at market prices,Spain,2024,26350.0
Annual,"Chain linked volumes (2015), euro per capita",Gross domestic product at market prices,Spain,2025,26850.0
Annual,"Chain linked volumes (2015), euro per capita",Gross domestic product at market prices,Finland,1995,26940.0
Annual,"Chain linked volumes (2015), euro per capita",Gross domestic product at market prices,Finland,1996,27840.0
Annual,"Chain linked volumes (2015), euro per capita",Gross domestic product at market prices,Finland,1997,29530.0
Annual,"Chain linked volumes (2015), euro per capita",Gross domestic product at market prices,Finland,1998,31060.0
Annual,"Chain linked volumes (2015), euro per capita",Gross domestic product at market prices,Finland,1999,32340.0
Annual,"Chain linked volumes (2015), euro per capita",Gross domestic product at market prices,Finland,2000,34130.0
Annual,"Chain linked volumes (2015), euro per capita",Gross domestic product at market prices,Finland,2001,34960.0
Annual,"Chain linked volumes (2015), euro per capita",Gross domestic product at market prices,Finland,2002,35460.0
Annual,"Chain linked volumes (2015), euro per capita",Gross domestic product at market prices,Finland,2003,36090.0
Annual,"Chain linked volumes (2015), euro per capita",Gross domestic product at market prices,Finland,2004,37420.0
Annual,"Chain linked volumes (2015), euro per capita",Gross domestic product at market prices,Finland,2005,38330.0
Annual,"Chain linked volumes (2015), euro per capita",Gross domestic product at market prices,Finland,2006,39720.0
Annual,"Chain linked volumes (2015), euro per capita",Gross domestic product at market prices,Finland,2007,41650.0
Annual,"Chain linked volumes (2015), euro per capita",Gross domestic product at market prices,Finland,2008,41780.0
Annual,"Chain linked volumes (2015), euro per capita",Gross domestic product at market prices,Finland,2009,38230.0
Annual,"Chain linked volumes (2015), euro per capita",Gross domestic product at market prices,Finland,2010,39260.0
Annual,"Chain linked volumes (2015), euro per capita",Gross domestic product at market prices,Finland,2011,40010.0
Annual,"Chain linked volumes (2015), euro per capita",Gross domestic product at market prices,Finland,2012,39210.0
Annual,"Chain linked volumes (2015), euro per capita",Gross domestic product at market prices,Finland,2013,38650.0
Annual,"Chain linked volumes (2015), euro per capita",Gross domestic product at market prices,Finland,2014,38300.0
Annual,"Chain linked volumes (2015), euro per capita",Gross domestic product at market prices,Finland,2015,38350.0
Annual,"Chain linked volumes (2015), euro per capita",Gross domestic product at market prices,Finland,2016,39230.0
Annual,"Chain linked volumes (2015), euro per capita",Gross domestic product at market prices,Finland,2017,40430.0
Annual,"Chain linked volumes (2015), euro per capita",Gross domestic product at market prices,Finland,2018,40860.0
Annual,"Chain linked volumes (2015), euro per capita",Gross domestic product at market prices,Finland,2019,41370.0
Annual,"Chain linked volumes (2015), euro per capita",Gross domestic product at market prices,Finland,2020,40270.0
Annual,"Chain linked volumes (2015), euro per capita",Gross domestic product at market prices,Finland,2021,41270.0
Annual,"Chain linked volumes (2015), euro per capita",Gross domestic product at market prices,Finland,2022,41470.0
Annual,"Chain linked volumes (2015), euro per capita",Gross domestic product at market prices,Finland,2023,40780.0
Annual,"Chain linked volumes (2015), euro per capita",Gross domestic product at market prices,Finland,2024,40620.0
Annual,"Chain linked volumes (2015), euro per capita",Gross domestic product at market prices,Finland,2025,40520.0
Annual,"Chain linked volumes (2015), euro per capita",Gross domestic product at market prices,France,1995,26540.0
Annual,"Chain linked volumes (2015), euro per capita",Gross domestic product at market prices,France,1996,26820.0
Annual,"Chain linked volumes (2015), euro per capita",Gross domestic product at market prices,France,1997,27400.0
Annual,"Chain linked volumes (2015), euro per capita",Gross domestic product at market prices,France,1998,28250.0
Annual,"Chain linked volumes (2015), euro per capita",Gross domestic product at market prices,France,1999,29060.0
Annual,"Chain linked volumes (2015), euro per capita",Gross domestic product at market prices,France,2000,30060.0
Annual,"Chain linked volumes (2015), euro per capita",Gross domestic product at market prices,France,2001,30410.0
Annual,"Chain linked volumes (2015), euro per capita",Gross domestic product at market prices,France,2002,30510.0
Annual,"Chain linked volumes (2015), euro per capita",Gross domestic product at market prices,France,2003,30600.0
Annual,"Chain linked volumes (2015), euro per capita",Gross domestic product at market prices,France,2004,31250.0
Annual,"Chain linked volumes (2015), euro per capita",Gross domestic product at market prices,France,2005,31610.0
Annual,"Chain linked volumes (2015), euro per capita",Gross domestic product at market prices,France,2006,32240.0
Annual,"Chain linked volumes (2015), euro per capita",Gross domestic product at market prices,France,2007,32860.0
Annual,"Chain linked volumes (2015), euro per capita",Gross domestic product at market prices,France,2008,32810.0
Annual,"Chain linked volumes (2015), euro per capita",Gross domestic product at market prices,France,2009,31720.0
Annual,"Chain linked volumes (2015), euro per capita",Gross domestic product at market prices,France,2010,32200.0
Annual,"Chain linked volumes (2015), euro per capita",Gross domestic product at market prices,France,2011,32830.0
Annual,"Chain linked volumes (2015), euro per capita",Gross domestic product at market prices,France,2012,32740.0
Annual,"Chain linked volumes (2015), euro per capita",Gross domestic product at market prices,France,2013,32830.0
Annual,"Chain linked volumes (2015), euro per capita",Gross domestic product at market prices,France,2014,32990.0
Annual,"Chain linked volumes (2015), euro per capita",Gross domestic product at market prices,France,2015,33200.0
Annual,"Chain linked volumes (2015), euro per capita",Gross domestic product at market prices,France,2016,33360.0
Annual,"Chain linked volumes (2015), euro per capita",Gross domestic product at market prices,France,2017,33920.0
Annual,"Chain linked volumes (2015), euro per capita",Gross domestic product at market prices,France,2018,34320.0
Annual,"Chain linked volumes (2015), euro per capita",Gross domestic product at market prices,France,2019,34880.0
Annual,"Chain linked volumes (2015), euro per capita",Gross domestic product at market prices,France,2020,32130.0
Annual,"Chain linked volumes (2015), euro per capita",Gross domestic product at market prices,France,2021,34220.0
Annual,"Chain linked volumes (2015), euro per capita",Gross domestic product at market prices,France,2022,34980.0
Annual,"Chain linked volumes (2015), euro per capita",Gross domestic product at market prices,France,2023,35410.0
Annual,"Chain linked volumes (2015), euro per capita",Gross domestic product at market prices,France,2024,35830.0
Annual,"Chain linked volumes (2015), euro per capita",Gross domestic product at market prices,France,2025,36000.0
Annual,"Chain linked volumes (2015), euro per capita",Gross domestic product at market prices,Croatia,1995,6520.0
Annual,"Chain linked volumes (2015), euro per capita",Gross domestic product at market prices,Croatia,1996,7010.0
Annual,"Chain linked volumes (2015), euro per capita",Gross domestic product at market prices,Croatia,1997,7480.0
Annual,"Chain linked volumes (2015), euro per capita",Gross domestic product at market prices,Croatia,1998,7650.0
Annual,"Chain linked volumes (2015), euro per capita",Gross domestic product at market prices,Croatia,1999,7620.0
Annual,"Chain linked volumes (2015), euro per capita",Gross domestic product at market prices,Croatia,2000,7920.0
Annual,"Chain linked volumes (2015), euro per capita",Gross domestic product at market prices,Croatia,2001,8490.0
Annual,"Chain linked volumes (2015), euro per capita",Gross domestic product at market prices,Croatia,2002,8970.0
Annual,"Chain linked volumes (2015), euro per capita",Gross domestic product at market prices,Croatia,2003,9470.0
Annual,"Chain linked volumes (2015), euro per capita",Gross domestic product at market prices,Croatia,2004,9860.0
Annual,"Chain linked volumes (2015), euro per capita",Gross domestic product at market prices,Croatia,2005,10270.0
Annual,"Chain linked volumes (2015), euro per capita",Gross domestic product at market prices,Croatia,2006,10790.0
Annual,"Chain linked volumes (2015), euro per capita",Gross domestic product at market prices,Croatia,2007,11340.0
Annual,"Chain linked volumes (2015), euro per capita",Gross domestic product at market prices,Croatia,2008,11570.0
Annual,"Chain linked volumes (2015), euro per capita",Gross domestic product at market prices,Croatia,2009,10790.0
Annual,"Chain linked volumes (2015), euro per capita",Gross domestic product at market prices,Croatia,2010,10670.0
Annual,"Chain linked volumes (2015), euro per capita",Gross domestic product at market prices,Croatia,2011,10690.0
Annual,"Chain linked volumes (2015), euro per capita",Gross domestic product at market prices,Croatia,2012,10510.0
Annual,"Chain linked volumes (2015), euro per capita",Gross domestic product at market prices,Croatia,2013,10570.0
Annual,"Chain linked volumes (2015), euro per capita",Gross domestic product at market prices,Croatia,2014,10600.0
Annual,"Chain linked volumes (2015), euro per capita",Gross domestic product at market prices,Croatia,2015,10960.0
Annual,"Chain linked volumes (2015), euro per capita",Gross domestic product at market prices,Croatia,2016,11480.0
Annual,"Chain linked volumes (2015), euro per capita",Gross domestic product at market prices,Croatia,2017,12040.0
Annual,"Chain linked volumes (2015), euro per capita",Gross domestic product at market prices,Croatia,2018,12550.0
Annual,"Chain linked volumes (2015), euro per capita",Gross domestic product at market prices,Croatia,2019,13070.0
Annual,"Chain linked volumes (2015), euro per capita",Gross domestic product at market prices,Croatia,2020,12100.0
Annual,"Chain linked volumes (2015), euro per capita",Gross domestic product at market prices,Croatia,2021,13750.0
Annual,"Chain linked volumes (2015), euro per capita",Gross domestic product at market prices,Croatia,2022,14820.0
Annual,"Chain linked volumes (2015), euro per capita",Gross domestic product at market prices,Croatia,2023,15370.0
Annual,"Chain linked volumes (2015), euro per capita",Gross domestic product at market prices,Croatia,2024,15910.0
Annual,"Chain linked volumes (2015), euro per capita",Gross domestic product at market prices,Croatia,2025,16400.0
Annual,"Chain linked volumes (2015), euro per capita",Gross domestic product at market prices,Hungary,1995,6940.0
Annual,"Chain linked volumes (2015), euro per capita",Gross domestic product at market prices,Hungary,1996,6960.0
Annual,"Chain linked volumes (2015), euro per capita",Gross domestic product at market prices,Hungary,1997,7180.0
Annual,"Chain linked volumes (2015), euro per capita",Gross domestic product at market prices,Hungary,1998,7480.0
Annual,"Chain linked volumes (2015), euro per capita",Gross domestic product at market prices,Hungary,1999,7730.0
Annual,"Chain linked volumes (2015), euro per capita",Gross domestic product at market prices,Hungary,2000,8090.0
Annual,"Chain linked volumes (2015), euro per capita",Gross domestic product at market prices,Hungary,2001,8440.0
Annual,"Chain linked volumes (2015), euro per capita",Gross domestic product at market prices,Hungary,2002,8860.0
Annual,"Chain linked volumes (2015), euro per capita",Gross domestic product at market prices,Hungary,2003,9240.0
Annual,"Chain linked volumes (2015), euro per capita",Gross domestic product at market prices,Hungary,2004,9720.0
Annual,"Chain linked volumes (2015), euro per capita",Gross domestic product at market prices,Hungary,2005,10160.0
Annual,"Chain linked volumes (2015), euro per capita",Gross domestic product at market prices,Hungary,2006,10570.0
Annual,"Chain linked volumes (2015), euro per capita",Gross domestic product at market prices,Hungary,2007,10630.0
Annual,"Chain linked volumes (2015), euro per capita",Gross domestic product at market prices,Hungary,2008,10750.0
Annual,"Chain linked volumes (2015), euro per capita",Gross domestic product at market prices,Hungary,2009,10040.0
Annual,"Chain linked volumes (2015), euro per capita",Gross domestic product at market prices,Hungary,2010,10170.0
Annual,"Chain linked volumes (2015), euro per capita",Gross domestic product at market prices,Hungary,2011,10400.0
Annual,"Chain linked volumes (2015), euro per capita",Gross domestic product at market prices,Hungary,2012,10320.0
Annual,"Chain linked volumes (2015), euro per capita",Gross domestic product at market prices,Hungary,2013,10570.0
Annual,"Chain linked volumes (2015), euro per capita",Gross domestic product at market prices,Hungary,2014,11070.0
Annual,"Chain linked volumes (2015), euro per capita",Gross domestic product at market prices,Hungary,2015,11520.0
Annual,"Chain linked volumes (2015), euro per capita",Gross domestic product at market prices,Hungary,2016,11850.0
Annual,"Chain linked volumes (2015), euro per capita",Gross domestic product at market prices,Hungary,2017,12380.0
Annual,"Chain linked volumes (2015), euro per capita",Gross domestic product at market prices,Hungary,2018,13100.0
Annual,"Chain linked volumes (2015), euro per capita",Gross domestic product at market prices,Hungary,2019,13780.0
Annual,"Chain linked volumes (2015), euro per capita",Gross domestic product at market prices,Hungary,2020,13210.0
Annual,"Chain linked volumes (2015), euro per capita",Gross domestic product at market prices,Hungary,2021,14230.0
Annual,"Chain linked volumes (2015), euro per capita",Gross domestic product at market prices,Hungary,2022,14860.0
Annual,"Chain linked volumes (2015), euro per capita",Gross domestic product at market prices,Hungary,2023,14760.0
Annual,"Chain linked volumes (2015), euro per capita",Gross domestic product at market prices,Hungary,2024,14910.0
Annual,"Chain linked volumes (2015), euro per capita",Gross domestic product at market prices,Hungary,2025,15060.0
Annual,"Chain linked volumes (2015), euro per capita",Gross domestic product at market prices,Ireland,1995,25870.0
Annual,"Chain linked volumes (2015), euro per capita",Gross domestic product at market prices,Ireland,1996,27590.0
Annual,"Chain linked volumes (2015), euro per capita",Gross domestic product at market prices,Ireland,1997,30310.0
Annual,"Chain linked volumes (2015), euro per capita",Gross domestic product at market prices,Ireland,1998,32530.0
Annual,"Chain linked volumes (2015), euro per capita",Gross domestic product at market prices,Ireland,1999,35570.0
Annual,"Chain linked volumes (2015), euro per capita",Gross domestic product at market prices,Ireland,2000,38400.0
Annual,"Chain linked volumes (2015), euro per capita",Gross domestic product at market prices,Ireland,2001,39820.0
Annual,"Chain linked volumes (2015), euro per capita",Gross domestic product at market prices,Ireland,2002,41440.0
Annual,"Chain linked volumes (2015), euro per capita",Gross domestic product at market prices,Ireland,2003,41990.0
Annual,"Chain linked volumes (2015), euro per capita",Gross domestic product at market prices,Ireland,2004,44070.0
Annual,"Chain linked volumes (2015), euro per capita",Gross domestic product at market prices,Ireland,2005,45560.0
Annual,"Chain linked volumes (2015), euro per capita",Gross domestic product at market prices,Ireland,2006,46600.0
Annual,"Chain linked volumes (2015), euro per capita",Gross domestic product at market prices,Ireland,2007,47620.0
Annual,"Chain linked volumes (2015), euro per capita",Gross domestic product at market prices,Ireland,2008,44510.0
Annual,"Chain linked volumes (2015), euro per capita",Gross domestic product at market prices,Ireland,2009,41850.0
Annual,"Chain linked volumes (2015), euro per capita",Gross domestic product at market prices,Ireland,2010,42360.0
Annual,"Chain linked volumes (2015), euro per capita",Gross domestic product at market prices,Ireland,2011,42860.0
Annual,"Chain linked volumes (2015), euro per capita",Gross domestic product at market prices,Ireland,2012,42510.0
Annual,"Chain linked volumes (2015), euro per capita",Gross domestic product at market prices,Ireland,2013,43230.0
Annual,"Chain linked volumes (2015), euro per capita",Gross domestic product at market prices,Ireland,2014,46960.0
Annual,"Chain linked volumes (2015), euro per capita",Gross domestic product at market prices,Ireland,2015,57980.0
Annual,"Chain linked volumes (2015), euro per capita",Gross domestic product at market prices,Ireland,2016,57990.0
Annual,"Chain linked volumes (2015), euro per capita",Gross domestic product at market prices,Ireland,2017,62950.0
Annual,"Chain linked volumes (2015), euro per capita",Gross domestic product at market prices,Ireland,2018,66830.0
Annual,"Chain linked volumes (2015), euro per capita",Gross domestic product at market prices,Ireland,2019,69060.0
Annual,"Chain linked volumes (2015), euro per capita",Gross domestic product at market prices,Ireland,2020,73020.0
Annual,"Chain linked volumes (2015), euro per capita",Gross domestic product at market prices,Ireland,2021,83930.0
Annual,"Chain linked volumes (2015), euro per capita",Gross domestic product at market prices,Ireland,2022,88360.0
Annual,"Chain linked volumes (2015), euro per capita",Gross domestic product at market prices,Ireland,2023,84560.0
Annual,"Chain linked volumes (2015), euro per capita",Gross domestic product at market prices,Ireland,2024,85320.0
Annual,"Chain linked volumes (2015), euro per capita",Gross domestic product at market prices,Ireland,2025,94370.0
Annual,"Chain linked volumes (2015), euro per capita",Gross domestic product at market prices,Italy,1995,26510.0
Annual,"Chain linked volumes (2015), euro per capita",Gross domestic product at market prices,Italy,1996,26850.0
Annual,"Chain linked volumes (2015), euro per capita",Gross domestic product at market prices,Italy,1997,27360.0
Annual,"Chain linked volumes (2015), euro per capita",Gross domestic product at market prices,Italy,1998,27840.0
Annual,"Chain linked volumes (2015), euro per capita",Gross domestic product at market prices,Italy,1999,28310.0
Annual,"Chain linked volumes (2015), euro per capita",Gross domestic product at market prices,Italy,2000,29390.0
Annual,"Chain linked volumes (2015), euro per capita",Gross domestic product at market prices,Italy,2001,29960.0
Annual,"Chain linked volumes (2015), euro per capita",Gross domestic product at market prices,Italy,2002,29980.0
Annual,"Chain linked volumes (2015), euro per capita",Gross domestic product at market prices,Italy,2003,29840.0
Annual,"Chain linked volumes (2015), euro per capita",Gross domestic product at market prices,Italy,2004,30060.0
Annual,"Chain linked volumes (2015), euro per capita",Gross domestic product at market prices,Italy,2005,30110.0
Annual,"Chain linked volumes (2015), euro per capita",Gross domestic product at market prices,Italy,2006,30530.0
Annual,"Chain linked volumes (2015), euro per capita",Gross domestic product at market prices,Italy,2007,30790.0
Annual,"Chain linked volumes (2015), euro per capita",Gross domestic product at market prices,Italy,2008,30240.0
Annual,"Chain linked volumes (2015), euro per capita",Gross domestic product at market prices,Italy,2009,28470.0
Annual,"Chain linked volumes (2015), euro per capita",Gross domestic product at market prices,Italy,2010,28780.0
Annual,"Chain linked volumes (2015), euro per capita",Gross domestic product at market prices,Italy,2011,28880.0
Annual,"Chain linked volumes (2015), euro per capita",Gross domestic product at market prices,Italy,2012,27900.0
Annual,"Chain linked volumes (2015), euro per capita",Gross domestic product at market prices,Italy,2013,27340.0
Annual,"Chain linked volumes (2015), euro per capita",Gross domestic product at market prices,Italy,2014,27330.0
Annual,"Chain linked volumes (2015), euro per capita",Gross domestic product at market prices,Italy,2015,27620.0
Annual,"Chain linked volumes (2015), euro per capita",Gross domestic product at market prices,Italy,2016,28010.0
Annual,"Chain linked volumes (2015), euro per capita",Gross domestic product at market prices,Italy,2017,28510.0
Annual,"Chain linked volumes (2015), euro per capita",Gross domestic product at market prices,Italy,2018,28810.0
Annual,"Chain linked volumes (2015), euro per capita",Gross domestic product at market prices,Italy,2019,29000.0
Annual,"Chain linked volumes (2015), euro per capita",Gross domestic product at market prices,Italy,2020,26560.0
Annual,"Chain linked volumes (2015), euro per capita",Gross domestic product at market prices,Italy,2021,29080.0
Annual,"Chain linked volumes (2015), euro per capita",Gross domestic product at market prices,Italy,2022,30550.0
Annual,"Chain linked volumes (2015), euro per capita",Gross domestic product at market prices,Italy,2023,30840.0
Annual,"Chain linked volumes (2015), euro per capita",Gross domestic product at market prices,Italy,2024,31100.0
Annual,"Chain linked volumes (2015), euro per capita",Gross domestic product at market prices,Italy,2025,31270.0
Annual,"Chain linked volumes (2015), euro per capita",Gross domestic product at market prices,Lithuania,1995,4440.0
Annual,"Chain linked volumes (2015), euro per capita",Gross domestic product at market prices,Lithuania,1996,4700.0
Annual,"Chain linked volumes (2015), euro per capita",Gross domestic product at market prices,Lithuania,1997,5120.0
Annual,"Chain linked volumes (2015), euro per capita",Gross domestic product at market prices,Lithuania,1998,5550.0
Annual,"Chain linked volumes (2015), euro per capita",Gross domestic product at market prices,Lithuania,1999,5520.0
Annual,"Chain linked volumes (2015), euro per capita",Gross domestic product at market prices,Lithuania,2000,5750.0
Annual,"Chain linked volumes (2015), euro per capita",Gross domestic product at market prices,Lithuania,2001,6180.0
Annual,"Chain linked volumes (2015), euro per capita",Gross domestic product at market prices,Lithuania,2002,6650.0
Annual,"Chain linked volumes (2015), euro per capita",Gross domestic product at market prices,Lithuania,2003,7410.0
Annual,"Chain linked volumes (2015), euro per capita",Gross domestic product at market prices,Lithuania,2004,7980.0
Annual,"Chain linked volumes (2015), euro per capita",Gross domestic product at market prices,Lithuania,2005,8740.0
Annual,"Chain linked volumes (2015), euro per capita",Gross domestic product at market prices,Lithuania,2006,9530.0
Annual,"Chain linked volumes (2015), euro per capita",Gross domestic product at market prices,Lithuania,2007,10720.0
Annual,"Chain linked volumes (2015), euro per capita",Gross domestic product at market prices,Lithuania,2008,11110.0
Annual,"Chain linked volumes (2015), euro per capita",Gross domestic product at market prices,Lithuania,2009,9570.0
Annual,"Chain linked volumes (2015), euro per capita",Gross domestic product at market prices,Lithuania,2010,9810.0
Annual,"Chain linked volumes (2015), euro per capita",Gross domestic product at market prices,Lithuania,2011,10670.0
Annual,"Chain linked volumes (2015), euro per capita",Gross domestic product at market prices,Lithuania,2012,11280.0
Annual,"Chain linked volumes (2015), euro per capita",Gross domestic product at market prices,Lithuania,2013,11850.0
Annual,"Chain linked volumes (2015), euro per capita",Gross domestic product at market prices,Lithuania,2014,12400.0
Annual,"Chain linked volumes (2015), euro per capita",Gross domestic product at market prices,Lithuania,2015,12860.0
Annual,"Chain linked volumes (2015), euro per capita",Gross domestic product at market prices,Lithuania,2016,13360.0
Annual,"Chain linked volumes (2015), euro per capita",Gross domestic product at market prices,Lithuania,2017,14150.0
Annual,"Chain linked volumes (2015), euro per capita",Gross domestic product at market prices,Lithuania,2018,14970.0
Annual,"Chain linked volumes (2015), euro per capita",Gross domestic product at market prices,Lithuania,2019,15710.0
Annual,"Chain linked volumes (2015), euro per capita",Gross domestic product at market prices,Lithuania,2020,15720.0
Annual,"Chain linked volumes (2015), euro per capita",Gross domestic product at market prices,Lithuania,2021,16740.0
Annual,"Chain linked volumes (2015), euro per capita",Gross domestic product at market prices,Lithuania,2022,17010.0
Annual,"Chain linked volumes (2015), euro per capita",Gross domestic product at market prices,Lithuania,2023,16900.0
Annual,"Chain linked volumes (2015), euro per capita",Gross domestic product at market prices,Lithuania,2024,17310.0
Annual,"Chain linked volumes (2015), euro per capita",Gross domestic product at market prices,Lithuania,2025,17810.0
Annual,"Chain linked volumes (2015), euro per capita",Gross domestic product at market prices,Luxembourg,1995,67360.0
Annual,"Chain linked volumes (2015), euro per capita",Gross domestic product at market prices,Luxembourg,1996,67490.0
Annual,"Chain linked volumes (2015), euro per capita",Gross domestic product at market prices,Luxembourg,1997,70230.0
Annual,"Chain linked volumes (2015), euro per capita",Gross domestic product at market prices,Luxembourg,1998,73980.0
Annual,"Chain linked volumes (2015), euro per capita",Gross domestic product at market prices,Luxembourg,1999,78890.0
Annual,"Chain linked volumes (2015), euro per capita",Gross domestic product at market prices,Luxembourg,2000,83270.0
Annual,"Chain linked volumes (2015), euro per capita",Gross domestic product at market prices,Luxembourg,2001,84880.0
Annual,"Chain linked volumes (2015), euro per capita",Gross domestic product at market prices,Luxembourg,2002,86680.0
Annual,"Chain linked volumes (2015), euro per capita",Gross domestic product at market prices,Luxembourg,2003,87850.0
Annual,"Chain linked volumes (2015), euro per capita",Gross domestic product at market prices,Luxembourg,2004,90320.0
Annual,"Chain linked volumes (2015), euro per capita",Gross domestic product at market prices,Luxembourg,2005,91130.0
Annual,"Chain linked volumes (2015), euro per capita",Gross domestic product at market prices,Luxembourg,2006,95140.0
Annual,"Chain linked volumes (2015), euro per capita",Gross domestic product at market prices,Luxembourg,2007,101180.0
Annual,"Chain linked volumes (2015), euro per capita",Gross domestic product at market prices,Luxembourg,2008,99110.0
Annual,"Chain linked volumes (2015), euro per capita",Gross domestic product at market prices,Luxembourg,2009,94170.0
Annual,"Chain linked volumes (2015), euro per capita",Gross domestic product at market prices,Luxembourg,2010,95920.0
Annual,"Chain linked volumes (2015), euro per capita",Gross domestic product at market prices,Luxembourg,2011,94700.0
Annual,"Chain linked volumes (2015), euro per capita",Gross domestic product at market prices,Luxembourg,2012,94080.0
Annual,"Chain linked volumes (2015), euro per capita",Gross domestic product at market prices,Luxembourg,2013,94600.0
Annual,"Chain linked volumes (2015), euro per capita",Gross domestic product at market prices,Luxembourg,2014,94820.0
Annual,"Chain linked volumes (2015), euro per capita",Gross domestic product at market prices,Luxembourg,2015,95090.0
Annual,"Chain linked volumes (2015), euro per capita",Gross domestic product at market prices,Luxembourg,2016,97300.0
Annual,"Chain linked volumes (2015), euro per capita",Gross domestic product at market prices,Luxembourg,2017,96460.0
Annual,"Chain linked volumes (2015), euro per capita",Gross domestic product at market prices,Luxembourg,2018,96110.0
Annual,"Chain linked volumes (2015), euro per capita",Gross domestic product at market prices,Luxembourg,2019,96730.0
Annual,"Chain linked volumes (2015), euro per capita",Gross domestic product at market prices,Luxembourg,2020,94770.0
Annual,"Chain linked volumes (2015), euro per capita",Gross domestic product at market prices,Luxembourg,2021,99760.0
Annual,"Chain linked volumes (2015), euro per capita",Gross domestic product at market prices,Luxembourg,2022,96540.0
Annual,"Chain linked volumes (2015), euro per capita",Gross domestic product at market prices,Luxembourg,2023,94830.0
Annual,"Chain linked volumes (2015), euro per capita",Gross domestic product at market prices,Luxembourg,2024,93670.0
Annual,"Chain linked volumes (2015), euro per capita",Gross domestic product at market prices,Luxembourg,2025,93090.0
Annual,"Chain linked volumes (2015), euro per capita",Gross domestic product at market prices,Latvia,1995,4200.0
Annual,"Chain linked volumes (2015), euro per capita",Gross domestic product at market prices,Latvia,1996,4350.0
Annual,"Chain linked volumes (2015), euro per capita",Gross domestic product at market prices,Latvia,1997,4790.0
Annual,"Chain linked volumes (2015), euro per capita",Gross domestic product at market prices,Latvia,1998,5160.0
Annual,"Chain linked volumes (2015), euro per capita",Gross domestic product at market prices,Latvia,1999,5340.0
Annual,"Chain linked volumes (2015), euro per capita",Gross domestic product at market prices,Latvia,2000,5710.0
Annual,"Chain linked volumes (2015), euro per capita",Gross domestic product at market prices,Latvia,2001,6160.0
Annual,"Chain linked volumes (2015), euro per capita",Gross domestic product at market prices,Latvia,2002,6710.0
Annual,"Chain linked volumes (2015), euro per capita",Gross domestic product at market prices,Latvia,2003,7340.0
Annual,"Chain linked volumes (2015), euro per capita",Gross domestic product at market prices,Latvia,2004,8070.0
Annual,"Chain linked volumes (2015), euro per capita",Gross domestic product at market prices,Latvia,2005,9110.0
Annual,"Chain linked volumes (2015), euro per capita",Gross domestic product at market prices,Latvia,2006,10370.0
Annual,"Chain linked volumes (2015), euro per capita",Gross domestic product at market prices,Latvia,2007,11540.0
Annual,"Chain linked volumes (2015), euro per capita",Gross domestic product at market prices,Latvia,2008,11270.0
Annual,"Chain linked volumes (2015), euro per capita",Gross domestic product at market prices,Latvia,2009,9620.0
Annual,"Chain linked volumes (2015), euro per capita",Gross domestic product at market prices,Latvia,2010,9470.0
Annual,"Chain linked volumes (2015), euro per capita",Gross domestic product at market prices,Latvia,2011,9940.0
Annual,"Chain linked volumes (2015), euro per capita",Gross domestic product at market prices,Latvia,2012,10790.0
Annual,"Chain linked volumes (2015), euro per capita",Gross domestic product at market prices,Latvia,2013,11130.0
Annual,"Chain linked volumes (2015), euro per capita",Gross domestic product at market prices,Latvia,2014,11470.0
Annual,"Chain linked volumes (2015), euro per capita",Gross domestic product at market prices,Latvia,2015,12010.0
Annual,"Chain linked volumes (2015), euro per capita",Gross domestic product at market prices,Latvia,2016,12430.0
Annual,"Chain linked volumes (2015), euro per capita",Gross domestic product at market prices,Latvia,2017,12970.0
Annual,"Chain linked volumes (2015), euro per capita",Gross domestic product at market prices,Latvia,2018,13630.0
Annual,"Chain linked volumes (2015), euro per capita",Gross domestic product at market prices,Latvia,2019,13820.0
Annual,"Chain linked volumes (2015), euro per capita",Gross domestic product at market prices,Latvia,2020,13430.0
Annual,"Chain linked volumes (2015), euro per capita",Gross domestic product at market prices,Latvia,2021,14480.0
Annual,"Chain linked volumes (2015), euro per capita",Gross domestic product at market prices,Latvia,2022,14750.0
Annual,"Chain linked volumes (2015), euro per capita",Gross domestic product at market prices,Latvia,2023,14640.0
Annual,"Chain linked volumes (2015), euro per capita",Gross domestic product at market prices,Latvia,2024,14770.0
Annual,"Chain linked volumes (2015), euro per capita",Gross domestic product at market prices,Latvia,2025,15310.0
Annual,"Chain linked volumes (2015), euro per capita",Gross domestic product at market prices,Malta,1995,
Annual,"Chain linked volumes (2015), euro per capita",Gross domestic product at market prices,Malta,1996,
Annual,"Chain linked volumes (2015), euro per capita",Gross domestic product at market prices,Malta,1997,
Annual,"Chain linked volumes (2015), euro per capita",Gross domestic product at market prices,Malta,1998,
Annual,"Chain linked volumes (2015), euro per capita",Gross domestic product at market prices,Malta,1999,
Annual,"Chain linked volumes (2015), euro per capita",Gross domestic product at market prices,Malta,2000,15640.0
Annual,"Chain linked volumes (2015), euro per capita",Gross domestic product at market prices,Malta,2001,15250.0
Annual,"Chain linked volumes (2015), euro per capita",Gross domestic product at market prices,Malta,2002,15550.0
Annual,"Chain linked volumes (2015), euro per capita",Gross domestic product at market prices,Malta,2003,16020.0
Annual,"Chain linked volumes (2015), euro per capita",Gross domestic product at market prices,Malta,2004,15970.0
Annual,"Chain linked volumes (2015), euro per capita",Gross domestic product at market prices,Malta,2005,16330.0
Annual,"Chain linked volumes (2015), euro per capita",Gross domestic product at market prices,Malta,2006,16650.0
Annual,"Chain linked volumes (2015), euro per capita",Gross domestic product at market prices,Malta,2007,17430.0
Annual,"Chain linked volumes (2015), euro per capita",Gross domestic product at market prices,Malta,2008,18080.0
Annual,"Chain linked volumes (2015), euro per capita",Gross domestic product at market prices,Malta,2009,17690.0
Annual,"Chain linked volumes (2015), euro per capita",Gross domestic product at market prices,Malta,2010,18700.0
Annual,"Chain linked volumes (2015), euro per capita",Gross domestic product at market prices,Malta,2011,18800.0
Annual,"Chain linked volumes (2015), euro per capita",Gross domestic product at market prices,Malta,2012,19420.0
Annual,"Chain linked volumes (2015), euro per capita",Gross domestic product at market prices,Malta,2013,20370.0
Annual,"Chain linked volumes (2015), euro per capita",Gross domestic product at market prices,Malta,2014,21490.0
Annual,"Chain linked volumes (2015), euro per capita",Gross domestic product at market prices,Malta,2015,23000.0
Annual,"Chain linked volumes (2015), euro per capita",Gross domestic product at market prices,Malta,2016,23400.0
Annual,"Chain linked volumes (2015), euro per capita",Gross domestic product at market prices,Malta,2017,25710.0
Annual,"Chain linked volumes (2015), euro per capita",Gross domestic product at market prices,Malta,2018,26600.0
Annual,"Chain linked volumes (2015), euro per capita",Gross domestic product at market prices,Malta,2019,26570.0
Annual,"Chain linked volumes (2015), euro per capita",Gross domestic product at market prices,Malta,2020,25120.0
Annual,"Chain linked volumes (2015), euro per capita",Gross domestic product at market prices,Malta,2021,28310.0
Annual,"Chain linked volumes (2015), euro per capita",Gross domestic product at market prices,Malta,2022,28300.0
Annual,"Chain linked volumes (2015), euro per capita",Gross domestic product at market prices,Malta,2023,30090.0
Annual,"Chain linked volumes (2015), euro per capita",Gross domestic product at market prices,Malta,2024,31080.0
Annual,"Chain linked volumes (2015), euro per capita",Gross domestic product at market prices,Malta,2025,31550.0
Annual,"Chain linked volumes (2015), euro per capita",Gross domestic product at market prices,Netherlands,1995,30570.0
Annual,"Chain linked volumes (2015), euro per capita",Gross domestic product at market prices,Netherlands,1996,31470.0
Annual,"Chain linked volumes (2015), euro per capita",Gross domestic product at market prices,Netherlands,1997,32640.0
Annual,"Chain linked volumes (2015), euro per capita",Gross domestic product at market prices,Netherlands,1998,33940.0
Annual,"Chain linked volumes (2015), euro per capita",Gross domestic product at market prices,Netherlands,1999,35420.0
Annual,"Chain linked volumes (2015), euro per capita",Gross domestic product at market prices,Netherlands,2000,36650.0
Annual,"Chain linked volumes (2015), euro per capita",Gross domestic product at market prices,Netherlands,2001,37220.0
Annual,"Chain linked volumes (2015), euro per capita",Gross domestic product at market prices,Netherlands,2002,37080.0
Annual,"Chain linked volumes (2015), euro per capita",Gross domestic product at market prices,Netherlands,2003,36940.0
Annual,"Chain linked volumes (2015), euro per capita",Gross domestic product at market prices,Netherlands,2004,37550.0
Annual,"Chain linked volumes (2015), euro per capita",Gross domestic product at market prices,Netherlands,2005,38220.0
Annual,"Chain linked volumes (2015), euro per capita",Gross domestic product at market prices,Netherlands,2006,39510.0
Annual,"Chain linked volumes (2015), euro per capita",Gross domestic product at market prices,Netherlands,2007,40960.0
Annual,"Chain linked volumes (2015), euro per capita",Gross domestic product at market prices,Netherlands,2008,41660.0
Annual,"Chain linked volumes (2015), euro per capita",Gross domestic product at market prices,Netherlands,2009,39930.0
Annual,"Chain linked volumes (2015), euro per capita",Gross domestic product at market prices,Netherlands,2010,40250.0
Annual,"Chain linked volumes (2015), euro per capita",Gross domestic product at market prices,Netherlands,2011,40770.0
Annual,"Chain linked volumes (2015), euro per capita",Gross domestic product at market prices,Netherlands,2012,40230.0
Annual,"Chain linked volumes (2015), euro per capita",Gross domestic product at market prices,Netherlands,2013,40100.0
Annual,"Chain linked volumes (2015), euro per capita",Gross domestic product at market prices,Netherlands,2014,40600.0
Annual,"Chain linked volumes (2015), euro per capita",Gross domestic product at market prices,Netherlands,2015,41270.0
Annual,"Chain linked volumes (2015), euro per capita",Gross domestic product at market prices,Netherlands,2016,42050.0
Annual,"Chain linked volumes (2015), euro per capita",Gross domestic product at market prices,Netherlands,2017,42970.0
Annual,"Chain linked volumes (2015), euro per capita",Gross domestic product at market prices,Netherlands,2018,43680.0
Annual,"Chain linked volumes (2015), euro per capita",Gross domestic product at market prices,Netherlands,2019,44390.0
Annual,"Chain linked volumes (2015), euro per capita",Gross domestic product at market prices,Netherlands,2020,42440.0
Annual,"Chain linked volumes (2015), euro per capita",Gross domestic product at market prices,Netherlands,2021,44870.0
Annual,"Chain linked volumes (2015), euro per capita",Gross domestic product at market prices,Netherlands,2022,46670.0
Annual,"Chain linked volumes (2015), euro per capita",Gross domestic product at market prices,Netherlands,2023,45930.0
Annual,"Chain linked volumes (2015), euro per capita",Gross domestic product at market prices,Netherlands,2024,46120.0
Annual,"Chain linked volumes (2015), euro per capita",Gross domestic product at market prices,Netherlands,2025,46700.0
Annual,"Chain linked volumes (2015), euro per capita",Gross domestic product at market prices,Poland,1995,5150.0
Annual,"Chain linked volumes (2015), euro per capita",Gross domestic product at market prices,Poland,1996,5460.0
Annual,"Chain linked volumes (2015), euro per capita",Gross domestic product at market prices,Poland,1997,5810.0
Annual,"Chain linked volumes (2015), euro per capita",Gross domestic product at market prices,Poland,1998,6080.0
Annual,"Chain linked volumes (2015), euro per capita",Gross domestic product at market prices,Poland,1999,6370.0
Annual,"Chain linked volumes (2015), euro per capita",Gross domestic product at market prices,Poland,2000,6670.0
Annual,"Chain linked volumes (2015), euro per capita",Gross domestic product at market prices,Poland,2001,6750.0
Annual,"Chain linked volumes (2015), euro per capita",Gross domestic product at market prices,Poland,2002,6880.0
Annual,"Chain linked volumes (2015), euro per capita",Gross domestic product at market prices,Poland,2003,7130.0
Annual,"Chain linked volumes (2015), euro per capita",Gross domestic product at market prices,Poland,2004,7500.0
Annual,"Chain linked volumes (2015), euro per capita",Gross domestic product at market prices,Poland,2005,7750.0
Annual,"Chain linked volumes (2015), euro per capita",Gross domestic product at market prices,Poland,2006,8230.0
Annual,"Chain linked volumes (2015), euro per capita",Gross domestic product at market prices,Poland,2007,8790.0
Annual,"Chain linked volumes (2015), euro per capita",Gross domestic product at market prices,Poland,2008,9180.0
Annual,"Chain linked volumes (2015), euro per capita",Gross domestic product at market prices,Poland,2009,9410.0
Annual,"Chain linked volumes (2015), euro per capita",Gross domestic product at market prices,Poland,2010,9740.0
Annual,"Chain linked volumes (2015), euro per capita",Gross domestic product at market prices,Poland,2011,10250.0
Annual,"Chain linked volumes (2015), euro per capita",Gross domestic product at market prices,Poland,2012,10400.0
Annual,"Chain linked volumes (2015), euro per capita",Gross domestic product at market prices,Poland,2013,10480.0
Annual,"Chain linked volumes (2015), euro per capita",Gross domestic product at market prices,Poland,2014,10900.0
Annual,"Chain linked volumes (2015), euro per capita",Gross domestic product at market prices,Poland,2015,11390.0
Annual,"Chain linked volumes (2015), euro per capita",Gross domestic product at market prices,Poland,2016,11740.0
Annual,"Chain linked volumes (2015), euro per capita",Gross domestic product at market prices,Poland,2017,12340.0
Annual,"Chain linked volumes (2015), euro per capita",Gross domestic product at market prices,Poland,2018,13120.0
Annual,"Chain linked volumes (2015), euro per capita",Gross domestic product at market prices,Poland,2019,13720.0
Annual,"Chain linked volumes (2015), euro per capita",Gross domestic product at market prices,Poland,2020,13720.0
Annual,"Chain linked volumes (2015), euro per capita",Gross domestic product at market prices,Poland,2021,14750.0
Annual,"Chain linked volumes (2015), euro per capita",Gross domestic product at market prices,Poland,2022,15190.0
Annual,"Chain linked volumes (2015), euro per capita",Gross domestic product at market prices,Poland,2023,15290.0
Annual,"Chain linked volumes (2015), euro per capita",Gross domestic product at market prices,Poland,2024,15830.0
Annual,"Chain linked volumes (2015), euro per capita",Gross domestic product at market prices,Poland,2025,16470.0
Annual,"Chain linked volumes (2015), euro per capita",Gross domestic product at market prices,Portugal,1995,14250.0
Annual,"Chain linked volumes (2015), euro per capita",Gross domestic product at market prices,Portugal,1996,14700.0
Annual,"Chain linked volumes (2015), euro per capita",Gross domestic product at market prices,Portugal,1997,15270.0
Annual,"Chain linked volumes (2015), euro per capita",Gross domestic product at market prices,Portugal,1998,15930.0
Annual,"Chain linked volumes (2015), euro per capita",Gross domestic product at market prices,Portugal,1999,16460.0
Annual,"Chain linked volumes (2015), euro per capita",Gross domestic product at market prices,Portugal,2000,16960.0
Annual,"Chain linked volumes (2015), euro per capita",Gross domestic product at market prices,Portugal,2001,17170.0
Annual,"Chain linked volumes (2015), euro per capita",Gross domestic product at market prices,Portugal,2002,17210.0
Annual,"Chain linked volumes (2015), euro per capita",Gross domestic product at market prices,Portugal,2003,16990.0
Annual,"Chain linked volumes (2015), euro per capita",Gross domestic product at market prices,Portugal,2004,17250.0
Annual,"Chain linked volumes (2015), euro per capita",Gross domestic product at market prices,Portugal,2005,17350.0
Annual,"Chain linked volumes (2015), euro per capita",Gross domestic product at market prices,Portugal,2006,17600.0
Annual,"Chain linked volumes (2015), euro per capita",Gross domestic product at market prices,Portugal,2007,18010.0
Annual,"Chain linked volumes (2015), euro per capita",Gross domestic product at market prices,Portugal,2008,18040.0
Annual,"Chain linked volumes (2015), euro per capita",Gross domestic product at market prices,Portugal,2009,17460.0
Annual,"Chain linked volumes (2015), euro per capita",Gross domestic product at market prices,Portugal,2010,17750.0
Annual,"Chain linked volumes (2015), euro per capita",Gross domestic product at market prices,Portugal,2011,17450.0
Annual,"Chain linked volumes (2015), euro per capita",Gross domestic product at market prices,Portugal,2012,16810.0
Annual,"Chain linked volumes (2015), euro per capita",Gross domestic product at market prices,Portugal,2013,16740.0
Annual,"Chain linked volumes (2015), euro per capita",Gross domestic product at market prices,Portugal,2014,16950.0
Annual,"Chain linked volumes (2015), euro per capita",Gross domestic product at market prices,Portugal,2015,17280.0
Annual,"Chain linked volumes (2015), euro per capita",Gross domestic product at market prices,Portugal,2016,17670.0
Annual,"Chain linked volumes (2015), euro per capita",Gross domestic product at market prices,Portugal,2017,18280.0
Annual,"Chain linked volumes (2015), euro per capita",Gross domestic product at market prices,Portugal,2018,18830.0
Annual,"Chain linked volumes (2015), euro per capita",Gross domestic product at market prices,Portugal,2019,19310.0
Annual,"Chain linked volumes (2015), euro per capita",Gross domestic product at market prices,Portugal,2020,17680.0
Annual,"Chain linked volumes (2015), euro per capita",Gross domestic product at market prices,Portugal,2021,18620.0
Annual,"Chain linked volumes (2015), euro per capita",Gross domestic product at market prices,Portugal,2022,19800.0
Annual,"Chain linked volumes (2015), euro per capita",Gross domestic product at market prices,Portugal,2023,20200.0
Annual,"Chain linked volumes (2015), euro per capita",Gross domestic product at market prices,Portugal,2024,20430.0
Annual,"Chain linked volumes (2015), euro per capita",Gross domestic product at market prices,Portugal,2025,20600.0
Annual,"Chain linked volumes (2015), euro per capita",Gross domestic product at market prices,Romania,1995,4120.0
Annual,"Chain linked volumes (2015), euro per capita",Gross domestic product at market prices,Romania,1996,4300.0
Annual,"Chain linked volumes (2015), euro per capita",Gross domestic product at market prices,Romania,1997,4100.0
Annual,"Chain linked volumes (2015), euro per capita",Gross domestic product at market prices,Romania,1998,4020.0
Annual,"Chain linked volumes (2015), euro per capita",Gross domestic product at market prices,Romania,1999,4020.0
Annual,"Chain linked volumes (2015), euro per capita",Gross domestic product at market prices,Romania,2000,4120.0
Annual,"Chain linked volumes (2015), euro per capita",Gross domestic product at market prices,Romania,2001,4340.0
Annual,"Chain linked volumes (2015), euro per capita",Gross domestic product at market prices,Romania,2002,4740.0
Annual,"Chain linked volumes (2015), euro per capita",Gross domestic product at market prices,Romania,2003,4880.0
Annual,"Chain linked volumes (2015), euro per capita",Gross domestic product at market prices,Romania,2004,5410.0
Annual,"Chain linked volumes (2015), euro per capita",Gross domestic product at market prices,Romania,2005,5700.0
Annual,"Chain linked volumes (2015), euro per capita",Gross domestic product at market prices,Romania,2006,6200.0
Annual,"Chain linked volumes (2015), euro per capita",Gross domestic product at market prices,Romania,2007,6740.0
Annual,"Chain linked volumes (2015), euro per capita",Gross domestic product at market prices,Romania,2008,7500.0
Annual,"Chain linked volumes (2015), euro per capita",Gross domestic product at market prices,Romania,2009,7140.0
Annual,"Chain linked volumes (2015), euro per capita",Gross domestic product at market prices,Romania,2010,6900.0
Annual,"Chain linked volumes (2015), euro per capita",Gross domestic product at market prices,Romania,2011,7250.0
Annual,"Chain linked volumes (2015), euro per capita",Gross domestic product at market prices,Romania,2012,7420.0
Annual,"Chain linked volumes (2015), euro per capita",Gross domestic product at market prices,Romania,2013,7470.0
Annual,"Chain linked volumes (2015), euro per capita",Gross domestic product at market prices,Romania,2014,7800.0
Annual,"Chain linked volumes (2015), euro per capita",Gross domestic product at market prices,Romania,2015,8090.0
Annual,"Chain linked volumes (2015), euro per capita",Gross domestic product at market prices,Romania,2016,8370.0
Annual,"Chain linked volumes (2015), euro per capita",Gross domestic product at market prices,Romania,2017,9100.0
Annual,"Chain linked volumes (2015), euro per capita",Gross domestic product at market prices,Romania,2018,9650.0
Annual,"Chain linked volumes (2015), euro per capita",Gross domestic product at market prices,Romania,2019,10080.0
Annual,"Chain linked volumes (2015), euro per capita",Gross domestic product at market prices,Romania,2020,9760.0
Annual,"Chain linked volumes (2015), euro per capita",Gross domestic product at market prices,Romania,2021,10390.0
Annual,"Chain linked volumes (2015), euro per capita",Gross domestic product at market prices,Romania,2022,10880.0
Annual,"Chain linked volumes (2015), euro per capita",Gross domestic product at market prices,Romania,2023,11120.0
Annual,"Chain linked volumes (2015), euro per capita",Gross domestic product at market prices,Romania,2024,11220.0
Annual,"Chain linked volumes (2015), euro per capita",Gross domestic product at market prices,Romania,2025,11310.0
Annual,"Chain linked volumes (2015), euro per capita",Gross domestic product at market prices,Sweden,1995,31610.0
Annual,"Chain linked volumes (2015), euro per capita",Gross domestic product at market prices,Sweden,1996,32100.0
Annual,"Chain linked volumes (2015), euro per capita",Gross domestic product at market prices,Sweden,1997,33070.0
Annual,"Chain linked volumes (2015), euro per capita",Gross domestic product at market prices,Sweden,1998,34460.0
Annual,"Chain linked volumes (2015), euro per capita",Gross domestic product at market prices,Sweden,1999,35880.0
Annual,"Chain linked volumes (2015), euro per capita",Gross domestic product at market prices,Sweden,2000,37480.0
Annual,"Chain linked volumes (2015), euro per capita",Gross domestic product at market prices,Sweden,2001,37880.0
Annual,"Chain linked volumes (2015), euro per capita",Gross domestic product at market prices,Sweden,2002,38620.0
Annual,"Chain linked volumes (2015), euro per capita",Gross domestic product at market prices,Sweden,2003,39210.0
Annual,"Chain linked volumes (2015), euro per capita",Gross domestic product at market prices,Sweden,2004,40680.0
Annual,"Chain linked volumes (2015), euro per capita",Gross domestic product at market prices,Sweden,2005,41670.0
Annual,"Chain linked volumes (2015), euro per capita",Gross domestic product at market prices,Sweden,2006,43340.0
Annual,"Chain linked volumes (2015), euro per capita",Gross domestic product at market prices,Sweden,2007,44430.0
Annual,"Chain linked volumes (2015), euro per capita",Gross domestic product at market prices,Sweden,2008,43680.0
Annual,"Chain linked volumes (2015), euro per capita",Gross domestic product at market prices,Sweden,2009,41470.0
Annual,"Chain linked volumes (2015), euro per capita",Gross domestic product at market prices,Sweden,2010,43480.0
Annual,"Chain linked volumes (2015), euro per capita",Gross domestic product at market prices,Sweden,2011,44510.0
Annual,"Chain linked volumes (2015), euro per capita",Gross domestic product at market prices,Sweden,2012,44010.0
Annual,"Chain linked volumes (2015), euro per capita",Gross domestic product at market prices,Sweden,2013,44130.0
Annual,"Chain linked volumes (2015), euro per capita",Gross domestic product at market prices,Sweden,2014,44690.0
Annual,"Chain linked volumes (2015), euro per capita",Gross domestic product at market prices,Sweden,2015,46160.0
Annual,"Chain linked volumes (2015), euro per capita",Gross domestic product at market prices,Sweden,2016,46590.0
Annual,"Chain linked volumes (2015), euro per capita",Gross domestic product at market prices,Sweden,2017,46800.0
Annual,"Chain linked volumes (2015), euro per capita",Gross domestic product at market prices,Sweden,2018,47080.0
Annual,"Chain linked volumes (2015), euro per capita",Gross domestic product at market prices,Sweden,2019,47790.0
Annual,"Chain linked volumes (2015), euro per capita",Gross domestic product at market prices,Sweden,2020,46550.0
Annual,"Chain linked volumes (2015), euro per capita",Gross domestic product at market prices,Sweden,2021,48690.0
Annual,"Chain linked volumes (2015), euro per capita",Gross domestic product at market prices,Sweden,2022,48780.0
Annual,"Chain linked volumes (2015), euro per capita",Gross domestic product at market prices,Sweden,2023,48350.0
Annual,"Chain linked volumes (2015), euro per capita",Gross domestic product at market prices,Sweden,2024,49170.0
Annual,"Chain linked volumes (2015), euro per capita",Gross domestic product at market prices,Sweden,2025,49710.0
Annual,"Chain linked volumes (2015), euro per capita",Gross domestic product at market prices,Slovenia,1995,11980.0
Annual,"Chain linked volumes (2015), euro per capita",Gross domestic product at market prices,Slovenia,1996,12320.0
Annual,"Chain linked volumes (2015), euro per capita",Gross domestic product at market prices,Slovenia,1997,12980.0
Annual,"Chain linked volumes (2015), euro per capita",Gross domestic product at market prices,Slovenia,1998,13400.0
Annual,"Chain linked volumes (2015), euro per capita",Gross domestic product at market prices,Slovenia,1999,14100.0
Annual,"Chain linked volumes (2015), euro per capita",Gross domestic product at market prices,Slovenia,2000,14550.0
Annual,"Chain linked volumes (2015), euro per capita",Gross domestic product at market prices,Slovenia,2001,14940.0
Annual,"Chain linked volumes (2015), euro per capita",Gross domestic product at market prices,Slovenia,2002,15410.0
Annual,"Chain linked volumes (2015), euro per capita",Gross domestic product at market prices,Slovenia,2003,15890.0
Annual,"Chain linked volumes (2015), euro per capita",Gross domestic product at market prices,Slovenia,2004,16600.0
Annual,"Chain linked volumes (2015), euro per capita",Gross domestic product at market prices,Slovenia,2005,17210.0
Annual,"Chain linked volumes (2015), euro per capita",Gross domestic product at market prices,Slovenia,2006,18170.0
Annual,"Chain linked volumes (2015), euro per capita",Gross domestic product at market prices,Slovenia,2007,19360.0
Annual,"Chain linked volumes (2015), euro per capita",Gross domestic product at market prices,Slovenia,2008,19980.0
Annual,"Chain linked volumes (2015), euro per capita",Gross domestic product at market prices,Slovenia,2009,18290.0
Annual,"Chain linked volumes (2015), euro per capita",Gross domestic product at market prices,Slovenia,2010,18420.0
Annual,"Chain linked volumes (2015), euro per capita",Gross domestic product at market prices,Slovenia,2011,18510.0
Annual,"Chain linked volumes (2015), euro per capita",Gross domestic product at market prices,Slovenia,2012,17930.0
Annual,"Chain linked volumes (2015), euro per capita",Gross domestic product at market prices,Slovenia,2013,17760.0
Annual,"Chain linked volumes (2015), euro per capita",Gross domestic product at market prices,Slovenia,2014,18230.0
Annual,"Chain linked volumes (2015), euro per capita",Gross domestic product at market prices,Slovenia,2015,18660.0
Annual,"Chain linked volumes (2015), euro per capita",Gross domestic product at market prices,Slovenia,2016,19210.0
Annual,"Chain linked volumes (2015), euro per capita",Gross domestic product at market prices,Slovenia,2017,20190.0
Annual,"Chain linked volumes (2015), euro per capita",Gross domestic product at market prices,Slovenia,2018,21010.0
Annual,"Chain linked volumes (2015), euro per capita",Gross domestic product at market prices,Slovenia,2019,21570.0
Annual,"Chain linked volumes (2015), euro per capita",Gross domestic product at market prices,Slovenia,2020,20560.0
Annual,"Chain linked volumes (2015), euro per capita",Gross domestic product at market prices,Slovenia,2021,22230.0
Annual,"Chain linked volumes (2015), euro per capita",Gross domestic product at market prices,Slovenia,2022,22810.0
Annual,"Chain linked volumes (2015), euro per capita",Gross domestic product at market prices,Slovenia,2023,23230.0
Annual,"Chain linked volumes (2015), euro per capita",Gross domestic product at market prices,Slovenia,2024,23560.0
Annual,"Chain linked volumes (2015), euro per capita",Gross domestic product at market prices,Slovenia,2025,23750.0
Annual,"Chain linked volumes (2015), euro per capita",Gross domestic product at market prices,Slovakia,1995,6990.0
Annual,"Chain linked volumes (2015), euro per capita",Gross domestic product at market prices,Slovakia,1996,7400.0
Annual,"Chain linked volumes (2015), euro per capita",Gross domestic product at market prices,Slovakia,1997,7790.0
Annual,"Chain linked volumes (2015), euro per capita",Gross domestic product at market prices,Slovakia,1998,8080.0
Annual,"Chain linked volumes (2015), euro per capita",Gross domestic product at market prices,Slovakia,1999,8040.0
Annual,"Chain linked volumes (2015), euro per capita",Gross domestic product at market prices,Slovakia,2000,8090.0
Annual,"Chain linked volumes (2015), euro per capita",Gross domestic product at market prices,Slovakia,2001,8360.0
Annual,"Chain linked volumes (2015), euro per capita",Gross domestic product at market prices,Slovakia,2002,8730.0
Annual,"Chain linked volumes (2015), euro per capita",Gross domestic product at market prices,Slovakia,2003,9150.0
Annual,"Chain linked volumes (2015), euro per capita",Gross domestic product at market prices,Slovakia,2004,9640.0
Annual,"Chain linked volumes (2015), euro per capita",Gross domestic product at market prices,Slovakia,2005,10260.0
Annual,"Chain linked volumes (2015), euro per capita",Gross domestic product at market prices,Slovakia,2006,11170.0
Annual,"Chain linked volumes (2015), euro per capita",Gross domestic product at market prices,Slovakia,2007,12360.0
Annual,"Chain linked volumes (2015), euro per capita",Gross domestic product at market prices,Slovakia,2008,13000.0
Annual,"Chain linked volumes (2015), euro per capita",Gross domestic product at market prices,Slovakia,2009,12260.0
Annual,"Chain linked volumes (2015), euro per capita",Gross domestic product at market prices,Slovakia,2010,13060.0
Annual,"Chain linked volumes (2015), euro per capita",Gross domestic product at market prices,Slovakia,2011,13480.0
Annual,"Chain linked volumes (2015), euro per capita",Gross domestic product at market prices,Slovakia,2012,13670.0
Annual,"Chain linked volumes (2015), euro per capita",Gross domestic product at market prices,Slovakia,2013,13750.0
Annual,"Chain linked volumes (2015), euro per capita",Gross domestic product at market prices,Slovakia,2014,14100.0
Annual,"Chain linked volumes (2015), euro per capita",Gross domestic product at market prices,Slovakia,2015,14820.0
Annual,"Chain linked volumes (2015), euro per capita",Gross domestic product at market prices,Slovakia,2016,15090.0
Annual,"Chain linked volumes (2015), euro per capita",Gross domestic product at market prices,Slovakia,2017,15500.0
Annual,"Chain linked volumes (2015), euro per capita",Gross domestic product at market prices,Slovakia,2018,16110.0
Annual,"Chain linked volumes (2015), euro per capita",Gross domestic product at market prices,Slovakia,2019,16450.0
Annual,"Chain linked volumes (2015), euro per capita",Gross domestic product at market prices,Slovakia,2020,16010.0
Annual,"Chain linked volumes (2015), euro per capita",Gross domestic product at market prices,Slovakia,2021,16970.0
Annual,"Chain linked volumes (2015), euro per capita",Gross domestic product at market prices,Slovakia,2022,17010.0
Annual,"Chain linked volumes (2015), euro per capita",Gross domestic product at market prices,Slovakia,2023,17370.0
Annual,"Chain linked volumes (2015), euro per capita",Gross domestic product at market prices,Slovakia,2024,17700.0
Annual,"Chain linked volumes (2015), euro per capita",Gross domestic product at market prices,Slovakia,2025,17860.0
