freq,purchase,unit,geo,year,hpi_weight
Annual,Total,"Annual average index, 2010=100",Belgium,2005,79.53
Annual,Total,"Annual average index, 2010=100",Belgium,2006,87.33
Annual,Total,"Annual average index, 2010=100",Belgium,2007,94.11
Annual,Total,"Annual average index, 2010=100",Belgium,2008,98.2
Annual,Total,"Annual average index, 2010=100",Belgium,2009,97.8
Annual,Total,"Annual average index, 2010=100",Belgium,2010,100.0
Annual,Total,"Annual average index, 2010=100",Belgium,2011,103.58
Annual,Total,"Annual average index, 2010=100",Belgium,2012,106.02
Annual,Total,"Annual average index, 2010=100",Belgium,2013,107.59
Annual,Total,"Annual average index, 2010=100",Belgium,2014,107.23
Annual,Total,"Annual average index, 2010=100",Belgium,2015,109.17
Annual,Total,"Annual average index, 2010=100",Belgium,2016,111.72
Annual,Total,"Annual average index, 2010=100",Belgium,2017,115.67
Annual,Total,"Annual average index, 2010=100",Belgium,2018,119.16
Annual,Total,"Annual average index, 2010=100",Belgium,2019,123.62
Annual,Total,"Annual average index, 2010=100",Belgium,2020,128.92
Annual,Total,"Annual average index, 2010=100",Belgium,2021,137.52
Annual,Total,"Annual average index, 2010=100",Belgium,2022,145.12
Annual,Total,"Annual average index, 2010=100",Belgium,2023,148.52
Annual,Total,"Annual average index, 2010=100",Belgium,2024,153.3
Annual,Total,"Annual average index, 2010=100",Belgium,2025,158.15
Annual,Total,"Annual average index, 2010=100",Bulgaria,2005,75.69
Annual,Total,"Annual average index, 2010=100",Bulgaria,2006,86.82
Annual,Total,"Annual average index, 2010=100",Bulgaria,2007,111.92
Annual,Total,"Annual average index, 2010=100",Bulgaria,2008,139.86
Annual,Total,"Annual average index, 2010=100",Bulgaria,2009,111.32
Annual,Total,"Annual average index, 2010=100",Bulgaria,2010,100.0
Annual,Total,"Annual average index, 2010=100",Bulgaria,2011,94.49
Annual,Total,"Annual average index, 2010=100",Bulgaria,2012,92.69
Annual,Total,"Annual average index, 2010=100",Bulgaria,2013,90.65
Annual,Total,"Annual average index, 2010=100",Bulgaria,2014,91.95
Annual,Total,"Annual average index, 2010=100",Bulgaria,2015,94.52
Annual,Total,"Annual average index, 2010=100",Bulgaria,2016,101.15
Annual,Total,"Annual average index, 2010=100",Bulgaria,2017,109.91
Annual,Total,"Annual average index, 2010=100",Bulgaria,2018,117.16
Annual,Total,"Annual average index, 2010=100",Bulgaria,2019,124.21
Annual,Total,"Annual average index, 2010=100",Bulgaria,2020,129.87
Annual,Total,"Annual average index, 2010=100",Bulgaria,2021,141.14
Annual,Total,"Annual average index, 2010=100",Bulgaria,2022,160.6
Annual,Total,"Annual average index, 2010=100",Bulgaria,2023,176.43
Annual,Total,"Annual average index, 2010=100",Bulgaria,2024,205.54
Annual,Total,"Annual average index, 2010=100",Bulgaria,2025,235.56
Annual,Total,"Annual average index, 2010=100",Czechia,2008,105.9
Annual,Total,"Annual average index, 2010=100",Czechia,2009,101.8
Annual,Total,"Annual average index, 2010=100",Czechia,2010,100.0
Annual,Total,"Annual average index, 2010=100",Czechia,2011,100.0
Annual,Total,"Annual average index, 2010=100",Czechia,2012,98.6
Annual,Total,"Annual average index, 2010=100",Czechia,2013,98.6
Annual,Total,"Annual average index, 2010=100",Czechia,2014,101.0
Annual,Total,"Annual average index, 2010=100",Czechia,2015,105.1
Annual,Total,"Annual average index, 2010=100",Czechia,2016,112.5
Annual,Total,"Annual average index, 2010=100",Czechia,2017,125.8
Annual,Total,"Annual average index, 2010=100",Czechia,2018,136.5
Annual,Total,"Annual average index, 2010=100",Czechia,2019,149.0
Annual,Total,"Annual average index, 2010=100",Czechia,2020,161.6
Annual,Total,"Annual average index, 2010=100",Czechia,2021,193.5
Annual,Total,"Annual average index, 2010=100",Czechia,2022,226.1
Annual,Total,"Annual average index, 2010=100",Czechia,2023,222.3
Annual,Total,"Annual average index, 2010=100",Czechia,2024,233.5
Annual,Total,"Annual average index, 2010=100",Czechia,2025,257.8
Annual,Total,"Annual average index, 2010=100",Denmark,2005,91.47
Annual,Total,"Annual average index, 2010=100",Denmark,2006,113.49
Annual,Total,"Annual average index, 2010=100",Denmark,2007,116.53
Annual,Total,"Annual average index, 2010=100",Denmark,2008,110.51
Annual,Total,"Annual average index, 2010=100",Denmark,2009,97.28
Annual,Total,"Annual average index, 2010=100",Denmark,2010,100.0
Annual,Total,"Annual average index, 2010=100",Denmark,2011,98.3
Annual,Total,"Annual average index, 2010=100",Denmark,2012,95.65
Annual,Total,"Annual average index, 2010=100",Denmark,2013,99.37
Annual,Total,"Annual average index, 2010=100",Denmark,2014,103.12
Annual,Total,"Annual average index, 2010=100",Denmark,2015,110.31
Annual,Total,"Annual average index, 2010=100",Denmark,2016,115.35
Annual,Total,"Annual average index, 2010=100",Denmark,2017,121.07
Annual,Total,"Annual average index, 2010=100",Denmark,2018,126.4
Annual,Total,"Annual average index, 2010=100",Denmark,2019,129.21
Annual,Total,"Annual average index, 2010=100",Denmark,2020,134.77
Annual,Total,"Annual average index, 2010=100",Denmark,2021,150.33
Annual,Total,"Annual average index, 2010=100",Denmark,2022,157.41
Annual,Total,"Annual average index, 2010=100",Denmark,2023,151.44
Annual,Total,"Annual average index, 2010=100",Denmark,2024,156.76
Annual,Total,"Annual average index, 2010=100",Denmark,2025,168.52
Annual,Total,"Annual average index, 2010=100",Germany,2005,99.4
Annual,Total,"Annual average index, 2010=100",Germany,2006,99.0
Annual,Total,"Annual average index, 2010=100",Germany,2007,96.9
Annual,Total,"Annual average index, 2010=100",Germany,2008,98.2
Annual,Total,"Annual average index, 2010=100",Germany,2009,99.0
Annual,Total,"Annual average index, 2010=100",Germany,2010,100.0
Annual,Total,"Annual average index, 2010=100",Germany,2011,103.5
Annual,Total,"Annual average index, 2010=100",Germany,2012,107.1
Annual,Total,"Annual average index, 2010=100",Germany,2013,110.4
Annual,Total,"Annual average index, 2010=100",Germany,2014,113.9
Annual,Total,"Annual average index, 2010=100",Germany,2015,119.3
Annual,Total,"Annual average index, 2010=100",Germany,2016,128.2
Annual,Total,"Annual average index, 2010=100",Germany,2017,136.1
Annual,Total,"Annual average index, 2010=100",Germany,2018,145.1
Annual,Total,"Annual average index, 2010=100",Germany,2019,153.5
Annual,Total,"Annual average index, 2010=100",Germany,2020,165.4
Annual,Total,"Annual average index, 2010=100",Germany,2021,184.5
Annual,Total,"Annual average index, 2010=100",Germany,2022,195.7
Annual,Total,"Annual average index, 2010=100",Germany,2023,179.3
Annual,Total,"Annual average index, 2010=100",Germany,2024,176.5
Annual,Total,"Annual average index, 2010=100",Germany,2025,182.1
Annual,Total,"Annual average index, 2010=100",Estonia,2005,92.35
Annual,Total,"Annual average index, 2010=100",Estonia,2006,138.06
Annual,Total,"Annual average index, 2010=100",Estonia,2007,166.72
Annual,Total,"Annual average index, 2010=100",Estonia,2008,150.69
Annual,Total,"Annual average index, 2010=100",Estonia,2009,94.63
Annual,Total,"Annual average index, 2010=100",Estonia,2010,100.0
Annual,Total,"Annual average index, 2010=100",Estonia,2011,108.49
Annual,Total,"Annual average index, 2010=100",Estonia,2012,116.39
Annual,Total,"Annual average index, 2010=100",Estonia,2013,128.79
Annual,Total,"Annual average index, 2010=100",Estonia,2014,146.45
Annual,Total,"Annual average index, 2010=100",Estonia,2015,156.5
Annual,Total,"Annual average index, 2010=100",Estonia,2016,163.92
Annual,Total,"Annual average index, 2010=100",Estonia,2017,172.95
Annual,Total,"Annual average index, 2010=100",Estonia,2018,183.2
Annual,Total,"Annual average index, 2010=100",Estonia,2019,196.04
Annual,Total,"Annual average index, 2010=100",Estonia,2020,207.81
Annual,Total,"Annual average index, 2010=100",Estonia,2021,239.09
Annual,Total,"Annual average index, 2010=100",Estonia,2022,292.27
Annual,Total,"Annual average index, 2010=100",Estonia,2023,309.43
Annual,Total,"Annual average index, 2010=100",Estonia,2024,328.31
Annual,Total,"Annual average index, 2010=100",Estonia,2025,345.43
Annual,Total,"Annual average index, 2010=100",Ireland,2005,124.46
Annual,Total,"Annual average index, 2010=100",Ireland,2006,142.98
Annual,Total,"Annual average index, 2010=100",Ireland,2007,153.65
Annual,Total,"Annual average index, 2010=100",Ireland,2008,142.98
Annual,Total,"Annual average index, 2010=100",Ireland,2009,115.6
Annual,Total,"Annual average index, 2010=100",Ireland,2010,100.0
Annual,Total,"Annual average index, 2010=100",Ireland,2011,82.92
Annual,Total,"Annual average index, 2010=100",Ireland,2012,71.76
Annual,Total,"Annual average index, 2010=100",Ireland,2013,72.66
Annual,Total,"Annual average index, 2010=100",Ireland,2014,84.67
Annual,Total,"Annual average index, 2010=100",Ireland,2015,94.38
Annual,Total,"Annual average index, 2010=100",Ireland,2016,101.42
Annual,Total,"Annual average index, 2010=100",Ireland,2017,112.44
Annual,Total,"Annual average index, 2010=100",Ireland,2018,123.94
Annual,Total,"Annual average index, 2010=100",Ireland,2019,126.85
Annual,Total,"Annual average index, 2010=100",Ireland,2020,127.24
Annual,Total,"Annual average index, 2010=100",Ireland,2021,137.77
Annual,Total,"Annual average index, 2010=100",Ireland,2022,154.74
Annual,Total,"Annual average index, 2010=100",Ireland,2023,159.48
Annual,Total,"Annual average index, 2010=100",Ireland,2024,173.07
Annual,Total,"Annual average index, 2010=100",Ireland,2025,186.11
Annual,Total,"Annual average index, 2010=100",Spain,2006,100.71
Annual,Total,"Annual average index, 2010=100",Spain,2007,110.58
Annual,Total,"Annual average index, 2010=100",Spain,2008,109.0
Annual,Total,"Annual average index, 2010=100",Spain,2009,101.8
Annual,Total,"Annual average index, 2010=100",Spain,2010,100.0
Annual,Total,"Annual average index, 2010=100",Spain,2011,92.36
Annual,Total,"Annual average index, 2010=100",Spain,2012,78.71
Annual,Total,"Annual average index, 2010=100",Spain,2013,71.52
Annual,Total,"Annual average index, 2010=100",Spain,2014,71.75
Annual,Total,"Annual average index, 2010=100",Spain,2015,74.32
Annual,Total,"Annual average index, 2010=100",Spain,2016,77.76
Annual,Total,"Annual average index, 2010=100",Spain,2017,82.57
Annual,Total,"Annual average index, 2010=100",Spain,2018,88.13
Annual,Total,"Annual average index, 2010=100",Spain,2019,92.69
Annual,Total,"Annual average index, 2010=100",Spain,2020,94.76
Annual,Total,"Annual average index, 2010=100",Spain,2021,98.25
Annual,Total,"Annual average index, 2010=100",Spain,2022,105.52
Annual,Total,"Annual average index, 2010=100",Spain,2023,109.76
Annual,Total,"Annual average index, 2010=100",Spain,2024,119.1
Annual,Total,"Annual average index, 2010=100",Spain,2025,134.23
Annual,Total,"Annual average index, 2010=100",France,2005,84.94
Annual,Total,"Annual average index, 2010=100",France,2006,94.76
Annual,Total,"Annual average index, 2010=100",France,2007,100.83
Annual,Total,"Annual average index, 2010=100",France,2008,101.78
Annual,Total,"Annual average index, 2010=100",France,2009,95.57
Annual,Total,"Annual average index, 2010=100",France,2010,100.0
Annual,Total,"Annual average index, 2010=100",France,2011,105.73
Annual,Total,"Annual average index, 2010=100",France,2012,105.15
Annual,Total,"Annual average index, 2010=100",France,2013,103.2
Annual,Total,"Annual average index, 2010=100",France,2014,101.62
Annual,Total,"Annual average index, 2010=100",France,2015,100.26
Annual,Total,"Annual average index, 2010=100",France,2016,101.31
Annual,Total,"Annual average index, 2010=100",France,2017,104.51
Annual,Total,"Annual average index, 2010=100",France,2018,107.57
Annual,Total,"Annual average index, 2010=100",France,2019,111.14
Annual,Total,"Annual average index, 2010=100",France,2020,116.92
Annual,Total,"Annual average index, 2010=100",France,2021,124.3
Annual,Total,"Annual average index, 2010=100",France,2022,132.16
Annual,Total,"Annual average index, 2010=100",France,2023,131.6
Annual,Total,"Annual average index, 2010=100",France,2024,126.72
Annual,Total,"Annual average index, 2010=100",France,2025,127.61
Annual,Total,"Annual average index, 2010=100",Croatia,2008,112.38
Annual,Total,"Annual average index, 2010=100",Croatia,2009,106.76
Annual,Total,"Annual average index, 2010=100",Croatia,2010,100.0
Annual,Total,"Annual average index, 2010=100",Croatia,2011,100.18
Annual,Total,"Annual average index, 2010=100",Croatia,2012,98.61
Annual,Total,"Annual average index, 2010=100",Croatia,2013,94.71
Annual,Total,"Annual average index, 2010=100",Croatia,2014,93.22
Annual,Total,"Annual average index, 2010=100",Croatia,2015,90.53
Annual,Total,"Annual average index, 2010=100",Croatia,2016,91.33
Annual,Total,"Annual average index, 2010=100",Croatia,2017,94.82
Annual,Total,"Annual average index, 2010=100",Croatia,2018,100.61
Annual,Total,"Annual average index, 2010=100",Croatia,2019,109.63
Annual,Total,"Annual average index, 2010=100",Croatia,2020,118.03
Annual,Total,"Annual average index, 2010=100",Croatia,2021,126.66
Annual,Total,"Annual average index, 2010=100",Croatia,2022,145.46
Annual,Total,"Annual average index, 2010=100",Croatia,2023,162.83
Annual,Total,"Annual average index, 2010=100",Croatia,2024,179.72
Annual,Total,"Annual average index, 2010=100",Croatia,2025,205.0
Annual,Total,"Annual average index, 2010=100",Italy,2010,100.0
Annual,Total,"Annual average index, 2010=100",Italy,2011,101.4
Annual,Total,"Annual average index, 2010=100",Italy,2012,98.8
Annual,Total,"Annual average index, 2010=100",Italy,2013,92.4
Annual,Total,"Annual average index, 2010=100",Italy,2014,88.0
Annual,Total,"Annual average index, 2010=100",Italy,2015,84.7
Annual,Total,"Annual average index, 2010=100",Italy,2016,84.9
Annual,Total,"Annual average index, 2010=100",Italy,2017,84.0
Annual,Total,"Annual average index, 2010=100",Italy,2018,83.5
Annual,Total,"Annual average index, 2010=100",Italy,2019,83.4
Annual,Total,"Annual average index, 2010=100",Italy,2020,85.0
Annual,Total,"Annual average index, 2010=100",Italy,2021,87.2
Annual,Total,"Annual average index, 2010=100",Italy,2022,90.5
Annual,Total,"Annual average index, 2010=100",Italy,2023,91.6
Annual,Total,"Annual average index, 2010=100",Italy,2024,94.6
Annual,Total,"Annual average index, 2010=100",Italy,2025,98.4
Annual,Total,"Annual average index, 2010=100",Cyprus,2005,85.97
Annual,Total,"Annual average index, 2010=100",Cyprus,2006,96.17
Annual,Total,"Annual average index, 2010=100",Cyprus,2007,107.46
Annual,Total,"Annual average index, 2010=100",Cyprus,2008,113.52
Annual,Total,"Annual average index, 2010=100",Cyprus,2009,106.08
Annual,Total,"Annual average index, 2010=100",Cyprus,2010,100.0
Annual,Total,"Annual average index, 2010=100",Cyprus,2011,98.4
Annual,Total,"Annual average index, 2010=100",Cyprus,2012,95.39
Annual,Total,"Annual average index, 2010=100",Cyprus,2013,91.49
Annual,Total,"Annual average index, 2010=100",Cyprus,2014,89.88
Annual,Total,"Annual average index, 2010=100",Cyprus,2015,88.58
Annual,Total,"Annual average index, 2010=100",Cyprus,2016,88.42
Annual,Total,"Annual average index, 2010=100",Cyprus,2017,92.55
Annual,Total,"Annual average index, 2010=100",Cyprus,2018,91.3
Annual,Total,"Annual average index, 2010=100",Cyprus,2019,98.94
Annual,Total,"Annual average index, 2010=100",Cyprus,2020,104.07
Annual,Total,"Annual average index, 2010=100",Cyprus,2021,102.48
Annual,Total,"Annual average index, 2010=100",Cyprus,2022,109.14
Annual,Total,"Annual average index, 2010=100",Cyprus,2023,119.22
Annual,Total,"Annual average index, 2010=100",Cyprus,2024,127.95
Annual,Total,"Annual average index, 2010=100",Cyprus,2025,133.65
Annual,Total,"Annual average index, 2010=100",Latvia,2006,130.02
Annual,Total,"Annual average index, 2010=100",Latvia,2007,177.19
Annual,Total,"Annual average index, 2010=100",Latvia,2008,179.15
Annual,Total,"Annual average index, 2010=100",Latvia,2009,112.31
Annual,Total,"Annual average index, 2010=100",Latvia,2010,100.0
Annual,Total,"Annual average index, 2010=100",Latvia,2011,110.42
Annual,Total,"Annual average index, 2010=100",Latvia,2012,113.71
Annual,Total,"Annual average index, 2010=100",Latvia,2013,121.5
Annual,Total,"Annual average index, 2010=100",Latvia,2014,128.78
Annual,Total,"Annual average index, 2010=100",Latvia,2015,124.46
Annual,Total,"Annual average index, 2010=100",Latvia,2016,135.03
Annual,Total,"Annual average index, 2010=100",Latvia,2017,146.87
Annual,Total,"Annual average index, 2010=100",Latvia,2018,160.92
Annual,Total,"Annual average index, 2010=100",Latvia,2019,175.33
Annual,Total,"Annual average index, 2010=100",Latvia,2020,181.42
Annual,Total,"Annual average index, 2010=100",Latvia,2021,201.18
Annual,Total,"Annual average index, 2010=100",Latvia,2022,229.01
Annual,Total,"Annual average index, 2010=100",Latvia,2023,237.57
Annual,Total,"Annual average index, 2010=100",Latvia,2024,247.55
Annual,Total,"Annual average index, 2010=100",Latvia,2025,266.69
Annual,Total,"Annual average index, 2010=100",Lithuania,2006,111.93
Annual,Total,"Annual average index, 2010=100",Lithuania,2007,141.39
Annual,Total,"Annual average index, 2010=100",Lithuania,2008,154.1
Annual,Total,"Annual average index, 2010=100",Lithuania,2009,107.98
Annual,Total,"Annual average index, 2010=100",Lithuania,2010,100.0
Annual,Total,"Annual average index, 2010=100",Lithuania,2011,106.6
Annual,Total,"Annual average index, 2010=100",Lithuania,2012,106.36
Annual,Total,"Annual average index, 2010=100",Lithuania,2013,107.65
Annual,Total,"Annual average index, 2010=100",Lithuania,2014,114.57
Annual,Total,"Annual average index, 2010=100",Lithuania,2015,118.76
Annual,Total,"Annual average index, 2010=100",Lithuania,2016,125.18
Annual,Total,"Annual average index, 2010=100",Lithuania,2017,136.33
Annual,Total,"Annual average index, 2010=100",Lithuania,2018,146.29
Annual,Total,"Annual average index, 2010=100",Lithuania,2019,156.3
Annual,Total,"Annual average index, 2010=100",Lithuania,2020,167.66
Annual,Total,"Annual average index, 2010=100",Lithuania,2021,194.58
Annual,Total,"Annual average index, 2010=100",Lithuania,2022,231.64
Annual,Total,"Annual average index, 2010=100",Lithuania,2023,254.37
Annual,Total,"Annual average index, 2010=100",Lithuania,2024,279.11
Annual,Total,"Annual average index, 2010=100",Lithuania,2025,306.54
Annual,Total,"Annual average index, 2010=100",Luxembourg,2007,92.86
Annual,Total,"Annual average index, 2010=100",Luxembourg,2008,95.96
Annual,Total,"Annual average index, 2010=100",Luxembourg,2009,94.86
Annual,Total,"Annual average index, 2010=100",Luxembourg,2010,100.0
Annual,Total,"Annual average index, 2010=100",Luxembourg,2011,103.68
Annual,Total,"Annual average index, 2010=100",Luxembourg,2012,108.03
Annual,Total,"Annual average index, 2010=100",Luxembourg,2013,113.42
Annual,Total,"Annual average index, 2010=100",Luxembourg,2014,118.39
Annual,Total,"Annual average index, 2010=100",Luxembourg,2015,124.78
Annual,Total,"Annual average index, 2010=100",Luxembourg,2016,132.28
Annual,Total,"Annual average index, 2010=100",Luxembourg,2017,139.7
Annual,Total,"Annual average index, 2010=100",Luxembourg,2018,149.56
Annual,Total,"Annual average index, 2010=100",Luxembourg,2019,164.69
Annual,Total,"Annual average index, 2010=100",Luxembourg,2020,188.56
Annual,Total,"Annual average index, 2010=100",Luxembourg,2021,214.81
Annual,Total,"Annual average index, 2010=100",Luxembourg,2022,235.33
Annual,Total,"Annual average index, 2010=100",Luxembourg,2023,213.98
Annual,Total,"Annual average index, 2010=100",Luxembourg,2024,202.77
Annual,Total,"Annual average index, 2010=100",Luxembourg,2025,206.03
Annual,Total,"Annual average index, 2010=100",Hungary,2007,105.61
Annual,Total,"Annual average index, 2010=100",Hungary,2008,108.12
Annual,Total,"Annual average index, 2010=100",Hungary,2009,102.45
Annual,Total,"Annual average index, 2010=100",Hungary,2010,100.0
Annual,Total,"Annual average index, 2010=100",Hungary,2011,96.57
Annual,Total,"Annual average index, 2010=100",Hungary,2012,93.0
Annual,Total,"Annual average index, 2010=100",Hungary,2013,90.62
Annual,Total,"Annual average index, 2010=100",Hungary,2014,94.41
Annual,Total,"Annual average index, 2010=100",Hungary,2015,106.77
Annual,Total,"Annual average index, 2010=100",Hungary,2016,121.06
Annual,Total,"Annual average index, 2010=100",Hungary,2017,135.86
Annual,Total,"Annual average index, 2010=100",Hungary,2018,155.35
Annual,Total,"Annual average index, 2010=100",Hungary,2019,181.69
Annual,Total,"Annual average index, 2010=100",Hungary,2020,190.67
Annual,Total,"Annual average index, 2010=100",Hungary,2021,222.12
Annual,Total,"Annual average index, 2010=100",Hungary,2022,271.75
Annual,Total,"Annual average index, 2010=100",Hungary,2023,291.0
Annual,Total,"Annual average index, 2010=100",Hungary,2024,330.84
Annual,Total,"Annual average index, 2010=100",Hungary,2025,391.44
Annual,Total,"Annual average index, 2010=100",Malta,2005,64.19
Annual,Total,"Annual average index, 2010=100",Malta,2006,76.94
Annual,Total,"Annual average index, 2010=100",Malta,2007,93.09
Annual,Total,"Annual average index, 2010=100",Malta,2008,103.41
Annual,Total,"Annual average index, 2010=100",Malta,2009,98.94
Annual,Total,"Annual average index, 2010=100",Malta,2010,100.0
Annual,Total,"Annual average index, 2010=100",Malta,2011,98.64
Annual,Total,"Annual average index, 2010=100",Malta,2012,101.65
Annual,Total,"Annual average index, 2010=100",Malta,2013,101.23
Annual,Total,"Annual average index, 2010=100",Malta,2014,103.82
Annual,Total,"Annual average index, 2010=100",Malta,2015,109.85
Annual,Total,"Annual average index, 2010=100",Malta,2016,115.84
Annual,Total,"Annual average index, 2010=100",Malta,2017,121.96
Annual,Total,"Annual average index, 2010=100",Malta,2018,129.01
Annual,Total,"Annual average index, 2010=100",Malta,2019,136.92
Annual,Total,"Annual average index, 2010=100",Malta,2020,141.55
Annual,Total,"Annual average index, 2010=100",Malta,2021,148.77
Annual,Total,"Annual average index, 2010=100",Malta,2022,158.67
Annual,Total,"Annual average index, 2010=100",Malta,2023,168.53
Annual,Total,"Annual average index, 2010=100",Malta,2024,179.89
Annual,Total,"Annual average index, 2010=100",Malta,2025,190.54
Annual,Total,"Annual average index, 2010=100",Netherlands,2005,95.36
Annual,Total,"Annual average index, 2010=100",Netherlands,2006,99.41
Annual,Total,"Annual average index, 2010=100",Netherlands,2007,104.22
Annual,Total,"Annual average index, 2010=100",Netherlands,2008,106.52
Annual,Total,"Annual average index, 2010=100",Netherlands,2009,101.78
Annual,Total,"Annual average index, 2010=100",Netherlands,2010,100.0
Annual,Total,"Annual average index, 2010=100",Netherlands,2011,98.03
Annual,Total,"Annual average index, 2010=100",Netherlands,2012,91.46
Annual,Total,"Annual average index, 2010=100",Netherlands,2013,85.94
Annual,Total,"Annual average index, 2010=100",Netherlands,2014,86.66
Annual,Total,"Annual average index, 2010=100",Netherlands,2015,89.71
Annual,Total,"Annual average index, 2010=100",Netherlands,2016,94.45
Annual,Total,"Annual average index, 2010=100",Netherlands,2017,102.09
Annual,Total,"Annual average index, 2010=100",Netherlands,2018,111.6
Annual,Total,"Annual average index, 2010=100",Netherlands,2019,119.65
Annual,Total,"Annual average index, 2010=100",Netherlands,2020,129.24
Annual,Total,"Annual average index, 2010=100",Netherlands,2021,147.96
Annual,Total,"Annual average index, 2010=100",Netherlands,2022,167.61
Annual,Total,"Annual average index, 2010=100",Netherlands,2023,164.39
Annual,Total,"Annual average index, 2010=100",Netherlands,2024,177.84
Annual,Total,"Annual average index, 2010=100",Netherlands,2025,192.93
Annual,Total,"Annual average index, 2010=100",Austria,2010,100.0
Annual,Total,"Annual average index, 2010=100",Austria,2011,105.36
Annual,Total,"Annual average index, 2010=100",Austria,2012,112.34
Annual,Total,"Annual average index, 2010=100",Austria,2013,117.94
Annual,Total,"Annual average index, 2010=100",Austria,2014,122.44
Annual,Total,"Annual average index, 2010=100",Austria,2015,129.33
Annual,Total,"Annual average index, 2010=100",Austria,2016,138.0
Annual,Total,"Annual average index, 2010=100",Austria,2017,145.02
Annual,Total,"Annual average index, 2010=100",Austria,2018,153.68
Annual,Total,"Annual average index, 2010=100",Austria,2019,162.91
Annual,Total,"Annual average index, 2010=100",Austria,2020,175.25
Annual,Total,"Annual average index, 2010=100",Austria,2021,195.3
Annual,Total,"Annual average index, 2010=100",Austria,2022,217.9
Annual,Total,"Annual average index, 2010=100",Austria,2023,211.68
Annual,Total,"Annual average index, 2010=100",Austria,2024,210.88
Annual,Total,"Annual average index, 2010=100",Austria,2025,216.4
Annual,Total,"Annual average index, 2010=100",Poland,2010,100.0
Annual,Total,"Annual average index, 2010=100",Poland,2011,100.07
Annual,Total,"Annual average index, 2010=100",Poland,2012,96.58
Annual,Total,"Annual average index, 2010=100",Poland,2013,92.35
Annual,Total,"Annual average index, 2010=100",Poland,2014,93.27
Annual,Total,"Annual average index, 2010=100",Poland,2015,94.69
Annual,Total,"Annual average index, 2010=100",Poland,2016,96.45
Annual,Total,"Annual average index, 2010=100",Poland,2017,100.16
Annual,Total,"Annual average index, 2010=100",Poland,2018,106.75
Annual,Total,"Annual average index, 2010=100",Poland,2019,116.01
Annual,Total,"Annual average index, 2010=100",Poland,2020,128.17
Annual,Total,"Annual average index, 2010=100",Poland,2021,139.92
Annual,Total,"Annual average index, 2010=100",Poland,2022,156.43
Annual,Total,"Annual average index, 2010=100",Poland,2023,170.23
Annual,Total,"Annual average index, 2010=100",Poland,2024,195.72
Annual,Total,"Annual average index, 2010=100",Poland,2025,205.28
Annual,Total,"Annual average index, 2010=100",Portugal,2008,100.16
Annual,Total,"Annual average index, 2010=100",Portugal,2009,99.24
Annual,Total,"Annual average index, 2010=100",Portugal,2010,100.0
Annual,Total,"Annual average index, 2010=100",Portugal,2011,95.1
Annual,Total,"Annual average index, 2010=100",Portugal,2012,88.38
Annual,Total,"Annual average index, 2010=100",Portugal,2013,86.71
Annual,Total,"Annual average index, 2010=100",Portugal,2014,90.39
Annual,Total,"Annual average index, 2010=100",Portugal,2015,93.15
Annual,Total,"Annual average index, 2010=100",Portugal,2016,99.77
Annual,Total,"Annual average index, 2010=100",Portugal,2017,109.0
Annual,Total,"Annual average index, 2010=100",Portugal,2018,120.19
Annual,Total,"Annual average index, 2010=100",Portugal,2019,132.16
Annual,Total,"Annual average index, 2010=100",Portugal,2020,143.75
Annual,Total,"Annual average index, 2010=100",Portugal,2021,157.27
Annual,Total,"Annual average index, 2010=100",Portugal,2022,177.14
Annual,Total,"Annual average index, 2010=100",Portugal,2023,191.66
Annual,Total,"Annual average index, 2010=100",Portugal,2024,209.06
Annual,Total,"Annual average index, 2010=100",Portugal,2025,245.77
Annual,Total,"Annual average index, 2010=100",Romania,2009,108.15
Annual,Total,"Annual average index, 2010=100",Romania,2010,100.0
Annual,Total,"Annual average index, 2010=100",Romania,2011,87.69
Annual,Total,"Annual average index, 2010=100",Romania,2012,83.25
Annual,Total,"Annual average index, 2010=100",Romania,2013,83.03
Annual,Total,"Annual average index, 2010=100",Romania,2014,81.33
Annual,Total,"Annual average index, 2010=100",Romania,2015,83.65
Annual,Total,"Annual average index, 2010=100",Romania,2016,88.63
Annual,Total,"Annual average index, 2010=100",Romania,2017,93.99
Annual,Total,"Annual average index, 2010=100",Romania,2018,99.23
Annual,Total,"Annual average index, 2010=100",Romania,2019,102.63
Annual,Total,"Annual average index, 2010=100",Romania,2020,107.44
Annual,Total,"Annual average index, 2010=100",Romania,2021,112.17
Annual,Total,"Annual average index, 2010=100",Romania,2022,120.21
Annual,Total,"Annual average index, 2010=100",Romania,2023,124.17
Annual,Total,"Annual average index, 2010=100",Romania,2024,130.4
Annual,Total,"Annual average index, 2010=100",Romania,2025,137.87
Annual,Total,"Annual average index, 2010=100",Slovenia,2007,103.11
Annual,Total,"Annual average index, 2010=100",Slovenia,2008,110.32
Annual,Total,"Annual average index, 2010=100",Slovenia,2009,99.87
Annual,Total,"Annual average index, 2010=100",Slovenia,2010,100.0
Annual,Total,"Annual average index, 2010=100",Slovenia,2011,102.71
Annual,Total,"Annual average index, 2010=100",Slovenia,2012,95.64
Annual,Total,"Annual average index, 2010=100",Slovenia,2013,90.62
Annual,Total,"Annual average index, 2010=100",Slovenia,2014,84.64
Annual,Total,"Annual average index, 2010=100",Slovenia,2015,85.32
Annual,Total,"Annual average index, 2010=100",Slovenia,2016,88.1
Annual,Total,"Annual average index, 2010=100",Slovenia,2017,95.38
Annual,Total,"Annual average index, 2010=100",Slovenia,2018,103.71
Annual,Total,"Annual average index, 2010=100",Slovenia,2019,110.65
Annual,Total,"Annual average index, 2010=100",Slovenia,2020,115.75
Annual,Total,"Annual average index, 2010=100",Slovenia,2021,129.11
Annual,Total,"Annual average index, 2010=100",Slovenia,2022,148.16
Annual,Total,"Annual average index, 2010=100",Slovenia,2023,158.88
Annual,Total,"Annual average index, 2010=100",Slovenia,2024,170.86
Annual,Total,"Annual average index, 2010=100",Slovenia,2025,178.23
Annual,Total,"Annual average index, 2010=100",Slovakia,2006,78.29
Annual,Total,"Annual average index, 2010=100",Slovakia,2007,100.98
Annual,Total,"Annual average index, 2010=100",Slovakia,2008,119.06
Annual,Total,"Annual average index, 2010=100",Slovakia,2009,103.88
Annual,Total,"Annual average index, 2010=100",Slovakia,2010,100.0
Annual,Total,"Annual average index, 2010=100",Slovakia,2011,98.5
Annual,Total,"Annual average index, 2010=100",Slovakia,2012,95.77
Annual,Total,"Annual average index, 2010=100",Slovakia,2013,96.53
Annual,Total,"Annual average index, 2010=100",Slovakia,2014,97.83
Annual,Total,"Annual average index, 2010=100",Slovakia,2015,103.04
Annual,Total,"Annual average index, 2010=100",Slovakia,2016,109.91
Annual,Total,"Annual average index, 2010=100",Slovakia,2017,116.34
Annual,Total,"Annual average index, 2010=100",Slovakia,2018,125.0
Annual,Total,"Annual average index, 2010=100",Slovakia,2019,136.41
Annual,Total,"Annual average index, 2010=100",Slovakia,2020,149.43
Annual,Total,"Annual average index, 2010=100",Slovakia,2021,158.95
Annual,Total,"Annual average index, 2010=100",Slovakia,2022,180.73
Annual,Total,"Annual average index, 2010=100",Slovakia,2023,180.4
Annual,Total,"Annual average index, 2010=100",Slovakia,2024,187.19
Annual,Total,"Annual average index, 2010=100",Slovakia,2025,210.43
Annual,Total,"Annual average index, 2010=100",Finland,2005,81.22
Annual,Total,"Annual average index, 2010=100",Finland,2006,86.87
Annual,Total,"Annual average index, 2010=100",Finland,2007,92.0
Annual,Total,"Annual average index, 2010=100",Finland,2008,92.73
Annual,Total,"Annual average index, 2010=100",Finland,2009,94.07
Annual,Total,"Annual average index, 2010=100",Finland,2010,100.0
Annual,Total,"Annual average index, 2010=100",Finland,2011,103.18
Annual,Total,"Annual average index, 2010=100",Finland,2012,105.67
Annual,Total,"Annual average index, 2010=100",Finland,2013,106.89
Annual,Total,"Annual average index, 2010=100",Finland,2014,106.51
Annual,Total,"Annual average index, 2010=100",Finland,2015,106.52
Annual,Total,"Annual average index, 2010=100",Finland,2016,107.89
Annual,Total,"Annual average index, 2010=100",Finland,2017,109.06
Annual,Total,"Annual average index, 2010=100",Finland,2018,110.07
Annual,Total,"Annual average index, 2010=100",Finland,2019,110.53
Annual,Total,"Annual average index, 2010=100",Finland,2020,112.48
Annual,Total,"Annual average index, 2010=100",Finland,2021,117.65
Annual,Total,"Annual average index, 2010=100",Finland,2022,118.78
Annual,Total,"Annual average index, 2010=100",Finland,2023,111.4
Annual,Total,"Annual average index, 2010=100",Finland,2024,107.95
Annual,Total,"Annual average index, 2010=100",Finland,2025,105.3
Annual,Total,"Annual average index, 2010=100",Sweden,2005,70.36
Annual,Total,"Annual average index, 2010=100",Sweden,2006,79.03
Annual,Total,"Annual average index, 2010=100",Sweden,2007,88.88
Annual,Total,"Annual average index, 2010=100",Sweden,2008,89.87
Annual,Total,"Annual average index, 2010=100",Sweden,2009,92.7
Annual,Total,"Annual average index, 2010=100",Sweden,2010,100.0
Annual,Total,"Annual average index, 2010=100",Sweden,2011,102.58
Annual,Total,"Annual average index, 2010=100",Sweden,2012,103.87
Annual,Total,"Annual average index, 2010=100",Sweden,2013,109.22
Annual,Total,"Annual average index, 2010=100",Sweden,2014,119.52
Annual,Total,"Annual average index, 2010=100",Sweden,2015,135.2
Annual,Total,"Annual average index, 2010=100",Sweden,2016,146.34
Annual,Total,"Annual average index, 2010=100",Sweden,2017,156.06
Annual,Total,"Annual average index, 2010=100",Sweden,2018,154.6
Annual,Total,"Annual average index, 2010=100",Sweden,2019,158.44
Annual,Total,"Annual average index, 2010=100",Sweden,2020,165.09
Annual,Total,"Annual average index, 2010=100",Sweden,2021,181.79
Annual,Total,"Annual average index, 2010=100",Sweden,2022,188.27
Annual,Total,"Annual average index, 2010=100",Sweden,2023,178.54
Annual,Total,"Annual average index, 2010=100",Sweden,2024,178.51
Annual,Total,"Annual average index, 2010=100",Sweden,2025,180.37
Annual,Total,"Annual average index, 2010=100",Iceland,2005,84.14
Annual,Total,"Annual average index, 2010=100",Iceland,2006,98.3
Annual,Total,"Annual average index, 2010=100",Iceland,2007,107.53
Annual,Total,"Annual average index, 2010=100",Iceland,2008,114.22
Annual,Total,"Annual average index, 2010=100",Iceland,2009,103.13
Annual,Total,"Annual average index, 2010=100",Iceland,2010,100.0
Annual,Total,"Annual average index, 2010=100",Iceland,2011,104.64
Annual,Total,"Annual average index, 2010=100",Iceland,2012,111.86
Annual,Total,"Annual average index, 2010=100",Iceland,2013,118.31
Annual,Total,"Annual average index, 2010=100",Iceland,2014,128.28
Annual,Total,"Annual average index, 2010=100",Iceland,2015,138.85
Annual,Total,"Annual average index, 2010=100",Iceland,2016,152.41
Annual,Total,"Annual average index, 2010=100",Iceland,2017,182.17
Annual,Total,"Annual average index, 2010=100",Iceland,2018,197.18
Annual,Total,"Annual average index, 2010=100",Iceland,2019,205.9
Annual,Total,"Annual average index, 2010=100",Iceland,2020,219.09
Annual,Total,"Annual average index, 2010=100",Iceland,2021,246.54
Annual,Total,"Annual average index, 2010=100",Iceland,2022,298.31
Annual,Total,"Annual average index, 2010=100",Iceland,2023,321.53
Annual,Total,"Annual average index, 2010=100",Iceland,2024,347.43
Annual,Total,"Annual average index, 2010=100",Iceland,2025,365.31
Annual,Total,"Annual average index, 2010=100",Norway,2005,71.59
Annual,Total,"Annual average index, 2010=100",Norway,2006,81.39
Annual,Total,"Annual average index, 2010=100",Norway,2007,91.64
Annual,Total,"Annual average index, 2010=100",Norway,2008,90.66
Annual,Total,"Annual average index, 2010=100",Norway,2009,92.38
Annual,Total,"Annual average index, 2010=100",Norway,2010,100.0
Annual,Total,"Annual average index, 2010=100",Norway,2011,108.17
Annual,Total,"Annual average index, 2010=100",Norway,2012,115.46
Annual,Total,"Annual average index, 2010=100",Norway,2013,120.43
Annual,Total,"Annual average index, 2010=100",Norway,2014,123.72
Annual,Total,"Annual average index, 2010=100",Norway,2015,131.99
Annual,Total,"Annual average index, 2010=100",Norway,2016,142.39
Annual,Total,"Annual average index, 2010=100",Norway,2017,150.13
Annual,Total,"Annual average index, 2010=100",Norway,2018,152.48
Annual,Total,"Annual average index, 2010=100",Norway,2019,158.62
Annual,Total,"Annual average index, 2010=100",Norway,2020,166.45
Annual,Total,"Annual average index, 2010=100",Norway,2021,181.69
Annual,Total,"Annual average index, 2010=100",Norway,2022,192.32
Annual,Total,"Annual average index, 2010=100",Norway,2023,194.85
Annual,Total,"Annual average index, 2010=100",Norway,2024,201.83
Annual,Total,"Annual average index, 2010=100",Norway,2025,213.38
Annual,Total,"Annual average index, 2010=100",United Kingdom,2005,91.64
Annual,Total,"Annual average index, 2010=100",United Kingdom,2006,98.79
Annual,Total,"Annual average index, 2010=100",United Kingdom,2007,108.58
Annual,Total,"Annual average index, 2010=100",United Kingdom,2008,103.79
Annual,Total,"Annual average index, 2010=100",United Kingdom,2009,94.53
Annual,Total,"Annual average index, 2010=100",United Kingdom,2010,100.0
Annual,Total,"Annual average index, 2010=100",United Kingdom,2011,98.53
Annual,Total,"Annual average index, 2010=100",United Kingdom,2012,98.9
Annual,Total,"Annual average index, 2010=100",United Kingdom,2013,101.44
Annual,Total,"Annual average index, 2010=100",United Kingdom,2014,109.58
Annual,Total,"Annual average index, 2010=100",United Kingdom,2015,116.08
Annual,Total,"Annual average index, 2010=100",United Kingdom,2016,124.19
Annual,Total,"Annual average index, 2010=100",United Kingdom,2017,129.85
Annual,Total,"Annual average index, 2010=100",United Kingdom,2018,134.1
Annual,Total,"Annual average index, 2010=100",United Kingdom,2019,135.42
Annual,Total,"Annual average index, 2010=100",Türkiye,2010,100.0
Annual,Total,"Annual average index, 2010=100",Türkiye,2011,108.8
Annual,Total,"Annual average index, 2010=100",Türkiye,2012,120.67
Annual,Total,"Annual average index, 2010=100",Türkiye,2013,134.46
Annual,Total,"Annual average index, 2010=100",Türkiye,2014,151.25
Annual,Total,"Annual average index, 2010=100",Türkiye,2015,175.08
Annual,Total,"Annual average index, 2010=100",Türkiye,2016,197.46
Annual,Total,"Annual average index, 2010=100",Türkiye,2017,218.81
Annual,Total,"Annual average index, 2010=100",Türkiye,2018,235.94
Annual,Total,"Annual average index, 2010=100",Türkiye,2019,247.29
Annual,Total,"Annual average index, 2010=100",Türkiye,2020,306.11
Annual,Total,"Annual average index, 2010=100",Türkiye,2021,421.03
Annual,Total,"Annual average index, 2010=100",Türkiye,2022,1070.43
Annual,Total,"Annual average index, 2010=100",Türkiye,2023,2129.45
Annual,Total,"Annual average index, 2010=100",Türkiye,2024,3014.02
Annual,Total,"Annual average index, 2015=100",Belgium,2005,72.85
Annual,Total,"Annual average index, 2015=100",Belgium,2006,80.0
Annual,Total,"Annual average index, 2015=100",Belgium,2007,86.2
Annual,Total,"Annual average index, 2015=100",Belgium,2008,89.95
Annual,Total,"Annual average index, 2015=100",Belgium,2009,89.58
Annual,Total,"Annual average index, 2015=100",Belgium,2010,91.6
Annual,Total,"Annual average index, 2015=100",Belgium,2011,94.88
Annual,Total,"Annual average index, 2015=100",Belgium,2012,97.11
Annual,Total,"Annual average index, 2015=100",Belgium,2013,98.55
Annual,Total,"Annual average index, 2015=100",Belgium,2014,98.22
Annual,Total,"Annual average index, 2015=100",Belgium,2015,100.0
Annual,Total,"Annual average index, 2015=100",Belgium,2016,102.33
Annual,Total,"Annual average index, 2015=100",Belgium,2017,105.95
Annual,Total,"Annual average index, 2015=100",Belgium,2018,109.15
Annual,Total,"Annual average index, 2015=100",Belgium,2019,113.23
Annual,Total,"Annual average index, 2015=100",Belgium,2020,118.09
Annual,Total,"Annual average index, 2015=100",Belgium,2021,125.96
Annual,Total,"Annual average index, 2015=100",Belgium,2022,132.93
Annual,Total,"Annual average index, 2015=100",Belgium,2023,136.05
Annual,Total,"Annual average index, 2015=100",Belgium,2024,140.42
Annual,Total,"Annual average index, 2015=100",Belgium,2025,144.86
Annual,Total,"Annual average index, 2015=100",Bulgaria,2005,80.09
Annual,Total,"Annual average index, 2015=100",Bulgaria,2006,91.86
Annual,Total,"Annual average index, 2015=100",Bulgaria,2007,118.42
Annual,Total,"Annual average index, 2015=100",Bulgaria,2008,147.97
Annual,Total,"Annual average index, 2015=100",Bulgaria,2009,117.79
Annual,Total,"Annual average index, 2015=100",Bulgaria,2010,105.81
Annual,Total,"Annual average index, 2015=100",Bulgaria,2011,99.98
Annual,Total,"Annual average index, 2015=100",Bulgaria,2012,98.07
Annual,Total,"Annual average index, 2015=100",Bulgaria,2013,95.92
Annual,Total,"Annual average index, 2015=100",Bulgaria,2014,97.29
Annual,Total,"Annual average index, 2015=100",Bulgaria,2015,100.0
Annual,Total,"Annual average index, 2015=100",Bulgaria,2016,107.02
Annual,Total,"Annual average index, 2015=100",Bulgaria,2017,116.3
Annual,Total,"Annual average index, 2015=100",Bulgaria,2018,123.96
Annual,Total,"Annual average index, 2015=100",Bulgaria,2019,131.42
Annual,Total,"Annual average index, 2015=100",Bulgaria,2020,137.41
Annual,Total,"Annual average index, 2015=100",Bulgaria,2021,149.33
Annual,Total,"Annual average index, 2015=100",Bulgaria,2022,169.92
Annual,Total,"Annual average index, 2015=100",Bulgaria,2023,186.67
Annual,Total,"Annual average index, 2015=100",Bulgaria,2024,217.47
Annual,Total,"Annual average index, 2015=100",Bulgaria,2025,249.23
Annual,Total,"Annual average index, 2015=100",Czechia,2008,100.8
Annual,Total,"Annual average index, 2015=100",Czechia,2009,96.9
Annual,Total,"Annual average index, 2015=100",Czechia,2010,95.2
Annual,Total,"Annual average index, 2015=100",Czechia,2011,95.3
Annual,Total,"Annual average index, 2015=100",Czechia,2012,93.9
Annual,Total,"Annual average index, 2015=100",Czechia,2013,93.9
Annual,Total,"Annual average index, 2015=100",Czechia,2014,96.2
Annual,Total,"Annual average index, 2015=100",Czechia,2015,100.0
Annual,Total,"Annual average index, 2015=100",Czechia,2016,107.2
Annual,Total,"Annual average index, 2015=100",Czechia,2017,119.7
Annual,Total,"Annual average index, 2015=100",Czechia,2018,130.0
Annual,Total,"Annual average index, 2015=100",Czechia,2019,141.9
Annual,Total,"Annual average index, 2015=100",Czechia,2020,153.9
Annual,Total,"Annual average index, 2015=100",Czechia,2021,184.2
Annual,Total,"Annual average index, 2015=100",Czechia,2022,215.3
Annual,Total,"Annual average index, 2015=100",Czechia,2023,211.7
Annual,Total,"Annual average index, 2015=100",Czechia,2024,222.3
Annual,Total,"Annual average index, 2015=100",Czechia,2025,245.4
Annual,Total,"Annual average index, 2015=100",Denmark,2005,82.92
Annual,Total,"Annual average index, 2015=100",Denmark,2006,102.89
Annual,Total,"Annual average index, 2015=100",Denmark,2007,105.64
Annual,Total,"Annual average index, 2015=100",Denmark,2008,100.18
Annual,Total,"Annual average index, 2015=100",Denmark,2009,88.19
Annual,Total,"Annual average index, 2015=100",Denmark,2010,90.65
Annual,Total,"Annual average index, 2015=100",Denmark,2011,89.12
Annual,Total,"Annual average index, 2015=100",Denmark,2012,86.71
Annual,Total,"Annual average index, 2015=100",Denmark,2013,90.08
Annual,Total,"Annual average index, 2015=100",Denmark,2014,93.48
Annual,Total,"Annual average index, 2015=100",Denmark,2015,100.0
Annual,Total,"Annual average index, 2015=100",Denmark,2016,104.57
Annual,Total,"Annual average index, 2015=100",Denmark,2017,109.75
Annual,Total,"Annual average index, 2015=100",Denmark,2018,114.59
Annual,Total,"Annual average index, 2015=100",Denmark,2019,117.13
Annual,Total,"Annual average index, 2015=100",Denmark,2020,122.18
Annual,Total,"Annual average index, 2015=100",Denmark,2021,136.28
Annual,Total,"Annual average index, 2015=100",Denmark,2022,142.7
Annual,Total,"Annual average index, 2015=100",Denmark,2023,137.28
Annual,Total,"Annual average index, 2015=100",Denmark,2024,142.11
Annual,Total,"Annual average index, 2015=100",Denmark,2025,152.77
Annual,Total,"Annual average index, 2015=100",Germany,2005,83.3
Annual,Total,"Annual average index, 2015=100",Germany,2006,83.0
Annual,Total,"Annual average index, 2015=100",Germany,2007,81.2
Annual,Total,"Annual average index, 2015=100",Germany,2008,82.3
Annual,Total,"Annual average index, 2015=100",Germany,2009,83.0
Annual,Total,"Annual average index, 2015=100",Germany,2010,83.9
Annual,Total,"Annual average index, 2015=100",Germany,2011,86.8
Annual,Total,"Annual average index, 2015=100",Germany,2012,89.8
Annual,Total,"Annual average index, 2015=100",Germany,2013,92.6
Annual,Total,"Annual average index, 2015=100",Germany,2014,95.5
Annual,Total,"Annual average index, 2015=100",Germany,2015,100.0
Annual,Total,"Annual average index, 2015=100",Germany,2016,107.5
Annual,Total,"Annual average index, 2015=100",Germany,2017,114.1
Annual,Total,"Annual average index, 2015=100",Germany,2018,121.7
Annual,Total,"Annual average index, 2015=100",Germany,2019,128.7
Annual,Total,"Annual average index, 2015=100",Germany,2020,138.7
Annual,Total,"Annual average index, 2015=100",Germany,2021,154.7
Annual,Total,"Annual average index, 2015=100",Germany,2022,164.1
Annual,Total,"Annual average index, 2015=100",Germany,2023,150.3
Annual,Total,"Annual average index, 2015=100",Germany,2024,148.0
Annual,Total,"Annual average index, 2015=100",Germany,2025,152.7
Annual,Total,"Annual average index, 2015=100",Estonia,2005,59.01
Annual,Total,"Annual average index, 2015=100",Estonia,2006,88.22
Annual,Total,"Annual average index, 2015=100",Estonia,2007,106.54
Annual,Total,"Annual average index, 2015=100",Estonia,2008,96.29
Annual,Total,"Annual average index, 2015=100",Estonia,2009,60.47
Annual,Total,"Annual average index, 2015=100",Estonia,2010,63.9
Annual,Total,"Annual average index, 2015=100",Estonia,2011,69.32
Annual,Total,"Annual average index, 2015=100",Estonia,2012,74.37
Annual,Total,"Annual average index, 2015=100",Estonia,2013,82.29
Annual,Total,"Annual average index, 2015=100",Estonia,2014,93.58
Annual,Total,"Annual average index, 2015=100",Estonia,2015,100.0
Annual,Total,"Annual average index, 2015=100",Estonia,2016,104.75
Annual,Total,"Annual average index, 2015=100",Estonia,2017,110.51
Annual,Total,"Annual average index, 2015=100",Estonia,2018,117.07
Annual,Total,"Annual average index, 2015=100",Estonia,2019,125.27
Annual,Total,"Annual average index, 2015=100",Estonia,2020,132.79
Annual,Total,"Annual average index, 2015=100",Estonia,2021,152.78
Annual,Total,"Annual average index, 2015=100",Estonia,2022,186.76
Annual,Total,"Annual average index, 2015=100",Estonia,2023,197.72
Annual,Total,"Annual average index, 2015=100",Estonia,2024,209.79
Annual,Total,"Annual average index, 2015=100",Estonia,2025,220.72
Annual,Total,"Annual average index, 2015=100",Ireland,2005,131.89
Annual,Total,"Annual average index, 2015=100",Ireland,2006,151.5
Annual,Total,"Annual average index, 2015=100",Ireland,2007,162.81
Annual,Total,"Annual average index, 2015=100",Ireland,2008,151.51
Annual,Total,"Annual average index, 2015=100",Ireland,2009,122.49
Annual,Total,"Annual average index, 2015=100",Ireland,2010,105.96
Annual,Total,"Annual average index, 2015=100",Ireland,2011,87.86
Annual,Total,"Annual average index, 2015=100",Ireland,2012,76.04
Annual,Total,"Annual average index, 2015=100",Ireland,2013,76.99
Annual,Total,"Annual average index, 2015=100",Ireland,2014,89.72
Annual,Total,"Annual average index, 2015=100",Ireland,2015,100.0
Annual,Total,"Annual average index, 2015=100",Ireland,2016,107.46
Annual,Total,"Annual average index, 2015=100",Ireland,2017,119.14
Annual,Total,"Annual average index, 2015=100",Ireland,2018,131.33
Annual,Total,"Annual average index, 2015=100",Ireland,2019,134.41
Annual,Total,"Annual average index, 2015=100",Ireland,2020,134.82
Annual,Total,"Annual average index, 2015=100",Ireland,2021,145.98
Annual,Total,"Annual average index, 2015=100",Ireland,2022,163.96
Annual,Total,"Annual average index, 2015=100",Ireland,2023,168.99
Annual,Total,"Annual average index, 2015=100",Ireland,2024,183.38
Annual,Total,"Annual average index, 2015=100",Ireland,2025,197.21
Annual,Total,"Annual average index, 2015=100",Spain,2006,135.5
Annual,Total,"Annual average index, 2015=100",Spain,2007,148.79
Annual,Total,"Annual average index, 2015=100",Spain,2008,146.66
Annual,Total,"Annual average index, 2015=100",Spain,2009,136.97
Annual,Total,"Annual average index, 2015=100",Spain,2010,134.55
Annual,Total,"Annual average index, 2015=100",Spain,2011,124.27
Annual,Total,"Annual average index, 2015=100",Spain,2012,105.9
Annual,Total,"Annual average index, 2015=100",Spain,2013,96.24
Annual,Total,"Annual average index, 2015=100",Spain,2014,96.54
Annual,Total,"Annual average index, 2015=100",Spain,2015,100.0
Annual,Total,"Annual average index, 2015=100",Spain,2016,104.62
Annual,Total,"Annual average index, 2015=100",Spain,2017,111.1
Annual,Total,"Annual average index, 2015=100",Spain,2018,118.58
Annual,Total,"Annual average index, 2015=100",Spain,2019,124.71
Annual,Total,"Annual average index, 2015=100",Spain,2020,127.5
Annual,Total,"Annual average index, 2015=100",Spain,2021,132.19
Annual,Total,"Annual average index, 2015=100",Spain,2022,141.98
Annual,Total,"Annual average index, 2015=100",Spain,2023,147.69
Annual,Total,"Annual average index, 2015=100",Spain,2024,160.25
Annual,Total,"Annual average index, 2015=100",Spain,2025,180.6
Annual,Total,"Annual average index, 2015=100",France,2005,84.72
Annual,Total,"Annual average index, 2015=100",France,2006,94.51
Annual,Total,"Annual average index, 2015=100",France,2007,100.57
Annual,Total,"Annual average index, 2015=100",France,2008,101.52
Annual,Total,"Annual average index, 2015=100",France,2009,95.32
Annual,Total,"Annual average index, 2015=100",France,2010,99.74
Annual,Total,"Annual average index, 2015=100",France,2011,105.46
Annual,Total,"Annual average index, 2015=100",France,2012,104.88
Annual,Total,"Annual average index, 2015=100",France,2013,102.93
Annual,Total,"Annual average index, 2015=100",France,2014,101.36
Annual,Total,"Annual average index, 2015=100",France,2015,100.0
Annual,Total,"Annual average index, 2015=100",France,2016,101.04
Annual,Total,"Annual average index, 2015=100",France,2017,104.24
Annual,Total,"Annual average index, 2015=100",France,2018,107.29
Annual,Total,"Annual average index, 2015=100",France,2019,110.86
Annual,Total,"Annual average index, 2015=100",France,2020,116.62
Annual,Total,"Annual average index, 2015=100",France,2021,123.98
Annual,Total,"Annual average index, 2015=100",France,2022,131.82
Annual,Total,"Annual average index, 2015=100",France,2023,131.26
Annual,Total,"Annual average index, 2015=100",France,2024,126.39
Annual,Total,"Annual average index, 2015=100",France,2025,127.28
Annual,Total,"Annual average index, 2015=100",Croatia,2008,124.14
Annual,Total,"Annual average index, 2015=100",Croatia,2009,117.93
Annual,Total,"Annual average index, 2015=100",Croatia,2010,110.47
Annual,Total,"Annual average index, 2015=100",Croatia,2011,110.66
Annual,Total,"Annual average index, 2015=100",Croatia,2012,108.93
Annual,Total,"Annual average index, 2015=100",Croatia,2013,104.63
Annual,Total,"Annual average index, 2015=100",Croatia,2014,102.98
Annual,Total,"Annual average index, 2015=100",Croatia,2015,100.0
Annual,Total,"Annual average index, 2015=100",Croatia,2016,100.89
Annual,Total,"Annual average index, 2015=100",Croatia,2017,104.75
Annual,Total,"Annual average index, 2015=100",Croatia,2018,111.14
Annual,Total,"Annual average index, 2015=100",Croatia,2019,121.1
Annual,Total,"Annual average index, 2015=100",Croatia,2020,130.38
Annual,Total,"Annual average index, 2015=100",Croatia,2021,139.91
Annual,Total,"Annual average index, 2015=100",Croatia,2022,160.69
Annual,Total,"Annual average index, 2015=100",Croatia,2023,179.88
Annual,Total,"Annual average index, 2015=100",Croatia,2024,198.54
Annual,Total,"Annual average index, 2015=100",Croatia,2025,226.46
Annual,Total,"Annual average index, 2015=100",Italy,2010,118.1
Annual,Total,"Annual average index, 2015=100",Italy,2011,119.7
Annual,Total,"Annual average index, 2015=100",Italy,2012,116.7
Annual,Total,"Annual average index, 2015=100",Italy,2013,109.1
Annual,Total,"Annual average index, 2015=100",Italy,2014,104.0
Annual,Total,"Annual average index, 2015=100",Italy,2015,100.0
Annual,Total,"Annual average index, 2015=100",Italy,2016,100.3
Annual,Total,"Annual average index, 2015=100",Italy,2017,99.2
Annual,Total,"Annual average index, 2015=100",Italy,2018,98.6
Annual,Total,"Annual average index, 2015=100",Italy,2019,98.5
Annual,Total,"Annual average index, 2015=100",Italy,2020,100.4
Annual,Total,"Annual average index, 2015=100",Italy,2021,103.0
Annual,Total,"Annual average index, 2015=100",Italy,2022,106.9
Annual,Total,"Annual average index, 2015=100",Italy,2023,108.3
Annual,Total,"Annual average index, 2015=100",Italy,2024,111.7
Annual,Total,"Annual average index, 2015=100",Italy,2025,116.2
Annual,Total,"Annual average index, 2015=100",Cyprus,2005,97.06
Annual,Total,"Annual average index, 2015=100",Cyprus,2006,108.57
Annual,Total,"Annual average index, 2015=100",Cyprus,2007,121.32
Annual,Total,"Annual average index, 2015=100",Cyprus,2008,128.17
Annual,Total,"Annual average index, 2015=100",Cyprus,2009,119.76
Annual,Total,"Annual average index, 2015=100",Cyprus,2010,112.9
Annual,Total,"Annual average index, 2015=100",Cyprus,2011,111.09
Annual,Total,"Annual average index, 2015=100",Cyprus,2012,107.7
Annual,Total,"Annual average index, 2015=100",Cyprus,2013,103.29
Annual,Total,"Annual average index, 2015=100",Cyprus,2014,101.47
Annual,Total,"Annual average index, 2015=100",Cyprus,2015,100.0
Annual,Total,"Annual average index, 2015=100",Cyprus,2016,99.82
Annual,Total,"Annual average index, 2015=100",Cyprus,2017,104.48
Annual,Total,"Annual average index, 2015=100",Cyprus,2018,103.08
Annual,Total,"Annual average index, 2015=100",Cyprus,2019,111.7
Annual,Total,"Annual average index, 2015=100",Cyprus,2020,117.49
Annual,Total,"Annual average index, 2015=100",Cyprus,2021,115.7
Annual,Total,"Annual average index, 2015=100",Cyprus,2022,123.22
Annual,Total,"Annual average index, 2015=100",Cyprus,2023,134.6
Annual,Total,"Annual average index, 2015=100",Cyprus,2024,144.46
Annual,Total,"Annual average index, 2015=100",Cyprus,2025,150.89
Annual,Total,"Annual average index, 2015=100",Latvia,2006,104.48
Annual,Total,"Annual average index, 2015=100",Latvia,2007,142.37
Annual,Total,"Annual average index, 2015=100",Latvia,2008,143.94
Annual,Total,"Annual average index, 2015=100",Latvia,2009,90.24
Annual,Total,"Annual average index, 2015=100",Latvia,2010,80.35
Annual,Total,"Annual average index, 2015=100",Latvia,2011,88.73
Annual,Total,"Annual average index, 2015=100",Latvia,2012,91.36
Annual,Total,"Annual average index, 2015=100",Latvia,2013,97.62
Annual,Total,"Annual average index, 2015=100",Latvia,2014,103.48
Annual,Total,"Annual average index, 2015=100",Latvia,2015,100.0
Annual,Total,"Annual average index, 2015=100",Latvia,2016,108.49
Annual,Total,"Annual average index, 2015=100",Latvia,2017,118.01
Annual,Total,"Annual average index, 2015=100",Latvia,2018,129.3
Annual,Total,"Annual average index, 2015=100",Latvia,2019,140.88
Annual,Total,"Annual average index, 2015=100",Latvia,2020,145.77
Annual,Total,"Annual average index, 2015=100",Latvia,2021,161.65
Annual,Total,"Annual average index, 2015=100",Latvia,2022,184.01
Annual,Total,"Annual average index, 2015=100",Latvia,2023,190.89
Annual,Total,"Annual average index, 2015=100",Latvia,2024,198.9
Annual,Total,"Annual average index, 2015=100",Latvia,2025,214.28
Annual,Total,"Annual average index, 2015=100",Lithuania,2006,94.25
Annual,Total,"Annual average index, 2015=100",Lithuania,2007,119.06
Annual,Total,"Annual average index, 2015=100",Lithuania,2008,129.76
Annual,Total,"Annual average index, 2015=100",Lithuania,2009,90.92
Annual,Total,"Annual average index, 2015=100",Lithuania,2010,84.2
Annual,Total,"Annual average index, 2015=100",Lithuania,2011,89.77
Annual,Total,"Annual average index, 2015=100",Lithuania,2012,89.56
Annual,Total,"Annual average index, 2015=100",Lithuania,2013,90.65
Annual,Total,"Annual average index, 2015=100",Lithuania,2014,96.47
Annual,Total,"Annual average index, 2015=100",Lithuania,2015,100.0
Annual,Total,"Annual average index, 2015=100",Lithuania,2016,105.4
Annual,Total,"Annual average index, 2015=100",Lithuania,2017,114.8
Annual,Total,"Annual average index, 2015=100",Lithuania,2018,123.18
Annual,Total,"Annual average index, 2015=100",Lithuania,2019,131.61
Annual,Total,"Annual average index, 2015=100",Lithuania,2020,141.18
Annual,Total,"Annual average index, 2015=100",Lithuania,2021,163.84
Annual,Total,"Annual average index, 2015=100",Lithuania,2022,195.05
Annual,Total,"Annual average index, 2015=100",Lithuania,2023,214.2
Annual,Total,"Annual average index, 2015=100",Lithuania,2024,235.02
Annual,Total,"Annual average index, 2015=100",Lithuania,2025,258.11
Annual,Total,"Annual average index, 2015=100",Luxembourg,2007,74.42
Annual,Total,"Annual average index, 2015=100",Luxembourg,2008,76.91
Annual,Total,"Annual average index, 2015=100",Luxembourg,2009,76.02
Annual,Total,"Annual average index, 2015=100",Luxembourg,2010,80.14
Annual,Total,"Annual average index, 2015=100",Luxembourg,2011,83.09
Annual,Total,"Annual average index, 2015=100",Luxembourg,2012,86.58
Annual,Total,"Annual average index, 2015=100",Luxembourg,2013,90.89
Annual,Total,"Annual average index, 2015=100",Luxembourg,2014,94.88
Annual,Total,"Annual average index, 2015=100",Luxembourg,2015,100.0
Annual,Total,"Annual average index, 2015=100",Luxembourg,2016,106.01
Annual,Total,"Annual average index, 2015=100",Luxembourg,2017,111.96
Annual,Total,"Annual average index, 2015=100",Luxembourg,2018,119.86
Annual,Total,"Annual average index, 2015=100",Luxembourg,2019,131.99
Annual,Total,"Annual average index, 2015=100",Luxembourg,2020,151.12
Annual,Total,"Annual average index, 2015=100",Luxembourg,2021,172.15
Annual,Total,"Annual average index, 2015=100",Luxembourg,2022,188.6
Annual,Total,"Annual average index, 2015=100",Luxembourg,2023,171.48
Annual,Total,"Annual average index, 2015=100",Luxembourg,2024,162.5
Annual,Total,"Annual average index, 2015=100",Luxembourg,2025,165.11
Annual,Total,"Annual average index, 2015=100",Hungary,2007,98.91
Annual,Total,"Annual average index, 2015=100",Hungary,2008,101.26
Annual,Total,"Annual average index, 2015=100",Hungary,2009,95.95
Annual,Total,"Annual average index, 2015=100",Hungary,2010,93.66
Annual,Total,"Annual average index, 2015=100",Hungary,2011,90.45
Annual,Total,"Annual average index, 2015=100",Hungary,2012,87.1
Annual,Total,"Annual average index, 2015=100",Hungary,2013,84.87
Annual,Total,"Annual average index, 2015=100",Hungary,2014,88.43
Annual,Total,"Annual average index, 2015=100",Hungary,2015,100.0
Annual,Total,"Annual average index, 2015=100",Hungary,2016,113.38
Annual,Total,"Annual average index, 2015=100",Hungary,2017,127.24
Annual,Total,"Annual average index, 2015=100",Hungary,2018,145.5
Annual,Total,"Annual average index, 2015=100",Hungary,2019,170.17
Annual,Total,"Annual average index, 2015=100",Hungary,2020,178.58
Annual,Total,"Annual average index, 2015=100",Hungary,2021,208.04
Annual,Total,"Annual average index, 2015=100",Hungary,2022,254.52
Annual,Total,"Annual average index, 2015=100",Hungary,2023,272.54
Annual,Total,"Annual average index, 2015=100",Hungary,2024,309.86
Annual,Total,"Annual average index, 2015=100",Hungary,2025,366.61
Annual,Total,"Annual average index, 2015=100",Malta,2005,58.43
Annual,Total,"Annual average index, 2015=100",Malta,2006,70.04
Annual,Total,"Annual average index, 2015=100",Malta,2007,84.75
Annual,Total,"Annual average index, 2015=100",Malta,2008,94.14
Annual,Total,"Annual average index, 2015=100",Malta,2009,90.07
Annual,Total,"Annual average index, 2015=100",Malta,2010,91.04
Annual,Total,"Annual average index, 2015=100",Malta,2011,89.8
Annual,Total,"Annual average index, 2015=100",Malta,2012,92.54
Annual,Total,"Annual average index, 2015=100",Malta,2013,92.16
Annual,Total,"Annual average index, 2015=100",Malta,2014,94.51
Annual,Total,"Annual average index, 2015=100",Malta,2015,100.0
Annual,Total,"Annual average index, 2015=100",Malta,2016,105.45
Annual,Total,"Annual average index, 2015=100",Malta,2017,111.03
Annual,Total,"Annual average index, 2015=100",Malta,2018,117.45
Annual,Total,"Annual average index, 2015=100",Malta,2019,124.65
Annual,Total,"Annual average index, 2015=100",Malta,2020,128.86
Annual,Total,"Annual average index, 2015=100",Malta,2021,135.44
Annual,Total,"Annual average index, 2015=100",Malta,2022,144.45
Annual,Total,"Annual average index, 2015=100",Malta,2023,153.42
Annual,Total,"Annual average index, 2015=100",Malta,2024,163.77
Annual,Total,"Annual average index, 2015=100",Malta,2025,173.46
Annual,Total,"Annual average index, 2015=100",Netherlands,2005,106.3
Annual,Total,"Annual average index, 2015=100",Netherlands,2006,110.82
Annual,Total,"Annual average index, 2015=100",Netherlands,2007,116.18
Annual,Total,"Annual average index, 2015=100",Netherlands,2008,118.74
Annual,Total,"Annual average index, 2015=100",Netherlands,2009,113.46
Annual,Total,"Annual average index, 2015=100",Netherlands,2010,111.48
Annual,Total,"Annual average index, 2015=100",Netherlands,2011,109.27
Annual,Total,"Annual average index, 2015=100",Netherlands,2012,101.96
Annual,Total,"Annual average index, 2015=100",Netherlands,2013,95.81
Annual,Total,"Annual average index, 2015=100",Netherlands,2014,96.61
Annual,Total,"Annual average index, 2015=100",Netherlands,2015,100.0
Annual,Total,"Annual average index, 2015=100",Netherlands,2016,105.29
Annual,Total,"Annual average index, 2015=100",Netherlands,2017,113.81
Annual,Total,"Annual average index, 2015=100",Netherlands,2018,124.4
Annual,Total,"Annual average index, 2015=100",Netherlands,2019,133.38
Annual,Total,"Annual average index, 2015=100",Netherlands,2020,144.07
Annual,Total,"Annual average index, 2015=100",Netherlands,2021,164.94
Annual,Total,"Annual average index, 2015=100",Netherlands,2022,186.84
Annual,Total,"Annual average index, 2015=100",Netherlands,2023,183.26
Annual,Total,"Annual average index, 2015=100",Netherlands,2024,198.24
Annual,Total,"Annual average index, 2015=100",Netherlands,2025,215.06
Annual,Total,"Annual average index, 2015=100",Austria,2010,77.32
Annual,Total,"Annual average index, 2015=100",Austria,2011,81.47
Annual,Total,"Annual average index, 2015=100",Austria,2012,86.86
Annual,Total,"Annual average index, 2015=100",Austria,2013,91.2
Annual,Total,"Annual average index, 2015=100",Austria,2014,94.68
Annual,Total,"Annual average index, 2015=100",Austria,2015,100.0
Annual,Total,"Annual average index, 2015=100",Austria,2016,106.71
Annual,Total,"Annual average index, 2015=100",Austria,2017,112.14
Annual,Total,"Annual average index, 2015=100",Austria,2018,118.83
Annual,Total,"Annual average index, 2015=100",Austria,2019,125.97
Annual,Total,"Annual average index, 2015=100",Austria,2020,135.52
Annual,Total,"Annual average index, 2015=100",Austria,2021,151.02
Annual,Total,"Annual average index, 2015=100",Austria,2022,168.49
Annual,Total,"Annual average index, 2015=100",Austria,2023,163.68
Annual,Total,"Annual average index, 2015=100",Austria,2024,163.06
Annual,Total,"Annual average index, 2015=100",Austria,2025,167.33
Annual,Total,"Annual average index, 2015=100",Poland,2010,105.61
Annual,Total,"Annual average index, 2015=100",Poland,2011,105.7
Annual,Total,"Annual average index, 2015=100",Poland,2012,102.01
Annual,Total,"Annual average index, 2015=100",Poland,2013,97.54
Annual,Total,"Annual average index, 2015=100",Poland,2014,98.5
Annual,Total,"Annual average index, 2015=100",Poland,2015,100.0
Annual,Total,"Annual average index, 2015=100",Poland,2016,101.86
Annual,Total,"Annual average index, 2015=100",Poland,2017,105.78
Annual,Total,"Annual average index, 2015=100",Poland,2018,112.74
Annual,Total,"Annual average index, 2015=100",Poland,2019,122.52
Annual,Total,"Annual average index, 2015=100",Poland,2020,135.36
Annual,Total,"Annual average index, 2015=100",Poland,2021,147.77
Annual,Total,"Annual average index, 2015=100",Poland,2022,165.21
Annual,Total,"Annual average index, 2015=100",Poland,2023,179.78
Annual,Total,"Annual average index, 2015=100",Poland,2024,206.7
Annual,Total,"Annual average index, 2015=100",Poland,2025,216.81
Annual,Total,"Annual average index, 2015=100",Portugal,2008,107.53
Annual,Total,"Annual average index, 2015=100",Portugal,2009,106.54
Annual,Total,"Annual average index, 2015=100",Portugal,2010,107.36
Annual,Total,"Annual average index, 2015=100",Portugal,2011,102.09
Annual,Total,"Annual average index, 2015=100",Portugal,2012,94.87
Annual,Total,"Annual average index, 2015=100",Portugal,2013,93.09
Annual,Total,"Annual average index, 2015=100",Portugal,2014,97.04
Annual,Total,"Annual average index, 2015=100",Portugal,2015,100.0
Annual,Total,"Annual average index, 2015=100",Portugal,2016,107.12
Annual,Total,"Annual average index, 2015=100",Portugal,2017,117.02
Annual,Total,"Annual average index, 2015=100",Portugal,2018,129.03
Annual,Total,"Annual average index, 2015=100",Portugal,2019,141.88
Annual,Total,"Annual average index, 2015=100",Portugal,2020,154.33
Annual,Total,"Annual average index, 2015=100",Portugal,2021,168.84
Annual,Total,"Annual average index, 2015=100",Portugal,2022,190.17
Annual,Total,"Annual average index, 2015=100",Portugal,2023,205.76
Annual,Total,"Annual average index, 2015=100",Portugal,2024,224.44
Annual,Total,"Annual average index, 2015=100",Portugal,2025,263.85
Annual,Total,"Annual average index, 2015=100",Romania,2009,129.28
Annual,Total,"Annual average index, 2015=100",Romania,2010,119.54
Annual,Total,"Annual average index, 2015=100",Romania,2011,104.83
Annual,Total,"Annual average index, 2015=100",Romania,2012,99.51
Annual,Total,"Annual average index, 2015=100",Romania,2013,99.26
Annual,Total,"Annual average index, 2015=100",Romania,2014,97.22
Annual,Total,"Annual average index, 2015=100",Romania,2015,100.0
Annual,Total,"Annual average index, 2015=100",Romania,2016,105.95
Annual,Total,"Annual average index, 2015=100",Romania,2017,112.36
Annual,Total,"Annual average index, 2015=100",Romania,2018,118.62
Annual,Total,"Annual average index, 2015=100",Romania,2019,122.69
Annual,Total,"Annual average index, 2015=100",Romania,2020,128.44
Annual,Total,"Annual average index, 2015=100",Romania,2021,134.09
Annual,Total,"Annual average index, 2015=100",Romania,2022,143.7
Annual,Total,"Annual average index, 2015=100",Romania,2023,148.43
Annual,Total,"Annual average index, 2015=100",Romania,2024,155.89
Annual,Total,"Annual average index, 2015=100",Romania,2025,164.82
Annual,Total,"Annual average index, 2015=100",Slovenia,2007,120.85
Annual,Total,"Annual average index, 2015=100",Slovenia,2008,129.31
Annual,Total,"Annual average index, 2015=100",Slovenia,2009,117.06
Annual,Total,"Annual average index, 2015=100",Slovenia,2010,117.21
Annual,Total,"Annual average index, 2015=100",Slovenia,2011,120.39
Annual,Total,"Annual average index, 2015=100",Slovenia,2012,112.09
Annual,Total,"Annual average index, 2015=100",Slovenia,2013,106.21
Annual,Total,"Annual average index, 2015=100",Slovenia,2014,99.2
Annual,Total,"Annual average index, 2015=100",Slovenia,2015,100.0
Annual,Total,"Annual average index, 2015=100",Slovenia,2016,103.25
Annual,Total,"Annual average index, 2015=100",Slovenia,2017,111.79
Annual,Total,"Annual average index, 2015=100",Slovenia,2018,121.55
Annual,Total,"Annual average index, 2015=100",Slovenia,2019,129.69
Annual,Total,"Annual average index, 2015=100",Slovenia,2020,135.66
Annual,Total,"Annual average index, 2015=100",Slovenia,2021,151.32
Annual,Total,"Annual average index, 2015=100",Slovenia,2022,173.65
Annual,Total,"Annual average index, 2015=100",Slovenia,2023,186.22
Annual,Total,"Annual average index, 2015=100",Slovenia,2024,200.26
Annual,Total,"Annual average index, 2015=100",Slovenia,2025,208.89
Annual,Total,"Annual average index, 2015=100",Slovakia,2006,75.99
Annual,Total,"Annual average index, 2015=100",Slovakia,2007,98.0
Annual,Total,"Annual average index, 2015=100",Slovakia,2008,115.55
Annual,Total,"Annual average index, 2015=100",Slovakia,2009,100.82
Annual,Total,"Annual average index, 2015=100",Slovakia,2010,97.06
Annual,Total,"Annual average index, 2015=100",Slovakia,2011,95.6
Annual,Total,"Annual average index, 2015=100",Slovakia,2012,92.94
Annual,Total,"Annual average index, 2015=100",Slovakia,2013,93.69
Annual,Total,"Annual average index, 2015=100",Slovakia,2014,94.96
Annual,Total,"Annual average index, 2015=100",Slovakia,2015,100.0
Annual,Total,"Annual average index, 2015=100",Slovakia,2016,106.67
Annual,Total,"Annual average index, 2015=100",Slovakia,2017,112.91
Annual,Total,"Annual average index, 2015=100",Slovakia,2018,121.32
Annual,Total,"Annual average index, 2015=100",Slovakia,2019,132.4
Annual,Total,"Annual average index, 2015=100",Slovakia,2020,145.02
Annual,Total,"Annual average index, 2015=100",Slovakia,2021,154.27
Annual,Total,"Annual average index, 2015=100",Slovakia,2022,175.41
Annual,Total,"Annual average index, 2015=100",Slovakia,2023,175.08
Annual,Total,"Annual average index, 2015=100",Slovakia,2024,181.67
Annual,Total,"Annual average index, 2015=100",Slovakia,2025,204.22
Annual,Total,"Annual average index, 2015=100",Finland,2005,76.25
Annual,Total,"Annual average index, 2015=100",Finland,2006,81.56
Annual,Total,"Annual average index, 2015=100",Finland,2007,86.37
Annual,Total,"Annual average index, 2015=100",Finland,2008,87.06
Annual,Total,"Annual average index, 2015=100",Finland,2009,88.31
Annual,Total,"Annual average index, 2015=100",Finland,2010,93.88
Annual,Total,"Annual average index, 2015=100",Finland,2011,96.87
Annual,Total,"Annual average index, 2015=100",Finland,2012,99.21
Annual,Total,"Annual average index, 2015=100",Finland,2013,100.35
Annual,Total,"Annual average index, 2015=100",Finland,2014,100.0
Annual,Total,"Annual average index, 2015=100",Finland,2015,100.0
Annual,Total,"Annual average index, 2015=100",Finland,2016,101.29
Annual,Total,"Annual average index, 2015=100",Finland,2017,102.39
Annual,Total,"Annual average index, 2015=100",Finland,2018,103.34
Annual,Total,"Annual average index, 2015=100",Finland,2019,103.77
Annual,Total,"Annual average index, 2015=100",Finland,2020,105.6
Annual,Total,"Annual average index, 2015=100",Finland,2021,110.46
Annual,Total,"Annual average index, 2015=100",Finland,2022,111.52
Annual,Total,"Annual average index, 2015=100",Finland,2023,104.58
Annual,Total,"Annual average index, 2015=100",Finland,2024,101.35
Annual,Total,"Annual average index, 2015=100",Finland,2025,98.86
Annual,Total,"Annual average index, 2015=100",Sweden,2005,52.04
Annual,Total,"Annual average index, 2015=100",Sweden,2006,58.46
Annual,Total,"Annual average index, 2015=100",Sweden,2007,65.74
Annual,Total,"Annual average index, 2015=100",Sweden,2008,66.47
Annual,Total,"Annual average index, 2015=100",Sweden,2009,68.57
Annual,Total,"Annual average index, 2015=100",Sweden,2010,73.97
Annual,Total,"Annual average index, 2015=100",Sweden,2011,75.87
Annual,Total,"Annual average index, 2015=100",Sweden,2012,76.83
Annual,Total,"Annual average index, 2015=100",Sweden,2013,80.79
Annual,Total,"Annual average index, 2015=100",Sweden,2014,88.4
Annual,Total,"Annual average index, 2015=100",Sweden,2015,100.0
Annual,Total,"Annual average index, 2015=100",Sweden,2016,108.24
Annual,Total,"Annual average index, 2015=100",Sweden,2017,115.43
Annual,Total,"Annual average index, 2015=100",Sweden,2018,114.35
Annual,Total,"Annual average index, 2015=100",Sweden,2019,117.19
Annual,Total,"Annual average index, 2015=100",Sweden,2020,122.11
Annual,Total,"Annual average index, 2015=100",Sweden,2021,134.46
Annual,Total,"Annual average index, 2015=100",Sweden,2022,139.25
Annual,Total,"Annual average index, 2015=100",Sweden,2023,132.05
Annual,Total,"Annual average index, 2015=100",Sweden,2024,132.03
Annual,Total,"Annual average index, 2015=100",Sweden,2025,133.41
Annual,Total,"Annual average index, 2015=100",Iceland,2005,60.6
Annual,Total,"Annual average index, 2015=100",Iceland,2006,70.79
Annual,Total,"Annual average index, 2015=100",Iceland,2007,77.44
Annual,Total,"Annual average index, 2015=100",Iceland,2008,82.26
Annual,Total,"Annual average index, 2015=100",Iceland,2009,74.28
Annual,Total,"Annual average index, 2015=100",Iceland,2010,72.02
Annual,Total,"Annual average index, 2015=100",Iceland,2011,75.36
Annual,Total,"Annual average index, 2015=100",Iceland,2012,80.57
Annual,Total,"Annual average index, 2015=100",Iceland,2013,85.21
Annual,Total,"Annual average index, 2015=100",Iceland,2014,92.39
Annual,Total,"Annual average index, 2015=100",Iceland,2015,100.0
Annual,Total,"Annual average index, 2015=100",Iceland,2016,109.77
Annual,Total,"Annual average index, 2015=100",Iceland,2017,131.2
Annual,Total,"Annual average index, 2015=100",Iceland,2018,142.01
Annual,Total,"Annual average index, 2015=100",Iceland,2019,148.29
Annual,Total,"Annual average index, 2015=100",Iceland,2020,157.79
Annual,Total,"Annual average index, 2015=100",Iceland,2021,177.57
Annual,Total,"Annual average index, 2015=100",Iceland,2022,214.84
Annual,Total,"Annual average index, 2015=100",Iceland,2023,231.57
Annual,Total,"Annual average index, 2015=100",Iceland,2024,250.22
Annual,Total,"Annual average index, 2015=100",Iceland,2025,263.1
Annual,Total,"Annual average index, 2015=100",Norway,2005,54.24
Annual,Total,"Annual average index, 2015=100",Norway,2006,61.66
Annual,Total,"Annual average index, 2015=100",Norway,2007,69.43
Annual,Total,"Annual average index, 2015=100",Norway,2008,68.69
Annual,Total,"Annual average index, 2015=100",Norway,2009,69.99
Annual,Total,"Annual average index, 2015=100",Norway,2010,75.77
Annual,Total,"Annual average index, 2015=100",Norway,2011,81.95
Annual,Total,"Annual average index, 2015=100",Norway,2012,87.48
Annual,Total,"Annual average index, 2015=100",Norway,2013,91.24
Annual,Total,"Annual average index, 2015=100",Norway,2014,93.74
Annual,Total,"Annual average index, 2015=100",Norway,2015,100.0
Annual,Total,"Annual average index, 2015=100",Norway,2016,107.88
Annual,Total,"Annual average index, 2015=100",Norway,2017,113.75
Annual,Total,"Annual average index, 2015=100",Norway,2018,115.53
Annual,Total,"Annual average index, 2015=100",Norway,2019,120.18
Annual,Total,"Annual average index, 2015=100",Norway,2020,126.11
Annual,Total,"Annual average index, 2015=100",Norway,2021,137.66
Annual,Total,"Annual average index, 2015=100",Norway,2022,145.71
Annual,Total,"Annual average index, 2015=100",Norway,2023,147.63
Annual,Total,"Annual average index, 2015=100",Norway,2024,152.91
Annual,Total,"Annual average index, 2015=100",Norway,2025,161.66
Annual,Total,"Annual average index, 2015=100",United Kingdom,2005,78.96
Annual,Total,"Annual average index, 2015=100",United Kingdom,2006,85.1
Annual,Total,"Annual average index, 2015=100",United Kingdom,2007,93.54
Annual,Total,"Annual average index, 2015=100",United Kingdom,2008,89.41
Annual,Total,"Annual average index, 2015=100",United Kingdom,2009,81.44
Annual,Total,"Annual average index, 2015=100",United Kingdom,2010,86.15
Annual,Total,"Annual average index, 2015=100",United Kingdom,2011,84.88
Annual,Total,"Annual average index, 2015=100",United Kingdom,2012,85.2
Annual,Total,"Annual average index, 2015=100",United Kingdom,2013,87.39
Annual,Total,"Annual average index, 2015=100",United Kingdom,2014,94.4
Annual,Total,"Annual average index, 2015=100",United Kingdom,2015,100.0
Annual,Total,"Annual average index, 2015=100",United Kingdom,2016,106.99
Annual,Total,"Annual average index, 2015=100",United Kingdom,2017,111.86
Annual,Total,"Annual average index, 2015=100",United Kingdom,2018,115.53
Annual,Total,"Annual average index, 2015=100",United Kingdom,2019,116.67
Annual,Total,"Annual average index, 2015=100",Türkiye,2010,57.12
Annual,Total,"Annual average index, 2015=100",Türkiye,2011,62.15
Annual,Total,"Annual average index, 2015=100",Türkiye,2012,68.93
Annual,Total,"Annual average index, 2015=100",Türkiye,2013,76.8
Annual,Total,"Annual average index, 2015=100",Türkiye,2014,86.39
Annual,Total,"Annual average index, 2015=100",Türkiye,2015,100.0
Annual,Total,"Annual average index, 2015=100",Türkiye,2016,112.78
Annual,Total,"Annual average index, 2015=100",Türkiye,2017,124.98
Annual,Total,"Annual average index, 2015=100",Türkiye,2018,134.77
Annual,Total,"Annual average index, 2015=100",Türkiye,2019,141.25
Annual,Total,"Annual average index, 2015=100",Türkiye,2020,174.84
Annual,Total,"Annual average index, 2015=100",Türkiye,2021,240.48
Annual,Total,"Annual average index, 2015=100",Türkiye,2022,611.4
Annual,Total,"Annual average index, 2015=100",Türkiye,2023,1216.29
Annual,Total,"Annual average index, 2015=100",Türkiye,2024,1721.53
Annual,Total,Annual average rate of change,Belgium,2006,9.8
Annual,Total,Annual average rate of change,Belgium,2007,7.8
Annual,Total,Annual average rate of change,Belgium,2008,4.3
Annual,Total,Annual average rate of change,Belgium,2009,-0.4
Annual,Total,Annual average rate of change,Belgium,2010,2.3
Annual,Total,Annual average rate of change,Belgium,2011,3.6
Annual,Total,Annual average rate of change,Belgium,2012,2.4
Annual,Total,Annual average rate of change,Belgium,2013,1.5
Annual,Total,Annual average rate of change,Belgium,2014,-0.3
Annual,Total,Annual average rate of change,Belgium,2015,1.8
Annual,Total,Annual average rate of change,Belgium,2016,2.3
Annual,Total,Annual average rate of change,Belgium,2017,3.5
Annual,Total,Annual average rate of change,Belgium,2018,3.0
Annual,Total,Annual average rate of change,Belgium,2019,3.7
Annual,Total,Annual average rate of change,Belgium,2020,4.3
Annual,Total,Annual average rate of change,Belgium,2021,6.7
Annual,Total,Annual average rate of change,Belgium,2022,5.5
Annual,Total,Annual average rate of change,Belgium,2023,2.3
Annual,Total,Annual average rate of change,Belgium,2024,3.2
Annual,Total,Annual average rate of change,Belgium,2025,3.2
Annual,Total,Annual average rate of change,Bulgaria,2006,14.7
Annual,Total,Annual average rate of change,Bulgaria,2007,28.9
Annual,Total,Annual average rate of change,Bulgaria,2008,25.0
Annual,Total,Annual average rate of change,Bulgaria,2009,-20.4
Annual,Total,Annual average rate of change,Bulgaria,2010,-10.2
Annual,Total,Annual average rate of change,Bulgaria,2011,-5.5
Annual,Total,Annual average rate of change,Bulgaria,2012,-1.9
Annual,Total,Annual average rate of change,Bulgaria,2013,-2.2
Annual,Total,Annual average rate of change,Bulgaria,2014,1.4
Annual,Total,Annual average rate of change,Bulgaria,2015,2.8
Annual,Total,Annual average rate of change,Bulgaria,2016,7.0
Annual,Total,Annual average rate of change,Bulgaria,2017,8.7
Annual,Total,Annual average rate of change,Bulgaria,2018,6.6
Annual,Total,Annual average rate of change,Bulgaria,2019,6.0
Annual,Total,Annual average rate of change,Bulgaria,2020,4.6
Annual,Total,Annual average rate of change,Bulgaria,2021,8.7
Annual,Total,Annual average rate of change,Bulgaria,2022,13.8
Annual,Total,Annual average rate of change,Bulgaria,2023,9.9
Annual,Total,Annual average rate of change,Bulgaria,2024,16.5
Annual,Total,Annual average rate of change,Bulgaria,2025,14.6
Annual,Total,Annual average rate of change,Czechia,2009,-3.8
Annual,Total,Annual average rate of change,Czechia,2010,-1.8
Annual,Total,Annual average rate of change,Czechia,2011,0.0
Annual,Total,Annual average rate of change,Czechia,2012,-1.5
Annual,Total,Annual average rate of change,Czechia,2013,0.0
Annual,Total,Annual average rate of change,Czechia,2014,2.5
Annual,Total,Annual average rate of change,Czechia,2015,4.0
Annual,Total,Annual average rate of change,Czechia,2016,7.2
Annual,Total,Annual average rate of change,Czechia,2017,11.7
Annual,Total,Annual average rate of change,Czechia,2018,8.6
Annual,Total,Annual average rate of change,Czechia,2019,9.2
Annual,Total,Annual average rate of change,Czechia,2020,8.4
Annual,Total,Annual average rate of change,Czechia,2021,19.7
Annual,Total,Annual average rate of change,Czechia,2022,16.9
Annual,Total,Annual average rate of change,Czechia,2023,-1.7
Annual,Total,Annual average rate of change,Czechia,2024,5.0
Annual,Total,Annual average rate of change,Czechia,2025,10.4
Annual,Total,Annual average rate of change,Denmark,2006,24.1
Annual,Total,Annual average rate of change,Denmark,2007,2.7
Annual,Total,Annual average rate of change,Denmark,2008,-5.2
Annual,Total,Annual average rate of change,Denmark,2009,-12.0
Annual,Total,Annual average rate of change,Denmark,2010,2.8
Annual,Total,Annual average rate of change,Denmark,2011,-1.7
Annual,Total,Annual average rate of change,Denmark,2012,-2.7
Annual,Total,Annual average rate of change,Denmark,2013,3.9
Annual,Total,Annual average rate of change,Denmark,2014,3.8
Annual,Total,Annual average rate of change,Denmark,2015,7.0
Annual,Total,Annual average rate of change,Denmark,2016,4.6
Annual,Total,Annual average rate of change,Denmark,2017,5.0
Annual,Total,Annual average rate of change,Denmark,2018,4.4
Annual,Total,Annual average rate of change,Denmark,2019,2.2
Annual,Total,Annual average rate of change,Denmark,2020,4.3
Annual,Total,Annual average rate of change,Denmark,2021,11.5
Annual,Total,Annual average rate of change,Denmark,2022,4.7
Annual,Total,Annual average rate of change,Denmark,2023,-3.8
Annual,Total,Annual average rate of change,Denmark,2024,3.5
Annual,Total,Annual average rate of change,Denmark,2025,7.5
Annual,Total,Annual average rate of change,Germany,2006,-0.4
Annual,Total,Annual average rate of change,Germany,2007,-2.1
Annual,Total,Annual average rate of change,Germany,2008,1.4
Annual,Total,Annual average rate of change,Germany,2009,0.8
Annual,Total,Annual average rate of change,Germany,2010,1.0
Annual,Total,Annual average rate of change,Germany,2011,3.5
Annual,Total,Annual average rate of change,Germany,2012,3.4
Annual,Total,Annual average rate of change,Germany,2013,3.1
Annual,Total,Annual average rate of change,Germany,2014,3.1
Annual,Total,Annual average rate of change,Germany,2015,4.7
Annual,Total,Annual average rate of change,Germany,2016,7.5
Annual,Total,Annual average rate of change,Germany,2017,6.1
Annual,Total,Annual average rate of change,Germany,2018,6.6
Annual,Total,Annual average rate of change,Germany,2019,5.8
Annual,Total,Annual average rate of change,Germany,2020,7.8
Annual,Total,Annual average rate of change,Germany,2021,11.6
Annual,Total,Annual average rate of change,Germany,2022,6.1
Annual,Total,Annual average rate of change,Germany,2023,-8.4
Annual,Total,Annual average rate of change,Germany,2024,-1.5
Annual,Total,Annual average rate of change,Germany,2025,3.2
Annual,Total,Annual average rate of change,Estonia,2006,49.5
Annual,Total,Annual average rate of change,Estonia,2007,20.8
Annual,Total,Annual average rate of change,Estonia,2008,-9.6
Annual,Total,Annual average rate of change,Estonia,2009,-37.2
Annual,Total,Annual average rate of change,Estonia,2010,5.7
Annual,Total,Annual average rate of change,Estonia,2011,8.5
Annual,Total,Annual average rate of change,Estonia,2012,7.3
Annual,Total,Annual average rate of change,Estonia,2013,10.7
Annual,Total,Annual average rate of change,Estonia,2014,13.7
Annual,Total,Annual average rate of change,Estonia,2015,6.9
Annual,Total,Annual average rate of change,Estonia,2016,4.7
Annual,Total,Annual average rate of change,Estonia,2017,5.5
Annual,Total,Annual average rate of change,Estonia,2018,5.9
Annual,Total,Annual average rate of change,Estonia,2019,7.0
Annual,Total,Annual average rate of change,Estonia,2020,6.0
Annual,Total,Annual average rate of change,Estonia,2021,15.0
Annual,Total,Annual average rate of change,Estonia,2022,22.2
Annual,Total,Annual average rate of change,Estonia,2023,5.9
Annual,Total,Annual average rate of change,Estonia,2024,6.1
Annual,Total,Annual average rate of change,Estonia,2025,5.2
Annual,Total,Annual average rate of change,Ireland,2006,14.9
Annual,Total,Annual average rate of change,Ireland,2007,7.5
Annual,Total,Annual average rate of change,Ireland,2008,-6.9
Annual,Total,Annual average rate of change,Ireland,2009,-19.2
Annual,Total,Annual average rate of change,Ireland,2010,-13.5
Annual,Total,Annual average rate of change,Ireland,2011,-17.1
Annual,Total,Annual average rate of change,Ireland,2012,-13.5
Annual,Total,Annual average rate of change,Ireland,2013,1.2
Annual,Total,Annual average rate of change,Ireland,2014,16.5
Annual,Total,Annual average rate of change,Ireland,2015,11.5
Annual,Total,Annual average rate of change,Ireland,2016,7.5
Annual,Total,Annual average rate of change,Ireland,2017,10.9
Annual,Total,Annual average rate of change,Ireland,2018,10.2
Annual,Total,Annual average rate of change,Ireland,2019,2.3
Annual,Total,Annual average rate of change,Ireland,2020,0.3
Annual,Total,Annual average rate of change,Ireland,2021,8.3
Annual,Total,Annual average rate of change,Ireland,2022,12.3
Annual,Total,Annual average rate of change,Ireland,2023,3.1
Annual,Total,Annual average rate of change,Ireland,2024,8.5
Annual,Total,Annual average rate of change,Ireland,2025,7.5
Annual,Total,Annual average rate of change,Spain,2007,9.8
Annual,Total,Annual average rate of change,Spain,2008,-1.4
Annual,Total,Annual average rate of change,Spain,2009,-6.6
Annual,Total,Annual average rate of change,Spain,2010,-1.8
Annual,Total,Annual average rate of change,Spain,2011,-7.6
Annual,Total,Annual average rate of change,Spain,2012,-14.8
Annual,Total,Annual average rate of change,Spain,2013,-9.1
Annual,Total,Annual average rate of change,Spain,2014,0.3
Annual,Total,Annual average rate of change,Spain,2015,3.6
Annual,Total,Annual average rate of change,Spain,2016,4.6
Annual,Total,Annual average rate of change,Spain,2017,6.2
Annual,Total,Annual average rate of change,Spain,2018,6.7
Annual,Total,Annual average rate of change,Spain,2019,5.2
Annual,Total,Annual average rate of change,Spain,2020,2.2
Annual,Total,Annual average rate of change,Spain,2021,3.7
Annual,Total,Annual average rate of change,Spain,2022,7.4
Annual,Total,Annual average rate of change,Spain,2023,4.0
Annual,Total,Annual average rate of change,Spain,2024,8.5
Annual,Total,Annual average rate of change,Spain,2025,12.7
Annual,Total,Annual average rate of change,France,2006,11.6
Annual,Total,Annual average rate of change,France,2007,6.4
Annual,Total,Annual average rate of change,France,2008,0.9
Annual,Total,Annual average rate of change,France,2009,-6.1
Annual,Total,Annual average rate of change,France,2010,4.6
Annual,Total,Annual average rate of change,France,2011,5.7
Annual,Total,Annual average rate of change,France,2012,-0.5
Annual,Total,Annual average rate of change,France,2013,-1.9
Annual,Total,Annual average rate of change,France,2014,-1.5
Annual,Total,Annual average rate of change,France,2015,-1.3
Annual,Total,Annual average rate of change,France,2016,1.0
Annual,Total,Annual average rate of change,France,2017,3.2
Annual,Total,Annual average rate of change,France,2018,2.9
Annual,Total,Annual average rate of change,France,2019,3.3
Annual,Total,Annual average rate of change,France,2020,5.2
Annual,Total,Annual average rate of change,France,2021,6.3
Annual,Total,Annual average rate of change,France,2022,6.3
Annual,Total,Annual average rate of change,France,2023,-0.4
Annual,Total,Annual average rate of change,France,2024,-3.7
Annual,Total,Annual average rate of change,France,2025,0.7
Annual,Total,Annual average rate of change,Croatia,2009,-5.0
Annual,Total,Annual average rate of change,Croatia,2010,-6.3
Annual,Total,Annual average rate of change,Croatia,2011,0.2
Annual,Total,Annual average rate of change,Croatia,2012,-1.6
Annual,Total,Annual average rate of change,Croatia,2013,-3.9
Annual,Total,Annual average rate of change,Croatia,2014,-1.6
Annual,Total,Annual average rate of change,Croatia,2015,-2.9
Annual,Total,Annual average rate of change,Croatia,2016,0.9
Annual,Total,Annual average rate of change,Croatia,2017,3.8
Annual,Total,Annual average rate of change,Croatia,2018,6.1
Annual,Total,Annual average rate of change,Croatia,2019,9.0
Annual,Total,Annual average rate of change,Croatia,2020,7.7
Annual,Total,Annual average rate of change,Croatia,2021,7.3
Annual,Total,Annual average rate of change,Croatia,2022,14.8
Annual,Total,Annual average rate of change,Croatia,2023,11.9
Annual,Total,Annual average rate of change,Croatia,2024,10.4
Annual,Total,Annual average rate of change,Croatia,2025,14.1
Annual,Total,Annual average rate of change,Italy,2011,1.4
Annual,Total,Annual average rate of change,Italy,2012,-2.5
Annual,Total,Annual average rate of change,Italy,2013,-6.5
Annual,Total,Annual average rate of change,Italy,2014,-4.7
Annual,Total,Annual average rate of change,Italy,2015,-3.8
Annual,Total,Annual average rate of change,Italy,2016,0.3
Annual,Total,Annual average rate of change,Italy,2017,-1.1
Annual,Total,Annual average rate of change,Italy,2018,-0.6
Annual,Total,Annual average rate of change,Italy,2019,-0.1
Annual,Total,Annual average rate of change,Italy,2020,1.9
Annual,Total,Annual average rate of change,Italy,2021,2.5
Annual,Total,Annual average rate of change,Italy,2022,3.8
Annual,Total,Annual average rate of change,Italy,2023,1.3
Annual,Total,Annual average rate of change,Italy,2024,3.2
Annual,Total,Annual average rate of change,Italy,2025,4.0
Annual,Total,Annual average rate of change,Cyprus,2006,11.9
Annual,Total,Annual average rate of change,Cyprus,2007,11.7
Annual,Total,Annual average rate of change,Cyprus,2008,5.6
Annual,Total,Annual average rate of change,Cyprus,2009,-6.6
Annual,Total,Annual average rate of change,Cyprus,2010,-5.7
Annual,Total,Annual average rate of change,Cyprus,2011,-1.6
Annual,Total,Annual average rate of change,Cyprus,2012,-3.1
Annual,Total,Annual average rate of change,Cyprus,2013,-4.1
Annual,Total,Annual average rate of change,Cyprus,2014,-1.8
Annual,Total,Annual average rate of change,Cyprus,2015,-1.5
Annual,Total,Annual average rate of change,Cyprus,2016,-0.2
Annual,Total,Annual average rate of change,Cyprus,2017,4.7
Annual,Total,Annual average rate of change,Cyprus,2018,-1.3
Annual,Total,Annual average rate of change,Cyprus,2019,8.4
Annual,Total,Annual average rate of change,Cyprus,2020,5.2
Annual,Total,Annual average rate of change,Cyprus,2021,-1.5
Annual,Total,Annual average rate of change,Cyprus,2022,6.5
Annual,Total,Annual average rate of change,Cyprus,2023,9.2
Annual,Total,Annual average rate of change,Cyprus,2024,7.3
Annual,Total,Annual average rate of change,Cyprus,2025,4.5
Annual,Total,Annual average rate of change,Latvia,2007,36.3
Annual,Total,Annual average rate of change,Latvia,2008,1.1
Annual,Total,Annual average rate of change,Latvia,2009,-37.3
Annual,Total,Annual average rate of change,Latvia,2010,-11.0
Annual,Total,Annual average rate of change,Latvia,2011,10.4
Annual,Total,Annual average rate of change,Latvia,2012,3.0
Annual,Total,Annual average rate of change,Latvia,2013,6.9
Annual,Total,Annual average rate of change,Latvia,2014,6.0
Annual,Total,Annual average rate of change,Latvia,2015,-3.4
Annual,Total,Annual average rate of change,Latvia,2016,8.5
Annual,Total,Annual average rate of change,Latvia,2017,8.8
Annual,Total,Annual average rate of change,Latvia,2018,9.6
Annual,Total,Annual average rate of change,Latvia,2019,9.0
Annual,Total,Annual average rate of change,Latvia,2020,3.5
Annual,Total,Annual average rate of change,Latvia,2021,10.9
Annual,Total,Annual average rate of change,Latvia,2022,13.8
Annual,Total,Annual average rate of change,Latvia,2023,3.7
Annual,Total,Annual average rate of change,Latvia,2024,4.2
Annual,Total,Annual average rate of change,Latvia,2025,7.7
Annual,Total,Annual average rate of change,Lithuania,2007,26.3
Annual,Total,Annual average rate of change,Lithuania,2008,9.0
Annual,Total,Annual average rate of change,Lithuania,2009,-29.9
Annual,Total,Annual average rate of change,Lithuania,2010,-7.4
Annual,Total,Annual average rate of change,Lithuania,2011,6.6
Annual,Total,Annual average rate of change,Lithuania,2012,-0.2
Annual,Total,Annual average rate of change,Lithuania,2013,1.2
Annual,Total,Annual average rate of change,Lithuania,2014,6.4
Annual,Total,Annual average rate of change,Lithuania,2015,3.7
Annual,Total,Annual average rate of change,Lithuania,2016,5.4
Annual,Total,Annual average rate of change,Lithuania,2017,8.9
Annual,Total,Annual average rate of change,Lithuania,2018,7.3
Annual,Total,Annual average rate of change,Lithuania,2019,6.8
Annual,Total,Annual average rate of change,Lithuania,2020,7.3
Annual,Total,Annual average rate of change,Lithuania,2021,16.1
Annual,Total,Annual average rate of change,Lithuania,2022,19.0
Annual,Total,Annual average rate of change,Lithuania,2023,9.8
Annual,Total,Annual average rate of change,Lithuania,2024,9.7
Annual,Total,Annual average rate of change,Lithuania,2025,9.8
Annual,Total,Annual average rate of change,Luxembourg,2008,3.3
Annual,Total,Annual average rate of change,Luxembourg,2009,-1.2
Annual,Total,Annual average rate of change,Luxembourg,2010,5.4
Annual,Total,Annual average rate of change,Luxembourg,2011,3.7
Annual,Total,Annual average rate of change,Luxembourg,2012,4.2
Annual,Total,Annual average rate of change,Luxembourg,2013,5.0
Annual,Total,Annual average rate of change,Luxembourg,2014,4.4
Annual,Total,Annual average rate of change,Luxembourg,2015,5.4
Annual,Total,Annual average rate of change,Luxembourg,2016,6.0
Annual,Total,Annual average rate of change,Luxembourg,2017,5.6
Annual,Total,Annual average rate of change,Luxembourg,2018,7.1
Annual,Total,Annual average rate of change,Luxembourg,2019,10.1
Annual,Total,Annual average rate of change,Luxembourg,2020,14.5
Annual,Total,Annual average rate of change,Luxembourg,2021,13.9
Annual,Total,Annual average rate of change,Luxembourg,2022,9.6
Annual,Total,Annual average rate of change,Luxembourg,2023,-9.1
Annual,Total,Annual average rate of change,Luxembourg,2024,-5.2
Annual,Total,Annual average rate of change,Luxembourg,2025,1.6
Annual,Total,Annual average rate of change,Hungary,2008,2.4
Annual,Total,Annual average rate of change,Hungary,2009,-5.2
Annual,Total,Annual average rate of change,Hungary,2010,-2.4
Annual,Total,Annual average rate of change,Hungary,2011,-3.4
Annual,Total,Annual average rate of change,Hungary,2012,-3.7
Annual,Total,Annual average rate of change,Hungary,2013,-2.6
Annual,Total,Annual average rate of change,Hungary,2014,4.2
Annual,Total,Annual average rate of change,Hungary,2015,13.1
Annual,Total,Annual average rate of change,Hungary,2016,13.4
Annual,Total,Annual average rate of change,Hungary,2017,12.2
Annual,Total,Annual average rate of change,Hungary,2018,14.3
Annual,Total,Annual average rate of change,Hungary,2019,17.0
Annual,Total,Annual average rate of change,Hungary,2020,4.9
Annual,Total,Annual average rate of change,Hungary,2021,16.5
Annual,Total,Annual average rate of change,Hungary,2022,22.3
Annual,Total,Annual average rate of change,Hungary,2023,7.1
Annual,Total,Annual average rate of change,Hungary,2024,13.7
Annual,Total,Annual average rate of change,Hungary,2025,18.3
Annual,Total,Annual average rate of change,Malta,2006,19.9
Annual,Total,Annual average rate of change,Malta,2007,21.0
Annual,Total,Annual average rate of change,Malta,2008,11.1
Annual,Total,Annual average rate of change,Malta,2009,-4.3
Annual,Total,Annual average rate of change,Malta,2010,1.1
Annual,Total,Annual average rate of change,Malta,2011,-1.4
Annual,Total,Annual average rate of change,Malta,2012,3.0
Annual,Total,Annual average rate of change,Malta,2013,-0.4
Annual,Total,Annual average rate of change,Malta,2014,2.6
Annual,Total,Annual average rate of change,Malta,2015,5.8
Annual,Total,Annual average rate of change,Malta,2016,5.4
Annual,Total,Annual average rate of change,Malta,2017,5.3
Annual,Total,Annual average rate of change,Malta,2018,5.8
Annual,Total,Annual average rate of change,Malta,2019,6.1
Annual,Total,Annual average rate of change,Malta,2020,3.4
Annual,Total,Annual average rate of change,Malta,2021,5.1
Annual,Total,Annual average rate of change,Malta,2022,6.7
Annual,Total,Annual average rate of change,Malta,2023,6.2
Annual,Total,Annual average rate of change,Malta,2024,6.7
Annual,Total,Annual average rate of change,Malta,2025,5.9
Annual,Total,Annual average rate of change,Netherlands,2006,4.2
Annual,Total,Annual average rate of change,Netherlands,2007,4.8
Annual,Total,Annual average rate of change,Netherlands,2008,2.2
Annual,Total,Annual average rate of change,Netherlands,2009,-4.4
Annual,Total,Annual average rate of change,Netherlands,2010,-1.7
Annual,Total,Annual average rate of change,Netherlands,2011,-2.0
Annual,Total,Annual average rate of change,Netherlands,2012,-6.7
Annual,Total,Annual average rate of change,Netherlands,2013,-6.0
Annual,Total,Annual average rate of change,Netherlands,2014,0.8
Annual,Total,Annual average rate of change,Netherlands,2015,3.5
Annual,Total,Annual average rate of change,Netherlands,2016,5.3
Annual,Total,Annual average rate of change,Netherlands,2017,8.1
Annual,Total,Annual average rate of change,Netherlands,2018,9.3
Annual,Total,Annual average rate of change,Netherlands,2019,7.2
Annual,Total,Annual average rate of change,Netherlands,2020,8.0
Annual,Total,Annual average rate of change,Netherlands,2021,14.5
Annual,Total,Annual average rate of change,Netherlands,2022,13.3
Annual,Total,Annual average rate of change,Netherlands,2023,-1.9
Annual,Total,Annual average rate of change,Netherlands,2024,8.2
Annual,Total,Annual average rate of change,Netherlands,2025,8.5
Annual,Total,Annual average rate of change,Austria,2011,5.4
Annual,Total,Annual average rate of change,Austria,2012,6.6
Annual,Total,Annual average rate of change,Austria,2013,5.0
Annual,Total,Annual average rate of change,Austria,2014,3.8
Annual,Total,Annual average rate of change,Austria,2015,5.6
Annual,Total,Annual average rate of change,Austria,2016,6.7
Annual,Total,Annual average rate of change,Austria,2017,5.1
Annual,Total,Annual average rate of change,Austria,2018,6.0
Annual,Total,Annual average rate of change,Austria,2019,6.0
Annual,Total,Annual average rate of change,Austria,2020,7.6
Annual,Total,Annual average rate of change,Austria,2021,11.4
Annual,Total,Annual average rate of change,Austria,2022,11.6
Annual,Total,Annual average rate of change,Austria,2023,-2.9
Annual,Total,Annual average rate of change,Austria,2024,-0.4
Annual,Total,Annual average rate of change,Austria,2025,2.6
Annual,Total,Annual average rate of change,Poland,2011,0.1
Annual,Total,Annual average rate of change,Poland,2012,-3.5
Annual,Total,Annual average rate of change,Poland,2013,-4.4
Annual,Total,Annual average rate of change,Poland,2014,1.0
Annual,Total,Annual average rate of change,Poland,2015,1.5
Annual,Total,Annual average rate of change,Poland,2016,1.9
Annual,Total,Annual average rate of change,Poland,2017,3.9
Annual,Total,Annual average rate of change,Poland,2018,6.6
Annual,Total,Annual average rate of change,Poland,2019,8.7
Annual,Total,Annual average rate of change,Poland,2020,10.5
Annual,Total,Annual average rate of change,Poland,2021,9.2
Annual,Total,Annual average rate of change,Poland,2022,11.8
Annual,Total,Annual average rate of change,Poland,2023,8.8
Annual,Total,Annual average rate of change,Poland,2024,15.0
Annual,Total,Annual average rate of change,Poland,2025,4.9
Annual,Total,Annual average rate of change,Portugal,2009,-0.9
Annual,Total,Annual average rate of change,Portugal,2010,0.8
Annual,Total,Annual average rate of change,Portugal,2011,-4.9
Annual,Total,Annual average rate of change,Portugal,2012,-7.1
Annual,Total,Annual average rate of change,Portugal,2013,-1.9
Annual,Total,Annual average rate of change,Portugal,2014,4.2
Annual,Total,Annual average rate of change,Portugal,2015,3.1
Annual,Total,Annual average rate of change,Portugal,2016,7.1
Annual,Total,Annual average rate of change,Portugal,2017,9.2
Annual,Total,Annual average rate of change,Portugal,2018,10.3
Annual,Total,Annual average rate of change,Portugal,2019,10.0
Annual,Total,Annual average rate of change,Portugal,2020,8.8
Annual,Total,Annual average rate of change,Portugal,2021,9.4
Annual,Total,Annual average rate of change,Portugal,2022,12.6
Annual,Total,Annual average rate of change,Portugal,2023,8.2
Annual,Total,Annual average rate of change,Portugal,2024,9.1
Annual,Total,Annual average rate of change,Portugal,2025,17.6
Annual,Total,Annual average rate of change,Romania,2010,-7.5
Annual,Total,Annual average rate of change,Romania,2011,-12.3
Annual,Total,Annual average rate of change,Romania,2012,-5.1
Annual,Total,Annual average rate of change,Romania,2013,-0.3
Annual,Total,Annual average rate of change,Romania,2014,-2.1
Annual,Total,Annual average rate of change,Romania,2015,2.9
Annual,Total,Annual average rate of change,Romania,2016,6.0
Annual,Total,Annual average rate of change,Romania,2017,6.0
Annual,Total,Annual average rate of change,Romania,2018,5.6
Annual,Total,Annual average rate of change,Romania,2019,3.4
Annual,Total,Annual average rate of change,Romania,2020,4.7
Annual,Total,Annual average rate of change,Romania,2021,4.4
Annual,Total,Annual average rate of change,Romania,2022,7.2
Annual,Total,Annual average rate of change,Romania,2023,3.3
Annual,Total,Annual average rate of change,Romania,2024,5.0
Annual,Total,Annual average rate of change,Romania,2025,5.7
Annual,Total,Annual average rate of change,Slovenia,2008,7.0
Annual,Total,Annual average rate of change,Slovenia,2009,-9.5
Annual,Total,Annual average rate of change,Slovenia,2010,0.1
Annual,Total,Annual average rate of change,Slovenia,2011,2.7
Annual,Total,Annual average rate of change,Slovenia,2012,-6.9
Annual,Total,Annual average rate of change,Slovenia,2013,-5.2
Annual,Total,Annual average rate of change,Slovenia,2014,-6.6
Annual,Total,Annual average rate of change,Slovenia,2015,0.8
Annual,Total,Annual average rate of change,Slovenia,2016,3.3
Annual,Total,Annual average rate of change,Slovenia,2017,8.3
Annual,Total,Annual average rate of change,Slovenia,2018,8.7
Annual,Total,Annual average rate of change,Slovenia,2019,6.7
Annual,Total,Annual average rate of change,Slovenia,2020,4.6
Annual,Total,Annual average rate of change,Slovenia,2021,11.5
Annual,Total,Annual average rate of change,Slovenia,2022,14.8
Annual,Total,Annual average rate of change,Slovenia,2023,7.2
Annual,Total,Annual average rate of change,Slovenia,2024,7.5
Annual,Total,Annual average rate of change,Slovenia,2025,4.3
Annual,Total,Annual average rate of change,Slovakia,2007,29.0
Annual,Total,Annual average rate of change,Slovakia,2008,17.9
Annual,Total,Annual average rate of change,Slovakia,2009,-12.8
Annual,Total,Annual average rate of change,Slovakia,2010,-3.7
Annual,Total,Annual average rate of change,Slovakia,2011,-1.5
Annual,Total,Annual average rate of change,Slovakia,2012,-2.8
Annual,Total,Annual average rate of change,Slovakia,2013,0.8
Annual,Total,Annual average rate of change,Slovakia,2014,1.4
Annual,Total,Annual average rate of change,Slovakia,2015,5.3
Annual,Total,Annual average rate of change,Slovakia,2016,6.7
Annual,Total,Annual average rate of change,Slovakia,2017,5.9
Annual,Total,Annual average rate of change,Slovakia,2018,7.4
Annual,Total,Annual average rate of change,Slovakia,2019,9.1
Annual,Total,Annual average rate of change,Slovakia,2020,9.5
Annual,Total,Annual average rate of change,Slovakia,2021,6.4
Annual,Total,Annual average rate of change,Slovakia,2022,13.7
Annual,Total,Annual average rate of change,Slovakia,2023,-0.2
Annual,Total,Annual average rate of change,Slovakia,2024,3.8
Annual,Total,Annual average rate of change,Slovakia,2025,12.4
Annual,Total,Annual average rate of change,Finland,2006,7.0
Annual,Total,Annual average rate of change,Finland,2007,5.9
Annual,Total,Annual average rate of change,Finland,2008,0.8
Annual,Total,Annual average rate of change,Finland,2009,1.4
Annual,Total,Annual average rate of change,Finland,2010,6.3
Annual,Total,Annual average rate of change,Finland,2011,3.2
Annual,Total,Annual average rate of change,Finland,2012,2.4
Annual,Total,Annual average rate of change,Finland,2013,1.2
Annual,Total,Annual average rate of change,Finland,2014,-0.4
Annual,Total,Annual average rate of change,Finland,2015,0.0
Annual,Total,Annual average rate of change,Finland,2016,1.3
Annual,Total,Annual average rate of change,Finland,2017,1.1
Annual,Total,Annual average rate of change,Finland,2018,0.9
Annual,Total,Annual average rate of change,Finland,2019,0.4
Annual,Total,Annual average rate of change,Finland,2020,1.8
Annual,Total,Annual average rate of change,Finland,2021,4.6
Annual,Total,Annual average rate of change,Finland,2022,1.0
Annual,Total,Annual average rate of change,Finland,2023,-6.2
Annual,Total,Annual average rate of change,Finland,2024,-3.1
Annual,Total,Annual average rate of change,Finland,2025,-2.5
Annual,Total,Annual average rate of change,Sweden,2006,12.3
Annual,Total,Annual average rate of change,Sweden,2007,12.4
Annual,Total,Annual average rate of change,Sweden,2008,1.1
Annual,Total,Annual average rate of change,Sweden,2009,3.1
Annual,Total,Annual average rate of change,Sweden,2010,7.9
Annual,Total,Annual average rate of change,Sweden,2011,2.6
Annual,Total,Annual average rate of change,Sweden,2012,1.3
Annual,Total,Annual average rate of change,Sweden,2013,5.2
Annual,Total,Annual average rate of change,Sweden,2014,9.4
Annual,Total,Annual average rate of change,Sweden,2015,13.1
Annual,Total,Annual average rate of change,Sweden,2016,8.2
Annual,Total,Annual average rate of change,Sweden,2017,6.6
Annual,Total,Annual average rate of change,Sweden,2018,-0.9
Annual,Total,Annual average rate of change,Sweden,2019,2.5
Annual,Total,Annual average rate of change,Sweden,2020,4.2
Annual,Total,Annual average rate of change,Sweden,2021,10.1
Annual,Total,Annual average rate of change,Sweden,2022,3.6
Annual,Total,Annual average rate of change,Sweden,2023,-5.2
Annual,Total,Annual average rate of change,Sweden,2024,0.0
Annual,Total,Annual average rate of change,Sweden,2025,1.0
Annual,Total,Annual average rate of change,Iceland,2006,16.8
Annual,Total,Annual average rate of change,Iceland,2007,9.4
Annual,Total,Annual average rate of change,Iceland,2008,6.2
Annual,Total,Annual average rate of change,Iceland,2009,-9.7
Annual,Total,Annual average rate of change,Iceland,2010,-3.0
Annual,Total,Annual average rate of change,Iceland,2011,4.6
Annual,Total,Annual average rate of change,Iceland,2012,6.9
Annual,Total,Annual average rate of change,Iceland,2013,5.8
Annual,Total,Annual average rate of change,Iceland,2014,8.4
Annual,Total,Annual average rate of change,Iceland,2015,8.2
Annual,Total,Annual average rate of change,Iceland,2016,9.8
Annual,Total,Annual average rate of change,Iceland,2017,19.5
Annual,Total,Annual average rate of change,Iceland,2018,8.2
Annual,Total,Annual average rate of change,Iceland,2019,4.4
Annual,Total,Annual average rate of change,Iceland,2020,6.4
Annual,Total,Annual average rate of change,Iceland,2021,12.5
Annual,Total,Annual average rate of change,Iceland,2022,21.0
Annual,Total,Annual average rate of change,Iceland,2023,7.8
Annual,Total,Annual average rate of change,Iceland,2024,8.1
Annual,Total,Annual average rate of change,Iceland,2025,5.1
Annual,Total,Annual average rate of change,Norway,2006,13.7
Annual,Total,Annual average rate of change,Norway,2007,12.6
Annual,Total,Annual average rate of change,Norway,2008,-1.1
Annual,Total,Annual average rate of change,Norway,2009,1.9
Annual,Total,Annual average rate of change,Norway,2010,8.3
Annual,Total,Annual average rate of change,Norway,2011,8.2
Annual,Total,Annual average rate of change,Norway,2012,6.7
Annual,Total,Annual average rate of change,Norway,2013,4.3
Annual,Total,Annual average rate of change,Norway,2014,2.7
Annual,Total,Annual average rate of change,Norway,2015,6.7
Annual,Total,Annual average rate of change,Norway,2016,7.9
Annual,Total,Annual average rate of change,Norway,2017,5.4
Annual,Total,Annual average rate of change,Norway,2018,1.6
Annual,Total,Annual average rate of change,Norway,2019,4.0
Annual,Total,Annual average rate of change,Norway,2020,4.9
Annual,Total,Annual average rate of change,Norway,2021,9.2
Annual,Total,Annual average rate of change,Norway,2022,5.9
Annual,Total,Annual average rate of change,Norway,2023,1.3
Annual,Total,Annual average rate of change,Norway,2024,3.6
Annual,Total,Annual average rate of change,Norway,2025,5.7
Annual,Total,Annual average rate of change,Switzerland,2018,3.0
Annual,Total,Annual average rate of change,Switzerland,2019,3.7
Annual,Total,Annual average rate of change,Switzerland,2020,2.5
Annual,Total,Annual average rate of change,Switzerland,2021,5.7
Annual,Total,Annual average rate of change,Switzerland,2022,6.4
Annual,Total,Annual average rate of change,Switzerland,2023,2.2
Annual,Total,Annual average rate of change,Switzerland,2024,1.7
Annual,Total,Annual average rate of change,Switzerland,2025,4.6
Annual,Total,Annual average rate of change,United Kingdom,2006,7.8
Annual,Total,Annual average rate of change,United Kingdom,2007,9.9
Annual,Total,Annual average rate of change,United Kingdom,2008,-4.4
Annual,Total,Annual average rate of change,United Kingdom,2009,-8.9
Annual,Total,Annual average rate of change,United Kingdom,2010,5.8
Annual,Total,Annual average rate of change,United Kingdom,2011,-1.5
Annual,Total,Annual average rate of change,United Kingdom,2012,0.4
Annual,Total,Annual average rate of change,United Kingdom,2013,2.6
Annual,Total,Annual average rate of change,United Kingdom,2014,8.0
Annual,Total,Annual average rate of change,United Kingdom,2015,5.9
Annual,Total,Annual average rate of change,United Kingdom,2016,7.0
Annual,Total,Annual average rate of change,United Kingdom,2017,4.6
Annual,Total,Annual average rate of change,United Kingdom,2018,3.3
Annual,Total,Annual average rate of change,United Kingdom,2019,1.0
Annual,Total,Annual average rate of change,Türkiye,2011,8.8
Annual,Total,Annual average rate of change,Türkiye,2012,10.9
Annual,Total,Annual average rate of change,Türkiye,2013,11.4
Annual,Total,Annual average rate of change,Türkiye,2014,12.5
Annual,Total,Annual average rate of change,Türkiye,2015,15.8
Annual,Total,Annual average rate of change,Türkiye,2016,12.8
Annual,Total,Annual average rate of change,Türkiye,2017,10.8
Annual,Total,Annual average rate of change,Türkiye,2018,7.8
Annual,Total,Annual average rate of change,Türkiye,2019,4.8
Annual,Total,Annual average rate of change,Türkiye,2020,23.8
Annual,Total,Annual average rate of change,Türkiye,2021,37.5
Annual,Total,Annual average rate of change,Türkiye,2022,154.2
Annual,Total,Annual average rate of change,Türkiye,2023,98.9
Annual,Total,Annual average rate of change,Türkiye,2024,41.5
